source,review_id,date,rating,review_text,thumbs_up
playstore,91a303a3-bb08-47ff-83c5-817464f292ca,2026-08-22T14:23:04,5,good 👍,0
playstore,e57b2625-8cad-49a5-a498-c76ee3a7441a,2026-08-22T14:22:45,5,very nice app,0
playstore,f61f803d-44bf-4d2f-aab6-7527b14a61a2,2026-08-22T14:21:28,5,superb quality products,0
playstore,ae9120a6-04df-422a-ac52-5a988952fb42,2026-08-22T14:21:03,5,godddddd levell,0
playstore,9131348e-cdd2-423d-a53e-2b39d9fb2bcb,2026-08-22T14:20:47,5,good 😊,0
playstore,706a48b5-cb7e-49ae-b62c-89f5aa501769,2026-08-22T14:18:15,5,i love myntra,0
playstore,1fb2e4e8-4076-4075-b10b-b6223714881d,2026-08-22T14:18:11,5,Best for branded item purchase,0
playstore,2da5d7e0-95c2-4583-9883-1e263a6f714f,2026-08-22T14:16:21,5,very good app,0
playstore,26a524a2-c4c0-4f1d-b0ea-ef0da5ed8739,2026-08-22T14:13:33,5,very useful app.,0
playstore,30bb6184-8c8e-406a-8277-a5e9db021d50,2026-08-22T14:10:42,5,nice product app online service best cosmetic thank you...,0
playstore,15dc6936-3bda-40b7-894f-c53919ce2c48,2026-08-22T14:03:39,5,Excellent quality,0
playstore,dd2d82b8-7032-4ce5-a829-e0a2264c0396,2026-08-22T14:01:52,1,one of the worst delivery apps i have every user,0
playstore,e22fa5a2-9265-4761-bdfe-8025fe529096,2026-08-22T14:00:49,5,Osam App But 199 Rs minimum purchase not Good,0
playstore,07496b92-219d-4632-99bb-049aa21ba4ab,2026-08-22T14:00:13,5,👍🏻 nice,0
playstore,f41ec775-099d-40a8-b1e8-14ed007fec31,2026-08-22T13:58:53,5,very good aap 😊 trusted you,0
playstore,ca0e827e-93f2-4941-ab25-85f29b2afd64,2026-08-22T13:58:37,5,very helpful app Tqq myntra ❤️,0
playstore,f4ec1970-07fc-45c4-aa96-a35a3f2539e1,2026-08-22T13:58:15,5,good,0
playstore,bffcd68d-c175-45e5-b554-16db01acbcc9,2026-08-22T13:57:07,5,experience of shop from myntra is very good,0
playstore,2000773e-a5b8-4b4b-980f-f516f43966af,2026-08-22T13:55:58,5,very useful app,0
playstore,a8146f55-b0a8-4c14-aec2-051098f7de3c,2026-08-22T13:55:26,4,good experience 😃 myntra is good quality provided i am very happy myntra app but sometime delivery delayed sometime and easily exchange and return and refund so esliye no problem quality is good all products 👍my experience saying myntra is best app so i am telling anyone use myntra 🙏,0
playstore,a550bd98-7974-4509-94c7-ec1cceda4901,2026-08-22T13:53:52,5,Good experience shoping in Myntra good quality products provided,0
playstore,431adacc-21a9-4143-8028-4b026ab24da3,2026-08-22T13:53:04,5,love it!,0
playstore,c0121213-e255-4848-a1c7-9691b0d07bd0,2026-08-22T13:52:47,5,one app for all fashion styles,0
playstore,113cc11e-a68f-4e1d-91a0-a27090ca5ff0,2026-08-22T13:51:51,5,good 😊,0
playstore,34ad2f09-0d9e-4125-9d97-82d9c52d49d7,2026-08-22T13:44:26,5,"I have tried many shopping apps before but Mantra is the best in terms of product quality and shipping, everything is on time.Myntra's customer care support is also very good.And if I have to buy any beauty products or clothes, I prefer Myntra only.",0
playstore,f761d664-94b5-4e8b-a188-d16b52051858,2026-08-22T13:43:57,4,I love ❤️ it,0
playstore,6cc94a7d-c5ba-4fde-bc0d-46baa6370214,2026-08-22T13:41:25,5,awesome shopping platform,0
playstore,f02b7e60-ecf6-4e4c-be0a-169663e8d7d8,2026-08-22T13:39:16,5,good,0
playstore,61c59ac7-c07c-4cf0-a7c0-886acc5168ae,2026-08-22T13:34:54,4,good one platform,0
playstore,2398ca51-f76f-4682-ad28-72d7a8e71b8f,2026-08-22T13:30:11,5,Wow this app is useful.😊,0
playstore,1b628d34-12b9-4393-94d5-a091a439b25f,2026-08-22T13:28:29,5,too good,0
playstore,b97362e8-173d-45a5-8e10-22e3bf72c839,2026-08-22T13:24:03,5,nice,0
playstore,22769052-3015-41c7-b456-57a4180374dd,2026-08-22T13:23:02,5,gudd,0
playstore,dc92c3af-da2b-407d-98a9-a4846df7cf80,2026-08-22T13:22:55,5,nicee app,0
playstore,b12d8c35-f1dd-43e4-94c2-8a5335fc7c42,2026-08-22T13:21:38,5,very good app,0
playstore,1521f0bd-ec3d-4fda-8f8c-961b9c9f32bd,2026-08-22T13:19:44,5,well,0
playstore,88759aee-8e1b-425e-a0ec-f9426bb9f06d,2026-08-22T13:19:43,5,"such a amazing product, I am also using since 2 year",0
playstore,c86e4d1b-094c-499b-8f1f-fbf8bc595729,2026-08-22T13:19:19,5,very nice and excellent,0
playstore,2ac7328e-ae32-42cd-b08c-1bceb3c8c7ec,2026-08-22T13:18:35,5,best,0
playstore,ad5ab391-83a9-4d79-ac73-14606d151ea8,2026-08-22T13:16:43,5,very good product,0
playstore,bce89aa1-1eea-4d3f-b559-bc6dfac55653,2026-08-22T13:15:52,1,Customer care is not useful at all,0
playstore,1bbac379-45ec-4895-88c3-25daf3257c4e,2026-08-22T13:15:16,5,expensive clothes in affordable price,0
playstore,68a8703c-5227-49be-9f61-9b385a3bb2ba,2026-08-22T13:11:48,4,good,0
playstore,be0e6128-ed7c-4e92-94b6-badf168d8e69,2026-08-22T13:07:34,5,einhave best experience,0
playstore,bc6428eb-43e6-4f57-b4c2-682f879f991a,2026-08-22T13:05:57,5,very good experience 💯,0
playstore,056e5fb4-9e9b-4b59-90fe-cf532bbd928b,2026-08-22T13:03:32,5,super fast,0
playstore,f2fbe82a-1b80-4fb6-86bb-aa9dbbd8785b,2026-08-22T13:03:22,5,very nice product 💯 and good 👍👍👍 price 💯,0
playstore,dfe1ce37-c018-4294-ac6f-d3fae2a51338,2026-08-22T13:02:30,1,no collections for men products. and now the developer responds asking for order ID to resolve the issue. such a nonsense. how can there be an order ID where there is nothing to order. LoL. junk site.,0
playstore,2345c8b0-dd1f-487b-992c-1ca6c21b3272,2026-08-22T12:51:32,5,very good products..,0
playstore,e84e93e3-7a3a-4f98-b09e-0896d6eb2ff6,2026-08-22T12:51:27,5,good,0
playstore,796d1a7c-bdd6-4be2-8c55-62fa6ed17120,2026-08-22T12:50:36,5,"very good quality product affordable price love myntra.Myntra is a great shopping app with a wide variety of products and brands. The app is easy to use, deliveries are usually quick, and the quality of products is good. The offers and discounts are also quite attractive. Overall, I’ve had a very good shopping experience with Myntra and would definitely recommend it.I’ve had a really good experience shopping on Myntra. The collection is trendy, the prices are reasonable, Myntra never disappoint",0
playstore,5cc525dd-1174-4396-8533-949ef8ce9e67,2026-08-22T12:48:11,4,nyc clothh♥️,0
playstore,4f728b42-fa51-401e-b072-54bc7ad14828,2026-08-22T12:47:31,5,it's so amazing,0
playstore,e631e417-8f35-49ca-8db3-5d92d7965de3,2026-08-22T12:47:19,1,"Extremely poor experience with Myntra. My dress arrived without the loop tag, so I requested a return, but the pickup was refused because of a tag that was missing when I received it. I’ve spoken to 6–7 agents, wasted hours explaining the same issue, and still have to wait until 25th Aug. I need a replacement by 26th Aug, so I may now have to pay twice because of Myntra’s failure. Worst part: an agent rudely disconnected my call when I asked for a senior representative. Absolutely unacceptable.",0
playstore,1b8539ff-b45c-47e0-bbc6-24eca1603461,2026-08-22T12:47:12,4,good good not bad,0
playstore,d7c62171-fa2f-43d0-9aa5-8116fb1e8bc0,2026-08-22T12:45:06,5,great,0
playstore,85b7e73a-9d64-46b7-bea2-279a52a27b4c,2026-08-22T12:44:30,1,goin well till 5 days baxk unexpectedly deactivated my account with no reason dont know why,0
playstore,689919b2-8ceb-42e2-b2d4-8e4309ddd9e0,2026-08-22T12:42:30,5,super,0
playstore,b11e6280-2bb8-4b82-a47b-517ef9f50f7e,2026-08-22T12:42:22,5,"such a beautiful cup set ☕️☕️commendable Packaging ,design is so cute and as per my expectation.Thank so much myntra for this beautiful cup set.",0
playstore,df87410a-e67b-422a-92db-f92129fed3c4,2026-08-22T12:38:32,5,best clothe shopping app,0
playstore,4387c349-4737-4439-aa09-a03045a7475e,2026-08-22T12:36:58,5,good for meh every style available,0
playstore,ff9334f7-b89f-4e74-be21-6404d3cdfbbd,2026-08-22T12:36:08,1,"Extremely disappointing experience with Myntra. I ordered Plix Jamun Clarifying Fruity Toner, but the product arrived broken and leaking despite the packaging being unopened. This is clearly unacceptable, especially for a skincare product. What’s even more frustrating is that it has now been 5 days since I raised the issue, and there has been no proper resolution or meaningful action from Myntra. literally the worst shopping app they don't care about the customer at all.",1
playstore,01f26ca0-0947-4c9b-a67a-f1f4fc2b4742,2026-08-22T12:36:01,5,Great,0
playstore,a0daa2fc-2b0a-4f74-80c4-19ef38743a51,2026-08-22T12:33:42,5,fantastic app,0
playstore,8fbd2065-e1ec-489d-9a38-e7e088ab2fed,2026-08-22T12:33:01,5,very nice easy returns and exchange,0
playstore,f42f891e-c317-4099-9526-23bb927d3fab,2026-08-22T12:32:34,5,good product love it,0
playstore,a41d5874-c7fe-4c58-9f06-e7385dc1f491,2026-08-22T12:31:48,5,Good and effortless ordering experience and let's not say anything about the quality and affordability of the products. The range is vivid and thus making it accessible for all lovelies out there! 🌟🌟🌟❤️❤️,0
playstore,6eb938a4-14bf-441d-ab03-67f5ad363c9c,2026-08-22T12:26:12,1,Its been years of using Myntra and it's my go to app for shopping but now repeatedly delivering wrong products. So disappointed with their service. Either change your sellers or improve your service.👎,0
playstore,613fcba2-9684-43e3-8079-7e7a82de03e0,2026-08-22T12:26:03,5,best app,0
playstore,e75d74ad-c796-4248-9089-6847aac012ab,2026-08-22T12:23:36,5,good,0
playstore,6199a08d-89a1-4f44-839d-3da14106227c,2026-08-22T12:19:52,5,extraordinary 🤩,0
playstore,4b90d5ff-e768-451a-a67f-4a32a7a1c450,2026-08-22T12:18:35,5,best app for shopping,0
playstore,ba4267a1-96f5-4b8b-afa4-a96fbd39d8ac,2026-08-22T12:16:55,4,good 😊,0
playstore,c91c0d55-1558-4730-b423-a649dc2dcc83,2026-08-22T12:13:05,5,excellent,0
playstore,7c24fc04-7fa7-427d-be42-a2d9e55ee16a,2026-08-22T12:11:26,5,nice,0
playstore,ba3e814f-d5ff-478b-9294-cd89113f2ed2,2026-08-22T12:10:22,5,best product quality,0
playstore,de85043f-5209-4fad-83ff-b3737b92bf2f,2026-08-22T12:09:09,5,good,0
playstore,c6b9bfb7-b35e-4166-ab9a-d7f393f1c832,2026-08-22T12:06:59,5,nice shop app,0
playstore,b803656a-53bd-4b29-9339-d0e4e3691d0a,2026-08-22T12:06:29,5,excellent,0
playstore,69496248-7943-41cb-ae1f-d5a420343fc5,2026-08-22T12:05:13,5,very affordable shopping app,0
playstore,7cfe5c09-491b-42dc-ad00-1bf21b400a2d,2026-08-22T12:03:37,5,good,0
playstore,02a62d25-2b4f-4427-b660-95d3dbf5e756,2026-08-22T12:03:20,5,excellent 👌👌👌👌💗💗💗,0
playstore,86fdd3f8-bfd5-497f-a8d3-025f6015634e,2026-08-22T11:59:22,4,"The return process gets a little hectic at times, otherwise it's a nice app for quality shopping experience.",0
playstore,9a8b9da2-6adc-486e-90a6-107644633c43,2026-08-22T11:58:36,1,very bad service don't buy any kind of products totally waste,0
playstore,732a1253-5dfc-4689-b5cb-13c6c6b0d42f,2026-08-22T11:58:13,1,very bad costumer service,0
playstore,a8b956d2-5005-4d01-bdd4-6f76af34ef1f,2026-08-22T11:56:48,5,amazing experience,0
playstore,5dc58929-8ce9-4f29-b568-cdc2fc4ba25f,2026-08-22T11:56:22,5,Great,0
playstore,83808d51-a9a5-436c-831a-839616df05fc,2026-08-22T11:53:24,5,nice,0
playstore,e7a81113-5abc-4b2e-80b5-877ae12ec4b6,2026-08-22T11:51:44,5,best,0
playstore,3c9d5ba7-59d6-4e1b-b549-526efc3bd874,2026-08-22T11:51:10,5,👍,0
playstore,f054dca3-2b03-4a72-af87-cc6edabc1b4c,2026-08-22T11:48:54,5,that's really amazing experience with Myntra everytime . It never disappoints.,0
playstore,236b864f-4aca-483e-8790-87469bc8ad2f,2026-08-22T11:46:41,5,superb,0
playstore,2707bc94-f943-4356-883b-9de1ca80f71e,2026-08-22T11:44:13,5,Great deal on time delivery,0
playstore,fa8ef9c3-9f39-4e4a-8bfc-91a80b979406,2026-08-22T11:41:20,5,good app,0
playstore,3ec8fb9a-eb18-47e5-b56e-0502cb71d55b,2026-08-22T11:39:44,5,really fantastic shopping app,0
playstore,bf5487a5-70d2-465d-9c0b-6a312acb8027,2026-08-22T11:35:17,5,good,0
playstore,f22e0c78-8992-4826-bf8d-08dce57e5ebd,2026-08-22T11:32:55,5,good,0
playstore,82fb07d0-642c-479e-a829-9de40b4bcd6e,2026-08-22T11:31:09,5,good shopping,0
playstore,e4302eb7-1c70-4c2a-a746-d3016ae092b4,2026-08-22T11:29:56,5,this aap is good for shopping,0
playstore,a2b9195f-d0a6-43e0-b34f-eb58274417b0,2026-08-22T11:27:22,5,good app everyone must use best reasonable budget friendly app,0
playstore,6d0d9587-76a1-4bb9-abaf-901f53b1f29c,2026-08-22T11:26:35,5,Lovely experience,0
playstore,16535476-da83-446f-8f7b-f08743f486c4,2026-08-22T11:25:33,4,"good but little expensive, quality was much good",0
playstore,a60884a5-ef75-4df1-ace0-d02e4f4c3907,2026-08-22T11:25:23,5,good,0
playstore,4d902a84-abbb-439c-a6db-50e844605ba5,2026-08-22T11:23:02,4,good app,0
playstore,4c48c8ac-5774-492a-9065-cca7d246e544,2026-08-22T11:23:00,1,worst servicee ordered a product at 13 august estimated delivery date was 16th of August today is 22 aug no update yet and also no response from team,0
playstore,26f5a4dd-4b8e-4dae-966f-9dc71e51bc3c,2026-08-22T11:21:03,5,Good,0
playstore,c956de44-59a7-4a2f-a268-c7fa35899897,2026-08-22T11:20:04,5,❤️,0
playstore,a6f3c3f4-a58f-42bb-813d-736b1b9c8db7,2026-08-22T11:18:10,5,very good app,0
playstore,b1aa058b-5c56-44d1-aef9-9b384f500195,2026-08-22T11:18:02,5,super,0
playstore,80f6f98a-b7f5-40ef-8478-63f3a2ad198d,2026-08-22T11:16:42,5,"superb app for shopping, best products in best price",0
playstore,ecb209e4-52a5-4a8d-abfc-c45e1ec4c112,2026-08-22T11:15:25,5,very good service and decent products,0
playstore,699ebb0c-fca5-4a74-a52b-8e8972ba4612,2026-08-22T11:14:37,5,awsm,0
playstore,4c74e994-43b9-4a77-82a5-e993b147c21b,2026-08-22T11:08:25,4,very good,0
playstore,ed59c194-f6d3-4ca5-91c1-155b0afc8097,2026-08-22T11:05:19,4,"The price breakup should be much more transparent. Customers should be clearly shown where their money is going and how much is being charged by Myntra, the seller, logistics, platform fees, taxes, or any other service. In my case, ₹171 was charged as GT charges, but this was not clearly shown in the app's price breakup. Customers should not have to download separate invoices to understand where their money went. Please provide a complete and transparent breakup of every charge before payment.",0
playstore,e4583a02-0d49-45ea-b193-7ddc915a222c,2026-08-22T11:03:29,5,easy to find staff at reasonable price discounts and free shipping vouchers make it worth using,0
playstore,5a5035aa-36fd-4c2a-8750-8236e9f50767,2026-08-22T11:00:44,4,good,0
playstore,2f0d44ec-b85b-4203-bb80-02e4711cd2da,2026-08-22T10:59:34,5,owsm app,0
playstore,8e830d89-eb5c-406f-a14f-9b93c4d89db5,2026-08-22T10:58:54,5,The best,0
playstore,834adac8-62f2-479f-a5af-9352da00e2c2,2026-08-22T10:55:34,5,best quality products,0
playstore,4e11ef95-4f71-4036-9b64-8edad12e5387,2026-08-22T10:55:21,5,i like this app so much and like to purchase from here...and i love the ultimate gc so much,0
playstore,7b4ecdf4-0ef4-49c5-af58-ba227e197234,2026-08-22T10:54:56,5,it's awesome one to have window shopping,0
playstore,155cb7ec-052f-4700-884b-933f2a982222,2026-08-22T10:54:34,1,"Title: Worst Experience - Fake Delivery Update & No Support!Myntra app is showing my as ""Delivered,"" but I have NOT received my package! No delivery guy called me, and no OTP was asked. Customer service is not helping. This is fraud. Please look into this immediately and refund my money! #not accept this kind of service from myntra",0
playstore,03e668a2-8a87-4391-b26d-79ae36d559ed,2026-08-22T10:50:27,5,"⭐⭐⭐⭐⭐ Excellent Shopping Experience! “Great collection, good quality products, attractive discounts and easy shopping experience. Delivery is usually smooth and the app is very easy to use. Highly recommended for fashion shopping!”",0
playstore,cfb2efcb-06fe-48d6-a5f2-65ae7ed8bcfe,2026-08-22T10:48:03,5,very good,0
playstore,3096d9ba-855f-4878-bdd4-d4eada3809db,2026-08-22T10:46:53,1,worst app ever my order has been delayed by more than 10 days and when tried to contact the helpline many times but all agents are busy the help chat is aslo of no use then complaint in Myntra grievances still no delivery or refund for my items.,0
playstore,53d08804-d008-4989-afef-9703b93c3ff3,2026-08-22T10:41:52,5,excellent App with very nice quality product. Sometimes products are delivered earlier than expected,0
playstore,78ade7b7-5d25-459c-bbfc-269000bc4b5f,2026-08-22T10:30:16,5,good,0
playstore,5811cbea-8c81-440d-bdd5-2d4570331224,2026-08-22T10:29:53,1,"Costing too much extra fees, convenience fees n that.",2
playstore,902de596-2c3c-4176-b031-ec6b99bc9cbe,2026-08-22T10:29:12,1,return is available but not pick-up and if dilevery boy come he say you have to talk with agent your yellow colour tag cafe is not match with our app and i have bill and yellow tag also and reture packaging is also safe but not help center ans and not pick-up what i do nowe????,0
playstore,89d0ae8d-4625-4c0d-88ba-ba08334c0b43,2026-08-22T10:25:41,5,excellent quality,0
playstore,b99d2caa-d36b-456e-869d-50c2ca2517e0,2026-08-22T10:24:42,5,Nice,0
playstore,8bf23c6b-8d30-4124-adcb-8d7ffd7471c3,2026-08-22T10:18:49,5,nice,0
playstore,5f2a19fe-ccb2-4839-a6ff-2525af64a758,2026-08-22T10:18:36,5,awesome and well experience for all .,0
playstore,e9d7b230-1c12-4f94-91b7-f52869e81a1c,2026-08-22T10:17:23,5,best app for clothing,0
playstore,f5e22a19-624a-473b-b94f-2588a20ca432,2026-08-22T10:14:44,5,very good 👍,0
playstore,c7a14177-71a9-4081-a153-faed114272c7,2026-08-22T10:12:54,5,everything's quality is good and everything is budget friendly,0
playstore,f0be2728-a6b5-499c-aeb6-dc03bc02d101,2026-08-22T10:04:15,5,easy to shop with fast delivery and decent collections,0
playstore,b4b2b06e-e09b-43cf-8396-d2f72cb63263,2026-08-22T10:02:32,5,best shopping app,0
playstore,73a6fd66-a540-48d6-b230-50ea1a641c12,2026-08-22T09:55:44,5,best product,0
playstore,6bbb7bcf-d230-4b31-a0ac-84f27d79a170,2026-08-22T09:55:13,5,very good collection of quality cloths,0
playstore,857fd07a-386a-49bf-8789-4d3d58bfc4d6,2026-08-22T09:54:31,5,I love myntra,0
playstore,8e2bb86f-e0e1-4345-817d-d4f624363774,2026-08-22T09:54:31,5,Good aap,0
playstore,3546eb3e-3754-430e-a251-5b1017660df7,2026-08-22T09:50:20,5,very very good app for shopping. i have been using it since 4 years and it is great,0
playstore,2bb5d38f-8808-4e34-b4b2-f5f936749fff,2026-08-22T09:48:14,5,"Excellent shopping experience with Myntra! The product quality was great, delivery was quick, and the overall service was smooth and reliable. I’m very satisfied with my purchase and would definitely recommend Myntra to others.",0
playstore,8c8bdf8e-fe55-48fb-9e73-8bec9be39a4d,2026-08-22T09:47:57,5,very good,0
playstore,03a18532-b2d5-41b3-b7cb-dd92f8a40dfd,2026-08-22T09:47:44,5,myntra is best shopping app and give a best quality product.,0
playstore,0f13a1e1-7638-49da-8190-29de114ca3f4,2026-08-22T09:46:38,1,"This is terrible. I ordered a parcel; the app showed it as 'delivered,' but it never actually reached me. When I complained, they said there was nothing they could do about it. That is why this app is truly useless 😡.",0
playstore,ac7c0c7c-e452-47ce-b570-5fb8af1bd272,2026-08-22T09:44:22,5,Best quality 👌 fast delivery and very comfortable material,0
playstore,7266c00d-6e24-4ea1-b9bf-434793f3dfee,2026-08-22T09:41:52,5,nice app,0
playstore,226e4596-874c-4226-a402-c1048db91fb1,2026-08-22T09:36:29,5,best experience with myntra,0
playstore,c0fd1fbc-0d18-40c0-a118-bc832d1d4ba4,2026-08-22T09:35:18,1,"Myntra has the worst customer care service, first of all it's so frustrating to talk to actual agents, the A.I always stating that all agents are too busy. Then even if you do talk to one they are unable to comprehend the issue. I'm never ordering from Myntra again.",0
playstore,6a890cc8-e6c8-4f1e-b125-3c3f4c776a92,2026-08-22T09:32:34,5,the experience was amazing the jeans quality are 10/10 and delivery as got expected i would recommend myntra for your shopping and I'm happy with that it's great deal I've ever had so hurry now,0
playstore,28acc929-8240-4d3e-9cdb-a72070168a77,2026-08-22T09:32:27,5,easy to use and perfect,0
playstore,ce8f1c02-33e0-46ec-b6df-057bbcf42291,2026-08-22T09:26:44,2,I have been using this app from last 5 years without any issue but from this month they have are scamming they sent me different product also didn't refunded my money I have now trust issue on myntra pls be aware,0
playstore,df64da02-d831-4da9-845d-25a648504576,2026-08-22T09:25:49,5,this app is very excellent because you find any products in low prices in good quality,0
playstore,1dac19b7-1ad7-45e7-ad19-072f5734b138,2026-08-22T09:22:10,5,nice service,0
playstore,160973ea-5f87-4274-a57a-eeaca84ca253,2026-08-22T09:21:33,1,Fraud Myntra delivered the wrong product by myntra and still didn't get any help from myntra team so I recommend not buying any products from myntra. #NOT Buying Any Products From Myntra.,0
playstore,cee1fd0f-ccef-4e49-bdcc-9ee1d946a861,2026-08-22T09:20:32,5,good,0
playstore,479c9081-7649-46bc-b9c8-110d6eba4ddd,2026-08-22T09:18:49,5,100% original product and low budget friendly price thnaks mayntra,0
playstore,b5bb2f43-7ba6-418a-90c3-45293db6d49b,2026-08-22T09:18:32,5,good,0
playstore,7e4c0c3b-ae0b-4677-adcc-604b1c989f5a,2026-08-22T09:16:22,5,nice app with 100 percent original brands,0
playstore,bd856ef4-119d-4079-9fc5-169a3903f57c,2026-08-22T09:14:37,5,so bad experience sorry to say but.. for real jus bcz my order refund haven't received,0
playstore,f6ab53ca-caa3-459d-b679-b17ac984e956,2026-08-22T09:14:36,5,good product,0
playstore,1d380a14-c05b-49d3-a1d1-46ac51f31c53,2026-08-22T09:12:18,5,"Myntra is a very good platform for fashionable items, very good quality with good service 👍. Thank you Myntra team.",0
playstore,319d108c-881b-460e-9740-58be068d906b,2026-08-22T09:10:06,5,wonderful app with amazing products,0
playstore,0324277b-aa8f-4ac1-9102-2c50a883505f,2026-08-22T09:08:58,5,superb ❤️,0
playstore,db316899-4d5e-4067-81ce-af428d7c7c81,2026-08-22T09:08:36,5,such wonderful App-Fashion.if you give original condition of material to display on App.Trusting Myntra.keep move on...,0
playstore,423f2522-2ba6-4ac2-8692-23b6d7ee1cec,2026-08-22T09:01:28,5,everyone must use this app,0
playstore,804fbe27-ec22-4575-9313-b2f7558a2af6,2026-08-22T08:59:26,5,genuine,0
playstore,8a825bdd-cad9-4f07-99ec-34a7f5f4dbe6,2026-08-22T08:59:04,5,Super app,0
playstore,c482c0c6-2c5d-47a8-b8b2-883279c8add9,2026-08-22T08:58:22,5,very nice aap,0
playstore,dabee1c5-8955-4f06-b70f-f96f68c6d0ae,2026-08-22T08:57:23,5,good,0
playstore,c621938c-8ed5-42f8-90ac-fbe3fb75cf25,2026-08-22T08:54:43,5,"myntra has more unique and trendy fashion options then any other apps in my opinion, love it!",0
playstore,54ad6f49-2d2f-4903-8182-50179bc87729,2026-08-22T08:52:28,5,👍👍👍👍,0
playstore,9958d1ea-ec43-4f55-bdb7-717fcce32fb0,2026-08-22T08:51:36,5,u could even add spots jerseys both fan and player edition,0
playstore,02385c71-b180-4ab8-be50-f3849f68641e,2026-08-22T08:47:36,5,good,0
playstore,2065cd6e-4e2e-4cb3-9e77-4fa626033274,2026-08-22T08:42:44,5,superb,0
playstore,1338b85a-14fe-42d1-b417-4b9b8745f232,2026-08-22T08:40:45,5,my honest rating 9/10,0
playstore,2b074163-4dc9-43d1-85b9-175c9f28341b,2026-08-22T08:35:19,1,suddenly my account got deactivated(showing deactivated for security reasons) and I'm unable to contact customer care. there is no info for me. this will lead to losing trust in myntra. totally disappointed.,0
playstore,4f3f5c24-5e94-41bd-9364-824703698f45,2026-08-22T08:32:08,5,nice one,0
playstore,b1ba0a91-6ec2-45ca-b0e2-e4d0cccdd257,2026-08-22T08:31:30,5,Best,0
playstore,5cd7eaf3-556e-4d3a-94e3-59af46c2dbdc,2026-08-22T08:26:03,5,Excellent Quality at affordable price!,0
playstore,6c086b1e-b4d6-4ffd-9633-f37878a36cef,2026-08-22T08:25:34,5,👍,0
playstore,3a862574-5fdd-4aa8-90dc-cb0ebc406177,2026-08-22T08:23:14,5,loved it good quality and worthful for money,0
playstore,8dc210e7-eff8-4926-8121-302a59c8f9c7,2026-08-22T08:21:26,1,"Very bad experience with Myntra. My order was cancelled by Myntra due to “unforeseen circumstances” without any proper explanation. I was expecting the product, but instead the order was simply cancelled. Very disappointing service and poor customer experience. Myntra should improve its delivery and order management.😡🤬🤬",0
playstore,7d1995b3-ba4b-4c39-bfd8-b8c782999a5d,2026-08-22T08:21:23,5,my experience in using the app is great,0
playstore,49f0122c-ca91-4c79-a32a-dbfcd625df0c,2026-08-22T08:20:35,4,good app for shopping,0
playstore,be4fae0f-58f9-422f-8de4-e4c44dd28c91,2026-08-22T08:14:44,5,good,0
playstore,e7d26175-e4fe-4f7e-8aca-622ffbd8e576,2026-08-22T08:11:27,5,good,0
playstore,15b55dfc-09f0-4609-90ce-6aadee1deb99,2026-08-22T08:11:23,5,love Myntra ❤️,0
playstore,8427b3f0-8474-44c9-a494-db28aeb6da15,2026-08-22T08:09:31,5,best,0
playstore,b9e801fe-a55c-487e-bf4c-425c43753771,2026-08-22T08:06:32,5,nice fragrance,0
playstore,7c36d803-cf62-4987-91dd-7dc8de4cd756,2026-08-22T08:05:41,5,nice app for shopping,0
playstore,6ae20b3e-d939-4a15-9d8d-2a98e379b69b,2026-08-22T08:03:53,5,awesome 👍,0
playstore,33946aea-39cd-40ce-bacb-886eaef85046,2026-08-22T07:59:29,5,Good shopping app,0
playstore,c2a3b727-6a67-4f20-81ce-7acadefdffc4,2026-08-22T07:58:59,5,mynta is a very trusted app for buying clothes.it's very easy to use. keep shopping and shine by order on mynta. thanks,0
playstore,0b7ceb90-1c25-4880-97f0-a60ea5e0ab93,2026-08-22T07:54:12,5,this app is so good and also affordable with good quality,0
playstore,fd79ecb2-c3ff-46fb-9f31-0bdc40a591b5,2026-08-22T07:52:39,1,"Worst service, worst customer care support. I wanted to enquire about quality issue of a product received and they never cared to give me a proper response. They even rejected to post a negative review and only posted my review after censoring. Such a pathetic platform. They don't even deserve 1 star. (may be my frustration)",0
playstore,b1ec3b14-9aa1-44c7-b946-abf9caf934fb,2026-08-22T07:52:13,5,awesome,0
playstore,19a49bf6-f9f3-44f6-8a04-8ba9accd8cd3,2026-08-22T07:48:20,5,Myntra is perfect,0
playstore,0baa95fe-a105-4caa-acc2-17b8a48b55dc,2026-08-22T07:43:21,5,well experience with this app♥️ Everything is reasonable 👍🏻,0
playstore,75023222-6e1e-44d5-abd2-0f576cf2cb83,2026-08-22T07:42:19,5,"Excellent in terms of variety, diversity and choice; all at reasonable prices with various offers ! You just have to pick what suits your taste and budget ! Always or majorly, a smooth, and happy experience with minor shipping and delivery hiccups, here and there ! Keep going ! Good wishes Thank you",0
playstore,b09d05c0-421f-47f3-ac05-77cc8bea0443,2026-08-22T07:39:01,5,very good,0
playstore,90d23660-fe6e-41c6-9f5a-5465dbfff7e8,2026-08-22T07:33:48,4,never get a wrong product from this !!,0
playstore,9aca6e61-72a3-44ea-a4d4-db9da00d10e9,2026-08-22T07:25:52,5,pakka,0
playstore,198da1e1-870e-4947-9508-389f611f442b,2026-08-22T07:12:00,5,"​""Ordered this suit as a gift for my mother, and she absolutely loved it! The fabric is soft, breathable, and comfortable for all-day wear. The fitting and color are exactly as shown in the pictures. Totally worth the price!""",0
playstore,3fa03075-ca00-41d7-b1e9-db3c6ad054fd,2026-08-22T07:07:43,5,best shopping app especially for branded clothes,0
playstore,18a0b495-6452-43af-9441-9bc3322a78f3,2026-08-22T06:59:29,5,"very good app, facility is good and service return is very good",0
playstore,2ea03fe8-addf-42d9-9bca-75ba73641013,2026-08-22T06:56:51,5,myntra was best,0
playstore,7f1c2c60-7e11-49fe-a867-302a3b28dcf9,2026-08-22T06:52:02,5,Excellent Shopping Experience Good Offers 👍,0
playstore,7dbd721b-00dc-47b1-b987-97bf342642be,2026-08-22T06:49:34,5,very nice product,0
playstore,8cafbff3-f6c0-4e50-b5b2-4d3cd77fe572,2026-08-22T06:25:00,4,bahut achha platform hai,0
playstore,74dddb11-633d-48f3-8389-1430b7c0217f,2026-08-22T06:24:28,2,okay,0
playstore,8e403378-adcc-4d88-a2d2-dd284f7b6274,2026-08-22T06:21:16,5,reliable,0
playstore,13f78cb4-4c08-45ca-9e0b-129207f2f5d8,2026-08-22T06:14:40,5,👍,0
playstore,2e4ee96c-0ba9-49d3-9081-80ccc0ae5fef,2026-08-22T06:14:24,5,Good Platform for Originals with discount,0
playstore,0ee81873-b6df-4fcf-8e9c-9a7f6acca1c8,2026-08-22T06:04:21,5,evry product is sooo good nd affordable with good quality......it's first time I order nd product is so good....nd service is also good fast delivery.....my border nd sister always buy from Myntra I thought I can't afford but it's budget friendly nd good....thank uu,2
playstore,1d683d2b-078c-405b-84d6-b6b9bf56fea1,2026-08-22T06:00:42,5,"Absolutely love Myntra! Great collection, smooth app experience, amazing deals, and fast delivery. Shopping has never been easier!",0
playstore,1526e4ba-0a13-45a0-89e2-4130e225748a,2026-08-22T05:47:00,4,experience good,0
playstore,4d5a1a55-f6e0-4d59-83a6-d021411776d9,2026-08-22T05:28:27,5,good product s they can delever,0
playstore,ea0176e4-603b-4602-aecc-642958d321a7,2026-08-22T04:27:53,5,amazing 😍,0
playstore,0123bbd6-64d4-4e2c-87f2-d21cabf50c65,2026-08-22T03:56:47,5,outstanding app available only genuine products.,0
playstore,61887454-3a6f-49d9-937f-e736fb070df7,2026-08-22T03:55:19,5,👍 nice,0
playstore,a509f980-88fd-41b7-965d-4f387c66d6df,2026-08-22T02:41:12,5,good,0
playstore,8ed0e961-0f68-48c5-8348-a32044f1ce0e,2026-08-22T02:39:34,1,"Such a dramatic downfall of Myntra. Cheap, Chinese-market products at sky-high prices, even the model photos are AI-generated—making it impossible to judge the fit, fall or fabric. Ordered 10 dresses and returned every single one. Honestly, it’s time to uninstall Myntra—Savana is much better!",0
playstore,76c4293d-132b-499f-b164-5d412d71568d,2026-08-22T01:50:05,5,Very Easy User Interface,0
playstore,1158ebc0-c232-439e-9297-1771cf201b77,2026-08-22T01:41:51,4,nice 💯,0
playstore,36d45024-4731-4456-9158-ae7327d6f873,2026-08-22T01:40:01,5,good 👍,0
playstore,6962237e-2747-47b7-a6cf-3e9d9c2b3a2c,2026-08-22T01:39:28,5,Best quality and best offers love it,0
playstore,a4bbc876-03bc-490d-929c-335cf2c5a669,2026-08-22T01:35:23,5,awesome 💯 I love myntra,0
playstore,4e4d3d39-45a1-4b17-a27f-f20ee01b8965,2026-08-22T01:33:06,5,good,0
playstore,1a5114a0-06bc-436c-bec3-996bea2cf975,2026-08-22T01:30:22,1,"yese chutiyalandi company maine kahin nhi dekha, sethji ko paise kamana ho toh bhik mange, ya apne ghar wale ko bhade pe lagaye, hamara Paisa kiyon kaat ke le rahe ho ,",0
playstore,6096828a-8296-42df-a371-cba3b25c2a30,2026-08-22T01:16:23,5,Evening thing is better and use full all are good but delivery and package are not good because recently I ordered Puma shoes and i received my order but my shoes box is not good 👍,0
playstore,62e4b077-a502-4a4b-819b-f23bccbfe243,2026-08-22T01:14:39,5,👍👍,0
playstore,50ee5cd7-60ff-4821-973d-b350c9abfe81,2026-08-22T01:12:16,5,good,0
playstore,46c5afec-f68d-44c6-a6e8-a87e13fb113a,2026-08-22T01:08:20,5,its a trusted and original site,0
playstore,b07828ea-bcc9-4a15-800a-b055dc7daa42,2026-08-22T01:07:57,5,its good,0
playstore,428b7ecf-743d-46dc-bf20-45bb867e440b,2026-08-22T01:07:41,4,I like shopping here. Myntra gives great deal at a decent price. The only reason I'm giving you 4 star because you stopped giving me mycash coupons🫠🫠.. other wise you're the best.,0
playstore,1b957609-29a0-4f6a-9a80-8edaa877fc91,2026-08-22T00:58:42,5,good,0
playstore,09be7063-592f-4b32-8c06-0f4f7401f8ef,2026-08-22T00:56:48,5,nice experience,0
playstore,2a9e394e-908a-48f9-94a3-f59dd4a44fc3,2026-08-22T00:56:34,5,I realy like this app because I need south Indian lehnga and mytra always give me fastest diliver order I am happy using this app. love you myntra,0
playstore,a02eb6e9-d96c-4dec-995f-bd1d9f11d634,2026-08-22T00:52:53,4,nice,0
playstore,770bda55-154d-4dfb-b59c-43f0f0e47061,2026-08-22T00:52:28,5,good,0
playstore,8de36aaf-b4f5-4029-8880-78833e828d40,2026-08-22T00:51:37,5,The shopping on this app is so smooth,0
playstore,14213ccd-529c-4837-9919-98a311820f99,2026-08-22T00:47:57,5,always good service when I raise return item same time I got refund,0
playstore,fd700659-6844-466a-b6a6-88126587ffc3,2026-08-22T00:47:41,1,very bad experience.preoaid order placed 2 weeks back and no update,0
playstore,6b9ab689-7bf7-4ce5-8335-cc0be4d6e434,2026-08-22T00:40:51,5,very good very nice 👌,0
playstore,1d6f0b52-2d2e-40d0-8c91-62b1e5aaecf0,2026-08-22T00:39:20,1,can you stop this Ai model bs ? I'm fed up of if,0
playstore,1a652b6d-dc74-4b0f-8d0e-64ca22d332bf,2026-08-22T00:38:56,3,"recently had worst experience with Myntra. For two consecutive orders they delivered wrong size. I ordered 4 UCB tshirt size S, however they delivered all M size, I returned it and thought mistake could happen sometimes. I then ordered two new UCB tshirt size S, again they delivered size M, this time I was really very frustrated. I was shopping for my travel, and now the exchange date is after my travel date.",0
playstore,09d620d8-369a-49ed-91e6-222b95a24386,2026-08-22T00:34:01,5,good,0
playstore,3b52112a-b05b-4e52-848d-b7258f9fc779,2026-08-22T00:30:03,5,"outstanding overall service, trusted and loyal.",0
playstore,e297e306-274e-4fc9-a7cc-13cee7d0f55e,2026-08-22T00:27:58,5,good 😊,0
playstore,d4a04135-bfef-4ab6-baa6-0375227a5687,2026-08-22T00:25:34,1,"very bad,iska saman bahut mahenga hai or mesho shopsy se dubble rate hai ,isse badhiya mesho shopsy hai",0
playstore,03401653-7c7f-4284-8029-d8233f65b05f,2026-08-22T00:16:10,5,having good experience with myntra. Good online shopping platform which provides High quality products in affordable price. I recommend myntra for their services and quality.,0
playstore,bdd537ea-8a74-4838-b7ca-4160b2558661,2026-08-22T00:14:48,5,good 💯,0
playstore,6a7c3153-a306-48de-b02f-cb4a242b1e28,2026-08-22T00:14:26,5,better than other app,0
playstore,f423ce2d-cc87-4cc8-82bb-1e94588b3181,2026-08-22T00:13:42,4,it's a good product,0
playstore,f73e4d42-1d7c-4938-bba7-afa9e8900b9d,2026-08-22T00:08:24,5,jut like wow so beautiful ❤️,0
playstore,90e518a5-42c5-4395-9f9d-0d2d8475d1db,2026-08-22T00:07:13,5,great app,0
playstore,86877100-7786-4b42-bf5c-17f1b8acbc75,2026-08-22T00:04:43,5,good app,0
playstore,6d39f038-0e2b-49a6-a6c1-906f178741ff,2026-08-21T23:52:43,5,very nice,0
playstore,c1186651-83b7-40c1-9c9b-44a1fd949c31,2026-08-21T23:41:07,5,"--- *Myntra is not just a shopping app, it's a fashion destination. ❤️* What I love about Myntra: *1. Huge Collection:* From top international brands to Indian labels, everything is in one place. Whether it's casual, ethnic, formal, or gym wear - you find it all. *2. Quality & Authenticity:* Every product is 100% original. The quality is always top-notch. *3. Amazing Offers:* Sales, discounts, and Myntra Points make shopping super affordable.",0
playstore,873fb625-1b6d-4590-a95a-9ccf6c6996ed,2026-08-21T23:40:25,1,bakwass aap hai mut use karo...return lene koy ata nahi aur refund bhi nahi milega ..west of time app location..froud app hai play store please delete Thair licence. don't buy anythings...,0
playstore,a956970b-ddd8-474e-b560-f4c4391ba32d,2026-08-21T23:39:10,4,The only thing that makes this app interesting is the discount codes that they offer in special events overall it's quick easy and convenient,0
playstore,3348e90d-3ba9-490b-984d-a8a8f339b887,2026-08-21T23:35:05,5,super,0
playstore,0bb96eb9-358c-4601-ae6d-c891a0d8087c,2026-08-21T23:34:09,1,The overall experience is unsatisfactory. Very poor customer service support team. Their representatives are always busy and the chat support ends abruptly always.,0
playstore,a33244c8-77af-420b-a4af-f4a9fbec736e,2026-08-21T23:33:21,1,"worst service,After accepting the order myntra cancelled the order on the exact day of delivery, for which i waited the whole day.",0
playstore,678211ea-8d92-4def-9fdc-6b77c2b77474,2026-08-21T23:33:16,5,excellent,0
playstore,9550410c-987f-4900-8c29-6bd3ff564b9e,2026-08-21T23:32:19,5,myntra is the best online website for shopping. I'm using this App from years..,0
playstore,af03bf02-7d70-4748-af28-6b4cda02815c,2026-08-21T23:31:32,5,verry good,0
playstore,0a261671-f782-437c-8dd8-7b7d14088fd4,2026-08-21T23:30:46,5,please make some discount available for users,0
playstore,c0c0eba8-8d79-473d-82db-44fa5ebc52ed,2026-08-21T23:27:10,5,nice product 👍,0
playstore,3f422904-9726-4ca5-9a30-eb6b7160accd,2026-08-21T23:24:53,5,good,0
playstore,066cfba8-718b-470e-a524-3e1add6a4d29,2026-08-21T23:24:33,5,very good shopping experience,0
playstore,aedbbbe5-6876-45f6-a149-daedeab8b8c1,2026-08-21T23:17:14,5,Geniune product and return or exchange are easily,0
playstore,51aba27e-3f91-4d42-a157-a32b94d53713,2026-08-21T23:16:29,5,"""Myntra is my absolute go-to app for fashion and lifestyle shopping! The user interface is very smooth, search filters are highly accurate, and the sizing guides are mostly perfect. Delivery is usually on time, and refunds are processed swiftly. Highly recommended!""",0
playstore,d6e72ce6-3dbd-4d28-aeea-4b37e5d6e2ff,2026-08-21T23:08:06,4,very good,0
playstore,8ebc8274-62ce-4ac6-9c4e-10f572216caf,2026-08-21T23:06:34,5,good,0
playstore,35fece01-9baa-442e-977a-c3f514992c21,2026-08-21T23:04:14,5,love this app.. purchase product with less money ❤️😋,1
playstore,14060bc3-df6a-4f1e-a844-cadcc0b0bbbb,2026-08-21T23:03:49,5,good,0
playstore,f594410e-11dd-4450-92ba-1ef9110de7e6,2026-08-21T23:03:32,1,worst app for online shopping no proper response deliveries being cancelled for no reasons repeatedly cannot raise complaint no proper response to the complaint raised,0
playstore,3ff53060-9c5d-46fc-ac24-eb599ae202e5,2026-08-21T22:58:54,5,fabulous,0
playstore,c4a26fe6-e161-496e-b50b-17c9ac9667e5,2026-08-21T22:57:05,4,nice product,0
playstore,1c86d563-603e-415a-9979-d03f63e3d935,2026-08-21T22:53:05,5,excellent collection,0
playstore,187856aa-6509-4c97-b0a5-c37b98e8779b,2026-08-21T22:51:09,5,best app ... never disappoints,0
playstore,24fa8228-1292-4069-be1a-be41485207c8,2026-08-21T22:49:02,5,Amazed by this app!,0
playstore,e517f612-6b82-4594-9d4b-38b7f506e7f9,2026-08-21T22:43:54,1,worst delivery service 💦💦 no support just ai,0
playstore,bd38805d-67c5-401f-b2fc-9f36df6a8e1b,2026-08-21T22:43:49,5,A good store for all things,0
playstore,2e4d4ec2-117f-4272-8bad-143b40007494,2026-08-21T22:41:38,5,"I love u mintra.. great deals on all products, daily cash rewards, also got big cashback after shopping. love it thank very much..",0
playstore,0b641ab4-beef-4711-afe5-c28cb084ad43,2026-08-21T22:41:07,5,all products are of good quality in myntra,0
playstore,803e1828-ee04-4130-884b-27912a113a07,2026-08-21T22:40:33,5,quality products,0
playstore,d74fe2c3-3ae8-4503-99a0-26e939a3be97,2026-08-21T22:39:53,5,good 👍🏻,0
playstore,c5a05c55-dc45-4127-a9d6-826b28d77278,2026-08-21T22:38:20,3,Not available coupons only when new account login please fix this Myntra,0
playstore,bf1aa6d4-6802-4942-8848-156e15ef28c6,2026-08-21T22:35:32,5,very good app,0
playstore,8898cf06-bd36-4ec4-a4b7-c86435e5796d,2026-08-21T22:35:27,5,best,0
playstore,0e370aee-b838-40f1-9493-4375c2bd45d5,2026-08-21T22:32:56,5,nice,0
playstore,6eeac3d0-d7e7-4abe-947b-cc953ef4ce17,2026-08-21T22:28:27,5,Good,0
playstore,a8893d7e-1461-4ee9-b1cd-c2d020334acf,2026-08-21T22:27:55,5,awesome fits in myntra ❤️‍🔥,0
playstore,68aeea04-85b6-4f9b-97ac-d1bc763ef67d,2026-08-21T22:24:46,4,very good experience 👍🏻 thanks Myntra perfect shopping app,0
playstore,9df847e1-e316-4323-acfe-59aa4898d287,2026-08-21T22:23:14,1,this is cheating app they are not responding for their customers and really feel bad of ur service fraud,0
playstore,83c2137c-c15d-467f-8ee8-a1ad1de0596d,2026-08-21T22:22:28,5,It's far better than other shopping apps bcz I tried almost all the famous shopping apps that delivered different item from the shown image but this can't happened with myntraa,0
playstore,44d768e2-1e2d-46b1-a679-1317f7f5c2fd,2026-08-21T22:20:56,5,very very good products in mytra app,0
playstore,94f23991-8f13-44b4-bc78-d0c6adbe1fad,2026-08-21T22:18:51,5,nice,0
playstore,305b2882-15d3-41ed-a471-04131a478950,2026-08-21T22:17:11,1,worst app as there is no proper reply from customer care support. if we place an order it will get delayed without any proper reason. if we return the item they will take more than one or two months to pick up that item. sometimes they will send used products. I know that my comments and reviews will be removed. but still I can say their customer care support services are too bad..,1
playstore,3d7c3387-21e9-464d-8369-e1fbf3b96fda,2026-08-21T22:12:21,5,best to buy good products,0
playstore,755fb178-e9a6-4baa-ab48-7e95146d20f9,2026-08-21T22:07:43,1,They are cancelling the order more than twice and saying that ( Unfortunately we have to cancel this order due to unforeseen circumstances ) ......,1
playstore,eb1b6c82-2bb0-45ac-aa14-5d75a3d1ff25,2026-08-21T22:03:21,5,very nice,0
playstore,61c924cb-bf85-4a64-924a-5f3759bf824d,2026-08-21T21:48:40,4,super qulity iteam. this itam good clour and good clath and good,0
playstore,c591ae74-fc10-49b5-8296-eb7ea03c5a4d,2026-08-21T21:45:32,5,it's really good place for shopping. I love this plateform because this is very trusted and quality.also give me 1st priority of customer.,0
playstore,3a16d168-b8ab-4c8e-a98a-cb023248db2e,2026-08-21T21:42:31,1,These people are absolute scamsters. They never deliver products on the promised date—either the order gets cancelled or it keeps getting delayed. Don’t trust this app or its fake delivery promises. I’ve never had such a terrible experience with any other online shopping platform. Either improve your service or shut down your operations. Stop misleading and fooling customers.,0
playstore,4b4bb3ba-142f-48af-a8aa-19d784dc9f39,2026-08-21T21:42:12,5,good,0
playstore,a4ea9594-39e3-41a1-b22c-5a4da6311765,2026-08-21T21:34:57,5,good,0
playstore,746679b3-756c-40d9-87dc-9dc3f1ccd4ce,2026-08-21T21:32:35,4,good,0
playstore,9abc79e8-5f32-442f-ad0d-453aa290ebd7,2026-08-21T21:32:30,5,Best user interface,0
playstore,999c95a0-31a3-4fbe-a846-327c175fdacb,2026-08-21T21:30:35,5,nice,0
playstore,6d1d58df-1c5f-4e21-965e-d7774f23cfc7,2026-08-21T21:30:06,5,osm,0
playstore,b8b7039d-6eb7-4000-954e-4c01b8348236,2026-08-21T21:28:45,5,this is an very good app,0
playstore,4c3a366e-5bbe-4fef-bb6f-e8084d45f1db,2026-08-21T21:26:42,5,good 👍,0
playstore,ee82add4-b960-4ef2-bdf4-c570b1d72992,2026-08-21T21:26:38,4,overall good 👍 👌,0
playstore,a4b4a3b1-f955-4575-a097-e6b22b2ea33a,2026-08-21T21:26:25,5,it's very interesting,0
playstore,90f0a435-fe39-43e0-ad7f-489467587dee,2026-08-21T21:25:31,5,good,0
playstore,feeeff11-f0b4-4e15-8065-648c320f6a29,2026-08-21T21:20:38,5,thank you Myntra,0
playstore,215a2923-a7de-4998-bd16-620c10d7c5d3,2026-08-21T21:19:28,5,"very affordable,and many offers for users are there",0
playstore,89c5474b-ff29-462c-8d43-023ac9fa7466,2026-08-21T21:14:56,5,super quality products,0
playstore,2103c34b-f1ce-44ae-84be-92242e670426,2026-08-21T21:14:38,4,good,0
playstore,0a51c64f-dd6f-44fd-bbf9-3edb4779415f,2026-08-21T21:09:40,5,I'm satisfied with this shopping app. I ordered a highlander and I received the highlander that I desire,0
playstore,e37a77a8-6d79-4be9-a575-4291919a019b,2026-08-21T21:08:07,5,delivery should be in between 11am-1pm it should not be late,0
playstore,daf0df35-9cf8-457e-98f7-2f18091d2800,2026-08-21T21:05:13,1,"This app is very useless and very bad. It does give you a discount but whatever you ask for, it will not give you that thing, it will give you something else and will replace it. It is so bad but there is nothing to say brother👍🏻",0
playstore,b97d9282-b3f9-440e-8022-e91e44006a79,2026-08-21T21:03:04,5,Reliable and easy to use.. service is best.. easy to return and exchange...,0
playstore,33336b9e-7b27-41b0-b67e-faa8e0b74b79,2026-08-21T20:57:46,5,is a very happy pk,0
playstore,043b4c93-0973-4c28-8566-2b205eee0be3,2026-08-21T20:57:11,5,nyc app perfectly working,0
playstore,d6772154-62db-42dc-8a01-f2208dffb339,2026-08-21T20:52:26,5,best app shoping,0
playstore,1c2bf820-8b65-4bec-b5a9-0a739a561bad,2026-08-21T20:49:38,5,Best app for fashion,0
playstore,fd75ed07-f409-41c1-adeb-de3507de86cf,2026-08-21T20:49:15,5,amazing app really fabulous 😍😍😍😍😍 products 💓💓💓💓💓 you can buy from here .,0
playstore,a1b9345d-1f84-4700-870b-ed44a302ea4b,2026-08-21T20:45:28,5,sab proudest original milte ha,0
playstore,abc2acb3-35a6-473b-b067-e5f06f9de8c0,2026-08-21T20:45:21,5,material and fitting is good 👍 good for it,0
playstore,6457c345-5a43-4339-a7b4-3f89a8bea87e,2026-08-21T20:43:34,5,best app with latest collection,0
playstore,511aa7b0-ca0f-4633-aaca-07e0e256768f,2026-08-21T20:42:27,5,very good experience💓,0
playstore,64f4d6fb-e779-4bcd-a5e7-613f8df3cb73,2026-08-21T20:42:27,5,The product is great a,0
playstore,d1674e8e-3541-460a-80b6-afa27f714ade,2026-08-21T20:41:50,5,quality is best 👍💯... go for it guys,0
playstore,ff10771c-0323-4797-9a4b-7c03bf8618fc,2026-08-21T20:41:11,5,good and trusted products,0
playstore,ea3ba1f9-4f20-43fd-b9c7-2050ae754c11,2026-08-21T20:40:40,5,good fabric good size,0
playstore,96bdcbc0-8b68-4f37-a44c-7def51a4a650,2026-08-21T20:39:09,5,good,0
playstore,313cdf13-c0b6-484b-b6e1-1e934a89069b,2026-08-21T20:36:54,5,great,0
playstore,4331dae9-4ed9-46ce-9b98-f394b1105734,2026-08-21T20:34:45,5,good shoes,0
playstore,65768a8b-5c8e-4cc4-8313-8beb1fefac82,2026-08-21T20:34:22,5,good prodect,0
playstore,2583e05e-348b-482c-af65-2bff59e840c0,2026-08-21T20:32:23,5,Good app for fashion related shopping,0
playstore,06984bba-c3a5-4659-ae3a-e98f8ce47c7e,2026-08-21T20:29:31,5,bahut achcha app hai,0
playstore,052393a5-9bc0-4b5c-aa53-d207ca1f0476,2026-08-21T20:28:02,4,All good but I'll give 4 star coz I don't like to pay the platform fee,0
playstore,d57a72c8-e120-4549-83e5-68d13ddefd8c,2026-08-21T20:21:20,5,love it,0
playstore,549a25e6-c7e2-4f29-a185-9b641ca18444,2026-08-21T20:21:13,5,super,0
playstore,689adbba-0044-447c-affd-8c6595239d89,2026-08-21T20:20:04,1,"fraud I received a wrong product from Myntra. I raised a return request and even uploaded the images, but no action has been taken yet. It’s very disappointing to face such issues I am highly disappointed with my recent order. I received a duplicate/fake branded product instead of an original one. I trusted Myntra for genuine products, but this experience has caused me inconvenience and loss. fraud fraud Very disappointing experience with Myntra. fraud scammer",1
playstore,6260ae9c-082f-46a6-960c-15cf18f34814,2026-08-21T20:19:26,5,good,0
playstore,7016f5cf-ed85-40d5-be9e-43202f0a0e6b,2026-08-21T20:18:47,5,best quality clothes and variety available at best prices,0
playstore,025f74db-6dfe-4f92-a806-205b015171cc,2026-08-21T20:18:32,3,good,0
playstore,db6e6abd-67f3-4d16-a813-5b5761b8feba,2026-08-21T20:17:25,5,siuuu,0
playstore,79ad732a-9303-40e4-9ec4-0973df8dceae,2026-08-21T20:16:02,5,loved the discount they provide on big brands,0
playstore,34e49e53-c66e-42c0-9656-461345805ea6,2026-08-21T20:12:29,5,amazing,0
playstore,bf638aa6-4d28-463c-bc9e-ade100037b1b,2026-08-21T20:12:01,4,good,0
playstore,689ad2a2-39a9-43f8-b21d-b79ee5abb89f,2026-08-21T20:08:12,5,nice,0
playstore,033df7b0-05af-4b9c-a7ac-d788bb1d1c23,2026-08-21T20:07:24,5,Better than best,0
playstore,2b86dcfc-ba06-40d7-a463-23cf42867e85,2026-08-21T20:03:00,4,this is too good app and this helpful and to trusted app,0
playstore,0561b01b-15e0-4e39-9a27-833d69db3147,2026-08-21T19:58:17,5,good,0
playstore,6bf6ab8b-9fcf-478b-b8e3-97f38413d1c3,2026-08-21T19:55:31,1,"Myntra service day by day getting worst. Delivery service is very bad even after charging bogus platform fee. Its so ridiculous, this company eating commission from seller and customer as well by charging platform fee. This issue should be raised in appropriate platforms. Review date 21.08.2026.......... Mytra's service is terrible again. Orders are getting canceled without permission.",0
playstore,3049a672-9b1c-4aad-a4bf-468e1d53eae2,2026-08-21T19:50:18,5,great app...wow,0
playstore,bcec0a9e-f9cf-4600-ab42-774882f5bfdd,2026-08-21T19:46:28,5,amezing,0
playstore,e39f0d93-cc55-478b-890a-f50cfc901904,2026-08-21T19:45:35,5,good,0
playstore,2fbc40a6-1807-4d90-812d-818eb3cf6a5d,2026-08-21T19:35:18,5,good,0
playstore,9bd87c39-9dca-4d6c-bdeb-7f82ee880bdf,2026-08-21T19:33:50,5,excellent,0
playstore,9a49f43c-ebf5-41b1-9576-265261a53ebc,2026-08-21T19:32:43,5,great,0
playstore,50a48919-a74b-449b-8877-ad14fb32e7e5,2026-08-21T19:30:49,5,My experience says any product bought from Myntra has unique quality regardless of its price.,0
playstore,4b6fe48f-0521-4954-80ed-dbf138399926,2026-08-21T19:29:45,5,Amazing face powder . after using this product face looking glory and shiny.Thanks a lot myntra for this product.,0
playstore,c2189d80-aec7-4f1a-b4d6-3f75c81a1ecd,2026-08-21T19:27:18,5,great app,0
playstore,b2aa1d2e-2185-48b7-a0cd-c0493f3649d8,2026-08-21T19:23:04,5,nice 👍,0
playstore,36232666-f076-48c0-9fc2-38c836d81f6f,2026-08-21T19:22:20,5,offers are unbelievable,0
playstore,d5aa1bb1-bff8-41ab-9630-710be451ab31,2026-08-21T19:20:05,5,best experience best service,0
playstore,6471905d-d127-47c1-8486-89cb6f91b7c8,2026-08-21T19:17:29,5,very good,0
playstore,97ac75c9-a381-4ebe-93df-b248bbc53952,2026-08-21T19:16:43,5,it's a very good app for online shopping. you can trust on this. overall satisfied.,0
playstore,4e123ff7-11fb-401c-a7c3-73a7a78a9ee1,2026-08-21T19:09:03,1,always orders are delayed... very bad delivery service...,0
playstore,e5118fa7-1bd8-4ee8-95bd-ae42e7def318,2026-08-21T19:08:30,5,good experience,0
playstore,866d83cb-83de-43c7-9b3d-3a1f0f8a0ccb,2026-08-21T19:08:26,5,best,0
playstore,99e67e91-4eb0-4f47-9a91-57f766e4c6e3,2026-08-21T19:07:17,5,it was soooooo good,0
playstore,57d8e613-7aa2-4725-adbc-c4c8fa4b6ac2,2026-08-21T19:05:59,5,Nice,0
playstore,faebe123-f0a5-4f4f-a450-3751c7787046,2026-08-21T19:05:57,4,verryy nice,0
playstore,a6b6012f-09f1-4112-8640-241170e6d0a7,2026-08-21T19:01:32,5,good,0
playstore,0816830b-b824-4d4f-86a8-c8fcb827c4af,2026-08-21T19:00:24,5,🥰very Good myntra shopping app🥰,0
playstore,83c4d93c-d8ec-4d08-8e21-abe6ee2424cb,2026-08-21T18:56:46,5,best shopping app,0
playstore,1b798f18-7066-461c-9ac7-f2de5f33f146,2026-08-21T18:56:22,5,super,0
playstore,b31a4d05-5a6d-4299-9b40-7d3f0d66c4fe,2026-08-21T18:55:34,3,nice,0
playstore,70f29e48-3612-445b-890e-7445e6309fac,2026-08-21T18:53:56,5,good,0
playstore,967b5586-f063-4fa2-acda-6989a8f74661,2026-08-21T18:52:26,5,very good products,0
playstore,e8c2ce9f-f9f1-48b8-9792-958e1b41eed2,2026-08-21T18:51:23,5,very good,0
playstore,3d22ed7b-2b38-4a62-bda3-3771f00e11cd,2026-08-21T18:51:12,5,"Dot & Key is a wonderful skincare brand that offers a variety of products designed to make skincare simple, effective, and enjoyable. I recently tried a Dot & Key product and had a really positive experience with it. The product has a pleasant texture, feels comfortable on the skin, and is easy to use as part of a daily skincare routine. One of the things I liked most is that it feels lightweight and does not leave an uncomfortable or heavy feeling after application. I loved this product .🥰🤩😍",0
playstore,4e95560a-e91a-46d3-8055-0aa9f52914b3,2026-08-21T18:50:16,5,myntra is good,0
playstore,2a569aa5-a8d5-4dd1-ad35-bef840d3d83b,2026-08-21T18:50:04,5,good,0
playstore,40ce7dd8-1cdd-4471-a134-14d1604f5ed2,2026-08-21T18:49:10,5,this is best in other shopping app,0
playstore,66f14137-e7a0-46c3-b093-533495fe3b5d,2026-08-21T18:45:16,4,very good shopping app,0
playstore,d0f6585a-1549-430d-8789-0cf11f8cb359,2026-08-21T18:39:44,5,vere nise,0
playstore,9881993d-15d4-424d-a033-f5d54e9df144,2026-08-21T18:39:24,5,I ordered few items from Myntra but I am extremely happy with the products that I bought. i ordered it and got delivered on time Good products.. Amazing quality,0
playstore,7c5f2469-aac5-49d5-a019-0f514287c6bb,2026-08-21T18:38:57,5,Nice Product Highly Recommend.,0
playstore,6bd421f7-f086-43d3-8b1a-1b84ba4e4b07,2026-08-21T18:38:26,5,all the product of Myantra is really good 👍.,0
playstore,0a031adb-77fa-4a9b-9857-cef5d66a77c3,2026-08-21T18:37:54,4,grab good,0
playstore,c6b7d005-fae0-4361-bb97-8fdce13d0226,2026-08-21T18:36:20,5,nice product 😄,0
playstore,c4d90919-99fb-4c65-8f56-fa3c3f42c879,2026-08-21T18:34:45,1,veryyy bad service. They don't provide the tracking option and they are always unable to reach us. I ordered something and after I don't recive my order I wanted to contact agent but there are no option of typing also. and I try to reach the agent because I want my order at the scheduled date but they don't solve the problem.,0
playstore,be181171-756a-4e4a-97ec-58d7fb5a5a1e,2026-08-21T18:33:29,4,Decent,0
playstore,c74c89d9-bdb2-4aae-9b04-5fcd5816546c,2026-08-21T18:30:56,5,super,0
playstore,d621ffae-b139-4a32-aa77-c90437449e97,2026-08-21T18:27:43,5,just wow! quality products myntra provides must go for it and don't hesitate to believe...you must believe on it blindly,0
playstore,0164c137-8d6f-4a88-899e-6896f156d56b,2026-08-21T18:25:12,5,i like it,0
playstore,3a2790ab-68b6-4c2d-b596-d7e7a951bf68,2026-08-21T18:23:46,5,good 😊,0
playstore,db0225fa-d379-4e29-a70d-d24a59f19be6,2026-08-21T18:23:27,5,best shopping app,0
playstore,e5d441de-53dd-4eb9-83cb-d38b28cf613e,2026-08-21T18:20:15,5,good,0
playstore,f2419fae-7d76-44dc-8269-22054630ac30,2026-08-21T18:19:00,4,Nice,0
playstore,01257c24-b7c0-40e1-9c17-ea79219aa49e,2026-08-21T18:17:35,1,1. delayed delivery three times in a week 2. customer care never have solution 3. they always keep customer on hold in the name of transferring call to seniors 4.seniors are never available to talk 5. they never have solution take money and delayed order.. 6. no etiquettes of customer care 7. poorand Third class service,0
playstore,b60eb66b-4228-47ee-88cb-79f829edfde7,2026-08-21T18:17:07,5,best app,0
playstore,d174f31a-1f80-417f-8737-e3aad0ab9517,2026-08-21T18:16:38,5,good experience,0
playstore,2d515570-c9c9-4fa8-b116-d3be9f9ac13e,2026-08-21T18:15:50,5,all over good experience and good quality of clothes,0
playstore,66c25a78-354a-4f2b-be86-3758b98a4e45,2026-08-21T18:14:39,1,Myntra provides Very Bad Service,0
playstore,c2d10608-41c5-4ee1-a2a9-aa745cc4a321,2026-08-21T18:14:06,1,alert 🚨 (Fraud) no support no integrity I order sleepers from Myntra in khaki color but I received gray color i placed for return but they put my order onhold and after investigation they said you are wrong .,0
playstore,f60e05cd-fd88-4b9e-b917-b29a7e95a24f,2026-08-21T18:13:45,1,worst app ever,0
playstore,78ff424f-5f1a-40e2-a097-344d2d603358,2026-08-21T18:13:38,5,🥰,0
playstore,29988d48-9ad2-4922-ac8e-50f025d1b092,2026-08-21T18:10:24,5,best shopping app ever I used,0
playstore,657a95a1-e453-49a3-91a9-89c6bc238f15,2026-08-21T18:10:10,5,good👍,0
playstore,f55f60d5-0109-4e6a-af97-cac50f883353,2026-08-21T18:09:33,1,"Ordered a yellow dress but received a pink one.Even with the invoice, tags, and photo proof and after my multiple efforts, Myntra refused my return claiming they delivered the correct product. Customer support is painfully slow, and every reply takes around 24 hours. Their customer support is almost impossible to reach—calls don't connect, and chat is just automated with no real help.I wasted 3 days of my time behind this. Very disappointing and irresponsible service😕",1
playstore,a270545f-299a-4660-8761-472dc5d24e50,2026-08-21T18:09:13,5,fantastic,0
playstore,1a198116-2759-4c04-8837-354ea0fd2f10,2026-08-21T18:07:44,5,"⭐⭐⭐⭐⭐ Myntra is one of my favorite shopping apps! The collection is amazing, the app is easy to use, and the overall shopping experience is smooth and convenient. Great choice for fashion and lifestyle shopping! 🛍️✨",0
playstore,c0481a8b-20af-44c6-9ea7-83cc640798e1,2026-08-21T18:04:35,5,"very professional, best quality products , fast delivery thanks myntra for best services",0
playstore,4a99da7e-b756-49e3-9481-96e133dd9292,2026-08-21T18:04:09,1,worst customer care experience,0
playstore,f781b119-1801-4f4d-9783-acb2b090c69e,2026-08-21T18:03:59,5,I am so happy 😊 very very good app 👏 😊,0
playstore,94702069-031b-4736-aae3-e19a7d3f4468,2026-08-21T18:00:04,1,Boht hi bekar app h return ke nam pr kch ni hota isme jb kroge to 100 bahane bnaenge Boht bekar app h koi bhi install mt Krna,0
playstore,a54223c1-e736-4e12-8df7-85c88400dd74,2026-08-21T17:55:24,5,good,0
playstore,e70471a7-1e32-40af-ad39-d1efaf05edfd,2026-08-21T17:54:55,5,it's really a amezing app go for it guys,0
playstore,3ce26bb7-cd69-437b-a3c2-961bb56c71c4,2026-08-21T17:54:17,4,noice,0
playstore,84089c4c-a833-40f3-886d-33715a3f6f62,2026-08-21T17:53:18,5,good and genuine app,0
playstore,96b61160-8c65-4312-b1ca-6194b0b595e3,2026-08-21T17:51:49,5,super quality clothes..,0
playstore,d7af4521-b0c5-45db-ad7a-a97feaebc84b,2026-08-21T17:50:06,5,nyc app easy to handle and every product is genuine and branded cloth,0
playstore,9acfbe1e-135d-49c9-8fea-19780784dee0,2026-08-21T17:49:46,5,nyc experience,0
playstore,574dd1cb-724f-4820-b6c3-8f4e8bef0fe6,2026-08-21T17:47:48,5,"This is a really great online shopping app. The quality of the clothes is superb, and you can find stylish clothing at very affordable prices. I would definitely give it a 5 out of 5 rating. Highly recommended!",0
playstore,fd452ac1-8701-4c9e-850f-d3725776488f,2026-08-21T17:47:37,5,v.good.always satisfied,0
playstore,7a9fbb56-b1a9-42c4-9637-af5810c2e780,2026-08-21T17:47:05,5,Excellent app for shopping 🛍️,0
playstore,5f1a89b7-d41f-421a-8cc7-5515bc3eebc9,2026-08-21T17:44:01,5,good,0
playstore,fa2ddc5a-57c0-4a7b-8f2c-58dcd5b3be8f,2026-08-21T17:42:32,5,Too much good💯,0
playstore,f2c08618-b3d8-49a5-9576-aab23eff75bb,2026-08-21T17:37:02,5,nice and good app,0
playstore,2ee1e81d-c0e8-40ab-b148-e6208f8a2a8e,2026-08-21T17:33:51,4,one of the best online store apps,0
playstore,14ae8300-0d9a-4f34-a7e0-ea5992a2376d,2026-08-21T17:26:16,5,best online shopping app,0
playstore,fb45a376-6a62-410e-a0b8-ab4e6ff9bb8d,2026-08-21T17:24:50,4,good,0
playstore,ae2686b1-43c8-4489-8a26-e2a05df494b7,2026-08-21T17:22:19,5,👍,0
playstore,55d20aa6-9f81-4f75-9b4f-72e513caaa3d,2026-08-21T17:22:08,5,I like ur Myntraaa,0
playstore,8ba6cff9-a0de-45d5-919d-b1c18d9ee863,2026-08-21T17:19:18,5,The experience about this app is very good and reliable.Myntra offers a fast delivery service to get the product you ordered to you.,0
playstore,b4f61662-66d7-4b1e-91fd-a49aa13cb65e,2026-08-21T17:17:56,3,best,0
playstore,91b6705a-4fb2-4178-8e7b-6515987515d5,2026-08-21T17:15:22,1,im order from this platform myntra mochi Shoes i have received old used pair return pickup not still myntra chitting openly with when customer care sarvice call there tomorrow morning fixing evening 14 day's playing with customers fored doing with customers please don't know what happened but very poor quality staff chatting with customers please don't buy in this application myntra,0
playstore,a0753e97-88cb-46af-b587-1fe06b949e18,2026-08-21T17:13:33,5,amazing app those the exact app iam searching,0
playstore,2a6bf206-c109-4322-bffd-25e892385b5d,2026-08-21T17:12:06,5,Good app....,0
playstore,5ba66fe4-c07d-4a0d-a235-09f12e1c97c8,2026-08-21T17:10:50,4,good,0
playstore,05de7695-a313-4b64-adcc-4b97d329e2a4,2026-08-21T17:09:17,5,order quality is better and order is delivered faster than other platforms,0
playstore,7acaa9ff-64ce-4770-a8ed-15e5106e058c,2026-08-21T17:07:03,5,Best app for shopping,0
playstore,6cb07e78-5999-493b-b00a-ee280ba64c09,2026-08-21T17:02:19,5,such an affordable prices,0
playstore,3454c583-b808-4def-8494-9fb08827e1b7,2026-08-21T16:59:04,5,it's a good app for any product,0
playstore,96f1902f-c648-48d8-8eff-52d3c50eb851,2026-08-21T16:57:10,5,good,0
playstore,cca346cc-53b7-4220-b1dc-f931d90cb164,2026-08-21T16:56:39,1,very bad experience...i install Mantra app but otp didn't support.and accepted... there is no customer care in india....I have mailed 7 days before but no response....... very very bad ....if you stuck in order buy or return parcal .... what will you do....so i will not install in my phone 🤳,0
playstore,fe36593e-b166-4b52-9efd-807f819c7548,2026-08-21T16:55:54,5,osm,0
playstore,aeb340b5-6fe6-4f6e-b6b0-dfb8329aa6dc,2026-08-21T16:55:50,5,good,0
playstore,af8f5336-0334-4f5b-9b38-27f137a81760,2026-08-21T16:55:41,1,worst experience....fraud delivery agent .... boycott myntra.,0
playstore,7d411be1-2f53-47b7-8157-ef2bc626f9cb,2026-08-21T16:54:28,1,so myntra has replaced customer support team to an AI. Myntra are you scamming now? I haven't got refund when I checked my yono bank statement. you have refunded only for one product and you haven't for another item. it's not an human error its an AI error,0
playstore,8bc398fb-61f4-4ce9-9a87-7f466b773ef1,2026-08-21T16:52:56,5,good product,0
playstore,a96e2202-6240-432d-9d61-1c8d55d38776,2026-08-21T16:51:48,5,awesome and branded products is hair,0
playstore,3c25e5a6-69d8-4567-a42a-6026efb7ee0a,2026-08-21T16:46:45,5,excellent,0
playstore,51dfb19c-83a5-465a-8c78-8fd8754081ae,2026-08-21T16:44:46,1,return exchange krne me inlogo ne itna presan kr diya mujhe ky bolu coustomer care se bt kro fir bhi koi solution nhi,0
playstore,95c07d17-66c3-4434-8c0d-4889a1c78bec,2026-08-21T16:43:24,5,amazing experience,0
playstore,06061e07-5680-4771-9d15-4d67920f3e87,2026-08-21T16:42:48,4,👍👍👍,0
playstore,f25e5236-9146-4362-a6b7-a5fd6d0847cd,2026-08-21T16:42:41,5,👍🏻,0
playstore,56b9f89a-740b-4c3e-907b-6dc390ea3305,2026-08-21T16:40:48,1,"Not a trust worthy platform. Pictures of the product used are always deceiver, they look rich and opulent but delivered products are cheap, despicable and low standard. If somebody is very obsessed with this platform be careful and buy only genuine branded items.",0
playstore,4d643aab-e0b6-4ec9-81c1-a5c44bc022e2,2026-08-21T16:40:17,5,good,0
playstore,2a95a5c3-ed9a-4043-b08a-45a4e9948ed3,2026-08-21T16:39:14,5,fast delivery,0
playstore,38d96a80-71fd-4101-a798-6220fa01657b,2026-08-21T16:36:21,1,"I am extremely disappointed with my recent shopping experience on Myntra. The product I received was of poor quality and appeared to be a used product rather than a new one. The most concerning issue was that the original brand tag was missing from the product at the time of delivery. The missing brand tag has now become a major hindrance in returning the product. My experience with Myntra customer care was very disappointing. Overall, this experience has seriously affected my trust in Myntra.",1
playstore,3d01e7d6-1e14-427a-8a11-38c4092b447a,2026-08-21T16:35:27,5,"Really happy with this purchase. The product quality is good, the fit is comfortable, and it looks exactly like the pictures. Myntra is also a great and reliable platform with a smooth shopping experience. The product is worth the price. Definitely recommended",0
playstore,c699b0b2-0f19-469f-b79d-4ea5db2f7c7b,2026-08-21T16:33:56,5,Recd the product in good condition. Packaging was perfect. Loved the rakhi..it is same as shown in the image. Thanks.,0
playstore,17d7a260-c9e1-4b37-9978-e4fd7232308f,2026-08-21T16:29:33,5,good,0
playstore,651bf0bc-cca4-4f2d-83f4-71e96b79c7de,2026-08-21T16:27:42,5,soft and awesome product at a reasonable price.,0
playstore,e71b00ce-5b03-4fe9-a217-caba1ab873f3,2026-08-21T16:27:27,5,awesome 👍😎,0
playstore,1d58545f-9da3-4580-bf39-54336706a632,2026-08-21T16:25:21,5,best online purchase experience,0
playstore,f17c4bad-0c97-4835-9e92-c2fa6d292a13,2026-08-21T16:20:26,5,I purchased apple airpods which was upto the mark,0
playstore,4e7a3945-9af2-494c-927b-6afbcd6f8db9,2026-08-21T16:19:47,4,good,0
playstore,8b67d08c-12ca-4d29-b602-051d34fed96a,2026-08-21T16:18:57,5,good 👍,0
playstore,f5fe3a53-e549-424b-987d-50d2f945d523,2026-08-21T16:17:38,5,very good,0
playstore,04620649-0047-4aa4-af0c-8c380a08410c,2026-08-21T16:17:28,4,good 👍😊 very nice fast delivery,0
playstore,082a08bb-1413-4900-bfd0-005374f847cd,2026-08-21T16:13:34,5,nice 👍,0
playstore,46685727-8e81-47af-b67e-25c628512f88,2026-08-21T16:13:25,5,valuable price and branded products are here.. please go for it,0
playstore,582a45df-adec-4cb1-8fb9-648016fe11d7,2026-08-21T16:07:33,1,bad experience I orderd a smart watch but delevery agent not arrived and he told in WhatsApp I did not pick the call,0
playstore,43529ec5-7bc2-4789-b4fa-e3b5d592d853,2026-08-21T16:06:32,5,Best,0
playstore,a1b1c8ad-aff3-4485-8280-cc9fb5060fbf,2026-08-21T16:04:54,5,very good app for having good quality of clothes,0
playstore,baaa206d-03a9-446f-8595-bf1555b8ac1c,2026-08-21T16:02:39,5,easy to use and quality of product is too good,0
playstore,4f86c499-489e-4cb5-afb6-0fd6a7b59e98,2026-08-21T15:56:59,1,ek to time pr delivery nhi krte ho aur khud hi order cancel kr dete ho customer service se baat krne k liye request kro to call back bhi nahi krte aur to aur insaan to baat hi krte customer service me ek setting kr di h bas wahi ulta seedha bata deti hai 😡😡,0
playstore,156c1918-5b38-4ab7-b229-dd3a56c2e4af,2026-08-21T15:49:25,5,Good portion,0
playstore,720e8b17-5af0-4636-932d-506d035941f6,2026-08-21T15:46:03,5,👍🏻,0
playstore,3f06b835-0886-4cdc-886f-9edd46bacdaf,2026-08-21T15:44:38,5,superb site for affordable shopping....,0
playstore,3960c910-121d-44de-ab0c-d04ca34c4e03,2026-08-21T15:43:17,5,nice,0
playstore,7d13eace-9f90-496a-a4d5-a87c9bdf11bc,2026-08-21T15:41:42,5,really nice app for me ty Myntra,0
playstore,903488ee-1bc4-48bc-b0a9-df923d229b4f,2026-08-21T15:40:27,5,one of the best things that I was fond of Myntra is its style exchange amazing experience hurhee,0
playstore,d7a3cd60-78b7-4b39-9421-e15107f9da10,2026-08-21T15:36:00,5,It was a nice experience!💕,0
playstore,5178f00a-8ae3-48a9-b9e8-58a42e469aa1,2026-08-21T15:35:43,4,Thank You,0
playstore,35ee784f-cd47-4ec3-8b9f-f32e28dc881c,2026-08-21T15:31:55,3,produced order kiya hai only,0
playstore,ad29e90e-9a75-42ff-8e7d-fccb24e6035a,2026-08-21T15:31:01,1,"one of the worst app , most of the products they delivers are wrong product",0
playstore,791463dc-963e-468b-8962-7ad3174a5ca4,2026-08-21T15:30:05,5,Best app,0
playstore,219c5da9-a1a9-44c6-9fdc-e4a214851cd6,2026-08-21T15:28:30,5,good,0
playstore,3ba6c5c0-db86-4882-8ba6-d2cf7342f0c1,2026-08-21T15:25:18,5,very affordable,0
playstore,7ae3bba1-df43-47aa-b9ef-8674d4b5a2b9,2026-08-21T15:24:48,5,very good,0
playstore,d540e989-045a-409e-8f8e-3e2559b4fa6c,2026-08-21T15:23:37,4,"exploring wishlist, wishlisted , bookmark",0
playstore,38e6b311-2e33-43cc-8b53-88edd1b20a16,2026-08-21T15:22:36,5,excellent service good price good product,0
playstore,d686aa9b-82df-4c9e-b409-94e158a094a6,2026-08-21T15:22:10,5,good,0
playstore,5332d3ac-978e-4b77-ad6e-c16b4933c61e,2026-08-21T15:19:04,5,"very good app , I loved it very much",0
playstore,a5d88981-4123-4e8c-9254-3d4618e6bb72,2026-08-21T15:14:41,5,Good,0
playstore,2ea6df5b-97ae-4f25-9764-66ef9efe55db,2026-08-21T15:13:49,5,good product फ़ास्ट डिलीवरी,0
playstore,b6d62e15-b7eb-439d-bdc4-39cb07d7b44c,2026-08-21T15:07:33,5,best shopping app,0
playstore,aa76e7b5-46b2-45ad-8bb1-36e7b67ee1ce,2026-08-21T15:04:20,5,nice,0
playstore,7889c581-e014-4c05-b4d6-9f620f17c870,2026-08-21T15:03:46,5,very good app,0
playstore,4ef82034-e459-40ee-b1e4-4c4692da2e8c,2026-08-21T15:01:30,5,it was good shopping at myntra online. quality of the products and cloths are great..!!,0
playstore,d849dde9-d99f-43f9-925a-4b00dfc6c669,2026-08-21T15:01:23,5,vry njce,0
playstore,18c7d34a-5594-4802-a43a-630ce1ffcc12,2026-08-21T14:58:21,4,UI and the layout of this application is super user friendly,0
playstore,457bcccb-e841-410a-bccd-955988f74dd5,2026-08-21T14:49:10,5,good,0
playstore,e92db1c4-24c0-4014-9988-d5d250d55210,2026-08-21T14:48:32,1,The worst delivery experience... The worst customer care service..... I ordered one eight shoes and received damaged product and they are saying that the only way around is return and there is no exchange or compensation.... Such worst experience.... Shameful,0
playstore,c4df2146-a293-4a12-9b0f-5fd78b1ee696,2026-08-21T14:47:03,5,excellent 👌,0
playstore,fb8f8def-6de8-4ddf-9b20-513f1172b7f7,2026-08-21T14:43:22,5,Good Shopping Apps,0
playstore,77cb4f4e-db3a-4942-9e7a-154677297742,2026-08-21T14:41:13,5,too good for shopping,0
playstore,349e69fd-5bfb-4dca-9896-90979a217f53,2026-08-21T14:35:42,5,super,0
playstore,b61be88e-6162-4f2a-913a-9276418e6359,2026-08-21T14:33:16,5,nice app for all age group 👍,0
playstore,bfb3981b-b03f-4288-88d5-b38996a7197c,2026-08-21T14:31:27,5,happy customer 😍,0
playstore,b573b225-4fce-4bd7-b34c-0b6031241e37,2026-08-21T14:30:30,4,it's good app for online shopping and the delivery time also short to other shopping apps,0
playstore,d5114ca6-11b5-4da8-992a-04ce658234be,2026-08-21T14:30:04,1,worst app it uses to be good then but no more ..they do not deliver item if price of that item has been increased before your order gets delivered,0
playstore,e99ef6f6-f728-466e-bbe1-254f7581fcdb,2026-08-21T14:29:03,5,This product is good,0
playstore,e53ee084-38ae-4342-a56d-1ca722aa9dcf,2026-08-21T14:28:39,5,my myntra experience is superb,0
playstore,0ea09616-214a-410c-a661-8158df296658,2026-08-21T14:28:33,4,best and useful,0
playstore,218e6400-5604-4bd9-b484-d02bee340e9b,2026-08-21T14:28:29,5,its too good,0
playstore,08cfdb8e-654c-43ac-a849-5601f1c046fb,2026-08-21T14:24:54,1,it's unbelievably unreliable now.... worst experience now a days,1
playstore,c7047ab5-b3d6-48bc-9b53-8fa568bb74e1,2026-08-21T14:24:38,5,good,0
playstore,b9518c40-0361-4434-958a-630c1d158b52,2026-08-21T14:23:16,1,amazing,0
playstore,5cf8d3a8-f4f1-442a-861a-6729096ac1b3,2026-08-21T14:18:56,5,good,0
playstore,4af4bd1d-588a-473a-8c27-29ce4f3e6c84,2026-08-21T14:18:47,5,awesome,0
playstore,7209016d-e417-494d-8889-1369d3952aa0,2026-08-21T14:17:42,5,op app,0
playstore,a029b860-0f0a-4908-9309-596a8c499be7,2026-08-21T14:15:17,4,very good,0
playstore,8f4b646c-7afe-4698-94de-55dd47c0465f,2026-08-21T14:10:40,5,"​Myntra का एक्सपीरियंस हमेशा 10/10 रहता है! ऑर्डर प्लेस करने से लेकर डिलीवरी तक सब कुछ बेहद आसान और फास्ट था। साड़ी की क्वालिटी, कलर और पैकेजिंग सब A1 है। ​Myntra से बेस्ट एक्सपीरियंस! फास्ट डिलीवरी, नीट पैकेजिंग और परफेक्ट क्वालिटी प्रोडक्ट। 5/5 स्टार्स बिना किसी शक के! शॉपिंग के लिए Myntra हमेशा मेरी पहली पसंद रहेगा!",0
playstore,ac5bc034-e516-4b71-ac8c-aebbb577ab61,2026-08-21T14:08:18,5,best shopping platform for every occasion.,0
playstore,48438f66-981d-4bd7-8584-4d7f423a69b1,2026-08-21T14:06:01,5,wonderful products quality are very good 😊 purchase karne ke liye bahut hi achcha hai,0
playstore,56930ea3-971f-4752-90bf-fbaa2cc7a249,2026-08-21T14:05:50,5,nice 👍🙂,0
playstore,545f9f12-5155-4bf5-a8f8-8a806736ec77,2026-08-21T14:04:22,5,Just Wow,0
playstore,3ab9957d-85b8-4427-8d9f-47a514f6a4d1,2026-08-21T14:03:43,1,order has been cancelled on delivery date😒,0
playstore,22913ed7-ddec-4f04-ade2-4123abe06942,2026-08-21T14:03:13,1,i have very bad experience on this app,0
playstore,5515dc70-783f-4407-ac42-4f9052acdfd7,2026-08-21T14:02:17,4,good 😊,0
playstore,1b023044-a7b6-4172-9d68-0cb41e07139b,2026-08-21T14:01:34,5,nothing to say all is well.,0
playstore,1ca8d3ce-fb4b-4f9d-a46d-125dfe3a347f,2026-08-21T13:52:57,5,in so thankfull,0
playstore,f82ee003-5635-4b9a-a6ff-978dbd3223b0,2026-08-21T13:51:09,5,nice,0
playstore,292ba04f-414c-4cd7-b1eb-77640f3a6689,2026-08-21T13:47:09,4,good app,0
playstore,cbace21d-1e0c-4d8e-885a-8492886766d7,2026-08-21T13:44:13,5,very nice good quality product I love it thanks mytra,0
playstore,405b96c7-f2cb-46aa-9e82-68c6b6bf2e8c,2026-08-21T13:43:20,5,good packaging and shipment also 👌,0
playstore,07080662-8ec7-4ebc-afeb-6608966cf965,2026-08-21T13:42:24,5,good Experience,0
playstore,329e2bc8-1e13-4181-bf98-01ebcdaa3c3e,2026-08-21T13:40:43,5,good,0
playstore,5e0722f2-35ae-4dcb-a493-b554f5126337,2026-08-21T13:39:01,5,♥️♥️♥️♥️,0
playstore,28e1b043-c43c-4734-9ca6-eb65d146a3a0,2026-08-21T13:37:19,1,"Worst app, worst experience. Please don't trust Myntra, they can't do their job properly. I had to do their job of trying to collect my order from their warehouse because they never made any real delivery attempt and instead cancelled it by saying they made multiple attempts. Utter waste of my time and money. I don't recommend this experience to anyone.",1
playstore,b48087e6-2ba4-44c0-8a30-86f8ab26c21a,2026-08-21T13:34:36,5,absolute 🎉super collections,0
playstore,19bb210f-0910-4c00-8987-fc7a715eb307,2026-08-21T13:24:33,4,excellent,0
playstore,5a02e02b-e873-40d1-946d-01846128cac1,2026-08-21T13:24:18,5,Nice platform,0
playstore,62c8a2c6-624b-4243-8169-8aafe23177ff,2026-08-21T13:22:12,5,Great app,0
playstore,87124068-24d1-4069-9952-c7fc28ea5c02,2026-08-21T13:15:28,2,"⭐ After the recent Myntra app update, I’m facing a serious issue with MynCash and Myntra Credit. My MynCash works only when I don’t use Myntra Credit. If I select Myntra Credit for payment, MynCash doesn’t get applied and sometimes the page keeps loading. However, when I don’t use Myntra Credit and choose UPI or Cash on Delivery, MynCash gets applied properly. This was working differently before the recent update. I’ve already contacted customer care, but the issue was not properly understood",1
playstore,96ea0ce6-231d-4d80-93f1-d03952fea0e0,2026-08-21T13:14:06,4,good,0
playstore,81e6eeea-802f-4563-a8f1-aae218a580d2,2026-08-21T13:10:23,5,ok,0
playstore,08715f5a-fffd-43cb-ad18-9150a3dcb7c1,2026-08-21T13:08:55,1,very bad customer service,1
playstore,c0667f9a-b208-4bd3-9ae8-afcf73085ce5,2026-08-21T13:08:20,5,best app for shopping,0
playstore,fefdac03-1b77-48e9-a3f5-7ec13aea6f16,2026-08-21T13:07:57,5,Edit - Myntra has definitely improved their logistics and customer support. Keep it up.,1
playstore,efdd2bfd-c353-467b-8390-f9e76314682a,2026-08-21T13:06:09,5,Amazing Experience ✴️✴️✴️✴️✴️,0
playstore,ea8ceb24-537a-40ed-9147-4140407f7714,2026-08-21T13:04:47,5,Best quality shopping app,0
playstore,f11dc2cf-b19d-4675-a6b6-ff411a334463,2026-08-21T13:03:03,1,Extremely poor customer service. Delivered a wrong product and now finding difficulty to exchange,1
playstore,1ac44717-0c21-4417-8b53-f35d8717a8f0,2026-08-21T13:01:49,5,best quality app i highly recommend service returs exchanges refunds are so smooth and with in an hour its done ... i am happy to use it and also prefer everybody to use 🥹,0
playstore,527a5ac2-e79b-4ae0-9e66-2a02eae4db30,2026-08-21T13:01:15,5,very nice product,0
playstore,7ff9c782-4ce1-4935-b398-3c1814e4b712,2026-08-21T12:57:29,5,trustable app,0
playstore,49f3c003-4ea2-4249-b83f-e08afc5fe4d1,2026-08-21T12:56:09,4,Very good,0
playstore,ae6b6514-b07c-4c17-ab2d-8b85b059911b,2026-08-21T12:56:09,5,Best,0
playstore,74718f09-87ad-408d-9cba-5118df4014ad,2026-08-21T12:52:02,5,wonderfull experience,0
playstore,0b3aca93-8150-4dbe-90e6-2c60e32ee1fb,2026-08-21T12:51:47,1,"The delivery is taking a very long time. The delivery person is not answering the call ,and they are not attending delivery again either.",0
playstore,decc80f5-0daa-4afa-bbcb-068bbabcf7f9,2026-08-21T12:50:10,5,Excellent.,0
playstore,65b4cbaf-3800-4f86-8890-6ce696b04866,2026-08-21T12:49:43,3,good 👍,0
playstore,9a75198f-4532-49af-b197-9f3cb223096d,2026-08-21T12:49:23,5,having low price product,0
playstore,a7ddf791-9d70-4fb3-96db-411e7f50364c,2026-08-21T12:48:38,1,worst delivery service. even after sharing details there is no response why are you email I'd in each comment when you are giving any response,1
playstore,0232c779-bf13-456a-bd4c-2d6b0dfa142d,2026-08-21T12:48:06,1,i have seen the previous customers with same issue but still ordered trusting myntra and its return policy but guess what i was wrong they are telling me that correct item was delivered but i did not receive the correct brand product only i guess u should start open box delivery only then will u know how 5hey repack the cheap prroducts,1
playstore,ba50a54d-1585-4cf7-b3b3-b70ef4a1ee12,2026-08-21T12:47:18,5,very nice,0
playstore,a61104d7-811c-4173-b491-6ecbbd8a9f46,2026-08-21T12:45:58,1,worst exchange process is so bad khud hi cancel ho jata h exchange wala process or exchange portal bhi bnd ho jata h jiske wajah ye log exchange hi nhi krtee had a very bad experience with customer care isse accha toh chota sa app meesho k exchange return policy better h aur help centre toh kissi kaam k nhi,1
playstore,aaba08e2-0a92-4951-b0b9-cce6f58bc351,2026-08-21T12:44:22,5,excellent 👌👍,0
playstore,21a51218-65dd-45c4-a2c5-9569fad03698,2026-08-21T12:43:54,5,very good quality 😃,0
playstore,360aa3aa-4281-47a9-8e2f-61bd565a5188,2026-08-21T12:41:50,5,excellent,0
playstore,a137516d-53a0-438b-a61a-d8954a639cab,2026-08-21T12:40:04,5,best app ever,0
playstore,ebe429f8-4c03-45c9-aa26-c24d88a3895d,2026-08-21T12:38:45,5,great experience,1
playstore,8c1d27c0-fb68-461f-a553-68ce9ec7fbac,2026-08-21T12:38:34,5,good 😊,0
playstore,5361c8ec-c40b-4307-b9ec-27536907cb42,2026-08-21T12:38:33,5,very good,0
playstore,020513dc-8e73-4a34-962b-d33c07a58a0f,2026-08-21T12:36:35,5,I always enjoy shopping on this app. they have a huge variety of designs of shoes and clothes ...material of all the things was as described. Good pics and right explanations. I find shoppers reviews very useful.,0
playstore,1f333530-693a-4f25-b9d9-6f7ff6e8cbe4,2026-08-21T12:33:04,1,"very disappointing experience with myntra. this has happen to me twice now. i returned the products and the app showed that the refund has been processed, but I still haven't received the money in my account and the after waiting ,the refund amount has not been created. facing the same issue twice.. and I call the myntra help centre they was not responding properly.",0
playstore,34ca538f-54a2-462f-9a0f-02a39cdf5e95,2026-08-21T12:28:54,5,nice,0
playstore,e554ea79-2a59-476c-bf30-d5525fce9359,2026-08-21T12:28:53,5,Nice Product,0
playstore,09cafbf4-9911-473f-ac23-d48aedc6f3c7,2026-08-21T12:28:51,5,Good,0
playstore,ac6c5bde-be22-4cef-a1c0-24bb14028927,2026-08-21T12:28:44,5,"getting few items within 2hrs and 1hr is superb, if we have lot more availability for the same day delivery, then it would be more great!!!",0
playstore,8985c088-a08e-4c8b-92e2-0350619875f5,2026-08-21T12:28:07,5,quility and fiting is good,0
playstore,a4484b6a-039a-44ce-b159-db32c32593f6,2026-08-21T12:27:36,4,Good,0
playstore,74864b23-9ce6-415a-a7e3-a433aac7286f,2026-08-21T12:26:19,5,the aap is good,0
playstore,f1ef51fb-dc96-46f7-80c4-76e42ead070b,2026-08-21T12:25:57,5,osm🥰,0
playstore,4897a203-ebd0-46eb-9a24-6d8d9babb5a7,2026-08-21T12:24:46,5,good 😊👍,0
playstore,af667ddb-4d74-4a59-93d8-beed926e1aad,2026-08-21T12:20:34,5,superb delivery and service,0
playstore,e54b152e-7d42-4a6b-acc0-61e5f4f7ca67,2026-08-21T12:20:26,5,fantastic purchase,0
playstore,6992ccdc-122e-456f-a2ef-ac11f0d8539b,2026-08-21T12:19:11,2,disaster,0
playstore,04ceeef2-4a91-424d-8bfe-24e5501eaea4,2026-08-21T12:17:32,4,good,0
playstore,7b07483a-f430-4053-a6fd-bab85f515cba,2026-08-21T12:17:11,5,amazing 😍,0
playstore,f5c01515-1d2b-43ea-b272-74a30c9089ea,2026-08-21T12:16:43,5,product quality wow so superb 👍👍👍👍👍👍👍👍👍👍👍👍👍,0
playstore,136dc33a-1270-4b7b-9399-9d73e59371bb,2026-08-21T12:10:32,5,I like using the app,0
playstore,d323aacd-9cb9-404f-85a6-32a7fe3b8dd3,2026-08-21T12:08:42,5,Always happy with Myntra product,0
playstore,f1302f78-6680-4669-b33e-0e6376aa2f17,2026-08-21T12:07:30,5,amazing app i really liked the offers on myntra nice experience,0
playstore,fcfe8ac4-f13b-46d8-afa5-dafe38c1fdd5,2026-08-21T12:05:11,5,Fabric is very soft and much comfortable to wear Ekdum First class Loving it,0
playstore,feff9e17-01eb-4a31-a564-95559efe94ef,2026-08-21T12:04:43,5,excellent experience. nice products. good behavior all delivery boys.,0
playstore,c61cea3c-cad0-47c0-a85b-86462bad4df6,2026-08-21T12:00:28,5,I love this application,0
playstore,e9e7980f-cfff-4570-9d66-a74c856941ff,2026-08-21T11:55:50,5,fantastic,0
playstore,febbd858-b08a-405c-9cfa-e29f8d778238,2026-08-21T11:53:46,5,very good,0
playstore,3d312643-3b7a-4451-b4e6-069700955bdd,2026-08-21T11:53:34,5,good,0
playstore,5ac37d4d-02c5-4a0b-a868-ffa127a9062a,2026-08-21T11:52:30,5,prompt service,0
playstore,a6ea8af5-eeaf-449e-8506-f57724daa274,2026-08-21T11:50:46,5,nice feature and exciting offers,0
playstore,037dc332-ec37-40dd-be44-9eddafa011e6,2026-08-21T11:50:39,5,Perfect,0
playstore,24df5292-c49a-4ef2-973a-3bde2689670e,2026-08-21T11:49:23,5,amazing 😍😍🤩🤩,0
playstore,99a713ba-7900-4f44-9d77-1796c642f1cf,2026-08-21T11:48:38,5,Nice,0
playstore,f8acbd2a-ef07-41dc-afb6-cb3c9bbda285,2026-08-21T11:48:33,5,Nice app,0
playstore,e7ffb238-3eea-4a8f-82af-ad16b7977384,2026-08-21T11:44:23,1,"The customer support is not at all active. I have tried numerous times to contact and resolve my issues, but none have been answered. Absolutely waste.",0
playstore,c8d6dd0c-ac33-40fd-a247-edba423a78e4,2026-08-21T11:39:22,5,very nice,0
playstore,5733e09e-3646-4c8f-99cb-b5ed7b1d20ea,2026-08-21T11:37:32,5,good,0
playstore,761e4c06-cc19-4fb5-8030-c9543b126aaa,2026-08-21T11:35:56,4,good,0
playstore,534acc07-61cf-4be4-a61f-68c8f62aa53b,2026-08-21T11:34:26,5,very good app,0
playstore,623980a6-23d4-4a94-9050-cd2a4118444a,2026-08-21T11:29:47,5,Genuine Good quality products available,0
playstore,d82e11ae-b9bf-445e-b5af-e315e17dc93d,2026-08-21T11:17:16,4,best products at bestest price,0
playstore,98ba54ba-b93f-41bc-b667-88fa303c37a7,2026-08-21T11:16:48,5,good,0
playstore,938d396c-eabb-44eb-b7b9-c1c60c944608,2026-08-21T11:16:06,5,like this app,0
playstore,ac4c1f70-02e9-4ae8-a6b3-0fcba3d74285,2026-08-21T11:15:50,5,good👍,0
playstore,f30993f3-d2fb-4f08-92e2-ad2a57fc88b3,2026-08-21T11:14:51,5,best,0
playstore,4b3430a5-edcf-46fb-964d-5f3316b14dc4,2026-08-21T11:10:57,5,superb,0
playstore,cd523f63-1449-45c8-8dc6-ee9d7afa8d01,2026-08-21T11:10:56,5,"One-stop shop for all my shopping needs! From hassle-free returns to reliable customer service and great price deals, this app never disappoints. 7 stars!",2
playstore,f96af152-470a-4b98-acc8-7767e0c278d8,2026-08-21T11:10:44,5,𝔞𝔳𝔢𝔯𝔞𝔤𝔢,0
playstore,e4f69971-7bde-48bd-b6c4-17c0a062998f,2026-08-21T11:09:40,5,nice,0
playstore,cbf6ac8e-7214-4971-8548-f7d8234d7fd7,2026-08-21T11:03:12,1,"very bad experience in myntra....your delivery boy has cheated us and gives us the wrong delivery parcel....my husband ordered a mufti jeans from myntra and he gave me the wrong flipkart parcel labeling of mufti jeans , after knowing the otp ..I want a strict action towards him and I want my refund / my order .",0
playstore,4afb475d-d8bd-4038-be0e-a28d738ebf35,2026-08-21T11:02:16,5,more collection I love it,0
playstore,df308b60-7ae0-403c-9920-811540474844,2026-08-21T10:59:43,5,very good,0
playstore,ec3a3834-4d5c-4e09-a77a-f796b4de5bc5,2026-08-21T10:58:11,1,"worst app ever. always cancelled my order after wasting my important time , the customer service is totally worse. Never try to order any single thing from this app , flipkart, amazon even meesho have better service than this worst app",0
playstore,287ddd0a-5d9d-47e6-b200-29005d8b8f59,2026-08-21T10:57:11,1,Most irritating shopping app ever they are just giving discounts to be good but they are not able to deliver that discounted items. Delivery delayed for toooooo long and then atlast the order is cancelled by there own side 😡😡😡😡😡,0
playstore,1475e7ea-0f4f-4e67-90fc-735c6b01f5b4,2026-08-21T10:56:29,5,good experience,0
playstore,cdd58584-63c7-488c-901f-ce75f4e4cb07,2026-08-21T10:55:37,5,nice quality,0
playstore,b4b99fd2-31dc-4c86-a6fe-9e00a97eb74d,2026-08-21T10:55:31,1,"dont order anything from myntra , they are carrying out systematic fraud .",0
playstore,6b122ba0-aeb1-48cf-84c1-d0d1ceb95b60,2026-08-21T10:54:53,5,very good application to buy products in fashion,0
playstore,b37c65f1-327d-4a2a-b0f1-26a8d91c667e,2026-08-21T10:52:38,5,nice°°,0
playstore,f6ae5585-f698-42b6-9a69-12620c79d97c,2026-08-21T10:46:34,5,myntra products are superb,0
playstore,71125cd4-edde-41b2-836d-5a61234d4620,2026-08-21T10:46:28,5,Myntra is a very good shopping platform where you can get good quality products at low prices.,0
playstore,ce9b2a8c-7533-4c03-a0bd-3d2b7edc2616,2026-08-21T10:45:57,5,good products,0
playstore,b9500396-087d-450c-96f2-f5b06c8b28bb,2026-08-21T10:44:07,5,nice collection with good response,0
playstore,96a07cc1-b0e4-436c-837a-a08abfde0f0a,2026-08-21T10:42:44,4,"best aap , for shopping or discount",0
playstore,66899e34-8a0e-4916-b289-db79d72df017,2026-08-21T10:42:36,5,😍😍,0
playstore,85c6a70c-9285-43c7-ba7d-5cc917af5713,2026-08-21T10:41:08,4,Great shopping experience,0
playstore,cd3bcf45-453a-465b-a4bc-08c3dab1e2ef,2026-08-21T10:40:38,5,good aap,0
playstore,dd354948-36d7-4937-80e3-aab097bb273d,2026-08-21T10:39:00,5,nice app,0
playstore,7c8caa34-a32d-43ef-90c0-d8efe5b21074,2026-08-21T10:38:04,5,good service Myntra,0
playstore,066f40f7-bd45-44d0-a17e-d6ee621b7f6f,2026-08-21T10:34:07,4,good quality materials from myntra with quick delivery,0
playstore,21646979-0385-4a5b-b7fb-f85f21247f7a,2026-08-21T10:33:42,5,good!!,0
playstore,9cda3ce3-d149-444d-9cb8-961c3e73ed8d,2026-08-21T10:30:06,3,it's good but sum time it's too expensive,0
playstore,3cd25ed9-a234-4bdc-8db8-78b8a4e60529,2026-08-21T10:29:06,5,one of the best shopping app fast deliver...what I love is most the team they are very sweet and and soft spoken...whatever I purchase from myntra was authentic original...,0
playstore,5c59afb2-3e28-423e-8c4f-39962235c7dd,2026-08-21T10:28:59,5,nice for your daily style,0
playstore,f3fa0862-280f-4eb3-a225-0af199577c2f,2026-08-21T10:24:32,5,"“I’ve had a really good experience shopping on Myntra. The products are good quality, stylish, and worth the price. I’m very happy with my purchases and will definitely shop again. Highly recommended!”",0
playstore,4592f630-a790-413b-bf28-37b02f709c93,2026-08-21T10:24:03,5,very good app to order any item better than all the online shopping apps it have good offers and good prices better than all the other apps,0
playstore,1dd18aaf-8b70-4f45-a173-0fa9f01abd27,2026-08-21T10:23:47,5,best I ever see superb app,0
playstore,084e8f69-ff6f-42f6-8467-5e142453c520,2026-08-21T10:21:14,5,excellent,0
playstore,02ea7b43-5c99-4f8b-aeba-a155fe4ccacf,2026-08-21T10:19:23,1,very worst app It will cancel your order automatically.,0
playstore,8e863c3a-111d-4713-a655-90ee45054740,2026-08-21T10:14:57,5,"Mantra Fashion has a great collection of stylish products at reasonable prices. The quality is good, and the products look just like the pictures. Delivery was quick and the packaging was neat. Overall, a smooth shopping experience—would definitely recommend. Customer support is excellent",9
playstore,8e71f6a4-ef8f-4d75-843e-565ae52246dc,2026-08-21T10:13:50,5,"I had a wonderful experience shopping on the app. So far I have only purchased clothes, but the entire process has been extremely smooth and easy. The deliveries are prompt, and even the return process is quick and completely hassle-free—just a simple click. What impressed me most was the speed of the refunds; the amount was credited within hours on the very same day. Overall, it has been an amazing shopping experience. 😊",0
playstore,dc3079e5-6b56-43e9-b16d-af0a5b9b9280,2026-08-21T10:09:19,5,"excellent place to shop. awsome quality products, easy and express shipping, affordable and stylish. A complete family styling store. Love shopping from myntra",0
playstore,19322ae1-44d5-4d3c-a4f9-902eb3f0f5f6,2026-08-21T10:08:16,5,bestest,0
playstore,a36d6393-bcb4-4c7f-be46-be9b726bc234,2026-08-21T10:05:08,5,good,0
playstore,49f32131-967d-4ccd-bd96-b8bf51adee37,2026-08-21T10:04:49,5,good,0
playstore,3ce395ef-d740-4e48-8b82-ddddd669751b,2026-08-21T10:04:18,4,good experience 😸,0
playstore,f818d71c-ea52-44b2-97c6-105b163eed84,2026-08-21T10:03:49,5,good,0
playstore,a26c3e76-bed1-4520-9c7b-1ea81369e28b,2026-08-21T10:01:31,1,really bad experience,0
playstore,9b264da9-b1ce-46d1-a4e7-6d88357dc403,2026-08-21T09:58:44,5,best,0
playstore,ca374ca1-c6a8-41f4-9619-f3a8e47a66ca,2026-08-21T09:56:22,5,super,0
playstore,42c4fb21-e881-486e-a466-fff832fb6da9,2026-08-21T09:56:04,4,very amazing app for all the users,0
playstore,9023dac1-203a-4a67-807c-47e5f4086909,2026-08-21T09:53:14,5,excellent,0
playstore,15026ee8-780f-4e59-864b-c86ba2c26fae,2026-08-21T09:53:14,5,very good app,0
playstore,6d27f105-f9b9-442c-ac43-1362397f2b4b,2026-08-21T09:51:28,5,Best App,0
playstore,1bf2cf20-4441-455a-b5b2-bd3ae56f1d48,2026-08-21T09:48:30,5,wonderful,0
playstore,5f9ff08b-34d4-4b75-8b57-8f7ee699d28d,2026-08-21T09:47:56,4,unique product 💝,0
playstore,659919e3-b855-4a42-a74a-6be83c3ae6d2,2026-08-21T09:47:47,4,awesome,0
playstore,c3335c2c-4ccc-4857-8a56-ce84ba4ecadc,2026-08-21T09:44:07,5,good,0
playstore,37361d38-c73a-4541-960f-97742b5bb2b3,2026-08-21T09:43:06,5,good Quality,0
playstore,bdf9f752-c2c9-45bb-bc69-506f866c371d,2026-08-21T09:41:34,5,the quality of the product are good,0
playstore,b0cd2a1d-d41c-4f6d-96fa-199439c81462,2026-08-21T09:36:22,4,good,0
playstore,90802ad4-2a25-4acd-ad0a-3941bac26388,2026-08-21T09:36:12,5,very good app,0
playstore,0b8070b3-0469-4ec3-957c-d2424ba803f3,2026-08-21T09:35:53,5,very good app for fashion,0
playstore,18b241df-f00b-4a51-bb36-29d76d682f97,2026-08-21T09:30:41,5,all products is very good,0
playstore,acdcf76f-7442-49cc-9a7b-5f598a564c74,2026-08-21T09:30:13,5,Myntra is an amazing app. I love it because you never have to worry about the quality and authenticity of the brand plus the prices are also well moderated. Overall a great app and well maintained by the team.,0
playstore,b8f99ddc-18fe-4c58-a280-e9b7c31446ff,2026-08-21T09:24:54,5,good app highly recommend,0
playstore,a128faf5-0553-4feb-872c-23677bb5bc2e,2026-08-21T09:22:03,5,good app for shoping,0
playstore,e26b2e43-8fdd-42c4-a87d-b8ddd9881032,2026-08-21T09:20:10,5,best shopping app,0
playstore,00f771de-5399-416b-ba3e-e8691e08a44a,2026-08-21T09:18:27,5,this is an amazing platform to buy real and original product,0
playstore,4a161a97-8b83-4a01-bbf3-8686d3a2966b,2026-08-21T09:17:43,5,What I really appreciate is Myntra's style exchange ***** for that,0
playstore,0d2b18da-4222-4ead-bce5-a96f7f529da3,2026-08-21T09:16:55,5,awesome experience as a active user,0
playstore,71cdd797-a55d-464e-9577-ebc685e8ac47,2026-08-21T09:16:06,5,I like the website,0
playstore,df3d6f99-7712-477f-acc7-2b39c650a901,2026-08-21T09:15:21,5,The quality of the products are really good.,0
playstore,48e068dc-3e2b-47cd-838f-5b8accb02e85,2026-08-21T09:15:15,5,great,0
playstore,a42f476d-ad0a-4799-b35d-60196203f118,2026-08-21T09:11:32,4,"Myntra has a fantastic collection of trendy clothes and top brands. The app interface is smooth, making it very easy to filter and find the right products. Delivery is consistently on time, and the tracking updates are accurate. The return and refund process is also hassle-free, making it a reliable app for everyday fashion shopping.""love myntra ❤️",1
playstore,84360290-8954-484e-922c-8b9aa13f6eb7,2026-08-21T09:10:48,4,hyy myntra you are a great doing well work on good and genuine products I love to buy from.myntra,0
playstore,f3d57ade-1758-4dd7-9d82-e3fe25a43a33,2026-08-21T09:10:27,5,bahuth aacha he,0
playstore,0e367f2e-5637-41e1-af03-f203a1096dcf,2026-08-21T09:06:40,4,plz just decrease the price of convenience fee and delivery fee it 23 rupees is so high and other than that 10 for cod ...,0
playstore,f5d059bc-1a00-4fb0-8efb-5956924c0761,2026-08-21T09:04:04,5,my experience was very good and positive with myntra,0
playstore,8707ec38-7cb2-44b1-96c7-aa6e9a8711c7,2026-08-21T09:01:42,5,very beautiful and best quality product 💝💝 thank you myntra ❤️,0
playstore,ff3f0eb8-56c3-46bc-bd40-6380e922d9ba,2026-08-21T09:00:35,5,good,0
playstore,3d1158ac-a354-4608-9afd-cf9f203111a7,2026-08-21T08:53:27,5,The branded products are available with wide range and lots of comfort,0
playstore,75f85ccf-1090-4678-8038-10db8ad899f9,2026-08-21T08:51:06,5,1st time purchase.. I'm happy,0
playstore,9a2234c8-84b5-49b7-b4d2-e4e481dd6429,2026-08-21T08:49:03,1,"I placed two orders with myntra, but not a single one arrived. very bad service 😞",0
playstore,fa677b70-2997-49a0-99de-75e74596168a,2026-08-21T08:45:46,5,High Quality Products,0
playstore,4aa46743-e3e3-4928-97e1-679f2ef3a631,2026-08-21T08:42:15,5,good,0
playstore,fa1bad87-80e3-406b-ae88-0dcd08c585cc,2026-08-21T08:39:55,5,very nice product,0
playstore,dc76e093-09f6-4a72-a761-079843d725e2,2026-08-21T08:37:53,5,good,0
playstore,19abde7e-2928-4fa3-ac23-801dd953bacb,2026-08-21T08:31:58,5,awesome,0
playstore,7aeec5fe-6ebe-4b08-9aa8-761b2442a74b,2026-08-21T08:31:03,5,awesome,0
playstore,228eaba1-7dc5-4091-9e23-64178b72017d,2026-08-21T08:22:26,5,nice product,0
playstore,bf28c48b-df09-4fc2-9340-7f8fc0c89d6d,2026-08-21T08:22:19,5,nice,0
playstore,e54129f8-ca91-4014-8c75-395b8f350890,2026-08-21T08:19:23,5,Very good experience,0
playstore,6cb7528f-5262-4e7b-9a7c-5b84f93a6f21,2026-08-21T08:18:55,5,"⭐ Great Shopping Experience! ⭐ My experience with Myntra has been really good so far. The app is easy to use, the product variety is excellent, and the product details are clearly mentioned. There are also some great discounts and offers available. I have recently placed my order and it is yet to be delivered, so I’m looking forward to receiving the product. Overall, my experience with Myntra has been smooth and impressive so far. ⭐⭐⭐⭐⭐",0
playstore,a25718a4-83e7-47d3-808a-45c0f86f27db,2026-08-21T08:09:20,4,good,0
playstore,ab136926-29f1-4203-a92a-70e9a9e538db,2026-08-21T08:07:30,5,really nice products and I love this app 🥰🥰🥰,0
playstore,c743ab1e-dc9f-4663-bc6a-54aa8ca92cd8,2026-08-21T08:06:22,5,good,0
playstore,8bcfa7b4-99d5-4f98-bc9f-108b3b74fc4f,2026-08-21T08:06:13,5,Exclinet,0
playstore,4a0aadee-df31-4f1d-8bd6-5f20975bb28e,2026-08-21T07:59:43,5,good,0
playstore,8e31788d-0160-4d4e-af65-1b6782b0d3c0,2026-08-21T07:56:39,5,superb,0
playstore,166f6004-9994-4f8f-a30f-2e6f7262e169,2026-08-21T07:54:30,5,very good,0
playstore,783de70e-cb0d-4adc-98fe-aa0f654f7f61,2026-08-21T07:48:47,5,"Myntra support is pathetic nowadays according to the Myntra Insider page, customers who make purchases above a specified amount are eligible to move to the Icon tier. I made purchases exceeding the required amount. It has now been more than 60 days, but my Insider status and purchase details have still not been updated. My account continues to show me as an Elite member instead of upgrading me to the Icon tier, even though I believe I have already spent a significant amount.",0
playstore,c57fc0eb-ea40-4b89-a825-e010f1ae956a,2026-08-21T07:48:11,1,It is a worse app and the support team is just so useless. They do not have any information to give to customer. My first order was pathetic experience then I tried to order from m now and the experience was worst. Pathetic & disappointing!!,0
playstore,e1f1a3cb-56c3-483c-94a9-140d2de2cc66,2026-08-21T07:47:43,5,best,0
playstore,c9eb800a-24a0-4b13-8fe9-ee90fbbb1d13,2026-08-21T07:42:31,1,"The service is absolutely terrible. My order was cancelled five days after I placed it, and now the price of the item has gone up. I found this app to have the worst service of all.",0
playstore,90ae07f5-aa5e-453f-992d-634dbac25b3f,2026-08-21T07:38:11,5,very good apo,0
playstore,9b885c35-18d2-41ab-af3e-6f3689c0f523,2026-08-21T07:38:08,5,I have always love myntra shopping,0
playstore,057542ff-a3ea-471c-b2b5-462e5d5d01e0,2026-08-21T07:35:53,1,bad 😔,0
playstore,e99fdc86-a515-4721-a418-c0b16a33860f,2026-08-21T07:29:04,5,best app,0
playstore,b4573e6c-95e8-4007-8453-ec19143ef5f6,2026-08-21T07:23:38,5,awsm,0
playstore,6f43c87e-d9bd-4a91-94f2-bb02dc865776,2026-08-21T07:22:52,4,till now everything is good.,0
playstore,b4ace9fa-918e-4e5b-8441-f185b05a7724,2026-08-21T07:22:18,5,very nice,0
playstore,431e1b92-6279-47ae-9193-f379ff2fa1a3,2026-08-21T07:21:44,5,nice,0
playstore,18f3d233-8d7a-4d51-acda-080e7e74e146,2026-08-21T07:17:20,5,super app,0
playstore,4eba0548-b2a3-4ef4-aab3-cf42a0ef5dd0,2026-08-21T07:09:17,5,Mantra ka item costly thoda jarur hota hai per bahut achcha hota Hai,0
playstore,5b70df2e-9038-48b0-93e1-fbfe84c79a45,2026-08-21T07:02:42,3,ok,1
playstore,8f57d145-ee25-4c9b-8307-db0720ac9b0a,2026-08-21T07:01:37,5,good🥰🥰🥰,0
playstore,6bd3733d-5cfb-4c42-9591-5b0269a1a0ef,2026-08-21T06:51:23,5,app experience is excellent but item track system should be improved,0
playstore,a72a1ec8-d238-4b7e-bd57-033275a7a025,2026-08-21T06:40:06,5,the products are really good👍🏻,0
playstore,a0e2c42f-25d3-402b-8777-42f35f8fdc65,2026-08-21T06:24:55,5,best experience,0
playstore,1e07b0f5-ae6b-4e6e-a633-04dca87ac633,2026-08-21T06:14:16,5,mast😎😎😎😎,0
playstore,6451f5b3-e17c-4783-acac-b5d851895ebe,2026-08-21T06:07:38,5,great aap 👍👍👍,0
playstore,a97c3109-ee74-4181-8517-bc2e3ef6d913,2026-08-21T05:53:25,1,worst Customer care service 😔 and no accountability for sending wrong products wish I could rate them 0 stars,0
playstore,0875ace4-6b8d-4d43-83ee-4d3200f59356,2026-08-21T05:42:39,5,good job 👍,0
playstore,73fb4908-8aa6-4c1c-9f5d-e4350a9cb247,2026-08-21T05:31:43,5,excellent app..loved it,0
playstore,4ab49712-b351-4998-bef2-3cbaadb38f52,2026-08-21T05:03:36,5,platform for Original products with great discounts,0
playstore,a3891f6d-5dbc-4d34-9490-443cbe0c1d5f,2026-08-21T03:03:42,5,good👍,0
playstore,e710f44d-b28a-4f58-855c-1c3a1dce8425,2026-08-21T02:53:38,5,good🤩,0
playstore,a0a9030b-2156-458b-83e3-8b1044b680ec,2026-08-21T02:51:06,1,worst experience with you Myntra. my oder is still not delivered yet can you please make it possible tomorrow?,0
playstore,200570cf-c907-4a88-8b80-f16e7a105228,2026-08-21T02:28:06,5,fantastic,0
playstore,f117ba7e-334e-49bc-8b85-5c00c9f16dba,2026-08-21T02:20:23,5,Myntra my fevered app 😍,1
playstore,2ecfa7cb-f035-48bc-8703-7f2520c2f86a,2026-08-21T02:14:03,1,"deley In delivery and from packing to shipping. no proper tracking and it took too much 10 to 20 days to reach the dispatch center, before it take less days to delivered at any corner of India. online shopping become unreliable this days.. No satisfies with helpline they provide.",0
playstore,00e614a6-2c3c-4336-a8d9-bce0de1f2824,2026-08-21T02:07:45,5,it's superb,0
playstore,2d8c8163-1d1b-4adb-84c6-81ba4ef31546,2026-08-21T01:50:27,1,"Very disappointing experience with Myntra. The product quality was extremely poor and felt like cheap/local material. It got damaged within just a couple of days. Customer care was of no help and wasted a lot of time without providing any proper solution. Even after opening a ticket, there was no responsible follow-up or satisfactory result. Their return, replacement and refund policies are extremely customer-unfriendly. Very poor after-sales service & a third-class policy. Highly dissatisfied.",0
playstore,82fbe133-7d8a-486f-b7a1-a7e826a0e052,2026-08-21T01:45:19,1,Sach ka pathetic app and Shop app I ever used their customer care support is useless I ordered a pair of shoes and then order is suddenly dealy very bad experience with this app please don't use for shopping.... They replied me but they didn't take any action,0
playstore,5b182c39-a7af-4d1f-baf7-ed5318ffa7b4,2026-08-21T01:43:45,5,very good,0
playstore,ce2790aa-9dcf-4f30-ab6a-d0cb4d6f1d3c,2026-08-21T01:42:04,5,good,0
playstore,9fd0a288-4066-48de-9941-67f471be44cf,2026-08-21T01:39:11,5,Amazing experience must buy products from myntra and I request to myntra that if possible bring some amazing deals for summer and winter,0
playstore,d2cbc536-872e-48b9-a386-aab4d3e712f4,2026-08-21T01:33:03,5,very nice product,1
playstore,b8067b87-7880-422d-801a-8a9c88b9bea3,2026-08-21T01:27:32,4,wonderful product quality budget friendly 😸 very comfortable for daily wear causals! must buy!!,0
playstore,94c2cc94-661c-4f52-a99a-fb9890f16ae8,2026-08-21T01:27:23,5,Good 😊,0
playstore,303b03c3-48f3-4287-bf91-fef11f37d92d,2026-08-21T01:26:42,5,fabulous,0
playstore,37a75ca1-8c25-43de-a459-d8228aa217f9,2026-08-21T01:21:22,5,great buy,0
playstore,d1e44e8b-c2c4-4434-b4b5-2bf10a9bf2d0,2026-08-21T01:09:29,5,probably the best app for fashion in india. totally satisfied,0
playstore,4a160ea7-8f5b-4d58-90e5-e229b850d831,2026-08-21T01:08:34,1,use myntra bonus minimum 400 rupees order worth think give old update,0
playstore,4e74412b-e604-4103-a141-040420f000cd,2026-08-21T01:00:20,5,Most Trustable Shopping Platform For Best Quality Products.,0
playstore,f9090c00-18dc-4f8e-a62c-4d8331b53550,2026-08-21T00:53:00,5,best app for fashion related shopping,0
playstore,c41b89f7-a935-489b-b884-21cab4956185,2026-08-21T00:51:14,1,I booked a product on Myntra around 20 days ago They still do not give delivery and their Team gives lectures only and is a useless reason for delivery delay. useless brand & cheap level delivery & worst Team management and worst brand myntra 😡😡,0
playstore,217d53c5-e69a-490b-94e8-8907fbc12ddd,2026-08-21T00:40:34,5,"Great shopping experience on Myntra! Easy to browse, good discounts, fast delivery, and quality products. Very satisfied with my purchase.",0
playstore,a932adb1-c79e-475d-9c03-24f34bb50d50,2026-08-21T00:38:21,5,it's too good can't except in this price quality of the clothes is too good,0
playstore,31a610d4-ca62-4028-847f-e5c9ec3b973e,2026-08-21T00:29:23,5,bahut acha app h,0
playstore,16fa5ea3-9103-494a-9062-a6405e0df46e,2026-08-21T00:28:55,5,authentic store,0
playstore,6ec62530-3bc9-4976-949a-a48df114bf11,2026-08-21T00:26:26,5,"amazing app , happy with myntra, can find any product any fashion on myntra",0
playstore,b0205ab4-3fd8-4a39-bb15-89ecf39f3a9f,2026-08-21T00:21:03,5,amazing shoes,1
playstore,8c0ec17e-a8c4-43f8-833e-c84fb3b0fa31,2026-08-21T00:17:41,5,Best app for Brand shopping with best discount and genuine products.,0
playstore,038b8fb4-f721-4f7b-87f3-b96e6011316b,2026-08-21T00:16:44,3,nice,0
playstore,007f89c0-0acb-4b99-bc48-a9eb639d71cb,2026-08-21T00:15:59,5,best and nice product ever delivered.. without any issue i got all my stuffs with best quality in cheap price 💗,0
playstore,1a4ad1a0-387f-45e4-9637-a82ff4ce7e1b,2026-08-21T00:15:06,5,मेरा एक्सपीरियंस बहुत अच्छा है। सारे प्रोडक्ट बहुत बढ़िया आते है ।,0
playstore,11ad6eda-a9c9-4a73-828a-b27dd5902467,2026-08-21T00:13:02,5,bohot badiyaaaaaa,0
playstore,26b3527c-0929-4fea-a6a2-a8dc3d5f215e,2026-08-21T00:12:02,5,so good,0
playstore,c6f5c4ac-c381-44b4-8241-fc85dfddde7d,2026-08-21T00:11:09,5,good,0
playstore,dd552bdd-eee1-42d3-9692-704972693de0,2026-08-21T00:05:01,5,good for fashion purchases,0
playstore,9993624f-bec8-43fb-a60f-ff48aeaa68ff,2026-08-21T00:00:17,1,mujhe cash back rewards nhi mil Raha pahele mil raha tha... isliye myntra mujhe bahut gusaa aa raha hai,0
playstore,f57c7f40-2a43-4a55-8db6-14d2b1b726cb,2026-08-20T23:58:12,1,I ordered a lakme pouch.my order damaged in transit.and automatically my order is cancelled and got without my information myntra credited 100rs voucher.. How funny it is,0
playstore,c4c0b53f-2166-4768-b89f-ec68ffca51ac,2026-08-20T23:55:45,5,lovely all products,0
playstore,12d51ab4-182c-40aa-ac69-08c2e7020c6e,2026-08-20T23:51:22,5,This is great app for shopping.,0
playstore,3828040b-06aa-413d-877c-f8446a432fe1,2026-08-20T23:47:36,5,great experience!,0
playstore,0e680864-a950-4fde-ae1a-a68a37b001dd,2026-08-20T23:45:21,5,very nice,0
playstore,39958703-08fe-4c08-9645-42c7d0fde2bd,2026-08-20T23:44:16,5,excellent,0
playstore,8e038ade-fdc9-4b57-8cc2-a16f6b84b184,2026-08-20T23:40:51,5,best purchasing app,0
playstore,64afde3a-719a-4e77-85ec-663d11655362,2026-08-20T23:31:26,5,Great app 👍🏻,0
playstore,8dea8507-b5fd-482a-ab46-5028e66bab15,2026-08-20T23:31:22,5,good product and very good delivery boy😊,0
playstore,3e4ef29e-fbaa-4457-b8ca-fcc08c45dbd7,2026-08-20T23:29:21,4,good one,0
playstore,5dd3c39b-7c16-4c19-ac22-1e8d930413a7,2026-08-20T23:21:49,4,I love myntra outfits,0
playstore,b4a4a6c4-4eca-4eea-8955-9e6264fe5534,2026-08-20T23:18:56,5,good,0
playstore,d60a06dc-a570-4aa2-8614-3cb626defe03,2026-08-20T23:16:46,5,nice app,0
playstore,5db674fd-cdb8-4fc0-a8b7-6b5e5af18b09,2026-08-20T23:14:31,5,good product,0
playstore,5dd759d0-d523-49d7-9c5c-36ff2c801956,2026-08-20T23:12:14,5,Trustable app. Never disappointed in product qualit6,0
playstore,8c952423-c3a4-4d1a-9890-1a640993c80f,2026-08-20T23:07:27,1,"fraudster hai ye log galat cheej bhej k customer service baat hi nahi karna chahti ,don't buy anything from them",0
playstore,74ad8aab-5aa6-4ca7-8c03-8dfbcf1c1b28,2026-08-20T23:05:54,1,"Basterds, return pickup is not being initiated, scoundrels",0
playstore,1563ee28-d203-431a-bd70-46b2d178f25b,2026-08-20T23:05:34,5,Super And Most Satisfied products ❤️🫰Love it,0
playstore,c8d485e6-1a1e-402f-8003-dfa9a96cefde,2026-08-20T22:58:46,5,very nice 👍,0
playstore,1fc4a85b-2138-48a5-931f-59afda021a63,2026-08-20T22:56:16,5,shopping gets easy hear...❤️,0
playstore,2dccd52f-0b6d-44f9-810d-b6d4c2f0e00c,2026-08-20T22:55:41,5,User friendly app,0
playstore,715750f2-e888-4929-933c-e03a376279ec,2026-08-20T22:54:07,5,good 👍,0
playstore,e3c90e2a-3aed-47ea-820b-cd29ebf045b5,2026-08-20T22:52:47,5,best platform to buy anything!!✨✨,0
playstore,e65f22ce-d972-42ea-aa8c-b91797bb69af,2026-08-20T22:49:47,5,very good,0
playstore,206682bd-b794-43b7-bdca-191c04a1c9ea,2026-08-20T22:49:04,5,excellent. a great online shopping app.Its products are superb quality and delivery is also reliable.,0
playstore,86de51dd-a3c9-4eaa-b446-787fb4be4c6c,2026-08-20T22:48:40,1,horrible experience with customer care 0 level of customer care,0
playstore,adf50619-3e66-4365-bf02-1051fb678806,2026-08-20T22:47:07,5,always get the expected choice on my Myntra,0
playstore,2e1eda1c-7444-441c-b96f-44e5c120621d,2026-08-20T22:43:49,5,good product,0
playstore,6c8386ba-4315-4c13-a663-1eefa95d1ebc,2026-08-20T22:42:52,5,👌,0
playstore,20c197e4-73d7-4d05-b555-9dbf03ab71d0,2026-08-20T22:42:31,5,nice,0
playstore,d8778064-d17c-439f-a8ad-d72499334aad,2026-08-20T22:42:27,5,best app for teenagers,0
playstore,c5f13f57-8567-49bb-af1a-2b3fed35aa15,2026-08-20T22:41:53,5,👍 nice,0
playstore,e2617da0-c7c6-44c1-a348-ef3a0e969367,2026-08-20T22:40:53,5,Always the best worthy platform for shopping ❤️❤️❤️,0
playstore,a141a1bd-0d73-408c-830e-d62c25bf92d6,2026-08-20T22:31:20,5,AWSOME,0
playstore,e61c4eb4-a8fe-4536-b857-2515dab1b028,2026-08-20T22:30:39,5,good,0
playstore,792ad854-788a-4898-8a54-21fb26dce133,2026-08-20T22:29:20,5,one of the best online shopping aap reasonable rate with super quality ❤️❤️❤️,0
playstore,348a5154-e4fb-4e11-a818-f90ff21e3c35,2026-08-20T22:27:30,5,An excellent app for a variety of things.,0
playstore,c7d2c124-fba5-47b5-bd6e-2885af3fe288,2026-08-20T22:27:00,5,best,0
playstore,0ea3c881-fda6-405d-aa20-a4f9385567c0,2026-08-20T22:25:14,1,please dont use this app..very bad service.,0
playstore,b39ec03d-aa4f-43ce-923f-cb0c1cfdc094,2026-08-20T22:22:51,5,best online option available in this app,0
playstore,7cf51740-f45e-4dd5-9f9b-953d6909bfda,2026-08-20T22:22:51,5,Myntra is very good aap,0
playstore,bba2acdc-a401-4cfe-a970-8d8452c8a24b,2026-08-20T22:19:27,4,I liked delivery on time policy 😊,0
playstore,e4e11293-6095-47f9-9389-aae8d1418ab4,2026-08-20T22:18:32,5,"I'm using myntra 12 years, awesome original product thank myntra love it",0
playstore,5217f4bc-4af2-4204-89ab-ba0b23b0db03,2026-08-20T22:17:43,5,good,0
playstore,ecafff6d-b62e-4b36-be38-2d68e8be16ee,2026-08-20T22:13:58,5,good experience at Myntra,0
playstore,7ea66a92-10ed-4b71-8084-54296f2e5e74,2026-08-20T22:12:19,5,this is a great app and have great deals love it.,0
playstore,ed615b19-5d8c-49ab-a2ad-ac6da37bdd68,2026-08-20T22:09:42,1,"Myntra's delivery quality is degrading day by day. This my second horrible experience with Myntra in a span of 2 months. For the last product I have not received any refund, no relief provided by customer support as well despite talking to them 5-6 times and delivery partner misbehaved. And this time also same thing happened the delivery partner misbehaved and was very arrogant. Now I feel stupid for trusting myntra.",0
playstore,93cda675-8173-455c-8fbe-0f8fcbbe5b4c,2026-08-20T22:09:20,5,so good,0
playstore,de5201ba-b715-4d94-8482-afcd0d82cfcc,2026-08-20T22:08:22,2,"My goto app for all shopping for many years now. Yet this time a product was delivered in a different colour and when I raised the return with the same reason, the pick up agent wouldn't take the return saying the product colour is different. What happened to this simple thing called communication, between your people, guys?",2
playstore,036d2b4b-3bef-40b2-9f10-acda08e63e55,2026-08-20T22:06:30,5,good product,0
playstore,1525e605-52b4-4b26-b102-2ab44e6e9f66,2026-08-20T22:06:12,5,best app,0
playstore,1f661f28-fd48-47da-b58d-e0b9b88dc493,2026-08-20T22:05:53,5,very best app,0
playstore,ac454bf6-280a-4bed-99c3-15422e55a3fe,2026-08-20T22:05:13,5,The quality is perfect and after 2 years i review these Slippers bcz just they have broken...... Good Experience with Carlton London,0
playstore,fa3c5ff1-e534-405a-a178-6e38a648f5d9,2026-08-20T22:05:04,1,"Worst delivery service. My order was delayed for several days despite repeated complaints. I was asked to wait until August 22, but the order was suddenly cancelled due to a delay from Myntra’s side. Customer service could only apologize and couldn’t provide any solution. Very disappointing experience.",0
playstore,8e9340f3-70bb-4fdd-9243-f97919e5e251,2026-08-20T22:00:39,5,app is really good,0
playstore,467f184e-8e09-4e83-a967-ae6dab0e2a23,2026-08-20T21:54:17,5,best coustomer service 💗,0
playstore,6ee95540-f00e-4cf0-bc6c-009a7868fd84,2026-08-20T21:52:32,5,good,0
playstore,068bcdb7-2080-4835-9ebf-6a5aaee97da1,2026-08-20T21:51:13,5,awesome,0
playstore,66d4ffd6-3554-49b0-a38b-56a137f3b622,2026-08-20T21:50:49,5,nice app ☺️,0
playstore,a1b3d71d-b1c5-4882-aa0a-88e0ce5598f1,2026-08-20T21:50:43,4,good experience but I am excited to see my first ordee,0
playstore,d4d1e3ec-01b2-486b-8ef6-344894a3a715,2026-08-20T21:48:55,5,good,0
playstore,5aa6eee6-4970-4a76-bb10-423e1a12ce0b,2026-08-20T21:47:29,5,very smooth return process i like most. i order somthing first time and surprised.,0
playstore,8b583f0a-6a60-4b94-80f2-4f915f1a0867,2026-08-20T21:46:28,5,Amazing experience,0
playstore,6281a3c8-30ab-432a-9aef-edc9c5b6c1af,2026-08-20T21:46:28,5,good,0
playstore,a05d7b8a-15a6-4838-91df-e4c5a1c80110,2026-08-20T21:46:15,5,nice rakhis,0
playstore,715e0e4e-9e22-4550-aa2c-612608c8243e,2026-08-20T21:46:02,1,"Terrible experience – Wrong color delivered twice! I received the wrong color on my original order. Requested a replacement, but they sent the exact same wrong color again. Total waste of time and zero quality check. Very disappointed!",0
playstore,53aef51f-1ce8-40bb-a190-358f62eba9da,2026-08-20T21:46:00,5,Always Happy With Satisfactory Results,0
playstore,884a830d-1cc9-4884-ae10-3d66e8b196dd,2026-08-20T21:41:06,5,❤️❤️❤️,0
playstore,1540f580-4286-4a97-9afc-d35f5cecdf7e,2026-08-20T21:35:06,5,super product and exact sized i ordered in affordable prices,0
playstore,7e7dbf1d-5355-4a72-9ec4-023568fb1951,2026-08-20T21:34:31,5,awesome,0
playstore,b851c1fc-d9bd-4e92-b2da-8ed035cc91a7,2026-08-20T21:34:12,5,Genuine app,0
playstore,bd0db7af-bc80-4dd3-aef1-7f152aebd788,2026-08-20T21:33:08,5,Very nice very rewarded apps,0
playstore,444b028a-2cf4-462e-93c9-e50846c8d639,2026-08-20T21:30:15,5,best app,0
playstore,51a73c63-5509-40fe-956a-cfac32b8569b,2026-08-20T21:29:20,5,bast app,0
playstore,8e3f7b8e-3f92-4554-bf3b-9a25cd006b8c,2026-08-20T21:29:03,5,great 👍 product,0
playstore,fa1100fe-9a17-42bb-a06f-50458cb5a647,2026-08-20T21:27:46,5,"Myntra is one of my favorite shopping apps! 🛍️ The app is easy to use, the collection is amazing, and the delivery experience has been really good. I also love the variety of fashion products and offers. ❤️ Overall, a smooth and reliable shopping experience. Highly recommended! 👌✨",0
playstore,4f0c4d4f-fdda-402e-922f-a6b7913f3fbf,2026-08-20T21:25:07,5,best shopping for rakhi great deal more beautiful rakhi online delivery at time I have save my time and money. I always purchased rakhi on that platform there is many brand avalable.,0
playstore,70a7a62b-2d25-44b4-a476-35abd6d870f2,2026-08-20T21:20:36,5,good,0
playstore,203aac2e-d449-4dd1-abba-c6cb6e4de026,2026-08-20T21:18:01,5,very good product,0
playstore,2cc0ecfa-57ba-4dbd-87bb-a89e0f095331,2026-08-20T21:16:17,5,fast delivery,0
playstore,b6e0dd9b-58b8-4436-bff7-302e454c4575,2026-08-20T21:10:15,5,i like shopping from mayantra genuine products,0
playstore,886868e0-17fc-4aa7-acfa-f2419227f2f1,2026-08-20T21:02:19,5,I enjoy the experience every time when I do shopping in Myntra. it's showing variety types in all the categories the products and the qualities are very super,2
playstore,690dda3d-dd7c-419d-84dc-5d4d36888dd1,2026-08-20T20:59:43,5,super,0
playstore,df1f5de6-7b51-4944-b442-04eeb124914f,2026-08-20T20:58:18,5,nice app,0
playstore,f24a198e-f8b7-4c98-9931-3c2d0f5477ef,2026-08-20T20:56:05,5,nice and get genuine products,0
playstore,3f790f2b-c208-4f4f-bd46-14d3b4dd5815,2026-08-20T20:55:29,5,good,0
playstore,75be231b-adfd-4924-9e58-ac2fb6425e51,2026-08-20T20:55:03,5,very good...,0
playstore,f42b6e8c-a63a-45c9-935e-e8684b25700c,2026-08-20T20:54:27,5,the quality of cloths are so much better that any other app.,0
playstore,54d1837f-bc5a-4bcf-86c1-2acbf903246c,2026-08-20T20:53:10,5,amazing,0
playstore,4ceb5401-5e81-4479-baca-837ce45ca14c,2026-08-20T20:50:07,5,🤌🏻,0
playstore,9fa09820-2276-4379-8593-865259aa8057,2026-08-20T20:44:44,5,mantra is best app for all things ❤️,0
playstore,1673ee08-e62a-44f9-bc83-a76dd43337d6,2026-08-20T20:42:29,5,Nice experience,0
playstore,3e0c869b-5cfa-4b87-be7b-514cf7179ac2,2026-08-20T20:41:47,5,nice,0
playstore,54c0c706-1e0b-478a-bcbc-60bf72d73ac9,2026-08-20T20:39:15,5,I can find everything here.,0
playstore,b0f6f24e-6cfa-4ef3-a125-9c7376ec85c4,2026-08-20T20:39:14,4,good,0
playstore,abe00145-449f-403d-b756-dba16c5a7d0f,2026-08-20T20:39:00,5,Nice,0
playstore,682e5d53-bfa6-44b3-a181-c1902dd37be4,2026-08-20T20:38:26,5,I am satisfied customer 😊,0
playstore,c2d49781-8fd2-43d4-aeae-a9886df3d5b3,2026-08-20T20:38:14,5,very good app for shopping,0
playstore,47a1e56f-a29a-4906-8351-70b528035dea,2026-08-20T20:37:50,5,Quality is good as compared to other online platforms. but need to improve actual image of the cloths rather than show case image,0
playstore,33dfa612-af7f-471b-9b40-65cf5cb9686d,2026-08-20T20:37:25,5,Nice Experience 😉,0
playstore,9d154d0c-007f-4952-a5b6-1b302259bb45,2026-08-20T20:37:23,5,nice,0
playstore,9e7e2eef-a14f-4abc-ac48-d49b026c72b9,2026-08-20T20:36:10,1,They show few products with Express delivery and even after a week they won't deliver the products. Even when you call the customer care they won't even respond properly. All they ask is to wait for 72 hours. If they need to deliver after 722 hours what is the use of Express delivery... it's all fraud service from myntra... Encouraging the customers with Express delivery after ordering just neglecting the customers.,0
playstore,14b3562d-0ef5-4f16-baeb-98e840163f9e,2026-08-20T20:35:55,5,extra discount,0
playstore,16acbdbe-6651-400d-9ac9-8fecc58e4391,2026-08-20T20:35:28,5,best app for shopping,0
playstore,05f8d357-5b41-4039-b568-6b78aea5793b,2026-08-20T20:34:02,5,each product details are believable,0
playstore,f0d35b22-ee5f-4974-8db4-1aa6d29d4a28,2026-08-20T20:32:32,5,excellent app,0
playstore,94af93cb-e9d0-4a96-9403-2fc381de18ff,2026-08-20T20:29:35,1,Worst and fraud app. deliver wrong products but no return policy,0
playstore,f6ac3193-610a-45ef-b6e9-6b618d71acc6,2026-08-20T20:28:29,5,too good 👍🏻,0
playstore,2b485073-ee40-421f-9c8f-0d3eb58f1a2a,2026-08-20T20:27:37,5,Branded,0
playstore,855b8d3b-35c2-4bac-a7c4-afeed3256bc0,2026-08-20T20:21:35,5,it's very soft,0
playstore,ba92c51b-2803-4b28-a2d2-46cf130b6892,2026-08-20T20:17:36,5,খুব ভালো জিনিস পাওয়া যায়,0
playstore,3e986e95-e9c1-4fb1-8c3d-81e3b6cb9e00,2026-08-20T20:16:15,5,🌌👍🏻,0
playstore,ed5779b9-2796-4ae6-8188-3b1a7983e67f,2026-08-20T20:15:57,5,👍👍👍,0
playstore,9511a293-faf1-4373-a2d5-4d94f5bac85c,2026-08-20T20:13:06,5,myntra is best for shopping app,0
playstore,72bca6c7-f2ba-430c-9ba7-ea9ad03b69d1,2026-08-20T20:12:56,5,Good product,0
playstore,86c43649-e805-4f05-bc51-ce92e871da55,2026-08-20T20:11:07,5,Good,0
playstore,b8c24803-af43-405f-b2a7-a2fa5faadd04,2026-08-20T20:10:52,5,nice,0
playstore,4e3ed935-9185-4047-812a-c46778bc41b1,2026-08-20T20:10:32,5,"For clothing accessories, myntra always comes on top ! Using around 5 years 🤩",0
playstore,51f3b371-ed05-4819-a422-2e724176fed2,2026-08-20T20:09:34,5,interface is good and easy for use and great discount are available,0
playstore,006ea695-bf11-4749-a27d-45156035e63f,2026-08-20T20:09:02,5,super t-shirt,0
playstore,f4f59ce4-0efb-4107-ab68-2e58b407b77a,2026-08-20T20:07:50,5,good,0
playstore,9c6986b8-e182-4a42-9ec1-b66c1722a256,2026-08-20T20:04:57,4,good,0
playstore,a1aabf27-24ae-4725-af7a-a2e62504b668,2026-08-20T20:00:44,5,good,0
playstore,573af40c-901e-4b1b-939e-4f1bdbc10ee8,2026-08-20T19:54:31,5,good,0
playstore,63279f79-50cf-4144-9166-5032627a45f7,2026-08-20T19:52:37,5,this app is very good very low pricing very fantastic product good product,0
playstore,c073b98a-9e0e-4850-a092-211bd73af0b9,2026-08-20T19:52:09,1,"worst app ever i used, don't install it waste of time , keeping on time delivery aside, first they won't even deliver the item.When I tried to raise complaints they won't even respond . The worst app don't ever install it and waste your time.If there is an option of zero rating,I would have given it",0
playstore,76b5cc73-c896-4ed0-93cc-1b4d2deedf3e,2026-08-20T19:49:24,5,Very good ptoducts,0
playstore,c8251b9c-5a9e-4f7e-b0ee-634f5c41b034,2026-08-20T19:46:58,1,not good,0
playstore,d0f67f8e-d3be-438d-a6f1-fe17d70e7565,2026-08-20T19:42:32,5,quality clothings,0
playstore,542ab01d-ef61-4a70-84dc-a29a0deb7504,2026-08-20T19:39:21,5,the best shopping app ever,0
playstore,92479bf4-34a0-4fb5-bbe3-ecc3754d5942,2026-08-20T19:30:59,4,very good app,0
playstore,c42cc379-afa1-45ac-ae96-c9b35381d5c8,2026-08-20T19:27:43,5,Always a great shopping experience,0
playstore,a2cb4356-ba6e-4400-bedb-53efcd9bd98f,2026-08-20T19:27:02,5,good delivery experience,0
playstore,dfb5b344-948f-4a75-a45f-8a5ab5295b79,2026-08-20T19:23:44,5,good,0
playstore,b91deb51-30e0-4a37-bdaf-5b52c72d9600,2026-08-20T19:06:56,5,awesome,0
playstore,413f5214-5ff6-4977-a516-e489002c036e,2026-08-20T19:01:24,5,good platform,0
playstore,b7c525d3-1997-491b-8694-a277098dd46a,2026-08-20T18:59:12,4,good,0
playstore,5fe220f7-100f-42b2-bcf0-00537ab68ea6,2026-08-20T18:57:55,5,excellent,0
playstore,a12b47a4-8abf-4f85-81cc-2b3df9399382,2026-08-20T18:57:29,5,to good 😊😊,0
playstore,d4e5773e-074b-45ab-a396-3920cdc85c7f,2026-08-20T18:57:23,5,thank you 👍,0
playstore,2103210b-220c-478e-9cc1-30c742290dcb,2026-08-20T18:57:19,5,it's very Nice useful fast delivery,0
playstore,7811d7e0-2c86-490a-9bf5-7ede2f1b0108,2026-08-20T18:56:26,1,"Extremely Disappointing I ordered a Polo Assn. T-shirt from Myntra, but what I received was nothing but a dirty, used-looking piece of cloth. This is completely unacceptable and far below the quality I expected. Really disappointed with this experience. Was not expecting this from Myntra at all.",0
playstore,c1cac2ee-fed2-4a01-9ec7-25fc74ed0032,2026-08-20T18:56:25,5,good,0
playstore,baa37229-2871-4450-94de-4b2dde8655b6,2026-08-20T18:56:24,5,very good app,0
playstore,4475a78c-d5b7-4dfb-98fb-2ef9a9ea9b9f,2026-08-20T18:54:51,4,best quality products,0
playstore,7a1daf25-dc1f-41e8-8203-7814a57bfab0,2026-08-20T18:54:23,5,App par kapde ki quality bahut badiya h wo bhi affordable price m,0
playstore,39f06df9-b02d-4ebc-bd0a-d1fcbf06c516,2026-08-20T18:53:05,5,good,0
playstore,eea5b649-6c7d-42d6-93aa-e6084ea0a38a,2026-08-20T18:52:28,5,my experience is very good...... best quality of clothes ever....... delivery is also on time...........,0
playstore,d777a19e-0290-4bec-8364-872b1f4fdb59,2026-08-20T18:51:16,4,good collection good service by Myntra,0
playstore,38a8667e-8f23-4416-8800-b973f1a68158,2026-08-20T18:49:09,4,genuine product with best offer,0
playstore,908c89ee-7719-46e1-a29b-a362d5b4dd60,2026-08-20T18:47:58,5,very good myntra aap. received in a good product 😀💯 & good quality 😁👍👍 I'm very happy 😁☺️☺️,0
playstore,9bb675e6-aa1e-4663-bcb3-3e80db2521fb,2026-08-20T18:47:30,5,Great!!!,0
playstore,1a032087-0a0c-4582-81bf-7745bca1a6d8,2026-08-20T18:47:05,5,it is a good product,0
playstore,4eeb5092-46b9-42b7-87e7-4428d0db9de5,2026-08-20T18:39:33,5,good,0
playstore,5fb74d4a-7466-4b54-b84f-ef896ca835e6,2026-08-20T18:32:25,5,very good 💯😊,0
playstore,8fd23793-f019-4dab-8cdd-f9b0d3a6b17b,2026-08-20T18:25:47,5,Amazing app. Good thing about myntra is that the products are always genuine .,0
playstore,5d5c8de0-e6d4-4bc2-8412-bd3aca485e6d,2026-08-20T18:25:18,5,nice app,0
playstore,27662a4f-ac65-4a85-ad82-dd53d4e2cd73,2026-08-20T18:24:14,5,"sometimes order get cancelled on its own, bt other things are best inthis app👌👌",0
playstore,b322aee7-58e6-4d3e-81e4-522d07e7154d,2026-08-20T18:22:13,5,very good app,0
playstore,331bac0a-c79b-471b-8e1b-f032caf07294,2026-08-20T18:22:00,5,Best app for affordable prices,0
playstore,db3a6d96-71fe-46d6-9fc4-cf3646d03dfa,2026-08-20T18:21:48,5,too good,0
playstore,8ad28731-13f2-4c9c-855a-71463c593a95,2026-08-20T18:16:25,5,comfortable and easy process to order.return and exchange is trustable and done quickly,0
playstore,fc8b07dd-ea12-4969-8d84-509b79630863,2026-08-20T18:15:21,5,ok,0
playstore,ed190f6f-c61b-413b-a65c-9a1029a26d17,2026-08-20T18:13:47,5,one thing I like this app is delivery is done before the mentioned date,0
playstore,a5cc06c5-5bd7-4575-a77e-e63e3d7d3e5b,2026-08-20T18:10:44,5,very good even 👌 👏,0
playstore,262d0f33-a70b-4073-b264-aa1d4d083abe,2026-08-20T18:07:00,5,nice,0
playstore,cce1bccb-b369-4eae-9178-d518eb3c1a7b,2026-08-20T18:03:46,5,bhout he acha app hai sare product bhout he ache aate hai❤️🫀,0
playstore,c2d53d77-f6a8-4bcb-b1ec-7af6cfd35930,2026-08-20T18:01:47,5,good,0
playstore,19e3b9c4-18fc-4f08-aa6d-5b4cde0d9f20,2026-08-20T18:01:40,1,expirencing the worst delayy.....my 1st order was cancelled. my 2nd order is now delayed for like 2 weeks....so overall a bad experience...,0
playstore,78dc84c6-744b-4905-a7f4-9cd25e0ebb12,2026-08-20T18:01:36,5,good,0
playstore,78c2e575-1e2b-4070-bf1c-1d4f70fb4ff6,2026-08-20T17:58:07,1,"I placed an order for a Titan watch and subsequently requested an exchange for a Titan Raga watch, which has not yet been delivered. The delivery status indicates ""failed,"" despite no attempt at delivery being made. Could you please provide an estimated delivery date? It has been over 15 days since the order was placed, and I have not received a response to my previous inquiries. This item was intended as a gift, and the current situation is causing considerable concern.",0
playstore,9094cae6-e3d5-44e6-a5fc-cc382962e199,2026-08-20T17:54:02,5,Easy and honest!,0
playstore,0215fbe2-17c5-4f7d-b6ec-f6ca7137af4b,2026-08-20T17:52:04,5,very fast delivery,0
playstore,9c436e07-cdf7-4fa8-a669-ade9ded0a20b,2026-08-20T17:46:22,1,they don't respond or solve our issues once after they deliver the product...very careless,0
playstore,8a39ba95-cd95-474b-acf5-42c008488d16,2026-08-20T17:42:23,5,It always provide variety of products and of good quality.,0
playstore,90d914f0-3776-4376-a0a7-adf5ceebca39,2026-08-20T17:39:24,5,myntra always good hassel free shopping and returns also,0
playstore,d9ab5ad6-09d4-4ae5-a7fe-b86030a58179,2026-08-20T17:38:17,5,nice experience,0
playstore,a3a974bd-7e85-4e39-ba04-428a85b88469,2026-08-20T17:35:11,5,Nice Product,0
playstore,6506f118-ffc8-48ac-801d-ee33c078187b,2026-08-20T17:34:00,4,wonderful experience,0
playstore,2c76ed3d-b854-4842-8942-4c0a9c95a459,2026-08-20T17:30:34,5,Easy to use,0
playstore,9552e42a-ad64-4343-a3c4-22aba8a26bab,2026-08-20T17:29:55,5,really helpful,0
playstore,d115c4f5-45c8-4456-832d-64a903e835d3,2026-08-20T17:29:11,5,good,0
playstore,f5e6e9d5-9b3c-46a0-bba0-8542b6ce5183,2026-08-20T17:27:56,5,good,0
playstore,aa97371d-284a-4bb3-bc68-2c5be13f39b7,2026-08-20T17:26:55,5,Good,0
playstore,dd4f5e00-9ff0-44e8-9f80-fa03abd81193,2026-08-20T17:25:51,5,excellent,0
playstore,1eff94d9-f4ad-44bb-ba0c-b217a8dc1713,2026-08-20T17:25:46,5,useful app & best quality product,0
playstore,6307d949-82e4-474d-8897-e0872074a78d,2026-08-20T17:25:13,1,"Myntra has a really disappointing service. They often fail to deliver orders on time, and the customer service experience is also extremely poor and frustrating. I would strongly recommend thinking twice before purchasing from Myntra. Customers deserve timely delivery and proper support, but unfortunately, my experience has been very disappointing. Very poor service and customer experience.",0
playstore,82340e35-7ea5-4f34-8176-ba81e4a18e86,2026-08-20T17:23:13,5,very good product,0
playstore,c89eb6bf-38cc-48a0-928c-20400f9d00ff,2026-08-20T17:22:44,5,very nice,0
playstore,07e241e1-1874-4387-97ac-14f5c1442791,2026-08-20T17:22:03,5,better than the best quality,0
playstore,3b128a16-c5ea-4e10-bdef-e6d827a2cd9e,2026-08-20T17:21:38,5,godd experience with myntra,0
playstore,8c5be8d6-5772-4e7c-9bdd-f3d89ed68d82,2026-08-20T17:20:59,5,"This app shows us the budget friendly clothes with more discounts for the new users,I have bought so many ethnic wears from this app.It helps many people in buying the fashion at affordable prices",0
playstore,af50c28a-ffe3-4c18-90c4-5d2603d7e686,2026-08-20T17:18:12,5,"yaah when I ordered something form this platform,I had never disappointed ,,nd so happy to use it",0
playstore,e1721b51-e84a-47bf-ac10-c44d27bc32b4,2026-08-20T17:16:26,5,clothing quality good,0
playstore,d17abd38-4256-45ad-97a3-e459a38e2417,2026-08-20T17:14:49,4,good,0
playstore,940d64e1-cf4d-40a7-bb4c-a9a36dc54c0e,2026-08-20T17:11:58,5,best fashion app in affordable rates,0
playstore,4594b72a-8790-46d4-9576-89c8e0794dd0,2026-08-20T17:11:26,2,its amazing always 🥰,0
playstore,eb888744-650a-49cf-9a6e-1061b243c33d,2026-08-20T17:10:26,5,Good quality product,0
playstore,ede2e205-0198-4bab-8709-83075229f8ac,2026-08-20T17:06:48,4,nice app,0
playstore,5d14da7c-1175-474d-be81-ab261dbd4b11,2026-08-20T17:05:32,5,nice product,0
playstore,1c6eb04b-fd19-45b1-b4ab-c6dcf2939ee3,2026-08-20T16:57:31,5,best app for clothes,0
playstore,764338ff-e0a3-449a-99b4-8554dd72e47d,2026-08-20T16:55:39,5,Nice app for shopping,0
playstore,45e12eb3-9234-4b9d-86b1-7692201bc5ce,2026-08-20T16:53:05,5,good,0
playstore,613693af-441a-40a1-ad00-b4fa97b83d92,2026-08-20T16:52:59,5,it's best app and absolutely better,0
playstore,a25eb3b0-dc7f-4f83-ac97-ca3ccf63afc1,2026-08-20T16:49:25,1,idk what is happening but when I am trying to reach custom care repetead timing they are not answering. very bad custom care services,0
playstore,47fb851b-1af3-450f-8244-47a80992f4cb,2026-08-20T16:47:21,5,good 👍,0
playstore,2810e2b5-7210-4509-ab44-e13100ddfba1,2026-08-20T16:46:30,5,bohot accha experience delivery bhi bohot jaldi de dete hai aurquality bhiast,0
playstore,706f3a91-f2bb-469e-a6f6-55e7c13a8b19,2026-08-20T16:41:55,5,excellent app 😃👍🏻,0
playstore,ccc45f57-a42a-4e8e-b398-76a8f8f890b4,2026-08-20T16:40:12,5,best product,0
playstore,b3776360-8158-4158-b0f2-8a4d24aa5c29,2026-08-20T16:39:33,5,best quality and orginal product this app,0
playstore,bed462e8-7705-4082-8d24-08dfd25020bf,2026-08-20T16:38:56,1,bad experience they send me a bad quality product,0
playstore,0baa397e-93d7-4e76-8746-be6ed391334c,2026-08-20T16:36:28,5,Happy Customer,0
playstore,f48f7546-ac85-4a9d-a39f-369ee82a40d5,2026-08-20T16:36:16,5,super offers,0
playstore,4d3888e6-454d-42fb-83f7-e3f199f05a6e,2026-08-20T16:36:12,5,"fashion and lifestyle app, featuring over 3,500 brands, AI-based styling tools, and fast delivery options. It turns your phone into a complete digital clothing store✨",1
playstore,ec30b9e1-2ae6-4b05-86c8-900ebbc18a69,2026-08-20T16:32:51,5,bahut acha App h shopping ke liye,0
playstore,9a6eff0d-ab15-4d90-b539-c76ac5351282,2026-08-20T16:30:13,5,product is very good quality and color is not fade by wash comfortable cloth on myntra i love it.,0
playstore,e3de8d06-af61-4ac9-b3b3-dca821503669,2026-08-20T16:18:04,5,quality is very good worth for moneyy,0
playstore,c8d627e0-b5ea-4a0c-a85f-0467f1af1a65,2026-08-20T16:16:48,5,All products are good as shown in the pictures.,0
playstore,8510d204-3cd0-4adb-8c68-d974241801dc,2026-08-20T16:14:28,5,best app,0
playstore,cf0e4345-a0f7-4bb0-a9b0-1b6bdaddc0d7,2026-08-20T16:13:34,5,It was awesome product...,0
playstore,499a496a-ff6a-4483-83d8-b023ffba75be,2026-08-20T16:13:06,5,very good application,0
playstore,d2154442-e5b8-44a4-b2f3-677d0153ac81,2026-08-20T16:12:56,4,nice,0
playstore,1db9ed8c-2b35-4474-8259-88beb04da23a,2026-08-20T16:12:11,5,Good,0
playstore,a9597556-c947-404b-b301-e00845e6424c,2026-08-20T16:10:44,5,nice app,0
playstore,61bf9221-ef01-498d-bccc-f02b8c7dccd9,2026-08-20T16:10:01,1,why I cant see my order,0
playstore,39488ea4-f5de-409e-831c-581b15079fb4,2026-08-20T16:06:35,5,nice 👍 like it,0
playstore,77d53018-5bb4-4505-9fab-191c75514988,2026-08-20T15:58:06,5,good 👍,0
playstore,9f1ef8d5-d90f-485c-886f-8f26186fda1c,2026-08-20T15:56:24,4,nice app,0
playstore,579ba608-3b8e-4a5b-90f6-ed58a26bf32c,2026-08-20T15:55:05,1,A worst ever shopping portal India could have,0
playstore,5a41f764-f431-44c3-ab42-baca0bd97fad,2026-08-20T15:54:45,1,A very low quality app a order is pending from 1 month,0
playstore,a67fe71c-a6de-4c33-bb47-d2b5f568737f,2026-08-20T15:49:38,1,"if I find perfect size dress so the price is if the price is low but not finding feeting , it was very poor",0
playstore,ed900305-812a-46a0-8567-af53486de60a,2026-08-20T15:47:40,5,good App,0
playstore,e849bf09-580e-42ed-b03a-6d65d56bba1d,2026-08-20T15:47:39,5,good,0
playstore,368b5adc-714a-4dda-a62a-9d77617aed46,2026-08-20T15:44:48,4,overall good app for clothing.,0
playstore,9cc7bfcf-c8bc-4b3a-9b07-298884230345,2026-08-20T15:42:13,5,👍,0
playstore,8766801d-291b-4ec1-aed4-a5da15315cda,2026-08-20T15:38:36,1,"horrible customer service , even if you are so called "" insider "" customer",0
playstore,8758e900-1774-4983-a21c-098b79efc25d,2026-08-20T15:37:11,5,my order is very goodly delivered and fast,0
playstore,6db29649-8af4-46cb-9b16-3f1da450fcc1,2026-08-20T15:36:33,5,"Good deliver, Best behaviour,",0
playstore,dc47839d-87e9-4c4b-b1c9-f58937004771,2026-08-20T15:33:33,5,good quality,0
playstore,fbf6b7de-174d-45ba-abb6-51242c6f2930,2026-08-20T15:29:46,5,very nice affordable price 😃,0
playstore,b0d6f357-3900-4ffc-90ce-f2f3d5562d79,2026-08-20T15:23:19,5,best experience,0
playstore,16202e54-d27e-40fb-a454-a59513687255,2026-08-20T15:23:17,5,good service,0
playstore,279a549d-f5b2-4068-9fb6-5f531f5a2f44,2026-08-20T15:21:57,5,nice,0
playstore,e220dfef-4429-41c3-887a-9a950b28e28e,2026-08-20T15:21:09,3,theek,0
playstore,0024476f-be87-44b0-b985-edc4ba824a90,2026-08-20T15:20:51,5,superb,0
playstore,30a023a6-8025-4cc8-a813-7c7aa8418fcf,2026-08-20T15:17:00,1,"poor delivery, always delayed ,products are good but never reach on time. whenever we need something it's delayed delivery 😑. having very poor experience with this.",0
playstore,19318859-526f-4a47-a1e8-746ac4153ce5,2026-08-20T15:16:52,5,EXCELLENT,0
playstore,79b5c8df-f4a3-4e61-9fdb-09f447329031,2026-08-20T15:15:34,5,lovely,0
playstore,789908ee-e960-4653-8aa5-8c8e74f00241,2026-08-20T15:14:51,5,very nice product 👌,0
playstore,223c82da-440f-45a9-9cc6-5e0d2c4d9169,2026-08-20T15:14:30,5,grt app,0
playstore,d1943c6b-739d-4e61-ac1b-e1a64ae6e14b,2026-08-20T15:13:55,5,super,0
playstore,78e1ab09-a812-4e40-925f-7f86d6775a06,2026-08-20T15:13:32,5,good item,0
playstore,15cb0229-6aca-41ee-baee-51d5881c12ab,2026-08-20T15:10:00,5,very best prouduct,0
playstore,e1c565f7-8950-49a3-ba6f-a908bf3df3bb,2026-08-20T15:06:10,5,best app,0
playstore,df7b1b7c-602f-43c0-b229-6f9b928793e4,2026-08-20T15:06:02,5,very fast delivery,0
playstore,9415c9b3-cdc7-4710-afda-415261907a4e,2026-08-20T15:05:23,5,app is too good for online shopping they provide us quality product and many more,0
playstore,a6a01523-3c08-4abf-8249-850948aa8cea,2026-08-20T15:02:37,5,amazing,0
playstore,414241fc-c27b-4845-84a7-5e7a8ecf85ce,2026-08-20T15:01:35,5,I HAVE USED THE PRODUCT OF THIS APPLICATION . THIS APP IS VERY GANUINE AND TRUSTABLE .,0
playstore,fd410ad4-bf02-4712-aca3-ec1c3deb92d9,2026-08-20T15:00:30,5,nice,0
playstore,8d133df5-901e-4eda-9c58-007b312a4e8b,2026-08-20T14:59:32,5,top branded products are available in application,1
playstore,f8567288-33da-4efc-ad0c-b83d4d5f99e8,2026-08-20T14:54:31,5,The experience was so good in this app for shopping,0
playstore,e2a916c8-a703-4d17-b551-d1e8746bbf71,2026-08-20T14:54:06,5,very bad application delivered wrong product.... shows different nd delivered different.. delivered wrong rakhi... totally different poor quality product..... last purchase from this app.,0
playstore,de584014-20e3-4f6a-a61d-f3b00b6950f1,2026-08-20T14:54:05,5,very very good,0
playstore,2432b6e4-51da-43b4-8344-a2fc91c710b1,2026-08-20T14:52:57,5,This app is the best app among all apps,0
playstore,53b79532-ab8b-4b57-a8e3-3b0d216da38e,2026-08-20T14:52:33,5,super b,0
playstore,028eefc6-b7ae-4302-8a3e-f6f23fdef0cb,2026-08-20T14:50:33,5,very nice,0
playstore,56c66a96-e2d0-4b98-a73d-828860dae0e8,2026-08-20T14:50:17,5,good,0
playstore,0b28ca1e-ab97-4c91-b668-9844cc1f97b7,2026-08-20T14:48:43,5,nice,0
playstore,448f3128-7cb0-40c4-81e6-2c0506a70222,2026-08-20T14:44:57,5,tremendous 😍,0
playstore,9d3e5054-e5b2-41d1-91a4-5a505e264daa,2026-08-20T14:43:36,1,"false advertising and selling items at fraud claims ordered items double the price for their so called "" express delivery"" and still got delayed by 2 days . what a FRAUD",0
playstore,63216121-27a1-40ad-90df-d441fe94e3d1,2026-08-20T14:43:03,5,very good quality product original brand and delivery was good 👍,0
playstore,67807722-e6aa-429e-a189-d189d206aba9,2026-08-20T14:43:02,5,good,0
playstore,58a685d5-3f89-4fc3-9d48-9157cb2375c0,2026-08-20T14:42:58,1,recently I am facing some issues in myntra.This app not delivered products in kanyakumari district sometimes menu page shows delivery delay please don't install myntra my suggestion 🥺🤮,0
playstore,2ba33c93-5bd5-4e84-9cb3-8eaf4d9e83bf,2026-08-20T14:39:22,1,Quality is really very good service is very bad comoare to other online shoppjng site also I chat or discuss with myntra he is saying can not give delivery as per promise date from मंत्र site,0
playstore,1d6ed3a9-25db-4308-b73b-18c588425f36,2026-08-20T14:32:13,5,amazing app🥰,0
playstore,7bcae903-e62d-431d-9e92-f7de794e3d5b,2026-08-20T14:31:58,5,easy to use nice app,0
playstore,a8b247e9-a99c-4423-97f5-cdd517e9cb7f,2026-08-20T14:31:34,5,Nice app,0
playstore,63520e85-9907-4b26-9066-5503bc22c704,2026-08-20T14:27:16,4,very good 💯,0
playstore,58a11346-1c7c-43b4-b14c-62bcc7116ff5,2026-08-20T14:24:02,5,"Large Variety: Users like the wide range of clothing, beauty, and lifestyle brands. App Design: The interface is clean, smooth, and easy to navigate for browsing. Convenience: Many praise the simple return and exchange steps for correctly sized or non-defective items.",0
playstore,a70e8888-dd3a-4ae2-9df1-e142f1f2af49,2026-08-20T14:21:18,5,The cloths fit perfectly every time I order and the cloth quality is reasonable for the prices.,0
playstore,463bc455-6dfd-4eae-9447-bb1fbde29986,2026-08-20T14:18:52,1,i want return parcel but help support not working,0
playstore,8df438dc-939d-441a-b21e-ab1065736ba9,2026-08-20T14:18:16,4,nice app,0
playstore,46f5c073-6536-47a5-b344-14c695b1894c,2026-08-20T14:16:54,1,They cancelled my order without any notification.,0
playstore,9ea7e8cd-da45-4ec8-912f-da873e14055d,2026-08-20T14:15:47,5,Great shopping experience.,0
playstore,1bc1afc9-0deb-41e6-a018-cd61bc0ff434,2026-08-20T14:14:17,5,this app is so good,0
playstore,386eaae1-92ca-465b-87a3-7adcdf930299,2026-08-20T14:13:55,5,Nice,1
playstore,985c81ef-d29e-425f-9c40-939f124604d9,2026-08-20T14:12:19,5,love the app,0
playstore,62f956a6-8a0d-4ed0-8343-c43c2d6f4fbf,2026-08-20T14:11:32,1,one of the worst app time pe order deliver nahi karte aur na hi customer care agent baat krte hai taki problem resolve krein delivery ke 1-2 din phle hi order khud se cancel kr dete hai.... order deliver nhi karte hai delay show krte hai exchange me lagao toh bhi nhi deliver krte hai one of the worst app I have seen ever.... 👎👎👎👎itna worst hai ki 1 star rating bhi deserve nhi karta.....,0
playstore,9c4989a8-fd3f-4b82-bcfc-bae3380cd545,2026-08-20T14:10:36,5,Best Shopping Experience,0
playstore,c6f2348a-8642-4ab6-81c9-47b2698105b6,2026-08-20T14:10:18,5,Asowsam,0
playstore,ffaa6632-cf70-4d96-a01b-15f826c54572,2026-08-20T14:09:51,5,nice app,0
playstore,603342ac-c797-4347-933b-54788056c568,2026-08-20T14:09:18,5,good quality 👍,0
playstore,67763547-a53a-4636-99a5-e6586b731944,2026-08-20T14:08:38,5,so good,0
playstore,393e3f04-3740-4f7f-acab-9b2653ae356f,2026-08-20T14:07:23,5,excellent,0
playstore,ffbf7d70-5cec-4f6f-82f7-24fe007ab36e,2026-08-20T14:03:03,5,best app ✨,0
playstore,f4fee9d0-7da2-47f0-bfb0-6e6b4202276d,2026-08-20T13:57:31,5,good to be here easy and commited,0
playstore,a3dbe359-721e-4531-ac29-cbc5fbbb681b,2026-08-20T13:56:42,5,💯,0
playstore,fdd33aae-1c3a-4f36-b1be-deb7edabd40a,2026-08-20T13:51:41,5,nice,0
playstore,5a841ff6-9611-4954-9f3f-564ca8153db7,2026-08-20T13:49:43,4,excellent quality of the product and delivery is on time always.,0
playstore,5e75e25c-90eb-4197-a9b0-13a3d8424611,2026-08-20T13:48:07,4,gud,0
playstore,07ceee6f-95f4-42b8-bc66-ba8e8788ac3f,2026-08-20T13:47:20,5,amazing 😍😍,0
playstore,96f3b738-7e13-4618-8dc6-f7481b6bb494,2026-08-20T13:46:37,5,excellent,0
playstore,a59428cf-d57e-4f81-b523-daafa4769da6,2026-08-20T13:46:19,5,great,0
playstore,ead9a760-62ab-46aa-b811-dba04e4f829c,2026-08-20T13:44:04,5,best online shopping app,0
playstore,9bb0eba8-178c-40e8-81b8-f021e15eea7c,2026-08-20T13:43:15,5,nice 👍,0
playstore,6bfbeeba-0ac9-4aca-b04b-ed623ce0637f,2026-08-20T13:42:58,5,good app for online purchases,0
playstore,e9802017-ae18-4f1f-9185-4b8619218512,2026-08-20T13:42:01,5,Good for Shopping and having a nice collection,0
playstore,67abd38e-a484-458f-9510-7273246b1945,2026-08-20T13:40:52,5,good product delivered,0
playstore,6deb0abe-b1eb-4e79-9ca1-370c27b84547,2026-08-20T13:39:35,5,good,0
playstore,062c95de-a0b4-4c1f-b9ee-3daa535d7fee,2026-08-20T13:38:47,5,The clothes and other features or products are best and at good expense you can buy it and it has good and fast delivery,0
playstore,58d0499e-d84c-4ad9-9fb7-3e6054d9b4cf,2026-08-20T13:38:27,5,too great quality of clothes i got and also I love it,0
playstore,4b80bd07-fcc8-460b-907c-11c8f88b3ccc,2026-08-20T13:36:58,5,best product,0
playstore,fad1dfd1-f16b-49cb-96d5-259f2a446d8f,2026-08-20T13:33:01,5,🔥🔥,0
playstore,11df7392-ea90-48bb-a9f7-0b05277da3c1,2026-08-20T13:32:23,5,Very good products and time to delivered all,0
playstore,daff1e02-a1c2-4bea-bff6-113ec07d1e60,2026-08-20T13:30:27,5,nice,0
playstore,e5f4ff46-0f32-4a72-8e1e-ffb9498d8666,2026-08-20T13:28:21,5,good,0
playstore,9e1be2af-a3c2-4fb4-a84d-b96504804d7c,2026-08-20T13:27:51,5,good 💯😊,0
playstore,313ef8d8-4bc9-4542-8412-9aaef30bf761,2026-08-20T13:27:33,5,good,0
playstore,6db53c0d-178e-4fca-94b8-cb1e68b9ace5,2026-08-20T13:26:15,5,amazing,0
playstore,ddf73135-fc45-439f-8d20-d4cfbce44c00,2026-08-20T13:22:36,5,very good 👍🥰,0
playstore,a08cde0f-2f55-4f6c-8ca4-a4ee05039ca2,2026-08-20T13:19:10,1,worst clothing brand ever used. Every time I purchase something from sale in their application and especially the prepaid order they always send different brands and when you try to return these products they don't get returned and your money gets stuck. Firstly when this happened with me I thought it's just a misunderstanding but when it's done twice I got to know they try to clear their other company unsold product in the name of sale,0
playstore,fc2cdaef-f7e3-4bd5-89ab-8bfda82201b1,2026-08-20T13:17:58,5,best,0
playstore,2af62820-5a5b-44c3-885b-4d313db8f087,2026-08-20T13:13:10,5,easy delivery. easy return n refund but difficult to reach out customer care,0
playstore,e623a5ad-fd3d-461d-8a75-1e2647f87952,2026-08-20T13:12:56,5,Very good experience,0
playstore,83aebae2-b566-47e2-9960-ad0b06f85d78,2026-08-20T13:09:52,5,nice,0
playstore,11d40efb-ce27-405e-9df9-2cacdfd9b744,2026-08-20T13:06:06,1,it's so difficult to get the help of customer service.... pathetic app only good advertisement attract people zero responsibility of refund or any other help you can't get any customer service everything is ai,0
playstore,2ec6f141-45b3-4ddd-a22a-40ef66f4aa02,2026-08-20T13:05:13,5,best online shopping 🛍️ products we can get,0
playstore,72e174f2-e6e4-47bc-be13-4fbca769e158,2026-08-20T13:04:33,5,ok,0
playstore,315ddc28-c8ee-4081-a3d3-231e0d2fbfcd,2026-08-20T12:58:00,5,good,0
playstore,5ac51d8b-cdc3-4655-8a66-56e716951ff3,2026-08-20T12:51:46,5,quality is very good sabi p product woooo❤️,0
playstore,4ec1672b-a0ff-4de3-a7d2-aaa6f15cff44,2026-08-20T12:50:54,5,product quality is very good,0
playstore,87bb774d-dfb5-4d21-807d-18e3877ebc80,2026-08-20T12:47:39,4,no time cross,0
playstore,ef997132-f605-4e5d-b794-da0bc672562f,2026-08-20T12:46:05,5,Good,1
playstore,240eafdb-262f-4a42-8124-8dec21c288b0,2026-08-20T12:45:43,1,"worst customer service and support, I have ordered a product and it was cancelled after unsuccessful delivery after 10 days ordered it again and same issue. when you call the customer service they simply say we have generated a complaint, it will be resolved soon and that never happens.",0
playstore,145918f8-a29d-4ba0-98f0-59c402d87254,2026-08-20T12:43:53,1,worst dilevery experience every single time,0
playstore,a568dfbb-64aa-4b7c-b2e9-8e93ec3c222f,2026-08-20T12:38:40,5,very nice,0
playstore,d3196c1d-481f-4f3d-9fab-7a97fbcf10da,2026-08-20T12:37:32,1,"I installed Myntra and ordered 3 items. the first item had an offer from myntra. and they cancelled it saying lost in transit. and the second item is delayed. and the customer care neven picks the call, only AI takes the call. never using myntra again",0
playstore,10bb2bec-b85b-4c0f-ac63-2547d64f2e09,2026-08-20T12:35:04,5,One of the best app for fashion and clothing,0
playstore,460a05c7-52ac-4827-abec-ed6859a66d75,2026-08-20T12:30:15,2,fix exchange problem,0
playstore,c2da4239-caf8-45ad-a039-b31211d2abf9,2026-08-20T12:28:13,5,great app..evrything is good in this app..I used this app already 12 to 14 years ago..n still I used,0
playstore,b83e45ee-2d48-421b-a718-04c2cbbff63e,2026-08-20T12:25:48,5,Great Marketing App,0
playstore,dca399f9-d9f1-48dd-894f-c3bce4212df4,2026-08-20T12:23:42,5,good,0
playstore,228b207c-222a-4a1e-9f0a-bbf98ef8be03,2026-08-20T12:23:00,5,awesome experience with delivery and service,0
playstore,c19881c1-1b29-4675-99ee-f9284a962338,2026-08-20T12:22:42,3,This app is good but sometimes it delivered wrong item,0
playstore,d5c3a602-6e56-4f3d-a282-f5afc3300bee,2026-08-20T12:21:43,5,good,0
playstore,93b3a6be-d026-4e4c-b174-2f284ade9e73,2026-08-20T12:21:19,5,Nice app good purchases and offers,0
playstore,2cfe9fde-7b54-4d68-b98c-2de9c55e8d71,2026-08-20T12:19:51,5,nice experience,0
playstore,d1612d9f-cc27-4f83-b201-805d7669d952,2026-08-20T12:18:40,1,ok,0
playstore,160fa1a0-a135-4166-8009-03470c406a80,2026-08-20T12:18:35,5,This anti aging retinol cream by dot and key is a game changer...it truly creates magic on your skin.,0
playstore,32bceb4c-4337-464b-9ac6-da7e5e722b17,2026-08-20T12:18:17,5,I love this app delivery was fast and easy to order,0
playstore,57ec7ebe-5282-484d-9207-ebe9c83c9a04,2026-08-20T12:17:30,5,Quality is too good,0
playstore,9cdc8088-00eb-4108-ad78-8d8b354744d3,2026-08-20T12:17:18,5,Good quality product,0
playstore,96ced38e-4e9b-4045-954e-f29ca0cdd3cb,2026-08-20T12:16:20,5,it's good app ! worth it and great quality of clothes ! best app !,0
playstore,c0ae817e-d8ec-4934-9632-342a9c6e200c,2026-08-20T12:14:24,1,bht hi bkwas app h koi bhi kuch purchase na kre mne top order kiya tha size exchange kiya to deliver boy dekh kr chle gya or exchange kiya hi nhi date bda di or aj cansel kr diya exchange isse ghtiya shoping app mne aj tk nhi dekha logo k paise khrb krte h ab m jo size muje ata hi nhi kya kru uska ase app ki wjh se online shoping pr se trust break ho jta h mera to yhi khna h sb logo se apne paise is app pr khrb na kre ye log scram kr rh h bht hi bura experience rh mera to 😞😞😞😞😞😞😞😫😫😫😡,0
playstore,305446a9-da05-4aef-bd2c-88153270aa5a,2026-08-20T12:13:02,5,thank you,0
playstore,ba6424dd-92ee-4ea1-8dc9-e3777442e6d6,2026-08-20T12:08:53,5,good 👍,0
playstore,7481fe2f-0b9c-4818-9c21-d931a1670861,2026-08-20T12:08:26,1,"The customer service centre and their commission, techniques for problem solving are very very bad. assistants are indifferent to solve the problem.",0
playstore,03070cfd-a27d-401b-b5e8-ca5dfc115963,2026-08-20T12:07:04,5,This app is one of the best online shopping apps,0
playstore,61a12c76-85c3-4e9c-899b-ac3e6a7c16ce,2026-08-20T12:06:48,5,good quality,0
playstore,0433f491-d5ca-413e-a9fe-5c9724e08207,2026-08-20T12:05:33,1,"Myntra UGC Program Needs Attention I am a genuine creator in the Myntra Ultimate Glam Clan. I want to highlight a serious issue. There are Telegram groups with 700-800 members running in the name of Myntra UGC. In these groups, people pin their product IDs and force others to do fake clicks on each other's links. Many other unfair activities are also happening there. This is completely wrong and demotivating for genuine creators who create real content. I request the Myntra team to please look",0
playstore,0ae742c9-5eb1-4e6a-b2ed-45604caaf53d,2026-08-20T12:04:40,4,very good. delivery in time,0
playstore,23d0d214-0047-471b-98ca-a9ee8578c91f,2026-08-20T12:03:15,5,good product good service,0
playstore,f7e09633-2727-4b19-83bc-2da8af7cda09,2026-08-20T11:57:11,5,good,0
playstore,833dbf36-7a60-4a23-85bc-c29dd2abfaf7,2026-08-20T11:53:28,5,very good,0
playstore,ef12e40c-f1b7-4496-8acc-e38307c8f54e,2026-08-20T11:53:25,5,just wow,0
playstore,3df7c43b-4b53-4bdb-83c8-1ae4fceca9e5,2026-08-20T11:52:38,5,fabulous,0
playstore,6e38bef9-c907-4667-88c1-aafe40eef754,2026-08-20T11:49:45,5,👍,0
playstore,3704f469-0fad-44fe-a1f9-d1e3fd9fd92b,2026-08-20T11:49:05,5,"the quality of products are excellent, atleast which I bought. the only reason using Myntra is quality.",0
playstore,02c3f85e-1fc0-4eb8-b0d8-5d879d367053,2026-08-20T11:47:10,5,best aap,0
playstore,31c021cb-ca18-4f30-926e-5365960915d9,2026-08-20T11:46:58,5,💕,0
playstore,92342ce3-4643-4910-b7ac-309dec43de01,2026-08-20T11:46:37,5,Myntra offers good collection of dresses and other items at good prices. Customer service also good.,0
playstore,e9dc2d75-d0d8-4314-addd-5e1144201d9f,2026-08-20T11:46:22,4,👍,0
playstore,864f1282-6f88-46e5-98a4-85601cd7f679,2026-08-20T11:45:31,5,nice service,0
playstore,fee7b106-7d9a-46a5-8d9d-90e67b2f1d77,2026-08-20T11:44:08,5,"Absolutely loved my experience with this shopping app! 🛍️✨ The app is easy to use, the product variety is amazing, and the ordering process is smooth and hassle-free. The products arrived on time, were well-packaged, and matched the descriptions perfectly. The quality was also really good for the price. Overall, a reliable and convenient shopping app with great service. Highly recommended! ⭐⭐⭐⭐⭐",0
playstore,74bf1dbf-bc39-4772-b6ce-8db14b611b7e,2026-08-20T11:41:33,5,very best app box best rakhi best,0
playstore,c612a73a-3ff6-4e45-9269-0869d40e16eb,2026-08-20T11:39:08,5,amazing,0
playstore,487fc767-91bf-45c9-9e74-7713584dfba4,2026-08-20T11:37:36,5,just awesome app💕,0
playstore,5d59c89f-1f17-483b-8a37-b8aa3d2225a8,2026-08-20T11:33:51,5,nice,0
playstore,5d5ad139-44ba-45ad-82e9-00abd7560b65,2026-08-20T11:32:32,5,I really love this app... It really saves my money and gives some really nice and variety of options to choose from,0
playstore,043f5e97-a554-4150-9cbf-adc2db9f6e3a,2026-08-20T11:30:47,4,Quality of products are really nice,0
playstore,1110eb1f-ee3f-4e91-a0df-1726584f56e5,2026-08-20T11:30:03,5,amazing incredible Myntra,0
playstore,30dfd566-fc0f-441e-81ee-0347ca1f493e,2026-08-20T11:29:49,5,nice,0
playstore,3aa0dea0-189b-4769-b48e-b734f8658a7a,2026-08-20T11:26:13,4,"As a myntra user I have purchased many things from this app , and I can surely say this is best and better than other apps. the order is the same as shown . if u are looking for an affordable and best product u can go with myntra.",0
playstore,fda2da5f-0b57-43f1-a18a-9d47bc5abec4,2026-08-20T11:24:08,5,"They sent me a different product instead of the product I ordered,they did pick it up but then refused to give refund, I have undergone a loss of 4000 rupees.extremely disppointing customer care and disgusting!!!!",0
playstore,77f2d62e-989f-4e4c-a037-d6d1c7d28fdf,2026-08-20T11:23:46,5,very good quality,0
playstore,8d2eac29-c43c-4b47-bcd8-e00bc0501d0a,2026-08-20T11:23:27,5,it's always good,0
playstore,ef2c27ca-4f5d-4360-8619-546e974e482e,2026-08-20T11:21:18,1,very bad experience with recent order received wrong product with poor fitting nobody responds on help center from app,0
playstore,95c28513-8a11-4e15-aa84-dff54df6274a,2026-08-20T11:20:01,4,good.,0
playstore,35daf577-c2a0-4d46-bcbc-cec6da6413bf,2026-08-20T11:17:58,5,"“Such a great app to find stylish and trendy new collections, with fast delivery!” ✨",0
playstore,f1ec983a-de86-469d-b385-1853fe620d0f,2026-08-20T11:17:37,5,nice,0
playstore,af0c9793-e769-4c06-82de-7cc2934f9305,2026-08-20T11:17:24,5,"good quality products,very supportive community",0
playstore,bb3386df-0d3f-4cb7-a596-ae015bb9f46c,2026-08-20T11:13:24,1,"about 90% of the reviews in the app are paid, dont trust reviews of the product, they gave myncash if you write positive reviews of the product in the app, and if you wrote negative reviews about the product, they hold your review",0
playstore,9de78f72-9446-4551-89cb-23857176afec,2026-08-20T11:10:24,5,best Quality 👌 👍,0
playstore,140c2031-0b91-46bb-b3f7-94954abc962d,2026-08-20T11:08:54,5,good,0
playstore,ce0dc05d-7328-4332-b957-20c17af7eea6,2026-08-20T11:07:24,5,awesome,0
playstore,91bda63b-32bc-4adc-a6f2-570a8adbc66d,2026-08-20T11:06:44,5,amazing 😍🤩,0
playstore,bf1bb541-8595-410f-8f17-61f8e48a2b61,2026-08-20T11:05:27,5,it provides good quality products mostly,0
playstore,503add09-3bc1-4554-bf67-50316998a4d4,2026-08-20T11:05:22,5,very good 👍,0
playstore,91b367d4-caae-48f0-b07a-23320cf0d991,2026-08-20T11:04:48,5,Rate and quality material Outstanding,0
playstore,4612af9f-21a2-4c0d-a83a-60634599461c,2026-08-20T11:02:08,1,bakwas hain,0
playstore,fa7a7fdd-c800-49aa-a5ba-07f4282601a9,2026-08-20T10:59:27,5,Best Shopping app 💟 Great deals at low prices,0
playstore,0d3c6bc7-6db2-4e10-bf93-4cd847e16df5,2026-08-20T10:57:43,5,Good,0
playstore,194520d3-1145-45a2-9957-e477560d2974,2026-08-20T10:56:39,5,good,0
playstore,940e9500-e3e0-4e4c-94df-4f793e35fe41,2026-08-20T10:56:32,5,BHOT HI ACHHI T-SHIRT HAI TRY KR SAKTE HO,0
playstore,0c5e6761-8c7b-4bbd-bfd7-8e34ff12db83,2026-08-20T10:54:52,1,worst customer service,0
playstore,4eb4c93d-269f-40fb-b58d-c9d6e0c9621d,2026-08-20T10:52:30,1,worst customer service....they are not responding properly also,0
playstore,ef2ba812-0666-4107-a085-0adbb9efdb57,2026-08-20T10:51:55,4,good,0
playstore,4a0ea59c-aba0-4543-85fb-88305bb84b88,2026-08-20T10:51:20,5,great Product,0
playstore,5172300d-40ae-4831-a7e0-b66ce0f9adca,2026-08-20T10:46:17,4,"Range of products are really good and with best quality, only problem sometimes I face is about delivery, there is uncertain delay. Rest all is perfect.",0
playstore,2e5d55e4-f3a1-454e-97bd-2944626ba12d,2026-08-20T10:43:58,1,never order any product from this app it's totally scam they show another picture and give us different products it's my first order and they gave me different product,0
playstore,30b5c2a8-126f-4a6c-bf52-383f0473ee55,2026-08-20T10:43:55,1,very bad service,0
playstore,33ea1d37-7bc5-488d-97f5-a67991cb0cea,2026-08-20T10:42:52,4,excellent shopping app 🛍️,0
playstore,1c8bf041-8da1-4d93-ab7c-d14f15978169,2026-08-20T10:41:16,5,Best place to grab trending clothes 💥,0
playstore,3418cfbe-2c5f-4a83-bcf3-9fcc17b07e10,2026-08-20T10:39:11,5,nice app,0
playstore,4f4ced68-e9be-4011-b510-5e86d8ff35f5,2026-08-20T10:32:32,1,"Recently had an issue the delivery guy has charged doubled the amount for the order,as we were not at home so transferred the amount as informed by him as it was a multiple order so that the other items would have also been delivered but nothing as such happened when checked. Raised multiple complaint but never received any resolution always issue closed saying no extra amount charged..I have submitted all proofs from my end and expect the same from your end but they say they can't share.-Fraud",1
playstore,ff9ff2ad-85be-4630-a882-c57bec04e85f,2026-08-20T10:31:59,5,I got the best product always.The quality of the clothes they provide is quite good if u buy the company product,0
playstore,a5c0e6a2-e9ba-4819-a47f-5212cc6c85a0,2026-08-20T10:27:12,5,"Myntra is one of the best shopping apps for fashion and lifestyle products. The app is easy to use, has a great variety of products, and the ordering and delivery experience has been smooth. Overall, a very convenient and reliable shopping experience. Highly recommended! 👍",0
playstore,dad62466-654a-4160-b276-f3a849dae961,2026-08-20T10:27:09,5,very good and affordable website,0
playstore,98cbdd56-bdcb-4990-bdab-f1389cf9d505,2026-08-20T10:26:36,5,this app is for me very well to get products usefull nd under to pocket money,0
playstore,16390b64-ec2a-4dcd-b492-85d86cb83ffc,2026-08-20T10:23:29,1,i received very old bottle without proper sealed very unsatisfying with the service,0
playstore,e02dbaa8-9dcd-42ba-8950-bbe798e0c6f4,2026-08-20T10:17:54,5,good,0
playstore,d8b7a69d-92bf-4270-b530-ec9123d8bd8d,2026-08-20T10:17:47,5,vgood,0
playstore,d8b36504-403d-4912-b74d-ae4a60e03691,2026-08-20T10:16:13,5,amazing experience,0
playstore,e0a60ab4-3ced-4c33-b0e4-3aa97963b2d4,2026-08-20T10:13:32,5,super,1
playstore,d9f084e2-a827-4a47-9cdb-c9d8f379bba3,2026-08-20T10:13:11,5,🤝,0
playstore,74cd91b8-27fd-4a1b-a223-35a44b2dda31,2026-08-20T10:11:32,5,amazingggg best app...amazing quality,0
playstore,d1239c76-0973-429c-9792-e089dfe4cafd,2026-08-20T10:10:58,5,NAYA ACCOUNT BANAKE SASTE KAPDE LE SAKTE HO BEST CLOTH SHOPPING APP HAI BHAI,0
playstore,8b13a674-91c7-4442-9729-f1c3a5acb9ba,2026-08-20T10:06:48,5,outstanding 👍🏻,0
playstore,9d4a7176-8298-4be5-ba55-b4899b136a1f,2026-08-20T10:05:14,5,"Myntra is one of the best shopping apps for fashion and lifestyle products. The app is easy to use, has a great variety of products, and the delivery is usually fast. Product quality and packaging are also good. Overall, I’ve had a smooth and satisfying shopping experience with Myntra. Highly recommended! 🛍️✨",0
playstore,c23c0f32-67f6-41d0-97be-87281fe7770b,2026-08-20T10:00:00,5,very good app thanks for my held,0
playstore,88daaab8-034c-49fd-9319-28e53ba55725,2026-08-20T09:59:44,5,super app,0
playstore,42d5a2a1-988c-47b2-ae66-11ec190de57d,2026-08-20T09:59:39,5,delivery of myntra is very fast and appropriate,0
playstore,2278415b-89ec-4a2b-a2c4-4690038c0604,2026-08-20T09:59:01,4,good app for shopping 🛍,0
playstore,1c47b32d-7da2-4783-a726-d928b9dfc453,2026-08-20T09:58:30,5,Good,0
playstore,feba7bd6-36ff-4c9f-9ff3-1cc30af8fb29,2026-08-20T09:56:30,5,good experience,0
playstore,7ef34599-d2bc-4082-b30f-75c204b4a19e,2026-08-20T09:55:01,4,good👍,0
playstore,93e1c3f2-049c-4ed6-b4a5-067e93c90877,2026-08-20T09:53:36,5,very fast service and good quality,0
playstore,d70f968c-edbc-4dc7-9374-e004ede1a42c,2026-08-20T09:51:07,4,"Myntra ka interface bahut smooth hai aur ispar kapdon ke latest trends aasani se mil jaate hain. Delivery aur size guides bhi kaafi acche hain, isliye ye shopping ke liye mera favorite app hai.""",0
playstore,8e7a3ab0-50ae-41ec-86b2-ccd461f89019,2026-08-20T09:50:33,5,good 👍👍👍,0
playstore,5f8be56a-9fad-4156-bce4-34b45ada0dbb,2026-08-20T09:49:23,5,Worst experience with the last few orders and returns. Fraud and fake messages about the delivery attempt while no delivery attempt was actually made. Wrong number given as delivery agent number. Return requests withheld for months for no reason. And even worse is no help from the help centre. No call back or any attempt to help. Myntra was good before but now its going to dogs.,0
playstore,22783794-1817-4876-9dd4-5513cfde1e21,2026-08-20T09:45:37,5,It feels great to shop here. All the products of Myntra are number 1.,0
playstore,2f024f47-de38-492b-b43f-09fb458f6576,2026-08-20T09:42:16,5,very good myntra best aap,0
playstore,c5eba586-fc02-4140-ae1b-81ca18f74455,2026-08-20T09:38:57,5,good,0
playstore,3c51c7ca-3c49-4dda-aef0-2ae1e14fb1c4,2026-08-20T09:38:11,5,osom,0
playstore,cd74cd05-df0e-4909-af87-93ec960cf052,2026-08-20T09:36:44,5,gooddd,0
playstore,cedcc52a-b439-4a2d-a707-5c5573559e5d,2026-08-20T09:33:49,1,"I logged into Myntra for the first time after seeing an advertisement, and right off the bat, I received a product that looked like it had come straight out of a trial room—it was in terrible condition. The help desk was useless and offered no assistance; Flipkart and Amazon are definitely the better options.",0
playstore,e876d1e1-3c0e-4b2c-984f-11f7d6cdcb0c,2026-08-20T09:30:06,5,nice app,0
playstore,6447a4f0-a84c-483c-934e-3e7234358b4c,2026-08-20T09:25:20,5,trusted product,0
playstore,95560ec6-6d31-485f-bcb9-c0e68473207d,2026-08-20T09:24:13,1,"i ordered green colour kurtha set but I received pink colour short blouse type sleeveless western top. don't trust anyone myntra they are waste.waste of Time waste of money. I loss 580rs, the supportive team choose option only their side concern our side no one examine.pls don't trust myntra don't buy anyone .I send openning time videos and pics they not trust then how to prove our side concern .cheating 🤦",0
playstore,34a7bbb7-3963-4f34-bb27-a54434f7c25a,2026-08-20T09:20:17,5,good,0
playstore,a058cd58-d8a8-4d87-a1dc-3e4af4aebcec,2026-08-20T09:16:18,4,preety good,0
playstore,4fe2158c-4da0-4011-9f6c-3efa059d75a6,2026-08-20T09:14:00,5,excellent,0
playstore,b4f4e0e5-24d5-429b-b474-5dd702c025d5,2026-08-20T09:08:42,1,"Myntra is a terrible and completely unreliable app. I have faced issues twice. The first time, I returned a product but never received my refund. The second time, they delivered the wrong product and are now refusing both a replacement and a return. This feels like outright cheating and extremely poor customer service. I have completely lost trust in Myntra and will never use this app again. Customers, please be very careful before ordering!",0
playstore,cf5cc0c1-66ea-45e7-b1ac-fcfa419b02ca,2026-08-20T09:03:33,5,👍🏻,0
playstore,1079ef15-d132-446f-80c3-5ae531d25b0f,2026-08-20T09:03:10,5,good for shopping,0
playstore,3e99cb97-e48e-4414-93eb-d9a43c200fd6,2026-08-20T09:01:19,5,great app👍,0
playstore,2c1a8329-f5ad-4ce8-bebb-b80672f268ce,2026-08-20T09:00:35,5,good quality,0
playstore,fc8814e0-2352-47e4-915c-dd8cf069724a,2026-08-20T08:58:02,5,good,0
playstore,86c55fee-15c0-4ba9-993f-f520ece19fd1,2026-08-20T08:50:40,5,this app is best for online shopping because this app gives you reward in form of cash and many biggest offer,0
playstore,bd734e1c-cbc8-4bcd-ae1b-54fb9394c90a,2026-08-20T08:50:28,1,Really I am disappointed with the delivery experience always late than the date mentioned all my recent orders were cancelled I had to order again.. 😑,0
playstore,5e584e45-2cdd-44d8-a181-149cb210e756,2026-08-20T08:44:04,4,nice,0
playstore,e072a926-8c53-4827-afd7-6fa65e4ad326,2026-08-20T08:41:15,5,Great 💞🌏🌏🌏,0
playstore,a164f570-315d-4040-805d-8e175a83ccca,2026-08-20T08:40:38,4,good online shoping palet from,0
playstore,7090ef74-b6b2-4c93-9a89-f647d3ad8a69,2026-08-20T08:37:16,5,product quality is good,0
playstore,4c611d53-09cf-41b2-ae01-aacd2ef69abc,2026-08-20T08:36:19,5,great,0
playstore,d4ceaba2-d2c0-441f-917e-63fb8f84f087,2026-08-20T08:34:40,5,my favourite app,0
playstore,3a8eeae4-e347-4ea3-893d-4b664742d9bb,2026-08-20T08:34:20,5,Very convenient app for shopping,0
playstore,3c6cc0ca-7401-4133-b23e-0ad4b1bcff58,2026-08-20T08:33:23,5,woww,0
playstore,e4e8310e-4e23-4455-b590-9e541537a72f,2026-08-20T08:29:36,5,fast and responsive,0
playstore,aa111448-490a-4109-bc52-65556dfbf2f5,2026-08-20T08:29:07,5,good,0
playstore,2b78dea7-c69c-4db7-b2b1-8e88d50ca221,2026-08-20T08:27:12,5,Nice,0
playstore,c0315a04-ee55-4914-9a71-fa47898581a4,2026-08-20T08:25:37,5,Best,0
playstore,bf5f6201-e702-4260-8b62-af34d74b8a30,2026-08-20T08:24:27,5,using from years...getting great discounts on every purchase on the big brands...shopping is so easy now,0
playstore,ea26a31d-8305-4257-bc4f-af4e21ccbd74,2026-08-20T08:23:02,5,great !,0
playstore,dbeb5323-6a36-4d58-a895-c7373220c157,2026-08-20T08:22:12,5,I always like myntra. That's all.,0
playstore,8947589c-892e-4b46-b688-a1d77db2de35,2026-08-20T08:20:43,5,one of the best shopping site in India fast delivery 🚚 and quality products,0
playstore,2b83e898-a7f4-4ff4-acc0-aca4dca4a143,2026-08-20T08:19:46,1,"Very disappointing experience with Myntra. My order was expected to arrive on August 17, but it was not delivered. I requested cancellation on the same day, but even after 2–3 days, it is still showing “Cancellation Requested/Processing.” I have not received my refund either. If the order had been delivered on time, there would be no issue. But the delivery date has passed, the product is still undelivered, and my refund is also pending. Please resolve this quickly.",1
playstore,96f12653-581c-41bf-a110-b513f5373cdf,2026-08-20T08:18:48,5,this app is good.,0
playstore,352ada10-8499-4f78-9ddb-0d33fec3557e,2026-08-20T08:18:43,5,"Great collection of top brands, trendy styles, and genuine quality products.",0
playstore,9ffcbab7-e3c4-4a4e-9216-7babdaca4488,2026-08-20T08:13:59,5,good app for fashion,0
playstore,f93122d6-8422-4e93-988d-ab4a6eb2cb45,2026-08-20T08:12:49,5,product quality are good,0
playstore,8f389b9f-fb5c-4ee9-ae09-2414cd1556fd,2026-08-20T08:00:23,5,100% original products,0
playstore,8bc9d460-728a-462b-bf7a-0c84e67a10b7,2026-08-20T07:58:07,5,this product is amazing 🤩,0
playstore,d793478c-067c-47ad-a581-6087f415798f,2026-08-20T07:53:30,5,good.,0
playstore,0632ddd7-7a92-4d77-ba44-32d1fe1bea54,2026-08-20T07:53:13,5,I’ve had a really good experience shopping on Myntra. The products usually look just like they do in the pictures,0
playstore,a88eccbd-4824-426b-837f-edc51a24cbed,2026-08-20T07:40:07,3,"In my myntra app , doesn't show spin option to get myntra cash.Please solve this problem!",0
playstore,e901aa6b-7e6d-4855-ad6e-439a7c0692d3,2026-08-20T07:33:17,5,great shopping experience,0
playstore,4e704263-53e1-4e6d-bdc0-364f5b81708e,2026-08-20T07:13:52,5,best product,0
playstore,05e69414-d247-40f2-83ce-19f5bcede717,2026-08-20T07:10:37,5,purchasing experience with myntra is nice,0
playstore,5b803897-4565-4cb6-9fcc-dd4ddae98192,2026-08-20T07:09:21,5,best but price high,0
playstore,f3394f69-fa31-4c1d-b2e4-7ef3de12e33e,2026-08-20T07:06:24,5,awesome discount,0
playstore,38c9bdb7-c975-4520-bfdb-8c2c2d4771e1,2026-08-20T06:54:20,1,"Zero star option isn't available, delivery attempt was never made and got that delivery attempt failed message. Raised an issue but always bot replies and when called no one picks the call. delivery agent number given but always got declined. Never order from this app they only give fake hopes for early delivery . Worst app ever",0
playstore,c09d4fe2-d223-422c-96f6-7bf8561a3ede,2026-08-20T06:46:18,5,awesome app and we get instant delivery on time. quality also good.,0
playstore,4cb1601e-52d0-4f05-bb41-2b82c11d44a1,2026-08-20T06:38:51,5,love the app,0
playstore,a30e70d3-ee2b-4b27-9afa-583bb9064c70,2026-08-20T06:38:01,5,most trusted app,0
playstore,004030d7-c43b-4568-8b83-9859a9c6bde0,2026-08-20T06:37:01,5,Best product ever....,0
playstore,a446f308-9f17-4dee-a360-6ddc68f13395,2026-08-20T06:34:44,5,very much better clothes and cloths fabric in minimum price,0
playstore,1613d0ab-7c03-4d7f-8b69-5d192ab83100,2026-08-20T06:31:51,5,wow,0
playstore,283470a5-a0f3-43fc-a0b0-6935ce2a71d5,2026-08-20T06:29:27,5,bahut achaa kapda Hai colour bhi badiya hai,0
playstore,a08eb0a1-3d82-4e22-b957-a366ca26b4b1,2026-08-20T06:29:25,3,Good,0
playstore,1bf293bc-3ae1-4325-a21a-0b3c39553fad,2026-08-20T06:25:05,5,awesome app,0
playstore,e7fce6a3-873b-45a2-a0b5-f6ba98317e8d,2026-08-20T05:58:28,5,deliver as it shows in the app,0
playstore,01652300-0422-4c54-a3d7-681375078314,2026-08-20T05:53:33,5,very good service,0
playstore,cd7397fd-81f1-4fc7-a0e1-842e682cd5db,2026-08-20T05:25:37,5,nice,0
playstore,3470746d-74cd-4c9b-872d-a28da4def7b2,2026-08-20T05:17:52,5,very good,0
playstore,8b89cea1-c9ba-48f5-959a-bef1986c2b1f,2026-08-20T04:25:13,5,Fantastic shopping app,0
playstore,54ae5bc0-b862-4978-90e2-4b61f4650cf3,2026-08-20T03:31:56,5,best app to shop...,0
playstore,fa9862cf-0d20-42fa-8348-4b3c30d58455,2026-08-20T02:30:57,5,myntra is best online purchase platform it's a very good site and many offers and discounts provided by myntra .,0
playstore,81d92fde-2c46-4120-b7fa-18ba1362314e,2026-08-20T02:23:48,5,superb quality,0
playstore,67781d72-cb70-420f-aa5e-1044869c6d43,2026-08-20T02:12:15,5,I was thinking the product will not be good but after using product from myntra i don't think so my money were wasted,0
playstore,313f719b-76ff-4d33-a462-50c1e13ad1bb,2026-08-20T02:09:51,5,best plateform to buy all products,0
playstore,99b3adaa-47a5-4966-b5d6-fad8e7955730,2026-08-20T01:48:43,5,"Satisfying experience..... Had a really good experience shopping from Myntra. The products were genuine, well-packed, and delivered on time. The overall shopping experience was smooth and hassle free, with plenty of options to choose from. Definitely a reliable platform for online shopping!",0
playstore,e0bb70fc-fc57-41c6-a50a-cdf5aa681edd,2026-08-20T01:38:17,1,"worst app ever , my order has been delayed by 10 days and is still in arriving they don't under stand the value of costomer someone can have emergency . I'm never gonna use thi app now and not gonna recommend any one else to order from here 😒",0
playstore,b8835e94-fe31-4230-90b4-ad3e985bfb32,2026-08-20T01:37:07,5,very good online app,0
playstore,dd06c51c-fa15-4950-9195-b725064f3146,2026-08-20T01:28:27,5,very good,0
playstore,cbe6adaf-4871-4103-975b-c49d1ca68cb0,2026-08-20T01:24:57,5,we always receive good quality products by myntra and always receive on time,0
playstore,0ffd7dd6-4bf5-4fca-a286-6dc7784528b5,2026-08-20T01:21:35,5,Good,0
playstore,c2d5bd8d-cca3-4510-9151-a2e0cec299ed,2026-08-20T01:21:01,5,best for new collection,0
playstore,b4209d66-f8eb-4d46-8ecd-de1592232f8f,2026-08-20T01:18:23,5,awesome,0
playstore,8fe4113b-3553-4b84-a55f-feadf8c82dfc,2026-08-20T01:17:48,5,very nice 👍🏻,0
playstore,3eeef85a-683f-4a7d-bbfa-54f164a0db28,2026-08-20T01:07:44,1,horrible...... once it was a great app /website for shopping now it became one of the worst than worst .... delivery is always delayed that too weeks from the actual date of delivery or delivery is cancelled automatically.... horrible service..not recommended.,0
playstore,227754c1-6248-4d60-b435-2af9d0a4a48c,2026-08-20T01:07:43,5,"I found myntra OG , here , can get original products of almost 90 % of the brands",0
playstore,ac7b85ab-2431-4a77-aa0a-37ba99c06c1d,2026-08-20T01:06:47,5,good app,0
playstore,e8f97f7e-7979-4a3e-9045-e37e21ace29b,2026-08-20T01:04:28,5,superb app best quality and affordable,0
playstore,b5c66939-8425-4f71-ba8a-3fc61b44b9e9,2026-08-20T01:01:21,2,my account why deactivated iam not login by last two days please clarify problem myntra team,0
playstore,be691d54-51d5-4ad8-aca6-fa4b66c85d80,2026-08-20T01:00:45,5,good,0
playstore,3bc352a3-3a76-45f1-93a8-f805386556ef,2026-08-20T00:55:32,5,I have ordered 3 items till now and all of that are same as I ordered. good experience so far,0
playstore,bd175d53-37c8-4ee9-b3db-fc7c308bb42d,2026-08-20T00:50:07,5,good app,0
playstore,4790b5ef-c28d-4cf8-bcd3-3f939eca2b24,2026-08-20T00:44:11,5,great service 🥂,0
playstore,f2da281c-72b4-46fc-91a3-55c86c0962f0,2026-08-20T00:38:28,5,Best Plateform for shopping,0
playstore,3dc5cee4-ab3b-4b0e-87df-6ba844ffc076,2026-08-20T00:37:18,5,best shoping app🥰🥰🥰,0
playstore,28576271-678c-4c83-9bc6-34717252887a,2026-08-20T00:32:58,5,🥳🥳 acch h,0
playstore,7d65c676-3764-4d7d-8526-457d3d8a9b92,2026-08-20T00:31:58,1,Fake working in myntra case,0
playstore,20942d15-23a0-4192-b7b5-c191327edf4a,2026-08-20T00:31:40,5,nice,0
playstore,b4e82f02-0f49-4785-acd6-52eceab5b01e,2026-08-20T00:24:47,5,nic,0
playstore,036e72a5-42ab-4590-8354-34df2b808eb6,2026-08-20T00:22:35,5,🥰❤️,0
playstore,62803acf-ba1c-43f1-b300-561e607d9e2d,2026-08-20T00:22:25,5,VERY good,0
playstore,b5bcbfc0-a5f1-4a26-8d50-aad34726d8ba,2026-08-20T00:19:50,5,one stop solution for your life needs,0
playstore,0694ad79-bf5b-4485-9165-e81263663841,2026-08-20T00:11:45,5,amazing app,0
playstore,48310054-6034-458a-8213-11a45975dc6b,2026-08-20T00:11:43,5,❤️,0
playstore,63a6c755-bed1-4d32-879a-827641815106,2026-08-20T00:10:08,5,nice,0
playstore,5f493b95-b719-4151-a50a-da98a015c207,2026-08-20T00:07:44,4,great,0
playstore,8dad79d5-3a43-4226-be24-a8b6af58f2d8,2026-08-20T00:06:52,5,nice,0
playstore,036ea8c5-6599-421d-9322-29067e7b341e,2026-08-20T00:05:49,5,good 😊,0
playstore,1228bc47-fc1b-44be-aad5-84bcc2743138,2026-08-20T00:05:40,5,good and best online shopping 🛍,0
playstore,14e82bca-7686-4198-9533-767d7103b2bd,2026-08-20T00:04:38,4,good quality and better to shoping,0
playstore,cf3d231c-9768-490a-8090-92b2c0a1fea4,2026-08-20T00:03:34,3,good,0
playstore,aad5e5a1-d68e-46d5-a5be-e5af48b3e697,2026-08-20T00:00:37,5,very nice,0
playstore,0c812323-b98a-44b8-aada-9205273a93fa,2026-08-19T23:57:49,5,good,0
playstore,2aab05ff-5804-4ef1-b2dd-24e6d6a76cab,2026-08-19T23:57:01,5,excellent product with offers,0
playstore,13e42e52-ddc7-4ef0-9cce-09256f58ac28,2026-08-19T23:51:21,5,"Has great quality of clothes and Great collection, love it",0
playstore,82d26817-2a1a-4ad2-9970-436ddc8b4910,2026-08-19T23:49:44,5,osm,0
playstore,bd2a93bd-f136-4d95-937c-e05849d9adbb,2026-08-19T23:46:41,5,it's amazing,0
playstore,11fc822e-9054-46b1-aaf3-7dc8a593f110,2026-08-19T23:45:53,5,best,0
playstore,92973e72-8d1b-4677-9e4d-48034c428815,2026-08-19T23:45:38,5,"myntra product quality original A1,and paking just wow",0
playstore,93d834bd-4f19-4cb9-bf18-4ab8506fa1e4,2026-08-19T23:43:37,5,Very nice 👍...,0
playstore,5973ede2-38dc-4d6f-ac9b-d1f6977c42d0,2026-08-19T23:39:19,5,Very easy to use and quality of the product is very good,0
playstore,49362885-d63d-4836-8060-0be8b2c4a831,2026-08-19T23:37:57,5,bestest,0
playstore,32f45751-6604-4b57-89ff-a6ee52825769,2026-08-19T23:34:16,5,trusted online aap myntra quality very best & branded original item 👌,0
playstore,701a5197-6933-489b-91e9-9d7bdb3f7dce,2026-08-19T23:32:09,5,Good App that sells genuine products Very good UI,0
playstore,7f429698-5636-46d1-8ad4-1d9aa00820ac,2026-08-19T23:26:22,5,this is a good app i like it very very much.. i all time use this app for purchase purpose.,0
playstore,233da6ec-3ae0-4505-88b2-9aa7e8761059,2026-08-19T23:24:47,5,I've used the app it's very great best one,0
playstore,c2c3aba9-c159-4ef9-bd0a-2e39405943ef,2026-08-19T23:23:10,1,worst app ever the order gets cancelled after waiting for long time without any prior information about cancelled product and the refund money used to get in account after several days,0
playstore,21fa8d22-ebc4-423f-90cd-d7d32a08da4c,2026-08-19T23:21:34,1,worst app . no customer service,0
playstore,a58783ef-f123-4a3a-8eb1-27c1739feecd,2026-08-19T23:17:04,5,good,0
playstore,24aff929-d679-4ae1-89bb-549c4d79b6a9,2026-08-19T23:12:32,5,Myntra is known for its quality products. keep it up 💪,0
playstore,097e1981-04cb-46ac-b43e-e92dbc47ff9e,2026-08-19T23:11:37,5,nice myntra app,0
playstore,9d416ca9-03e1-4b56-8408-155ebf75482a,2026-08-19T23:09:25,5,good😊👍,0
playstore,c1456cf9-bb99-4dc7-8856-000c3db56cb0,2026-08-19T23:03:26,5,everything branded product ✨️,0
playstore,45468760-6192-484e-ab4a-9d6338a26c24,2026-08-19T23:03:24,5,Best aap for online shopping,0
playstore,8fa6ca07-9239-4676-9e8c-e0885441f898,2026-08-19T23:01:45,5,nice app,0
playstore,b327584d-31b0-48fb-8677-13d3a6f19b23,2026-08-19T23:01:36,5,it's too smooth,0
playstore,11f08766-4af7-467f-b5aa-c0ab47624727,2026-08-19T23:01:10,5,nice app,0
playstore,a6824221-f03a-4e82-ad55-47591c3bb73d,2026-08-19T23:01:08,5,amazing app,0
playstore,1796fd0f-08fb-4f16-8273-03c5676a0896,2026-08-19T22:58:21,5,best platform to go with trend 😍😍💖,0
playstore,97de2371-e82b-4b00-9397-488279ae9df2,2026-08-19T22:55:25,5,Good experience,0
playstore,0de19a08-de32-4e1a-9957-ffac0a836d74,2026-08-19T22:53:19,5,As a young girl it is always best experience to do shopping but if it's myntra shopping naturally becomes a hobby 😍😇 thank you mantra for great shopping experience with numerous choices with latest fashion 🤗,0
playstore,820984aa-d5f1-4b2d-aa1e-ae6b9287b575,2026-08-19T22:50:01,5,best apps,0
playstore,0456f811-b8b1-411f-9b18-da085df4827a,2026-08-19T22:46:34,5,super 👌 👍 😍,0
playstore,da8d9cf7-1157-4358-b27b-2609fc8ee45e,2026-08-19T22:45:29,1,"Very disappointing customer support experience with Myntra. I’ve been trying to get a resolution for my issue, but the chat support keeps giving irrelevant AI-generated responses and doesn’t actually address the problem. The chat even ends on its own without providing any resolution. When I request a callback, an AI answers the call as well, leaving me with no proper assistance or solution. What kind of customer support is this when there’s no actual human support and no resolution?",0
playstore,39ce13d9-d82b-400a-80d8-896c4a8618c6,2026-08-19T22:43:47,5,ok ok,0
playstore,4810b6b3-cbc3-4f34-add8-9b509a08da06,2026-08-19T22:40:17,5,good,0
playstore,64201cff-7358-4473-875c-6c02e603119b,2026-08-19T22:38:52,5,one of the best 🙂,0
playstore,fff0bd2c-e959-44ef-bfaf-b671623e0e75,2026-08-19T22:38:27,5,great app and have good delivery service,0
playstore,71403675-31f1-4e0d-9d53-a6f3f949e059,2026-08-19T22:38:12,5,very good,0
playstore,2ef1b7cf-a736-47db-a751-9dcfac608e88,2026-08-19T22:37:44,5,good,0
playstore,1bf5bbc9-fdbd-401e-b40e-132dd172e4b0,2026-08-19T22:37:15,1,Absolutely fraud application. return not processed. Customer care executive hold time 30 min. for absolutely rubbish and no resolution. This is happening in 2026 👎👎,0
playstore,24d37dfb-5c84-4ff5-9efc-d50c3e03914e,2026-08-19T22:34:51,5,excellent,0
playstore,09c41f1c-b99f-459e-838f-b78ccc22b63e,2026-08-19T22:34:05,5,best platform ever😍,0
playstore,94d28282-d6bb-4508-9ad0-f932432aef21,2026-08-19T22:31:37,2,Neet to improve many things special customers support system,0
playstore,7326c319-d89b-45da-b0e6-f992864d6ba3,2026-08-19T22:31:11,5,very good products,0
playstore,f4771fc7-6924-4f20-99f1-0856b0b2913b,2026-08-19T22:28:36,5,wonderful,0
playstore,0337eb01-7851-458c-bedf-65bd1c87044f,2026-08-19T22:26:17,5,best,0
playstore,adf22d96-9a42-4df4-9804-76b4f6570316,2026-08-19T22:17:44,5,my experience is good with myntra app authentic products good quality of clothes nd unique designs available with reasonable prices nd good offers i m satisfied with all myntra products 😊💫,0
playstore,1668c6fe-2d8c-4a75-a94f-7d1a43c2d8c9,2026-08-19T22:16:38,5,gud app easy to use,0
playstore,4a9075e4-516c-4764-ac3d-d4463df0209f,2026-08-19T22:11:50,5,great,0
playstore,c6105794-28e6-438a-8283-a05dffe18b3c,2026-08-19T22:09:20,5,Fantastic Experience..customer friendly..,0
playstore,e252bcb8-5f0e-40e5-bb71-65ce4e5884db,2026-08-19T22:07:55,5,excellent,0
playstore,05e6dc8a-9072-41de-ad28-bf7ee69f7b06,2026-08-19T22:07:10,5,this app was very nice deliever product in less time good offers,0
playstore,c73fbe53-5655-45ab-9c1c-f8eb49b9645f,2026-08-19T22:04:09,5,wonderful experience,0
playstore,e8526e0e-fff7-44c2-a7d0-c1ca9e7168c9,2026-08-19T22:03:29,5,very good,0
playstore,f0fe0342-73d9-49c4-97ed-dac06f93f02f,2026-08-19T21:58:33,5,nice 👍,0
playstore,26a08f13-7c24-4fc5-a067-b482251aece4,2026-08-19T21:57:38,5,"Good for shopping ... but at times prices are too high, return policy is good",0
playstore,013be66b-b8b9-482f-b158-87c03abba203,2026-08-19T21:57:18,5,good,0
playstore,6ff5565f-93e0-4344-8eda-b9a58eae5c0b,2026-08-19T21:56:47,5,good for clothes,0
playstore,994469a6-de23-4d93-b4bf-97195e50f19e,2026-08-19T21:56:35,1,"Delivery dates don't matter to these people at all; they don't care about the customer's plans. They cancel orders on their own and fail to deliver on time. Their customer service is poor, too. Because they cancelled the delivery, I didn't get my shoes, and my Chandrashila trip had to be cancelled. 💔",1
playstore,edb4e285-2234-412c-9e51-9feb71667d3c,2026-08-19T21:55:57,1,"worst delivery service and worst customer care service , I never recommend anyone to purchase from myntra. I order a HRX T-shirt whose delivery date was 8th august and I m writing this review on 19th august after 11 days, I contacted each and every day to the customer support after promised delivery date but I got zero support for my order, every single day they said wait for 24 hrs, you'll get your order. I got so much frustrated so cancelled my order.",1
playstore,c18951a9-2adc-4d1b-97ed-76163a9a4e6c,2026-08-19T21:55:07,5,one of the best shopping apps i have ever used. easy to return or exchange if you have any issue . product quality is top notch.,0
playstore,dac7fe4c-9f92-4b13-ab32-386d3336fc69,2026-08-19T21:51:54,5,Nice,0
playstore,cd3af56f-6a7c-4342-a976-db67c35e0296,2026-08-19T21:48:48,5,Super app,0
playstore,7254eea0-8981-4925-8b1a-0f14bb336eaf,2026-08-19T21:48:01,5,lovely and adorable application,0
playstore,aae59270-c3b4-4dcb-82a8-fc953426254f,2026-08-19T21:45:46,5,very good ui,0
playstore,1669a0a3-0f03-4f3c-b27d-12101b997f02,2026-08-19T21:43:25,5,"Crazy good app for quality shopping.. Love their collection and quality choices.. I got a shirt, a jeans, pair of shoes and a wallet from here and trust me guys it's very very great quality..",0
playstore,66be5e42-725a-40d3-ab9c-f5567d8047c7,2026-08-19T21:42:56,1,delivery delayed for two weeks and cancelled the order without giving a reason and customer support is the same. everyone with automated response.,0
playstore,ac449ec9-ff5a-4a9f-b821-28ad53d3933f,2026-08-19T21:35:12,5,best shopping app,0
playstore,ad10a9aa-0ec1-410e-aa81-c07bb17d53d2,2026-08-19T21:33:08,1,"why do they have all these mnow and express delivery systems, if they cannot adhere to the specified delivery times. Honestly, they cannot guarantee the delivery times, it's just false advertising.",1
playstore,1edec2f1-df6e-4a16-9c34-af0f33331c1f,2026-08-19T21:32:45,1,Very worst experience ever. They can't deliver products within their given timeline and this happened in Delhi. If they can't deliver products in cities like Delhi then guess the standard of this app.,1
playstore,19d3e590-65b4-4921-a387-6066cbc1d8ef,2026-08-19T21:29:12,5,Best Online Delivery Application,0
playstore,b8665dd2-747e-4175-beb9-cbed81ae922f,2026-08-19T21:28:31,5,very very nice,0
playstore,e9cf63ca-a552-469c-bc54-0c2f1d15859d,2026-08-19T21:27:59,5,good quality of products is here 😁,0
playstore,fb217e8c-0057-444b-9d97-d389b4429ad5,2026-08-19T21:27:30,5,nice shopping platform,0
playstore,6df6c0ea-fa2d-48ff-a50c-baba54a19926,2026-08-19T21:27:01,5,I purchased two earrings n both r beautiful like in pic.too happy.thanx,0
playstore,bd12d80f-a791-43a2-b1c8-a085aebecd6a,2026-08-19T21:25:13,5,good,0
playstore,b9e22ba7-af76-4c9a-8dbc-e146b7ff9f65,2026-08-19T21:24:46,1,"I ordered so many things so many times, but I didn’t receive anything. Ekart is Myntra’s delivery partner, and the Ekart service operating in Pala, Kottayam district, Kerala, simply does not deliver my orders. I tried so many times, and once I even went and collected the parcel myself, but I can’t keep doing that every time. So I decided to uninstall Myntra and get rid of all this stress. Now I can save my time and have some peace of mind instead.",2
playstore,3f52f837-a3f4-4381-ae7a-a28e184212f8,2026-08-19T21:22:46,5,best of purches,0
playstore,3ce98b31-fd0a-45d1-8b00-199f0dc34ddb,2026-08-19T21:22:17,1,"These people don't deliver on time, and they treat you like a lot of people. They give you their own time and still don't deliver on time.",0
playstore,c0e4d68c-7a0e-4d3d-a941-d713852d6582,2026-08-19T21:21:53,5,Very nice product in this app,0
playstore,f23dd233-1545-42d8-b32d-01f0620f827c,2026-08-19T21:18:21,5,so good,0
playstore,eadd9b1d-e17e-4134-9931-2c83f93b687b,2026-08-19T21:18:15,1,worst delivery experience I had faced,0
playstore,89f2fc6a-60a5-4fcd-b970-75ad432b5523,2026-08-19T21:15:18,5,great products...,0
playstore,7032b9f6-810f-4d9e-8ed2-2a30912240c5,2026-08-19T21:12:22,5,"The product of this application is trustworthy, Flipkart and Amazon fail in front of it, Mantra is the best.good",0
playstore,5e1c4d18-caa2-45ed-a586-b8ad37ae8177,2026-08-19T21:11:04,5,this app is good 👍,0
playstore,91a68078-855e-43d9-ab5d-da127508ccc1,2026-08-19T21:10:53,5,nice,0
playstore,97aa40cb-72a9-4059-8fd0-fda62b84cd58,2026-08-19T21:10:06,4,best,0
playstore,d372ec71-46a0-4467-a5ab-c38683f084f0,2026-08-19T21:09:18,5,it's a very nice app just wow offers frequently coming in the app and the products are also genuine loved it,0
playstore,3bde7bf1-6c10-4d03-aea8-7674ef71a6c0,2026-08-19T21:08:57,5,Better than many.,0
playstore,ac1be673-c336-4c72-8373-3192e1dd92f9,2026-08-19T21:04:18,5,experience is good,0
playstore,d1dac165-fa5d-4d68-bb58-db18f4e8f29b,2026-08-19T21:03:28,5,Good Experience,0
playstore,82abccde-8466-4d04-8a24-b1c199257b32,2026-08-19T21:03:12,5,"Products on Myntra are always amazing and of genuine quality, if myntra is selling something then I am assured that it will be a quality material. Services of myntra and policies are matchless in the market. at last...I will say..Leave all, join Myntra.",0
playstore,14457992-8d9c-466b-8575-779f36187ef8,2026-08-19T21:01:13,5,Very useful app,0
playstore,1b6191df-5947-4030-8703-b96396365e2b,2026-08-19T21:00:47,4,it's a good app for online shopping,0
playstore,4d3686f7-1e71-4df4-a451-1d4322227590,2026-08-19T20:55:33,5,nice,0
playstore,4325ff77-60dd-4407-a5c3-26e740ec39cb,2026-08-19T20:54:08,1,"1-star experience. I contacted Myntra customer support TWICE about the same issue. The belt I wanted repeatedly showed as non-deliverable to my PIN code in the morning, then suddenly became deliverable in the evening—only for it to go out of stock. I had also previously ordered a belt that took so long to arrive that I had to cancel it, yet Myntra blamed the cancellation on me. Even now, the same belt is showing as deliverable again. Extremely frustrating and poor service.",1
playstore,1c8201c5-cb72-4c90-854a-d811a2928582,2026-08-19T20:53:44,5,nice,0
playstore,cc991b19-1b4b-43fd-8625-63e76d78f4cb,2026-08-19T20:50:41,5,this platform good for fashion.i recently ordered bootcut cut jeans pant by roadster brand. so it delivered within 4days .there is a fastest delivery and interface is also good and convenient.mainly customer support is good they respond within 24 hours,0
playstore,ea702727-2c2f-4be0-b1fc-a3cb4070a5a0,2026-08-19T20:50:02,5,this application has very very good app product is original and good quality service is very fast,0
playstore,eed824f7-2aa5-4427-98b7-a237a211a287,2026-08-19T20:49:56,5,good app with best quality,0
playstore,8dad2b85-62d0-493e-8465-9ae40141baa8,2026-08-19T20:49:53,5,verry nice and trusted app and fast delivery I love it Myntra service and product quality are also so good appreciate it ♥️,0
playstore,73164234-62fe-42ea-85e9-157770c531cf,2026-08-19T20:46:31,5,nice 👍,0
playstore,e5c9ab8f-3906-41ce-9804-33446934949e,2026-08-19T20:46:18,5,true app for shopping,0
playstore,b9ee6813-639e-4c58-8434-4943ae72ecf1,2026-08-19T20:45:45,5,good experience,0
playstore,5d6b9c9d-270d-4690-a31a-4d0b4db6cd38,2026-08-19T20:45:19,1,very very worst,0
playstore,ef8078ea-6401-453f-879d-4208709b084e,2026-08-19T20:42:18,5,affordable price and very nice kajal,0
playstore,67b3ce45-bf1a-4a21-b212-96f0bc46ec98,2026-08-19T20:40:54,5,nice,0
playstore,ca024059-ddcb-492c-9043-59929c8a9b71,2026-08-19T20:40:30,5,good one,0
playstore,991b15b1-3c03-4b80-8b1f-3eb4d5f68d5c,2026-08-19T20:37:02,5,good and the cloth quality was excellent,0
playstore,4106f4bb-62c8-4746-96e3-a7aeb1b71f64,2026-08-19T20:34:42,5,amazing it save my lots of money....💝i love it,0
playstore,d740c9b4-85a2-42e4-8eaa-c67052d56343,2026-08-19T20:34:00,5,good aap,0
playstore,6227a5fb-a031-4bf4-be5a-70c44ae671b7,2026-08-19T20:26:16,5,"It is a great shopping app with a wide variety of cloth footwear , and accessories .... The app is easy to use and the product are usually of good quality I am with my shopping experience on Myntra",0
playstore,3fe409c6-5ad7-4ed4-ae22-a62042244e12,2026-08-19T20:24:58,5,Nice app,0
playstore,fcb5154d-cfe8-4513-b1fc-27f1422b8d2c,2026-08-19T20:24:37,5,good,0
playstore,668ce049-c399-44ee-a6c9-0f2d9517886a,2026-08-19T20:22:56,5,This app is very nice and easy to shop and has easy returns.,0
playstore,2651b712-3ddb-439e-82b2-7e41612a9d47,2026-08-19T20:20:23,5,good customer service and products,0
playstore,d5cd90b2-afd1-45e3-ab09-1d17469af1dd,2026-08-19T20:19:11,5,"The products are excellent.Love the quality,trends going on",0
playstore,7ef7a4fd-88a3-4b5d-87ad-b55c1e8424c9,2026-08-19T20:19:08,5,nice,0
playstore,3ade23db-b568-4c2c-a76d-6949565f3646,2026-08-19T20:10:59,5,best products,0
playstore,512ddf41-afa7-4277-a57a-b36011217aaa,2026-08-19T20:10:23,5,good 👍🏼,0
playstore,bbf2539f-873b-4766-85c7-d35e5e242417,2026-08-19T20:08:29,5,amazing app 👍🏻,0
playstore,e885c858-07ad-41cd-a1b1-162ae81f31a9,2026-08-19T20:08:20,5,good experience,0
playstore,36371a06-2302-450c-bd34-a24002e3733b,2026-08-19T20:07:43,1,worst shopping app.,0
playstore,6c72e6d3-3eea-49e6-b31e-f96fb3bda94e,2026-08-19T20:07:39,5,good app and items,0
playstore,d79cfe69-1c55-44d0-9c68-066f3483d3a8,2026-08-19T20:07:33,5,very nice aap and all the products in this app is so good,0
playstore,41703630-0eb4-4c2c-854f-1c9ac6145231,2026-08-19T20:06:54,5,good,0
playstore,68ea0347-c57d-4e4c-bb24-3f90062f3433,2026-08-19T20:05:33,5,"i loved the experience, reasonable price and great quality.also the delivery is also very fast",0
playstore,cd159f2c-1b60-4063-88f5-8a4293ce9886,2026-08-19T20:03:04,5,excellent options and user experience,0
playstore,bcebe587-5bd8-4125-895a-b933d30b5be2,2026-08-19T20:02:17,1,"one of the worst online shopping apps I have ever seen. i ordered something on this aap everything was going right before, I was waiting 4 to 5 days and suddenly one day before the delivery date my order got cancelled.",1
playstore,d710b5aa-9420-4f63-99c0-05ba32a11eff,2026-08-19T20:01:09,5,good,0
playstore,3913360f-d99f-4f9c-9121-8a295dbbdb7c,2026-08-19T19:49:38,1,fraud Myntra replacing order issue and fraud labelling myntra hot replacement order wrong labelling Myntra helpline is not helpful,0
playstore,7be12f85-3049-4cba-9bde-066ce1b627a4,2026-08-19T19:48:49,4,The prices are expensive but the quality is great and I would love to shop here,0
playstore,60c1692a-9017-4a95-bf74-68d3a854ed3e,2026-08-19T19:48:37,5,best for online shopping,0
playstore,0b66e27e-48ea-43bb-ac85-8bc5f45460b5,2026-08-19T19:48:36,5,"trending clothes options, best app ever to buy clothes because clothes describe your value,",0
playstore,eff9ea4d-d975-465c-9880-59c554cef9be,2026-08-19T19:48:27,1,"when we return the order if we are disappointed, whole amount is not refunded. wheras they split some amount in my encash which we did not receive. It is really disappointing due to which I am discontinuing this application for shopping.",0
playstore,01d739c6-d50c-4817-af7c-a0dfca8a6d90,2026-08-19T19:44:35,5,very nice,0
playstore,227f74de-d0ab-4af2-abea-e407a8f45282,2026-08-19T19:41:43,5,gud,0
playstore,a1946580-89db-4935-82e3-3fc1abee931e,2026-08-19T19:40:56,5,best app,0
playstore,13d7b01c-c50e-4568-8e72-85b58d0a21d5,2026-08-19T19:37:45,1,app is not opening always even after numerios tried.why all the time site maintaince showing me . Fix the problem otherwise i cancel all my orders & uninstall this app . This is so irritating..,0
playstore,7f4294d9-92c5-4e7e-be47-04e365229900,2026-08-19T19:36:01,5,such a nice and easy shopping app,0
playstore,f41fe27a-534c-4486-a760-0cf814101d62,2026-08-19T19:35:48,2,The no way to confirm when the out for delivery order will reach as agent wont pick up and tgere is no help line number to call and get help myntra wants customers to email most other online big shopping sites have a helip lihe to call and speak to in myntra its so difficulty to get help if asked help PMO will respond but myntra is like deaf ears hope less,6
playstore,461426c7-2335-4f96-87e9-e5af2a5b913c,2026-08-19T19:34:06,5,The Shopping Experoence is Great Return And Replacment Polocy is Helpful even Customer Care Service People are Great and Helpful,0
playstore,acf823d2-8cb8-45de-965e-e9a572f64f9b,2026-08-19T19:33:08,5,very nice app helpfull,0
playstore,d9e2dfe6-b904-49cf-891a-84c3554e6d32,2026-08-19T19:31:59,5,wow,0
playstore,b5ed3951-d29a-405f-a957-3f92cd31ef53,2026-08-19T19:26:21,5,Excellent in style quality size . Go for it. best app for good quality,0
playstore,d2297543-1438-477c-8184-59ad03d33b35,2026-08-19T19:25:37,5,good,0
playstore,62df51a7-fd78-46f1-9db0-6f64650204f7,2026-08-19T19:25:33,5,nice,0
playstore,be00ac0f-8d09-45b5-9c9b-4cd5ee18fb40,2026-08-19T19:17:48,5,it's very good,0
playstore,66b8485b-f5e1-4960-bbdf-0e37f9055b60,2026-08-19T19:17:01,5,very good,0
playstore,7b504317-baff-406b-aa5f-798ef43096fa,2026-08-19T19:16:51,5,very nice and perfect size with comfortable...so beautiful ❤️ ❤️ ❤️ i like it...,0
playstore,4eccf293-a114-404c-9167-b939a60f50bb,2026-08-19T19:16:14,5,app is good with good rates but the platform fees is too high,0
playstore,82394584-ab3e-4377-989f-55bf031da796,2026-08-19T19:14:02,5,nice,0
playstore,5a0c3769-19fb-467d-8baa-6db02725aa36,2026-08-19T19:14:00,5,good 👍🏾,0
playstore,1cc42b94-d16d-43cf-a9e4-219fe7e4eb22,2026-08-19T19:11:46,1,"​""Extremely disappointed with Myntra's terrible service and policies. I ordered an iron, but they refused to process either a return or an exchange, completely forcing the item on me. To make matters worse, I ordered a pair of trousers from a different account, and the exact same thing happened—they forced me to keep it and refused to take it back. Myntra has become the worst and most unreliable shopping app. I strongly advise everyone to avoid buying anything from here.""",0
playstore,a6ac663b-036a-4477-b817-c5f4b0b1e29a,2026-08-19T19:10:34,5,found it best among all other shopping apps.,0
playstore,5add831c-1f52-41be-a781-9d3f99a7aecf,2026-08-19T19:06:46,4,Unable to cancel order .....,0
playstore,ed73c16a-6e76-47a7-831a-3ebaa7b31054,2026-08-19T19:06:02,5,good product 👍😄,0
playstore,0c7bbfb5-4ea6-43e2-816e-4911c1105c77,2026-08-19T19:05:46,5,i loved it,0
playstore,89f1ab8f-a181-4893-9184-3258805ed880,2026-08-19T19:05:45,1,myntra is fraud now a days they are not refunding our money and not even respond calls or messages or e-mail. instead of correct bank details they are showing incorrect and not refunding money.,0
playstore,6e6ec5c9-6c0a-41bd-8903-12b750a4e166,2026-08-19T19:03:10,5,nice 👍,0
playstore,5b0f8626-96b5-4611-92b2-4973644a1bd4,2026-08-19T18:58:28,5,wow,0
playstore,0ce25428-3562-4715-9919-7d913577a2a7,2026-08-19T18:57:56,5,Good quality products,0
playstore,c5522280-b299-4551-aac5-cf5fb0012b24,2026-08-19T18:57:38,4,nice,0
playstore,59629c47-04f5-4467-b472-603957a1e8d0,2026-08-19T18:53:10,5,i have purchase many products on this app all product was awesome I suggest other people for purchase items from myntra app. authentic brands original products and the quality is very good of all products.,0
playstore,a440867f-a5ca-4750-be1e-4f64350c83b7,2026-08-19T18:52:53,5,Excellent,0
playstore,ce28305b-45b7-44e5-b015-02e80a57ada8,2026-08-19T18:51:48,5,value for money products.,0
playstore,9a62baca-4616-4db1-8dcb-7633a709ec11,2026-08-19T18:41:20,5,the delivery system is very amazing as ingot the exchange delivered in time .So did the myntra responded to my concerns,0
playstore,b55b10f8-2b46-4246-9c75-6be71377439a,2026-08-19T18:37:16,5,Very nice,0
playstore,f0cefbec-c2e5-4042-9827-dcfaa9f069d0,2026-08-19T18:32:40,5,nice,0
playstore,44fc2703-dee2-48f9-b6b8-c141f04a6228,2026-08-19T18:32:21,1,very bad Myntra bhai likha kar bata raha hu ki 100 ki chiz ko ye 500 ki dete h aj hi mai ne paint mangai h ek dam bekar quality ki di h Mt lo bhai log Myntra se,0
playstore,facf04ec-4958-45f1-8434-4ee01a31778d,2026-08-19T18:31:55,5,good.,0
playstore,53f62c17-35b1-4510-bd3f-8bd10b53575c,2026-08-19T18:31:15,5,fascinating experience,0
playstore,df845034-e8a4-41b7-80ef-5b45defba255,2026-08-19T18:27:26,5,Overall Good Experience,0
playstore,cab59a94-ccd7-44fc-bdbd-9b40a1b9eebf,2026-08-19T18:26:23,5,awesome,0
playstore,4c68178f-5252-4e3c-a5f5-75acd6f051b2,2026-08-19T18:24:26,5,good,0
playstore,dd9efba1-3987-45b9-8c00-9575a2cca41f,2026-08-19T18:23:29,5,I lovethis app sooo much gives reasonable prices i ordered a pack of aqualogica body mist on its original website and on purple it costs 1000 and I bought it just for 699,0
playstore,2683e562-bec5-4dad-94ab-e9308f511862,2026-08-19T18:22:39,1,extremely poor grievance redressal mechanism there is no contact with the customer care team - its impossible to access people there - i am done with talking to bots no one picks up the customer care no. extremely poor performance - very unsatisfied,0
playstore,64c896c4-ba0b-4714-b4b0-90314fbab73b,2026-08-19T18:20:59,5,easy delivery process.good app,0
playstore,1b97f940-c7bf-4fbe-83bf-0b7f1df025ee,2026-08-19T18:16:19,5,awesome offers,0
playstore,f1bea34f-37d4-418c-b027-4d7ecffc32e4,2026-08-19T18:12:38,5,good,0
playstore,49ed4ed0-5e95-48b0-bc25-75348c460b6d,2026-08-19T18:11:35,1,Myntra ek number ka ghatiya aur froad banane ke liye aaya Hai ek order delivery karne ke liye ine logon ko ek Mahina lagta hai mere ko date by date dete ja raha hai ek number ka ghatiya hai koi bhi inse kuchh nahin Kar dega Flipkart meesho bahut badhiya hai 😡,0
playstore,d23130cc-5c33-4046-9aea-5980defbbb17,2026-08-19T18:09:27,4,"Your filter is not working in the mobile App. Once you select the filters, there is no provision to apply the filters.",0
playstore,88dce93c-ce33-4258-9ee0-1a2562b654b7,2026-08-19T18:08:08,5,This app makes shopping so easy and joyful 🫶🏻,0
playstore,d48efece-36b3-4aa5-b844-3df064fe93d7,2026-08-19T18:06:52,5,I just love this app the fast delivery ooh la laaa😭😭,0
playstore,b0bd3ff2-9977-4e2a-9c2b-fae0ad70d443,2026-08-19T18:06:29,4,gud,0
playstore,71214de4-8745-4906-8787-134a6f4b1570,2026-08-19T18:04:16,5,khup sundar aap aahe khup swst n best mal aahe pls sarvani shoping kara,0
playstore,0e51a138-5622-4e14-83ff-623e5f662902,2026-08-19T18:04:07,5,very nice app,0
playstore,f235077c-736d-4b51-b31a-6f0d144619e3,2026-08-19T18:02:07,5,very good app,0
playstore,b9c3036b-398c-4528-9d0f-1b2c011c7730,2026-08-19T18:01:34,5,this app is very nice,0
playstore,ab6dcd58-dd3f-4880-9345-6df5fc03e5b3,2026-08-19T18:00:42,1,"Very disappointed.Myntra deactivated my account without any reason and I complained it by calls, emails but no response.Now I am going to file a complaint with the consumer forum.",0
playstore,1d74481f-f49a-4fdd-b9c3-031b756aa906,2026-08-19T18:00:39,5,my experience with myntra is mind blowing very nice products at reasonable price n quality is also top notch. I always shop with myntra only I trust it. happy shopping,0
playstore,91e6a9db-e4b3-49ab-be93-e3b21216a8c8,2026-08-19T17:58:01,4,Good,0
playstore,55a7da9b-cea8-4738-ba5c-6c90d0d0564b,2026-08-19T17:52:52,3,👍 good,0
playstore,a8f6075c-3fd5-4e85-a4b7-c5be00586945,2026-08-19T17:52:05,5,Best for online shopping 🛍 😌 Using this app for more than 5 years.,0
playstore,72248138-bad5-43f9-96bc-b6ea843701da,2026-08-19T17:51:04,5,amazing,0
playstore,e4bc67c3-8184-4188-95d1-c6f90779024f,2026-08-19T17:50:47,5,“Absolutely loved these jeans! The fitting is perfect and the fabric feels really comfortable. The quality is also very good and the jeans look exactly like the pictures. The fit is flattering and easy to style with both crop tops and oversized tops. I’ve worn them for long hours and they’re still comfortable. Definitely worth the price and would recommend them! ❤️”,1
playstore,755d367e-df31-4c45-b2a1-1cfc34a2b0e0,2026-08-19T17:46:45,5,"I thought in myntra we get only expensive products, but got best deals which was affordable... cheers",0
playstore,184268a1-b58b-4bcd-9d05-a756b1844eec,2026-08-19T17:44:08,5,best shopping app,0
playstore,46d95114-8f7a-4d46-ad0a-5b49ddd8fd51,2026-08-19T17:43:44,4,good 👍,0
playstore,69e1552a-85aa-4164-964d-6a940b555dbd,2026-08-19T17:42:08,5,"It's a good app, good clothes in good prize.",0
playstore,7a4f87b2-291f-4c31-a8a3-2528122ce587,2026-08-19T17:34:40,5,it's good for shopping 🛍️🛒 and it can be purchaseable because myntra have best quality product and dress also so we can easily buy this and make happy.. if we start for shopping then it can be give a discount on your order and make affordable price their quality it best and also it give free coupons when we finished shopping and then we earn award for it .. I aslo earn mainy rewards and cash price on it so don't waste your time and jont with myntra and start to shopping 🛒🛍️ make your day,0
playstore,e8603189-e113-45ce-aacd-149c39477be6,2026-08-19T17:32:20,5,It is a very good app,0
playstore,a970ecef-548d-4a9c-bb9e-f58f58759980,2026-08-19T17:31:50,5,nice bag quality is very good 👍🏻,0
playstore,4eea7e53-f8be-4b30-99d6-33a3c383e4ff,2026-08-19T17:30:32,5,nice app,0
playstore,0616ad44-f124-45c5-9b81-d78f0f81046d,2026-08-19T17:28:36,5,very nice 💯 and genuine,0
playstore,4a01baff-2331-42af-812e-39be22c6e18b,2026-08-19T17:28:01,5,nice 👍🏻 app,0
playstore,5c33119c-9cff-4500-a1c9-e8f4c048be35,2026-08-19T17:27:13,5,good,0
playstore,82943dde-4b03-4559-9e9d-02ebf6d3fdec,2026-08-19T17:26:24,5,Best app for shopping 🛍️,0
playstore,f4ccf162-aa04-457b-a380-073ab4c7ff9a,2026-08-19T17:25:58,5,amazing,0
playstore,41719566-a379-4fbf-b596-5dccd8c1f49a,2026-08-19T17:21:12,5,good,0
playstore,4d66d9ea-8b9b-41ec-9104-073ec8ab4613,2026-08-19T17:20:48,5,Nice experience,0
playstore,cded40ba-d673-4513-9b24-4cb9042142e6,2026-08-19T17:19:34,5,good,0
playstore,8c2ad67a-75b4-409a-ba16-e7f5117dccf5,2026-08-19T17:19:22,5,good product available this site ☺️,0
playstore,279c9e40-5c7c-4e68-9574-5bde1f11b79f,2026-08-19T17:16:43,5,quality products,0
playstore,263af95c-0e0c-4c04-b025-afb49be6205d,2026-08-19T17:16:23,5,very good quality products,0
playstore,fe40d4c6-b7ba-4894-898b-01d95e75d1fd,2026-08-19T17:16:20,5,nic,0
playstore,fd24cec6-97d7-4131-a45d-c5a92f8af520,2026-08-19T17:14:09,5,awesome 😎,0
playstore,a3dc7b79-c93d-42a5-9fba-aac2155a3997,2026-08-19T17:10:13,1,Received expired product and after returning it myntra is not giving full refund,0
playstore,e9817275-4787-451c-bba3-6c093fd8d3cc,2026-08-19T17:04:05,5,product of myntra are perfect,0
playstore,8e41bfe8-730d-4adf-84a5-842bc02a78c9,2026-08-19T17:00:56,5,nice product,0
playstore,f104c330-639f-4701-86fe-01656a47b64f,2026-08-19T17:00:44,5,so good,0
playstore,3c9020db-06e1-44ff-891b-d731e9f7f81b,2026-08-19T17:00:19,5,♥️♥️♥️,0
playstore,ba3d096f-a09b-4942-a5ce-7f83ec6c2c1a,2026-08-19T16:58:48,5,very nice app,0
playstore,aa7df3d8-d2cf-4d9e-9211-1380fe1cabe9,2026-08-19T16:51:46,5,verry good,1
playstore,ad2d6841-69ac-4abb-b01a-02cc26515ff1,2026-08-19T16:42:40,1,received broken product with no brand tags or price tag on return request their delivery partner just says it could not be quality checked and hence the return is put on hold. told this to their customer care they told me to send photos did the same return was scheduled and the delivery partner did the same. I think I will just have to forget about my money as this problem will persist without any real solution,0
playstore,b56d6678-c1d5-417c-8a0d-1e75dea5c30d,2026-08-19T16:38:54,5,it's a pleasure to use😍,0
playstore,e72041a9-76d2-45c6-b068-0b4ae4fcb033,2026-08-19T16:38:39,5,"very good app for online shopping, i think best in India , it's items are really good quality, and also good policies of payment returns or exchanges or refund",0
playstore,1a51f4c9-ba74-4e7b-acd5-604cc9415f51,2026-08-19T16:35:52,5,very nice service and product,0
playstore,2249cb63-47bd-4821-9ff8-adb52cd6d6c0,2026-08-19T16:35:40,5,nice aap,0
playstore,ddd4ebe1-9f84-4e67-b0e2-c72337cb312b,2026-08-19T16:34:16,5,I just love love love myntra,0
playstore,43b92019-010a-4ed1-bdc0-a9ed07c41c68,2026-08-19T16:33:30,5,great application,0
playstore,b9ff1876-c623-406b-8cb3-164ec08a8317,2026-08-19T16:32:37,5,awesome,0
playstore,5d1fe9d9-78ec-414b-b08a-f2ff7a0ef7ae,2026-08-19T16:31:26,5,excellent,0
playstore,1a632552-fa3d-4a55-b2d8-2130b068c1e8,2026-08-19T16:29:37,1,Customer support and service at its worst. Wrong products are being sent and there is no quick resolution. The bot always says our agents are always busy,0
playstore,0e83c350-6ee6-40b3-a499-dc0cd08384f3,2026-08-19T16:26:02,4,👍👍👍👍,0
playstore,87c695fe-6a19-4e5b-b688-5e118507cb5b,2026-08-19T16:18:29,5,Is better than flipkart,0
playstore,5489d211-20be-4cbc-8203-374343b170d2,2026-08-19T16:18:01,5,"I have been using Mantra for a few years now. Earlier, I used to order only a few things, but now I keep buying something or the other regularly. So far, everything I have ordered has been really good. Especially since they introduced the cashback and daily rewards options, it has been even more beneficial. I’m really happy with the experience. Thank you, Mantra! ❤️",0
playstore,fd4b865b-09de-4f33-91cf-6f1caf493766,2026-08-19T16:14:56,5,excellent products and original brands,0
playstore,28c242e5-c0eb-45c8-a57a-7c9055ad540e,2026-08-19T16:12:02,5,nice app for online shopping.... They give what they show..,0
playstore,127f6dfb-7e7f-4c18-ba62-4c10fda3b8cd,2026-08-19T16:08:13,1,"PATHETIC APP FOR SHOPPING. MY RETURN IS PENDING SINCE A MONTH ALMOST. RECIEVED ON 5 JUNE. RETURN FILED ON 7 . TODAY IS 28 JUNE . LAST DATE FOR RETURN WAS 19. ITS BEEN OVER 9 DAYS STILL IT SHOWING THEY ARE SAYING """" WE ARE LOOKING INTO YUR RETURN. PLEASE WAIT FOR 24 HOURS"""" JUST A PATHETIC SERVICE. YOU GUYS DONT EVEN DESERVE A SINGLE STAR FROM MY POINT OF YOU.",0
playstore,358cc1f3-2ca1-466f-a1fb-011650a56d16,2026-08-19T16:06:31,5,good products,0
playstore,7d3d3200-21f0-481c-9526-8d17f4da4645,2026-08-19T16:03:18,5,good,0
playstore,b8761c62-fd84-46a1-aa8d-120ee2552963,2026-08-19T16:02:50,5,very fast and good condition delivery service.,0
playstore,72c2c538-1748-4f0e-b623-460146fb559e,2026-08-19T16:02:18,5,nice,0
playstore,0e2974c9-0e20-431e-af23-b7542ab3be38,2026-08-19T16:01:10,5,myntra is trustable app 🤌 I have purchased from myntra and i received orders in well manner and quality of cloth is awesome 👌,0
playstore,749cc4a9-9ad4-468f-9997-34bab1874f2a,2026-08-19T15:58:09,5,"best app for clothes, affordable",0
playstore,1da81ec1-de43-4a19-a8dd-210febf42feb,2026-08-19T15:57:15,5,osm,0
playstore,0a99d124-0138-4f07-8b46-42aafac1efcd,2026-08-19T15:56:51,5,mast hai sasta hai,0
playstore,348aaa42-cb86-4626-8580-8dd3c3ff3f08,2026-08-19T15:55:57,1,very bad experience... i ordered a product in a offer and myntra haven't delivered that product instead of delivering the product they are only showing delay and delay... very bad app and support system is also worst... i am unable to make chat or call with the agent.... worst application don't purchase any product from myntra,0
playstore,29861749-996b-49ce-99fd-bce5900cd7d4,2026-08-19T15:55:17,5,good experience recommended it,0
playstore,7c5250b6-490d-4fa9-8a1c-91c3a1ea45af,2026-08-19T15:55:15,5,good,0
playstore,43092993-f826-4793-9327-ff36734cf54d,2026-08-19T15:53:15,5,best app and myncash back bhi acha deta h 👌👌👌,0
playstore,6fb42f99-2d24-4333-aa17-2c32d76c7398,2026-08-19T15:52:40,5,best,0
playstore,a0d85da5-bb7b-429f-927d-d14e089be637,2026-08-19T15:51:54,4,good,0
playstore,4a63b866-f269-42a6-9e61-8dea06730d92,2026-08-19T15:51:38,5,good,0
playstore,a3f0d9ab-495a-425e-8164-c93796cd028c,2026-08-19T15:49:39,1,"irrespansible app, and its worst it is not business app reson i asking some thing not accepted",0
playstore,51bfdaed-58f2-4715-8c24-ac48867a7993,2026-08-19T15:49:31,5,I just love how you don't charge a lot on product,0
playstore,9d9c737d-c2ce-45ec-89e0-c49057e3f7d2,2026-08-19T15:48:42,5,super I am happy,0
playstore,f494544b-4963-4659-858b-2e6db32456e5,2026-08-19T15:48:05,1,"the worst app i cancelled my order in August and today is August 18th, but I still haven't received my refund. I really didn't expect this from Myntra. When will my amount be refunded",0
playstore,2364ea40-6f8c-4e4a-8f09-ab1bbad30256,2026-08-19T15:42:00,5,good product as soon as received 👏👌,0
playstore,5f0627c3-bd29-452f-99da-d7663451167d,2026-08-19T15:39:39,5,"A very beautiful dress, perfect stich.But the only thing i was dissatisfied is i thought the gold pattern was embroidery but in reality it's just gold print. Otherwise the fit and outlook is really good. Thank you.",1
playstore,ba5c9926-b629-4b9e-810e-1f3d0f79f020,2026-08-19T15:37:47,1,without seeing my return product they claimed that they have footage of my product. I am using first time Myntra in my life and this is wrost service. Other apps provided better service as compared to this.wrost service of my life delivery agent update status that quality check failed without seeing my return product and the Myntra team saying that they have investigated and find everything okay. send me the footage if you investigated this. Wrost service they don't care about customer value,0
playstore,94b363b8-bdc9-4c4b-b5cf-3adeb8b19632,2026-08-19T15:36:10,5,quality maintain,0
playstore,f55b8af8-85fc-46e7-b033-657b766eba82,2026-08-19T15:30:46,5,I LIKE MYNTRA,0
playstore,8f8cddf7-8f2c-4d37-a6db-f96945edb34a,2026-08-19T15:30:30,5,nice app,0
playstore,e31aee0a-8793-410a-be26-770ef01efacf,2026-08-19T15:29:17,4,good,0
playstore,09c41eef-628a-4e75-aae9-59cb20c18a4d,2026-08-19T15:24:54,5,best experience,0
playstore,43ef69b5-5eb2-415b-90e2-eaa7249ea2ae,2026-08-19T15:24:10,5,very useful and time saving app...,0
playstore,ca0b8fb0-8cb0-4f75-910a-256c9f73aeaf,2026-08-19T15:18:00,5,my best one and only shopping app. go for itt!!!,0
playstore,73d10e9f-7e21-4ef1-b7ef-97a10e935a8a,2026-08-19T15:15:17,1,one of worst service provider and not delivered the item in exact date as mentioned I am this stupid mistake continuously 👎👎,0
playstore,cf0cd14c-00ab-4d3e-ac17-3eced02d7bfc,2026-08-19T15:13:44,5,lovely 🌹,0
playstore,682f5840-5ebe-4801-8501-ac174b6ce94a,2026-08-19T15:11:38,5,good,0
playstore,41358318-29cc-4b18-82a6-f5f533fb0de0,2026-08-19T15:08:04,5,myntra app really awesome 👍....I am so glad to use it...,0
playstore,b31dcb8b-5140-437a-a656-c7b92352b57c,2026-08-19T15:05:58,5,fast delivari and good produced,0
playstore,ed331217-ac1b-47e6-8301-253eef720461,2026-08-19T15:01:57,1,"Extremely disappointed with Myntra's service. The product quality is terrible, delivery was heavily delayed, and the customer support is completely unhelpful. Definitely not recommended. 1/5 stars.""",0
playstore,d7ab8ac4-f7e6-44ab-862b-c96b19e644b9,2026-08-19T15:01:37,5,Good to use easy to use and it is trusted also,0
playstore,abc0ef45-59cd-4782-bfd3-451b43dfe6ed,2026-08-19T14:58:55,5,nice app with exciting offers,0
playstore,5cae7981-3861-4668-bb8a-001f175c29af,2026-08-19T14:57:43,5,best shopping app... i am really happy,0
playstore,a38e76eb-f317-4475-854b-766969267f4d,2026-08-19T14:57:02,5,best products,0
playstore,2fd67614-35d5-45e4-a41b-e170bd533552,2026-08-19T14:57:00,5,just wow,0
playstore,0dc91921-aa03-47f5-8af3-bad52d2d054d,2026-08-19T14:56:11,5,good,0
playstore,4bb4e7b7-e2db-496f-8bb6-1a8454bd1576,2026-08-19T14:50:02,4,good,0
playstore,8c64b5f7-be9d-4bf4-86dd-ea8b74c50bd5,2026-08-19T14:41:23,5,good,0
playstore,ad5498f9-caa4-42a5-b656-5db2923dd1bf,2026-08-19T14:38:22,5,just Woww!!,0
playstore,7651c953-0762-4c09-8588-bdcced15dded,2026-08-19T14:36:58,5,wonderful app for shopping,0
playstore,25e76cb9-825c-42a7-85bf-bbf7d05fc930,2026-08-19T14:36:39,5,very nice 💯,0
playstore,444aa832-a42b-4f89-8677-fb863f33b6bb,2026-08-19T14:35:42,5,wow,0
playstore,fd50f8da-b2a7-4143-896c-c41f697da048,2026-08-19T14:31:54,4,help people,0
playstore,76ecf3af-52cf-4903-b75c-61b80cd0f17b,2026-08-19T14:31:08,5,very nice,0
playstore,4c0ff5bb-8feb-4ab5-9c07-e8b75b997370,2026-08-19T14:25:59,5,customer friendly app too good,0
playstore,a37d9f15-6944-4f00-94d3-cb9d2add5cb1,2026-08-19T14:22:26,5,"Fantastic experience in ordering, payment and product detailing",0
playstore,e7399396-22f3-4689-9bdc-8c1878d7655c,2026-08-19T14:21:16,5,best app,0
playstore,d4f52aa8-6126-4bf2-b3a2-dded6b932318,2026-08-19T14:19:07,5,excellent customer service app 👍 product quality always in good condition and service is good I am always purchasing by this app,0
playstore,7c84660d-f780-4ec0-9d14-4b87c640467e,2026-08-19T14:17:54,1,don't deliver on the said date delivery is always delivered delayed and cancel themselves and say that the order is cancelled for unwanted reasons my multiple orders have been cancelled unwanted reasons most worst thing is that day charge platform fee cash on handling fee which is not refundable if the product is returned,0
playstore,cad62812-e514-46bb-b0ca-4c586987ea94,2026-08-19T14:17:22,5,very good aap,0
playstore,a6ce905d-4fe6-41e3-ad9e-f8fa6b90d9ba,2026-08-19T14:15:27,5,Good.,0
playstore,8f4a6808-5f92-411d-a1ef-9558dafdcbe8,2026-08-19T14:14:02,5,very good product,0
playstore,ecf33cfa-26c1-41dd-9dc4-175e468050fc,2026-08-19T14:12:19,5,nice dress,0
playstore,93a6b207-e7a4-4d9a-9135-75bcf533e557,2026-08-19T14:12:16,1,delivery is not faster,0
playstore,a9edcf07-5b98-4da1-84da-ee507974ddbb,2026-08-19T14:08:18,5,i trusted on myntra last five years... original product and fast delivery 💖,0
playstore,a793019e-3966-41c5-8037-7f5dbe5a5b9b,2026-08-19T14:04:44,5,beautiful product,0
playstore,c263bb28-103d-4a59-b878-06350b40f625,2026-08-19T14:03:39,5,Nice👏,0
playstore,9096dea3-0995-4b4f-a95c-45b2966532f9,2026-08-19T14:02:30,4,good experience,0
playstore,ea9d2910-a87b-4bf1-88a0-027b61d5e8f6,2026-08-19T13:58:59,5,good,0
playstore,70563374-8d38-4e7b-8a4a-94bccb1c6a98,2026-08-19T13:58:42,5,good app,0
playstore,1b48f4f6-5f1c-406a-8af6-ad61c6485bfd,2026-08-19T13:56:23,5,very nice,0
playstore,29bab361-733a-4cd1-a8a8-b60d446d986d,2026-08-19T13:51:38,5,super,0
playstore,6e7d7045-24d7-491e-9e01-a59849122f1d,2026-08-19T13:49:10,5,it was very much better rakhii,0
playstore,fe48cdd1-c4aa-4671-8b9a-6075e77bd5cc,2026-08-19T13:47:06,5,nice,0
playstore,3c93ada9-b317-4623-88d1-6cdc74c9cf86,2026-08-19T13:45:52,1,Myntra app is deactivated and not able to longin,0
playstore,759898c6-dd8b-4186-aec5-9a0cccadf419,2026-08-19T13:44:55,5,Awesome,0
playstore,35b27416-d927-4c7d-a57a-e3cfdba5317e,2026-08-19T13:44:09,5,best appp,0
playstore,8170746f-a7ce-4508-8ce9-9c3b0407bc04,2026-08-19T13:44:06,1,👎🏻,0
playstore,d1961c17-1d8f-40ef-bd5a-7704961c4fee,2026-08-19T13:44:01,5,wow ! fully satisfied,0
playstore,8ede650e-999d-412b-a414-92524e52e5a0,2026-08-19T13:43:12,5,amazing service providers for myntra . i am happy 😁 lowest price get best fashion items provided. thank you 👍🏻😊 myntra,0
playstore,14ea0ed0-d611-4dbe-96ed-b2f9630275a4,2026-08-19T13:39:14,5,"myntra is doing amazing especially it's style exchange is so unique , refund is amazing, go for it",0
playstore,fc3fa8f2-ecf7-4ec7-a5a4-39e8129024df,2026-08-19T13:36:01,4,good experience,0
playstore,ff526d45-01ba-418f-9366-44b268f088d1,2026-08-19T13:35:09,5,osm products are been delivered,0
playstore,c4fd0f5c-443d-4ec3-96af-7711cf02df17,2026-08-19T13:30:05,5,this app is very good 👍,0
playstore,7d1ada99-af12-4b1d-9bee-be248c32dabc,2026-08-19T13:24:43,5,Great,0
playstore,18685182-1bf4-41d4-b726-08f790fa253a,2026-08-19T13:22:47,4,absolutely 100% original quality,0
playstore,955895d2-8925-43cf-b869-498f0692f5d0,2026-08-19T13:17:17,4,good,0
playstore,acd17f58-f3b8-4aa5-bb2f-848b038e5ef2,2026-08-19T13:12:07,5,very good experience 😃👍,0
playstore,ef81aeb8-d6a8-4f12-a34b-f5e22ae9977c,2026-08-19T13:09:03,5,the product Myntra shows is one of best quality,0
playstore,76d23c9d-9ffc-482c-b3bc-fa77e332c1ed,2026-08-19T13:07:44,5,nice,0
playstore,d65c609c-4172-4c07-829e-9e55ae839d0c,2026-08-19T13:07:16,5,great experience,0
playstore,a86a9477-f21f-4eda-b279-fc18fb5d0015,2026-08-19T13:05:05,5,love this app,0
playstore,423845c3-c1ad-4574-a640-7396593e9df1,2026-08-19T13:04:16,4,good 👍👍,0
playstore,4e2f20ad-c819-4a6f-b47f-b7d9fadd8086,2026-08-19T13:01:04,5,good 👍😊,0
playstore,b9950f9a-bc14-4c3f-93b2-beece509000b,2026-08-19T13:00:34,1,poor experience and A lot of scams happen on Myntra.,0
playstore,f834b05c-2aaa-4ce9-9c1e-c8b36162e82f,2026-08-19T13:00:22,5,very good app....For brand purchase...original and authentic product ... Good for it ....,0
playstore,d3b0989b-b95b-4310-8278-9c74bd5c7e5f,2026-08-19T12:57:55,5,veryyyy veryy6 goodddd 💗🫶🏻,0
playstore,8458363a-579c-4744-af6c-a90b5c344b83,2026-08-19T12:55:03,1,Bakawas service Bakawas App....All Time Delivered Fake and duplicate products.. return option is not visible...1 Monthno one pick up return order .... customer service also disgusting please don't use Myntra app it's very very bad,0
playstore,0f57b0fc-55e1-4aa1-ab2f-6e48dc47583c,2026-08-19T12:54:46,5,nice,0
playstore,f967a89e-7664-409d-98b0-0b25944e15e4,2026-08-19T12:54:34,5,Good quality and varieties of products are available at Myntra you must visit and buy accordingly.,0
playstore,938a1b7e-3b37-44f3-b065-36a1d31d6492,2026-08-19T12:54:00,4,been using Myntra for about 12 years. over the years they have improved a lot and gives peace of mind in choosing genuine products. however the platform fee is too high,0
playstore,90e46fdc-d7d7-4858-8957-8801ed1ba923,2026-08-19T12:52:26,5,Myntra is honestly one of my favourite shopping apps! ❤️ The app is very easy to use. the collection is amazing & there are always great discounts & offers. I love how easy it is to search products compare options & check reviews before buying. The product variety is excellent & the overall shopping experience is smooth and convenient. 🛍️ Delivery & packaging have also been good in my experience & the return/exchange process is quite convenient. Thank u Myntra for making online shopping so easy,0
playstore,5125d086-d1b6-406b-864e-e9e2b75b96dd,2026-08-19T12:52:19,5,good producrs,0
playstore,e5973c57-1640-4ae7-900d-b3fe74dca1a1,2026-08-19T12:51:43,5,nice app and great product take a but longer for deliver products,0
playstore,8e507734-7f37-499d-84c6-bd2065015978,2026-08-19T12:50:53,5,"Good, but not budget friendly for everyone!",0
playstore,f550ea2a-ef78-4330-95f4-ed0900093de8,2026-08-19T12:50:13,1,myntra sarvice sabse bekar hai mara order 14 August ko delivered hona tha or aaj 19 august ho gyi hai aaj tak Oder nhi aaya inki helpline pr baat kro to next time next bolte hai koi kuch bhi help nhi krte sabse bekar platform hai 👎👎👎,0
playstore,12a8be28-417f-45a9-b2f2-b759e364ae6c,2026-08-19T12:47:42,5,Best quality of product,0
playstore,299e8818-893e-4de7-9a11-56fd8e20ad8c,2026-08-19T12:45:02,1,"today 19 Jul 26 almost 70 days passed, I returned a product worth ₹10,999 but have still not received my refund since 8 jun 26 order. Customer support keeps giving different instructions—first chargeback, then bank statement, bank details, and now a bank denial letter. I have submitted every document requested, yet there is no resolution. I have spent weeks following up and visiting my bank. worst ever merchant in my life. please don't buy anything here 🙏. myntra is complete fraud and scam.",2
playstore,55037413-0af5-4285-9a02-572ae9a2f154,2026-08-19T12:45:00,5,best,0
playstore,ddd3eb2e-9205-4d76-8603-fa451119eaf8,2026-08-19T12:44:36,5,💗,0
playstore,2f0b2c79-ce99-40c5-b342-9a74e73da5b0,2026-08-19T12:43:29,5,good 👍🏻,0
playstore,94d225c5-60b3-4d33-8410-64b62751d708,2026-08-19T12:42:28,1,Myntra's return policy is complicated when you receive the wrong product. I have been waiting for days and still the issue is not getting resolved. Also their packaging is the worst.,0
playstore,2711e7bc-83df-4f03-ad62-d443073b473f,2026-08-19T12:38:20,5,good platform,0
playstore,68ebe2f1-555e-45f8-8776-7b17a5373150,2026-08-19T12:38:14,1,Disgusting app it is rascal,0
playstore,bb49a699-7c03-44f1-b380-76fa91671906,2026-08-19T12:36:49,5,Nice App Placed My Placed First Order And My First Delivered Thank You,0
playstore,92186647-6e13-47bc-988c-872868b587d9,2026-08-19T12:36:47,5,Myntra is one of the best shopping app not only for clothes but for everything.,0
playstore,18eefa96-93f8-4384-93a6-dae87572635e,2026-08-19T12:36:19,5,best product and trusted brand,0
playstore,f29a1c65-3ac2-4e1c-a0e7-8bc93523961a,2026-08-19T12:32:55,5,nice 👍,0
playstore,2f105247-2af4-40b6-a008-cfae0dea03e1,2026-08-19T12:32:42,5,This is the worst app customer ki koi help nhi krte jab unki koi complaint hoti h to I am very disappointed with Myntra,0
playstore,82e85077-0a4f-4899-a9db-5714f3e4cdb2,2026-08-19T12:30:22,5,This application is absolutely genuine about original product .,0
playstore,240c6a73-26c8-45ed-ac17-1a0fa8cd419d,2026-08-19T12:30:12,1,bhut hi ghtiya sarvice hai. maltb apne me hi bolte rhate hai ise acha mehso hai kam se kam shai tarike se jabab to deta hai,0
playstore,16c64a58-3bc5-4d2d-8c2d-cd87a4dc9529,2026-08-19T12:28:30,5,Good & prompt service service .,0
playstore,cf9436bd-460d-46b3-a5ed-1f73d60bc338,2026-08-19T12:27:57,5,nicee,0
playstore,10c35c26-aa4b-4177-89f7-1af64ead3110,2026-08-19T12:24:07,5,excellent,0
playstore,bdf855e5-c529-44c8-99a5-85adb36ea174,2026-08-19T12:23:43,5,owesome,0
playstore,c1046120-c3f3-4860-85f6-41947d55da61,2026-08-19T12:22:30,4,Nice shopping experience,0
playstore,72579184-9ba4-44a8-9a71-6deb08d00a85,2026-08-19T12:21:53,1,worst app ever whenever I order something it gets delay every time for 3-4 days more,0
playstore,0e11391d-be74-4864-8f92-cefb7cb47df0,2026-08-19T12:16:26,5,super 💯 good quality excellent quality,0
playstore,97525694-1c1c-4372-a11e-a3a7eeadbe0d,2026-08-19T12:16:11,4,Great app,0
playstore,cc46a6d4-8708-4345-8a70-dfb3b8c3e14c,2026-08-19T12:11:09,5,fantastic,0
playstore,cac1d9f8-311d-4037-b436-d58c59556fd7,2026-08-19T12:09:13,3,Gud,0
playstore,3dd1b07d-1360-4a05-b837-9474a30fb980,2026-08-19T12:03:22,5,best quality cloths and exchange fast,0
playstore,7ee4fa3e-a36a-4330-9327-b39b40d828b9,2026-08-19T11:59:55,5,"good in service, budget friendly and good products",0
playstore,70910d60-52af-433a-9de9-110fcce127f1,2026-08-19T11:59:21,5,nice,0
playstore,36693c74-7433-4c84-9d9b-54d844e2b739,2026-08-19T11:58:15,5,trusted application,0
playstore,3470c026-2816-4bd1-b887-15e7a3c9d4e7,2026-08-19T11:58:15,5,very nice aap,0
playstore,31024e7e-f5b2-4c6d-b9dd-024434fcd26e,2026-08-19T11:58:00,5,Good cloth quality and right in size . so nice,0
playstore,70d3b75f-93a2-49c6-9ee8-faf58b0b25c9,2026-08-19T11:54:22,5,best quality clothes,0
playstore,b67e7abc-acce-4cc5-b968-53581019dcab,2026-08-19T11:52:51,5,"""One of the best shopping apps out there! Huge brand collection, genuine products, fast delivery and super easy returns. The app is smooth, and the sale offers are amazing. Highly recommend Myntra!""",0
playstore,a8c6fd81-1677-4732-9412-c4c9fd1643d9,2026-08-19T11:49:24,5,"Myntra is one of the best shopping apps for fashion and clothing. The app is easy to use, there are plenty of options from different brands, and the product quality is generally very good. Delivery is also fast and the return/exchange process is quite convenient. Overall, I've had a great shopping experience with Myntra and would definitely recommend it to others.",0
playstore,8796a556-7bd3-4084-8ba6-b0ba67a771c1,2026-08-19T11:44:23,4,nice experience,0
playstore,7116b5fe-f4dd-4054-b858-7d683a445c59,2026-08-19T11:39:06,5,I like this app,0
playstore,32f8a858-6392-4f1f-89a4-1dcb08a8944a,2026-08-19T11:38:35,1,I have ordered a short sleeve shirt of mast and harbour brand from myntra but received a shirt from different brand,0
playstore,812d9140-dd87-4239-bf43-1ee51ab89130,2026-08-19T11:33:40,4,Products almost look as good in real life as they do in pictures. The app is fine and somewhat easy to navigate.,0
playstore,9e90bd67-637d-4f96-a13e-8ec996c0587e,2026-08-19T11:32:51,2,nice product,0
playstore,9d3ee580-1078-4a6c-a3e2-15b61b4cf2fb,2026-08-19T11:32:19,1,"Very disappointing delivery service from Myntra. Their delivery chain is extremely poorly managed. Deliveries are often delayed without any proper explanation, and the promised delivery dates are not taken seriously. Customers have to keep waiting and following up for their orders. The shopping experience is completely ruined because of such poor logistics. Myntra seriously needs to improve its delivery system and customer service.",0
playstore,9b873073-5b91-4aca-8cb0-c48e6432ceb8,2026-08-19T11:30:22,5,nice,0
playstore,518e7776-239d-4fb5-a5e4-79194df42c85,2026-08-19T11:27:31,1,"Horrible service, I would happily give zero stars and won't recommend this app to anyone. The order arrives fast but the return process takes years. no one comes for return pick ups and when you use the ""call me"" option an automated annoying bloody voice gives you replies that are absolutely useless that too in Hindi when you specifically choose ""English"". Very frustrating service when it comes to returns and refunds. I'm uninstalling the app.",0
playstore,5a28b9c2-4b82-465f-8fd6-d996140a916a,2026-08-19T11:27:24,5,amazing,0
playstore,ad7c99bf-5ab9-48a8-9d2e-242373eaa8b8,2026-08-19T11:24:27,5,super,0
playstore,e48e75ed-892d-498d-a42b-346d8ca1b421,2026-08-19T11:21:23,5,nice,0
playstore,cf29a1cc-f2f7-4337-861b-c6433454cd40,2026-08-19T11:19:41,5,amazing 🤩🤩,0
playstore,4cbfe927-6db2-4f95-b9f3-7412a9aa04d7,2026-08-19T11:19:33,5,good,0
playstore,22ec3e0d-1e67-4616-a50e-e8c32bffdabc,2026-08-19T11:18:46,5,nice,0
playstore,90e82e21-992c-46d7-8ad7-5c232256a524,2026-08-19T11:17:52,5,good experience,0
playstore,8c1fdffb-c81a-4409-b6b9-57008de92499,2026-08-19T11:17:22,5,I totally love the fittt❤️,0
playstore,057e6178-645c-4f64-8754-21e3b279fd93,2026-08-19T11:16:55,5,very good experience,0
playstore,80806b15-524d-408b-9642-71daa1478abf,2026-08-19T11:13:33,5,I love to shop in myntra it's always give me a best,0
playstore,d9a71366-8727-44e5-8f12-c601579f02f4,2026-08-19T11:13:26,5,good products 👍,0
playstore,548d2b79-86a4-4c12-8374-2d77611a9318,2026-08-19T11:12:29,5,Good,0
playstore,31c0b6c0-93de-4738-ae5d-a91674103b1c,2026-08-19T11:12:07,5,My go-to online shopping platform. The quality of the products is too good. I would recommend everyone to try at least once.,0
playstore,8f8c3a8c-aae2-442b-955f-795f20c5488c,2026-08-19T11:11:53,5,best of the best,0
playstore,8aa33448-a8d5-4cf9-8a08-c07dd8045c19,2026-08-19T11:11:34,5,"useful app from the pov of merchandise, shoes and crazy deals which gives you better products then other apps.",0
playstore,058cddcd-f4e9-4ae6-8593-d39f6ea349bd,2026-08-19T11:11:20,5,very useful app and all products are good quality,0
playstore,dab6ef3e-e3c6-4d0c-a51f-34b33a4a17e6,2026-08-19T11:10:19,5,best,0
playstore,c9418488-8ad9-4561-bd95-f5742755c3ec,2026-08-19T11:04:59,5,this is the first time I am using this app for my online purchase i am satisfied.,0
playstore,bfbfabb6-ba58-444e-8661-6dd55e2d033a,2026-08-19T11:01:37,5,best quality material available in this brand,0
playstore,173d1bf0-ce4e-4e9f-bbc7-3f3bfeaa3c9b,2026-08-19T11:00:24,5,wow,0
playstore,4c879ee9-e47f-45e1-9fe0-d94e609c8ed6,2026-08-19T10:53:16,5,Rates is too higher,0
playstore,bd5e69a9-cf96-41e6-b2e4-46d97fcaf2f4,2026-08-19T10:51:28,5,nice product,0
playstore,1bf42960-a344-4c46-9286-10d6bfb8c751,2026-08-19T10:49:19,5,nice,0
playstore,47b5aa6e-093b-416a-8cd2-1e704675935c,2026-08-19T10:46:49,5,my fvrt app mai hmesa Myntra se shopping krti hu,0
playstore,7595ed20-e9f5-4f7f-9112-4f4b4642dd40,2026-08-19T10:43:56,5,best online shopping app for cloths,0
playstore,b63f874b-bd41-4048-ac0e-d164d9ae17ae,2026-08-19T10:42:10,5,just fantastic,0
playstore,3b35ff0d-a141-4b68-b745-93103eb7ee00,2026-08-19T10:39:48,5,nice app for fashion shopping,0
playstore,a8b4751d-1eec-4a30-a8c2-1732191b1755,2026-08-19T10:38:59,1,it's a fraud company. without any reason my account was deactivated. i have ordered an item there was size issue. i am not unable to use my account for exchange or return. my account is deactivated it is no longer active. such a fraud company 😡,0
playstore,6d9be04e-4ce0-46f3-b9be-f82d2f4f249c,2026-08-19T10:33:02,5,this is perfect platform clothes and beauty k liye,0
playstore,50927ecf-b606-49c3-bc19-08c7c0032a1a,2026-08-19T10:33:01,5,best hai bhyi,0
playstore,de0fe98b-828b-4ebf-a3c3-95c98e38c29f,2026-08-19T10:31:51,5,good but costly,0
playstore,7304aee0-2d8d-43bc-97e6-6eafaa8278b2,2026-08-19T10:31:16,5,gud,0
playstore,9e77cc89-6c8f-43f2-ab82-06c3a63a6b54,2026-08-19T10:29:28,5,good,0
playstore,8788c57c-e606-4890-9c62-20efb3f2a7b2,2026-08-19T10:26:40,5,Great,0
playstore,15e5d361-77da-4a22-ab3c-38b3447ab02e,2026-08-19T10:23:00,5,Best quality,0
playstore,381504bb-d4f3-4022-823c-7fcd9ae7ef31,2026-08-19T10:22:10,4,good,0
playstore,49324b8d-4d8c-481d-a79c-54f57ddd375a,2026-08-19T10:19:29,5,good quality product,0
playstore,492c9d43-bbf7-46c7-89d2-0a644a16263c,2026-08-19T10:19:29,5,best shopping app,0
playstore,6961f302-7de3-4c70-bae8-44beb6968e02,2026-08-19T10:19:14,5,nice experience,0
playstore,4307e587-6f5f-4fd1-8967-a78ac1d84186,2026-08-19T10:18:34,1,"worst shopping app 6 orders me 5 cancel ho gye and only 1 receive hua , very show app",0
playstore,6df58a96-0246-4af8-9b97-61b8d13af95d,2026-08-19T10:07:31,4,orignal brand you can buy from this,0
playstore,bf64f063-8241-47c7-b66c-e7274939dc4f,2026-08-19T09:57:26,3,All categories available please Make affordable price,0
playstore,139aa312-510c-4664-ba4d-00ffb3ea3d51,2026-08-19T09:57:07,5,very good,0
playstore,5785f971-42bb-4253-ae20-5b982b428018,2026-08-19T09:41:43,5,like me Thish app,0
playstore,e572c2fd-9024-46bc-92a1-9b544583a4b5,2026-08-19T09:32:40,5,Myntra is the best shopping platform.,0
playstore,182a8df2-f1c6-4190-a8ff-da11e9315161,2026-08-19T09:32:30,5,good,0
playstore,bc846ccf-ad68-4776-8070-0ceb969f49d5,2026-08-19T09:32:23,5,👍💯,0
playstore,7b63e872-4317-49ac-aa91-6a0562048854,2026-08-19T09:30:21,5,nice app,0
playstore,b9bd9594-25aa-4d8b-aede-d0fbddd5accf,2026-08-19T09:29:42,1,waste app,0
playstore,6619a11b-5ae0-449c-aa4a-5e1f07942d2e,2026-08-19T09:26:33,5,nice,0
playstore,693a90df-b2d9-4920-aa07-96de1c34b12e,2026-08-19T09:24:18,5,mast app hai 👍,0
playstore,c1a16d4b-d567-4d53-b060-d81f5003ac8d,2026-08-19T09:20:51,5,nice,0
playstore,2f836d4f-c5c4-4c6e-9bd4-82ca218304df,2026-08-19T09:19:02,5,Amezing experience,0
playstore,c606fcac-793f-45f8-9524-94cf547822c8,2026-08-19T09:16:22,5,"nice app , authentic product delivered with early delivery",0
playstore,23aa70fa-d653-4b04-a4a4-4d141b86adc7,2026-08-19T09:16:08,5,perfume fragrance it's osam i like it perfume,0
playstore,536475d6-655a-4b27-814c-b67b1830e053,2026-08-19T09:14:35,1,i ordered a bag and during the delivery date and after the delivery date which is five days apart i havent got a call from the delivery agent.But they said they have attempted multiple delivery but i havent got a single call from the agent and now my order has been cancelled after waiting for three weeks.Im very disappointed with myntra and even when i talk to customer care they're not responding with a proper answer cant get connected to human at all its full of ai,0
playstore,32dc9f86-6d67-414d-9e64-0b6047757610,2026-08-19T09:13:56,5,very nice,0
playstore,c47f7e12-495b-488c-bf88-f908bf7a0e96,2026-08-19T09:12:13,5,good n easy,0
playstore,7527e53a-f1fe-4318-8267-0972b6f705a9,2026-08-19T09:02:58,4,good,0
playstore,d6da9dde-efa8-4b3d-955a-17bfbd8b1a67,2026-08-19T09:02:16,5,good experience,0
playstore,fdfdf058-cec9-44da-9f8f-51c7d8750d3a,2026-08-19T09:00:59,5,best shopping app,0
playstore,46cbe91c-6e34-4310-8446-be557005c8cd,2026-08-19T09:00:36,5,good,0
playstore,335c1a5d-f6a3-4787-a76e-6d19eea7e216,2026-08-19T08:58:01,5,my order delivery is delayed so many times,0
playstore,83122d2a-a0f8-414b-a5f7-941eda44cb96,2026-08-19T08:57:42,5,This app is really safe,0
playstore,69fe17e2-7239-4e38-b98f-016c013b434d,2026-08-19T08:56:11,5,good,0
playstore,42e638da-4975-4404-89b8-74dfc10219c4,2026-08-19T08:52:52,5,best app for shopping,0
playstore,59c8b8fe-9518-4c04-8861-842f2a43d3f1,2026-08-19T08:45:21,5,good,0
playstore,836cc234-629b-46b7-987f-89b07f901b62,2026-08-19T08:42:20,1,"Bilkul, thoda strong aur detailed review ye rahega: ““Very disappointing experience with Myntra. This was my first order, but I received a defective product. My account has been blocked for 3 days, so I’m unable to return it or contact customer support properly. Please unblock my account and help me with the return and refund.”",0
playstore,71ba5489-ebaa-40b2-9349-ebeddb32c0da,2026-08-19T08:42:01,5,awesome,0
playstore,0befdb38-1018-49f7-b758-7849600549e0,2026-08-19T08:41:58,5,myntra is easy to use and the myntra myncash feature is very good i love this feature of myntra,0
playstore,b8c98494-2aec-4bde-b3d2-d83a8cd02069,2026-08-19T08:38:35,5,good 👍😊,0
playstore,0e5dbf2d-cd7c-433f-b321-a2af288bdbd8,2026-08-19T08:36:18,5,very good,0
playstore,d8374617-d992-46a4-a1c9-ffdbb6407030,2026-08-19T08:35:42,5,Amazing delivery experience and genuine products.,0
playstore,27ef544c-03ff-40e2-a89b-0c6e1c63f6d1,2026-08-19T08:34:04,5,best app,0
playstore,0c0a92eb-baff-4141-8499-e6ff02c1e614,2026-08-19T08:31:30,5,very good 👍,0
playstore,b08434a7-e4ce-4bd1-959c-fba36b35db29,2026-08-19T08:28:30,5,Very nice app,0
playstore,1f329cb4-946a-4a2a-882d-d80531100e1c,2026-08-19T08:28:02,3,clothes are good but it takes much more time to verify return request,0
playstore,54a5541e-6741-4ef1-91e1-d05f8694f4a3,2026-08-19T08:27:50,5,very good app,0
playstore,cade6257-4741-41bd-b29a-399ffd2fbca0,2026-08-19T08:16:29,5,"super app to buy clothes,shoes and many more things",0
playstore,1729a71d-f7cd-405d-9c42-03d303670283,2026-08-19T08:15:59,5,cool,0
playstore,a7694090-58fb-414b-b81e-6faf12b74461,2026-08-19T08:15:52,5,good,0
playstore,192a687d-5a13-4723-a886-0d25d953693b,2026-08-19T08:15:07,1,"day by day Myntra become Meesho,very poor product in there collection,even it's a worst quality.",1
playstore,8a935ee8-5640-4d32-8067-826624c36bf5,2026-08-19T08:07:23,5,"I really had a great experience using the Myntra app. The app is easy to use, well-designed, and has a wide variety of products to choose from. I especially like the easy search, filters, product details, and smooth shopping experience. The delivery process is also convenient, and the products I received were good in quality. Overall, Myntra makes online shopping simple, comfortable, and enjoyable. I am very satisfied with the app and would definitely recommend it to others. ⭐⭐⭐⭐⭐",0
playstore,5385c447-8316-4020-857e-c2c9e3da5787,2026-08-19T08:03:54,5,good,0
playstore,38ab52e9-53b8-4b39-8b7c-20e129f0bcea,2026-08-19T08:03:03,5,"very fast,stylish and easy app..always fun to buy from myntra as it has plenty options in affordable range",0
playstore,40009579-9f2d-4e41-9d0f-491cb5e8d54c,2026-08-19T07:58:59,5,nice,0
playstore,4199ee80-27bc-4906-b747-afae561b6cc0,2026-08-19T07:57:50,5,good,0
playstore,5872ca33-e1b8-46f5-b035-804508cf3e1e,2026-08-19T07:55:55,1,"Products nowadays are sold by Myntra are of worsts quality. And the best part is that they will reject your return request also, so now end is near for myntra. Lot of other good companies will kick them our like Ajio, Nayka, etc. adding to my last review still Myntra using facing of seasonal sales to sale the defective product to the quality customers still there is a time to change the tactics and provide good quality product.",0
playstore,f2e92bf3-1716-4d60-8fe0-a96ecde8fedb,2026-08-19T07:53:54,5,Happy shopping,0
playstore,fb5fe80c-9a29-4e53-bc29-e0f7c1e0a977,2026-08-19T07:42:21,4,good,0
playstore,f35bed44-f242-4093-adc1-d82a52a89060,2026-08-19T07:42:08,5,great shopping,0
playstore,c52a17ce-a924-41a2-a225-f8d16f5a2b38,2026-08-19T07:36:16,4,good,0
playstore,4b25bde6-162a-468d-ad8e-c995160432e4,2026-08-19T07:35:38,5,this app sooo good,0
playstore,7109dac8-3ee4-44bb-a574-64c66fd3a24f,2026-08-19T07:35:07,4,"not extra charges from "" Cash on delivery 🚚 """,0
playstore,1d8ff829-e1eb-4de5-9ea1-eccff5f7e875,2026-08-19T07:15:40,5,Yai best app hai yaha sab top quality ka product milta hai I love this app,0
playstore,0c2f65dd-d649-4554-b9d2-37360bfe00ef,2026-08-19T07:15:13,5,❤️,0
playstore,ff56ebec-8fb2-4bad-a560-f0c0507cba02,2026-08-19T07:14:16,1,"Pathetic service and worst customer support experience! I ordered a watch (French Connection) well in advance as a special birthday gift for my wife, which was supposed to be delivered by August 9. However, it got delayed indefinitely. When I contacted customer support, the AI chat and automated calls were useless and just kept wasting my time with robotic responses. Then 18 august automatically cancelled my order without proper reason.",0
playstore,f11ebd0b-6c8f-4c93-a59c-3021e623486d,2026-08-19T07:12:01,5,very good,0
playstore,d122366e-5a5d-439d-984f-688838d98ad3,2026-08-19T06:57:11,5,Good experience..Beautiful dress,0
playstore,94ba3357-bf2d-4207-b5bc-f4173db5c1bc,2026-08-19T06:45:01,1,worst experience .....my return order wasn't picked up...myntra automatically cancelled my return request ....fake cheating app,0
playstore,11e8ecff-5c0d-4980-9bff-6cffa8111276,2026-08-19T06:30:34,5,👍👍👍👍,0
playstore,b5872ee9-a345-42cf-8b6d-14992bdf86d0,2026-08-19T06:26:49,5,awesome,0
playstore,3d19c9ea-b50b-487b-81dd-44a46a947cf4,2026-08-19T06:15:27,5,very good 👍,0
playstore,2d069edd-d758-4505-a9d6-58b2c79d5f95,2026-08-19T06:11:05,5,good,0
playstore,bb98c8d8-03c5-4dbb-9f21-1c9abb8c4225,2026-08-19T06:00:14,5,great appe,0
playstore,4b4b8631-781c-44fd-bed2-073870ea72c4,2026-08-19T05:56:50,2,"Disappointing Experience with Myntra After 10 Years. I have been shopping with Myntra for the past 10 years and have never faced an issue until now. I received an incorrect, damaged product without a tag, and my return is on hold. Despite repeated calls to Customer Care and emails to the Grievance Team, there has been no resolution even after 24–48 hours. This lack of support is extremely disappointing. I hope senior management takes note and resolves this promptly.",1
playstore,8e8e9dc7-ae59-437d-9e5b-e241a99ea990,2026-08-19T05:32:45,1,worst app the service is very poor return of products cancelling lot of inconvenience caused from this app delivery issues are not solved easily,0
playstore,6c28dd5c-240c-4db4-bf45-6e61c94bfa1c,2026-08-19T05:30:53,5,nice app,0
playstore,f2a30e17-c2dd-45ed-b1fe-fcb93d80dffe,2026-08-19T05:18:52,5,Excellent and comfortable.,0
playstore,b223d807-9a7d-4d31-8120-13da2ad36181,2026-08-19T05:04:00,5,good,0
playstore,8ffcc7af-a52d-4add-9e21-9692775bca64,2026-08-19T04:51:36,5,I really appericiate myntra for its good quality products and great pricings.It is my pleasure shopping here everytime and i never get disappointed hope the same in future,0
playstore,e1c4513e-aea1-4ea0-8cb1-c07057700f71,2026-08-19T04:19:31,5,very usefull app bast qwality product available,0
playstore,7ff08ef2-2c98-4125-94fb-422e3046106a,2026-08-19T04:11:09,5,super,0
playstore,13b5d62c-0bbf-40ff-8114-24ddd2f4fd5e,2026-08-19T03:53:00,5,very nice,0
playstore,f9796d45-0ed2-4c88-8b34-483d266f7613,2026-08-19T03:52:56,5,nice,0
playstore,b6e98a26-b272-4b94-99e6-56ee1a181107,2026-08-19T03:25:09,5,🙂‍↔️🤎,0
playstore,d5cf642f-690b-428e-9702-abdc608e5577,2026-08-19T03:18:55,5,very nice,0
playstore,77d8ac1e-db52-4f6d-8090-7614b276d047,2026-08-19T02:52:26,5,good,0
playstore,a0af4018-f3bf-4b07-a393-66c2db0f3b47,2026-08-19T02:36:53,5,very good shopping app best in the world for fasion,0
playstore,a773b6c4-e158-4766-9fac-90ff26dd6505,2026-08-19T02:29:59,5,it cool,0
playstore,c923b313-4389-45ee-822d-d71c6d383f66,2026-08-19T02:23:56,5,awesome products.,0
playstore,3db9d798-81b9-4867-917c-686fa7929e91,2026-08-19T02:15:06,4,good,0
playstore,cc6f78bf-f3e6-40f8-8f59-9dcb6184affb,2026-08-19T02:07:46,5,👍,0
playstore,362eece8-f492-4960-9b4a-e59c234fca8c,2026-08-19T01:58:23,5,good,0
playstore,3c3a6d1e-4287-435d-956c-3d98ba5b8c09,2026-08-19T01:41:56,5,very nice,0
playstore,87b5b834-f97d-4d67-a74d-35474561bd2a,2026-08-19T01:35:58,4,excellent,0
playstore,90830b8d-be1e-4ab4-926c-912ed8f433eb,2026-08-19T01:30:05,5,I love this app 💯,0
playstore,a4d492ce-98d5-450f-8391-56976009934e,2026-08-19T01:24:26,5,i number quality i like this,0
playstore,5511c668-6557-42b6-9e35-5efb461c4ed6,2026-08-19T01:15:32,5,good,0
playstore,fe280994-c834-4336-9271-e4dec481ca43,2026-08-19T01:12:13,5,it's amazing,0
playstore,15b543c4-1ce9-484f-8740-7009bd251830,2026-08-19T01:05:04,3,Didn't get my myntra credit/earnings for my last approved video on ultimate glam clan program.,0
playstore,c2853d97-d463-4d89-8aa2-c39b1afd0449,2026-08-19T01:04:29,5,"⭐⭐⭐⭐⭐ 10/10! Amazing shopping experience on Myntra! Great collection, good quality products, easy-to-use app, and amazing discounts. Totally loved it! ❤️ Myntra has a great variety of clothes, footwear and beauty products. The app is easy to use, filters are helpful, and there are usually good discounts. Overall, a good shopping app, though customer support and return issues could be improved.",0
playstore,6ec80051-7c2a-4f97-a9fc-2e3c9c80f44a,2026-08-19T00:58:59,1,I just ordered one minimalist serum and face wash from you and haven't received it but still it showed as delivered. And all you can help is tell that acc to your logistics team I shared some Pin and now I can't get my product nor refund woww My other product was a suit that was ordered on 2 nd aug was meant to be delivered on 13 aug and till now it's not be delivered and I am asked to wait for confirmation till 25aug woow what a timing great ....I won't order from you again 🤬🤬😡😡🤬🤬😡🤬,0
playstore,006ff3c5-4931-4f8b-9057-571496746710,2026-08-19T00:57:53,5,this app is very intersting,0
playstore,f5d98f85-105d-4754-879e-700b1e0f6809,2026-08-19T00:53:07,3,"i really like to Shop from here but I don't understand what is their issue ? they always cancel my order without giving any reason just by saying sorry. I mean we are not fool. if we are ordering something again and again that's means we really need that thing and uhh fool your customer like this and their customer care support is so bad they don't even allows uh to type your problems. they gives you specific options to choose your problem, like seriously 😒",0
playstore,72951ab1-0cf9-49ad-bfb5-a7f0a2989d00,2026-08-19T00:48:53,5,review very nice 👍🏻,0
playstore,a2730bd3-6f6d-4cd3-b938-aed48cb53d05,2026-08-19T00:48:49,5,too much gd aap for shopping. easily reliable and convinient to use,0
playstore,6085bd35-ec36-4a38-bb83-33cd3fb4359a,2026-08-19T00:47:01,5,best for fashion & fast delivery,0
playstore,bb343bb1-72a6-4f51-87d3-87c697adb67a,2026-08-19T00:43:21,5,"⭐⭐⭐⭐⭐ Amazing shopping experience with Myntra! The collection is stylish, trendy, and has something for every budget. The quality is great, delivery is quick, and the packaging is neat. I’ve always had a smooth experience shopping on Myntra. Highly recommended for fashion lovers! 🛍️✨",0
playstore,c7a9118b-4366-4dad-90d6-f854cf6925e8,2026-08-19T00:39:23,3,ok,0
playstore,38a96dcb-f7f4-4fea-857d-5404454bef4c,2026-08-19T00:37:29,5,good quality 🥰,0
playstore,23c0c310-67f9-4547-9efd-e58638f7607b,2026-08-19T00:37:11,5,better than flipkart,0
playstore,626765dd-20ac-4a6c-9dfb-95a0ef542437,2026-08-19T00:33:52,5,very nice app 🫶,0
playstore,3601db35-20f5-4d9e-9cea-15b6bb0ad3a2,2026-08-19T00:24:33,5,you can really get good products here Loved this platform,0
playstore,a6416a27-558a-4dc7-a2d2-cda4fb83bdae,2026-08-19T00:23:55,1,"myntra is too bad yr, i got disappointed by its service like no shopping app does this to me that this app cancel my order everytime by showing that it has come in my town than it shows order got delayed and after more few days they extend the date and after that it cancelled!! like they have no accountability , if I have ordered something and it take half a month to come and then cancelled without any reasons , it is seriously annoying .. and also it happens with me always .",0
playstore,1d58de54-d375-4cd5-9e29-9557a7d98230,2026-08-19T00:23:44,5,very good,0
playstore,950a3027-32f8-4964-988d-6ab0e3fee1cc,2026-08-19T00:23:15,5,good 😊,0
playstore,cf0fe49b-0988-407b-8fc5-dd3e0c37d2b1,2026-08-19T00:22:33,5,very beautiful,0
playstore,ac8309fe-e9ab-43e3-9759-cc3266a51f9a,2026-08-19T00:22:07,5,it's a very good app with a good interface for people and has a lot of styles and also it,0
playstore,bef4beb5-7694-4907-920c-3b6da48002d7,2026-08-19T00:21:03,5,good,0
playstore,609e39b5-3898-4149-9a62-a6f5a06dcd74,2026-08-19T00:20:52,5,excellent,0
playstore,3b563ce3-9864-4d10-a1d8-afbb634a981d,2026-08-19T00:17:05,4,Nice,0
playstore,3ca2b1e4-3192-4165-90f0-e604f31585fe,2026-08-19T00:16:58,5,very good,0
playstore,3c0aee53-72df-4af6-a77f-56600252f7df,2026-08-19T00:15:04,1,really bad experience,0
playstore,28fadb37-4391-429f-9806-461d9e243e55,2026-08-19T00:04:15,5,love you myntra 🎉,0
playstore,fb40e168-7c0b-4b60-8fb9-e837719d5efb,2026-08-18T23:58:06,4,App is good.,0
playstore,ae323faa-c7c5-43dc-a96e-811380ee73a6,2026-08-18T23:55:14,5,good 👍,0
playstore,6a539954-04b6-494a-87d2-85a8aa06b4ec,2026-08-18T23:54:22,5,good,0
playstore,6789949c-8b1d-4084-bd99-af93d553cb8b,2026-08-18T23:53:22,5,good online shopping app ☺️ 🤗 I like it 👌,0
playstore,6b3589d6-1cde-4aec-ac94-715f1bc616cf,2026-08-18T23:50:24,5,nice,0
playstore,3b822c39-4647-4d5f-93f1-9ef295715cc1,2026-08-18T23:41:39,1,delivery time Long and items not delivered no coustomer support myntra not purchase all items not,0
playstore,1ba98008-3e18-4463-8b95-622e5514190a,2026-08-18T23:40:59,1,worst order experience. it I'll take many days more than week . asume if you ordered item on 15 it'll show delivered on between 19-21. on 18 it I'll show delivered on 21,0
playstore,0ebc547b-3be2-47b6-8a2f-c281e692b44d,2026-08-18T23:39:28,5,good experience 😃,0
playstore,48fc01d9-daf4-44a9-8a3f-51cec10350fb,2026-08-18T23:35:12,1,worst support worst service,0
playstore,013d51db-fac0-4946-a5f9-2acc73be6c4a,2026-08-18T23:31:07,5,wow nice,0
playstore,cbe4043a-efa5-487d-8bba-2c903f6e9439,2026-08-18T23:22:44,5,best app,0
playstore,514386ec-1977-4fc0-8e92-dc4980cd7fb4,2026-08-18T23:20:24,5,Bahat acha hai ye app,0
playstore,a6d9c2ee-ecc2-4b8c-8bd3-fc51b8c726e6,2026-08-18T23:19:15,4,nyc Shopping app,1
playstore,7b3799a7-e029-4fc8-ad8d-c2f6749f3525,2026-08-18T23:17:23,1,apne ap cancel krke refund bhi nhi dia,0
playstore,1a7b8fd6-923c-45ba-bf41-cfa1864be8a3,2026-08-18T23:16:24,1,worst Customer service. First they are not sending product with tag and while returning asking for tag. Customer care team is not responding neither on chat nor on call to discuss on the issue.,0
playstore,897ea53c-bb43-4670-9631-25d5ca52a0e3,2026-08-18T23:10:13,5,super app,0
playstore,6a31b6b6-cd41-43d9-a5aa-6e0b6921e454,2026-08-18T23:08:40,5,nicee,0
playstore,0ce31d56-6d35-43cd-b656-5a8eb0691b35,2026-08-18T23:06:36,5,awesome 😎,0
playstore,c19c7479-3a97-4928-bd4c-c283378009e7,2026-08-18T23:05:53,5,this app is very awesome 👌,0
playstore,c4ee9fc5-891c-41c8-a041-8ab96660676e,2026-08-18T23:03:23,5,good,0
playstore,8aea0b58-f815-4b9f-ad4f-da9b00dea725,2026-08-18T23:03:12,3,unable to apply filters,0
playstore,353d6791-b4b5-486a-a356-bc4a49cb87e7,2026-08-18T23:00:43,1,"They do not have any support assistant, everything is useless and neither can we get a refund back nor can we talk to the agent through message, they do not give any option and if we call then there is an assistant waiting who is not available. Who doesn't listen to anything and solve our problem, I haven't received refund for the last 8 days and there is no customer support. Firstly, they send old clothes to almost everyone. I have given them proof.",0
playstore,172f90d6-6108-4a6c-970f-24f4df62b656,2026-08-18T22:58:40,5,app was good,0
playstore,f3387bbb-22ac-4d9a-a2ca-245b98f994aa,2026-08-18T22:55:25,5,🥰,0
playstore,26da16f4-496c-4bd8-aad0-acab5b6889d2,2026-08-18T22:54:53,1,poor customer service,0
playstore,016cc414-a194-4406-99c5-002fcb16866f,2026-08-18T22:53:00,5,mst app hai,0
playstore,61d2d263-9ff9-4a77-bb05-c400912f04e7,2026-08-18T22:52:55,5,mai ache kapdon ke liye bana hi nahi,0
playstore,d938aef2-12c9-4432-b17f-2d76e6fa7f9e,2026-08-18T22:52:36,5,genuine quality,0
playstore,439e5404-1dbf-4974-b236-a58933573476,2026-08-18T22:51:45,5,👌🏻,0
playstore,26bfea81-e552-4f52-aade-dfe14b2c832f,2026-08-18T22:51:41,1,it is the froud app and it's delivery as not well,0
playstore,7a44511f-37e8-4670-9ad7-f1a9fd5daee5,2026-08-18T22:50:01,5,nice app and good quality products,0
playstore,2e139c88-0dda-49c4-bb05-e5a7392a6d9c,2026-08-18T22:48:25,5,"very good in very affordable price,",0
playstore,dea37655-8734-46b8-b8f3-734feff03a91,2026-08-18T22:45:27,5,amazing .. nice collection fast delivery fast return. fast refund... thanku..,0
playstore,2b55b566-a6bd-400d-ab2a-5f3c078910c2,2026-08-18T22:43:25,4,excellent,0
playstore,6f63f2c1-c7ce-4e4a-ba08-face641e6d32,2026-08-18T22:42:38,5,one of the most trusted online shopping app💗,0
playstore,c104a0bc-a807-4d08-abd4-511dcdefdf99,2026-08-18T22:39:18,5,overall UI is good,0
playstore,885ef711-4526-4fbe-b15d-f7f62118cbc7,2026-08-18T22:39:03,1,worst customer service not connecting to any real agent to solve my issue,0
playstore,2d3e4bc3-d8ac-4bac-8df7-daafefcf687e,2026-08-18T22:38:44,5,my first time is very good product,0
playstore,943c182d-53f0-493a-b2f8-f16d443f5d70,2026-08-18T22:34:25,5,good...,0
playstore,9bb19567-170d-44fc-8d7e-05529f62ebad,2026-08-18T22:26:39,5,love it,0
playstore,9ee48fec-6105-4f96-bc18-b03bf3a6eb58,2026-08-18T22:21:40,5,love,0
playstore,166ee853-8532-4d19-9cde-978fbb2fc732,2026-08-18T22:17:19,5,"Love this app! Shopping is super easy, delivery is fast and the app is very smooth and responsive. Great collection and amazing deals. Highly recommend!",0
playstore,73fda32b-fc1a-47a0-ac83-d8311b96582a,2026-08-18T22:16:05,5,nice,0
playstore,ca63321c-883f-4d83-82ff-b8921087346f,2026-08-18T22:13:51,1,fraud app.. product picked up by the delivery boy however myntra said that product is not picked up and did not provide refund.. they don't even post your review on product if reviews are negative.. they have moderated the reviews as only positive reviews are being allowed to post,0
playstore,99db3b4f-0b29-45b8-804b-f1792e145780,2026-08-18T22:12:29,5,superb always,0
playstore,b7e012ab-2c56-4d96-9583-d316481d77bc,2026-08-18T22:09:24,5,very super,0
playstore,fe93c1c0-81c7-4a55-bcce-816c61404b63,2026-08-18T22:05:57,5,Amazing app for shopping,1
playstore,68750ba4-0fbf-471d-ab5d-d42ad91e8bbe,2026-08-18T22:02:51,5,more collections available.,0
playstore,c33b0657-ae34-49b5-a313-6cc9fc51b147,2026-08-18T22:01:57,5,best discount,0
playstore,da237aba-4a42-4b15-bb84-424c16250eab,2026-08-18T22:01:38,5,good,0
playstore,6a870b7d-9c45-4dfb-a099-578a5abf2207,2026-08-18T21:58:07,5,overall it's very nice 👍,0
playstore,64eaf366-bdf8-4243-90a5-210d436329ea,2026-08-18T21:56:04,1,"Really bad experience with customer executive. My order got cancelled after reaching my nearest delivery hub as my pincode suddenly became non serviceable for them. The same pincode where they were ok to deliver when I placed the order. The customer executive only has one thing to say ""i understand your concern pls place a fresh order"". what is the purpose of that....",0
playstore,f10cc8d1-4e73-4a44-9cd3-d6befd17acab,2026-08-18T21:54:56,5,good,0
playstore,b268a5c1-fb35-4b10-8790-77d1522629f1,2026-08-18T21:54:13,5,nice,0
playstore,5b523d75-be20-4c9f-85a3-9afabe0ab4ee,2026-08-18T21:53:15,5,"Excellent, Fabulous, Mind blowing",0
playstore,b5296326-428d-4b29-b985-e39b25e407b1,2026-08-18T21:51:28,5,excellent app,0
playstore,20944b07-13d6-4f11-afcb-49447c2e9d85,2026-08-18T21:50:31,5,👍👍👍👍👍👍👍,0
playstore,ce381d53-9c89-4251-a0a6-ea23281e9b49,2026-08-18T21:48:03,5,one of the best app for order stuffs and the my glam clan offers gives you credit money so you can redeem on the orders,0
playstore,985ada8f-d674-4be1-9dbe-cb187a46f3e6,2026-08-18T21:47:20,5,perfect fit and stylish,0
playstore,2ac0acd6-a642-48de-98c3-b0715bd27132,2026-08-18T21:46:42,5,good,0
playstore,1fb3672d-5511-4ecb-b2c6-fe633e11cb90,2026-08-18T21:45:58,5,I just love myntra 🥰,0
playstore,1e81966d-4fc3-49a0-96d7-02bc816c8fad,2026-08-18T21:43:33,5,Excellent 👌,0
playstore,77891395-5bc3-482b-9c59-1f67177f195b,2026-08-18T21:40:43,5,greatest of all time,0
playstore,a583913c-636b-4a0c-9b4b-00508da8a8bf,2026-08-18T21:32:53,1,is app se ghatiya service nahi dekha m kisi ptaleform pe ye Nasha kr ke order confirm lete h .aur jo mn me aye date fix kr dete h aur us dilevery date pe pta nahi kaha mar jate h. 15 ko date diye nhi huwa 18 diye wo bhi nhi huwa to bnd kro na online selling jb tumhe delivery hi nahi deni h to,1
playstore,2946a56d-1b47-4ebb-8f59-6df00a289895,2026-08-18T21:32:12,5,very good 👍,0
playstore,f96d17a5-6379-4d72-b0cc-f73249f29412,2026-08-18T21:30:25,1,worst application ever I am trying to order something from the app they cancelled after few days bakwas UI bakwas service,0
playstore,8b4eeb5d-b3b8-4648-9709-e20b651c8e65,2026-08-18T21:28:40,5,Excellent!,0
playstore,50809a0c-9ab2-4a2c-899a-e568c62fc07f,2026-08-18T21:25:44,5,best for original products and great deals,0
playstore,b28b0c62-2693-4d46-b2dd-5fdf08b5e7f0,2026-08-18T21:21:49,5,very good,0
playstore,94a6e7bb-2a47-4eab-9b57-6bc4b4a50427,2026-08-18T21:20:19,5,Best service,0
playstore,615678cc-c3d6-405c-938b-cc71e8ef6f53,2026-08-18T21:17:18,5,Gooo,0
playstore,a7ad60ba-f74b-4e9d-988e-3fa26bde04c9,2026-08-18T21:15:21,5,"Amazing and trustworthy platform for makeup, dresses and ethnic wear",0
playstore,bfda5137-a2f4-44eb-843a-92e41ce46d64,2026-08-18T21:11:46,1,"Worst Experience Worst experience with Myntra. My order was supposed to be delivered on 8th August, but it still hasn’t arrived. When I tried to cancel it, the cancellation has been showing “Pending” for the last 5 days with no proper update or resolution. This is extremely frustrating and unacceptable. Customers shouldn’t have to struggle just to cancel an undelivered order. I strongly recommend people not to download this app or use Myntra for purchases. Very poor service.",0
playstore,1b56c871-48e7-4326-ae0c-d533151959b5,2026-08-18T21:11:20,5,very nice,0
playstore,dded942f-25ad-4ff4-8417-a969637bde76,2026-08-18T21:11:14,1,"Very bad experience. Applied ""No Return"" coupon by mistake and got poor quality product with faded colour. For return, only ""size exchange"" option was there. Requested refund by deducting coupon but ignored. No support. Myntra delivers bad quality and takes no responsibility. Policy is confusing.",0
playstore,89a4057c-bfcf-4c4b-9107-5182c01a6e5b,2026-08-18T21:11:04,5,The Best Ever!!! 🐥,0
playstore,cb595598-cd6d-45d0-b03e-6f0510fcc136,2026-08-18T21:10:35,1,"Extremely Poor Service and Delayed Delivery! My order was scheduled to be delivered by the 8th, but I have not received it yet. There is no clear update regarding the shipment status. Customer support has not been helpful. Very disappointing experience from Myntra.",0
playstore,1ea216fb-6427-4ad1-b71a-6acbaae07ed0,2026-08-18T21:09:56,5,My experience with Myntra was really good. The website is easy to use and offers a wide variety of products. The product I received was of good quality and matched the description.,0
playstore,a719a01b-460a-4dc3-bdcf-952fac75e947,2026-08-18T21:09:00,1,Myntra's service is very bad 😔,0
playstore,f4e24d90-0c3c-47e9-983d-75590ebf5886,2026-08-18T21:07:28,3,very good,0
playstore,f089562d-71ff-43bc-9179-2720a049c091,2026-08-18T21:01:21,1,"myntra is nt giving full refund after returning the whole item dnt buy from myntra wrong product ,issue in size I hve many complaint on myntra there r some resolving sum r igonre",0
playstore,b836b5d4-175d-4fc8-be8c-86a93aa0df48,2026-08-18T21:00:26,5,nice,0
playstore,ede2dc97-a86a-4f85-a429-e34c83828015,2026-08-18T20:59:36,5,nice 👍,0
playstore,0ad3307f-4f3b-4718-964e-55bfcb2643e1,2026-08-18T20:58:17,5,"the app was incredible,every product is geniune and has good quality",0
playstore,71a9ce07-9e45-4406-a631-7fea80b2c8a0,2026-08-18T20:56:02,1,customer care is just name sake and return policy and the return system is rubbbish,0
playstore,467d977c-151a-4401-a1f4-fac9076a6935,2026-08-18T20:55:54,5,good work,0
playstore,ca9b47ae-e505-4503-95ad-1c4e227dd7cc,2026-08-18T20:55:39,5,my experience is very nice and useful product purchase for me thank you from Myntra,0
playstore,db05889a-fc39-459f-94c8-09329a04bd46,2026-08-18T20:54:59,5,fast delivery,0
playstore,de82bcf7-d6fa-4c2b-8540-292d9a0ec34c,2026-08-18T20:54:48,1,"Very poor support. I received the wrong product and provided evidence. An Ekart agent called me and collected the product on 14 July, but Myntra later claimed it was never picked up and denied my refund. I have contacted support repeatedly, but they keep sending the same automated replies and closing tickets without investigating. I have neither the product nor my refund. Completely unacceptable customer service.",1
playstore,76a0c137-cc2c-40de-ba0a-1f03fd335011,2026-08-18T20:50:21,5,amazing😍,0
playstore,d725c63e-0fcd-4b87-9b0b-4047fde7786a,2026-08-18T20:50:01,5,awesome product .,0
playstore,31e85345-2d5c-4981-a00d-11429f555736,2026-08-18T20:48:36,1,very bad experience worthless delivery agent never deliver the item on time i called them soo many times but they never did anything worst application,0
playstore,dd37e2fd-b569-4943-b085-f1f240abe7fb,2026-08-18T20:48:35,1,Worst experience in last few orders. Tracking details shows order received at nearest delivery location but never received.,0
playstore,8636942c-6b81-4ef8-ad84-74d56e832ca1,2026-08-18T20:42:06,5,good,0
playstore,4d048397-e197-4dcc-9c12-3d7a025c1de4,2026-08-18T20:39:43,4,good app,0
playstore,c70af751-a155-46fc-a04f-5b7e0da7a971,2026-08-18T20:39:32,5,"amazing dress , great fitting 👌 I loved it❤️❤️",0
playstore,ba8f36fb-801c-46fa-974a-bd0618964cc5,2026-08-18T20:39:29,2,"The services of Myntra were good enough in the past but now it has been downgraded to earth. Products, rates and offers are average but delivery and customer help center are the worst and headache to buyers. Don't buy anything through Myntra if you need timely delivery. Myntra has no control over delivery agents. They reschedule your delivery date without any information. Myntra help center is totally digital based AI. You can't contact a real customer service agent despite repeated efforts.",1
playstore,c4638b43-081d-4399-b301-0d53f82755fa,2026-08-18T20:38:02,5,much better product,0
playstore,035e834b-e45c-4670-be39-ffa1b4a5e8e4,2026-08-18T20:35:54,1,"very bad service was given from Myntra, i placed a order and my EDD was given to me on 12th of Aug but delivery partner wasn't delivered my order,so I raised a complaint and my ticket resolution date was given to me till 17th of Aug everyday i received a message that my order was out for delivery but i didn't receive my order on 18th today I received a message that order was out for delivery i wait for the delivery partner till 7.30 he told me that he will not deliver the order very bad service",0
playstore,dfb58fa6-6184-49e1-85db-82257a6b7b05,2026-08-18T20:33:00,5,"Excellent service and product quality. One of the best shopping app , You needn't think twice before purchasing any product from this app",0
playstore,c29c47d4-d640-4e1e-96ad-0862b7a60c63,2026-08-18T20:32:50,5,nice product,0
playstore,5bd3a014-5984-4d63-82d8-32d40124673b,2026-08-18T20:32:20,5,quality of clothes,0
playstore,1821512c-a588-4c15-ad74-d527761c6650,2026-08-18T20:30:31,5,Very nice I always shopping with mymtra,0
playstore,2241bb23-f8e5-4a1b-ac96-c8ffe7399347,2026-08-18T20:29:21,1,Horrible experience with Myntra. These people don't value their customers.My App got auto updated .. don't know how I got logged out..and since then I cannot access my account and my orders which were in transit. I want to exchange the product but can't do so. Twice I raised my concern through the help center. The agents close the issue without calling the customer. There is no means to contact them in anyway,1
playstore,2b8dd815-253e-4833-a7d2-9b6ae222d7e1,2026-08-18T20:28:47,5,it's the best app for shopping,0
playstore,316d4fec-1dea-4d2f-a199-6a6599b76467,2026-08-18T20:26:51,5,Good 👍,0
playstore,c6290e22-cb6e-466e-b288-e3429249db85,2026-08-18T20:21:28,5,very nice app,0
playstore,59e1cce2-5812-4160-922d-c53b2f84b8af,2026-08-18T20:18:14,4,good,0
playstore,a5de9c82-a589-45de-af21-bd9ec043b1ad,2026-08-18T20:16:16,5,good,0
playstore,bd663c7b-8efd-46be-a4df-a157719ab9ae,2026-08-18T20:15:58,5,authentic genuine products quality shopping app,0
playstore,9a159a62-35ca-4f7c-94fe-11ffac2f30ce,2026-08-18T20:14:09,5,another trustable platform,0
playstore,ebdaed29-4bf9-4480-a367-3ca396b5684e,2026-08-18T20:12:13,5,fabulous,0
playstore,6bc74737-fba0-47de-95be-33e69867dcce,2026-08-18T20:12:09,5,awesome clothes n,0
playstore,50a4c087-f364-463a-98e3-ea04118226c6,2026-08-18T20:10:58,1,scam canceled my 4 order and even deducted platform fee i did not cancelled my order they did.,0
playstore,0ee5f81a-a9a9-4ee2-b74d-405cc1ab1b52,2026-08-18T20:08:43,5,nice product original quality and make the perfect pair always ty mintra,0
playstore,0f030a12-4446-4322-a5ec-32b425551eb0,2026-08-18T20:07:53,1,yr app and website both are not working,0
playstore,e2f98f9f-f514-4014-b2f1-0c738f570b1b,2026-08-18T20:06:32,5,using myntra since ages n never got disappointed by it living it,0
playstore,a9dc6426-64ec-4515-a2f0-556a266dd3b3,2026-08-18T20:05:23,5,very good experience,0
playstore,32965831-6b24-4e8d-9b26-66f97af9c54a,2026-08-18T20:04:28,5,great,0
playstore,09d2fb69-fdeb-4c86-b780-68f745b4e5ef,2026-08-18T20:02:54,1,Duniya ki sbse ghatia customer care team h myntra k paas......ye 1 star bhi majburi me diya zero ka koi option nhi h isliye...,0
playstore,c868b4ce-0aa1-4dd4-bd51-4c0fc5a6872b,2026-08-18T19:59:59,1,each and every order of mine get delayed and cancelled..I hate this app so must disgusting experience...worst app,0
playstore,a8962aae-0ae0-4914-a525-9a1844db5a24,2026-08-18T19:59:55,5,nice.....excellent product,0
playstore,8bdda60b-ba32-42ca-8047-f627146394c9,2026-08-18T19:57:14,5,amazing,0
playstore,ce374807-94ce-4a9f-a294-aa3aa38fe0c5,2026-08-18T19:54:04,5,superb experience ❤️,0
playstore,38c046c0-2de5-475f-9855-0c76fc7fd48c,2026-08-18T19:53:33,5,bahut Achcha hai application,0
playstore,add6989a-ba65-4199-926e-385d80026c05,2026-08-18T19:52:42,5,nice product,0
playstore,fb72ccb8-715a-460c-9fad-bc5a30a6e493,2026-08-18T19:52:33,5,very good,0
playstore,626b86ba-c57a-49af-8ec2-3a05363697a5,2026-08-18T19:52:26,1,"Disappointing This is extremely frustrating and completely unacceptable. I received a totally different product from what I ordered, and despite already contacting customer care multiple times, Myntra is still refusing to take the wrong product back.Instead of resolving such a basic issue,you are asking me to give feedback. This has caused unnecessary stress and wasted a lot of my time. I expect Myntra to take responsibility, arrange the return immediately, and issue my refund without any delay",0
playstore,29588a31-7a50-4b4c-8983-c6b49a456ff1,2026-08-18T19:52:21,5,good,0
playstore,0e47a573-4506-44dc-b730-a7a6ae3f340d,2026-08-18T19:45:57,5,best site for shopping guys love all products 😍🥰,0
playstore,9482f09e-646e-4481-82d1-2f729722ec92,2026-08-18T19:44:04,5,ammazing experience,0
playstore,609713a3-88a9-4db3-ae3d-c8a4b7502c19,2026-08-18T19:43:34,1,"bad service,bad products,bad return policy,They don't have enough people to solve your query efficiently.Dont buy from Them.They don't care about customers",0
playstore,48068b4a-5960-4979-b371-032d3e95e186,2026-08-18T19:40:57,5,"I don't know fashion after I installed myntra I know what is old money, gen-z,outfit",0
playstore,8a7fd5ae-0c55-4d82-9813-1a942b7ca2bf,2026-08-18T19:36:03,1,"i don't know how Myntra do this with me i literally contact help center like 6to7 days regular but my problem didn't resolved my refund didn't deliver in my account and i contact help center said that after 24hrs its deliver but 2,3days it's not deliver my refund whats wrong with you myntra please resolve my problem",0
playstore,d3de99e1-8a5d-43b8-af62-9e3056c652ce,2026-08-18T19:35:38,5,nice product,0
playstore,7ccde45d-5007-40ce-90e2-f3f9674835a0,2026-08-18T19:35:34,5,till now the quality and fabric of cloths are good,0
playstore,6982d311-1627-4836-be7c-340ba907a65e,2026-08-18T19:34:29,5,"exceptional, very good and well",0
playstore,b4d856f4-40eb-4119-a34c-cdc461866ed2,2026-08-18T19:34:07,1,bhut hi ghatiya D gred e commerce platform iski delivery kbhi nhi hoti hai maine khud kayi bar try kiya hai iska costumer support bhi nhi hai I will never use this again in my hole life ................,0
playstore,65083a33-91a6-4d1e-815a-cd8914aec156,2026-08-18T19:33:21,5,good,0
playstore,bdbe55fb-cfea-462b-9dc2-dce37858cfb5,2026-08-18T19:32:48,1,this review is for there customer care which is not reachable at all if you are not logged into system. not able to resolve login issue by doing multiple follow ups on there customer care support email id.,1
playstore,68e44da7-48ef-47ce-aa03-c18c54307b05,2026-08-18T19:32:05,5,Great!!,0
playstore,3977f57c-64fa-45c3-aea1-9a6f12a35693,2026-08-18T19:31:31,5,best shopping app for clothes and fashion,0
playstore,865a0305-4b61-4d61-b9dc-fad3293f2fdd,2026-08-18T19:30:13,5,nice osm service very faitfully,0
playstore,774cf33c-f710-4ec3-98da-644b6c7e2af3,2026-08-18T19:28:51,5,very useful app and every product is awesome,0
playstore,d4a05ffa-1277-46f4-b7e5-14d2d652772a,2026-08-18T19:28:38,5,amazing app loving products 😊,0
playstore,f766d38e-ab9f-40f7-9b85-3fb6bc6f9b24,2026-08-18T19:27:04,5,i really trust the quality,0
playstore,c89d640a-4d31-49bb-a2c1-033a7aa0ef49,2026-08-18T19:26:07,5,this facewash helps control oil on face and myntra made it even better by delivering it quickly!!🩷,0
playstore,c3a5cdc9-b2cb-4bfa-8c02-cf477f71c301,2026-08-18T19:23:31,5,quality,0
playstore,4e60e697-6a86-436e-96d5-f384724a4bd3,2026-08-18T19:21:54,5,very nice app,0
playstore,799f4485-4e5e-4723-99ba-4d43fcdbb2f9,2026-08-18T19:21:53,1,didn't get a refund 1722/- to my account delay I am calling customer care means saying like initiated but I seeing my account no credit to bank account I called my bank and he said that still not received Nowadays myntra is going the worst Sometimes there is a delivery agent cancelling order,0
playstore,250c712e-2e35-465e-a668-d1cd6bd5790e,2026-08-18T19:21:51,5,it is really helpful,0
playstore,6d653d1d-d7c7-4226-b1ac-ef3f2e72ff9d,2026-08-18T19:19:18,5,good 😊👍,0
playstore,c8304d1c-84a3-4923-bd27-18b968244ce7,2026-08-18T19:19:16,5,"Absolutely loving my Myntra experience! ❤️ I recently downloaded the app and I'm really impressed with the variety, easy shopping experience, and especially the fast and smooth delivery. The products arrived in great condition and the overall service has been amazing. Definitely enjoying shopping on Myntra! ✨",0
playstore,2e8c2c11-2aae-4732-a536-c85ba7cdf909,2026-08-18T19:18:46,5,nice collection and perfect prices 👌,0
playstore,c38044c2-73fa-451c-9240-c1e96c1dbd22,2026-08-18T19:18:00,5,nice,0
playstore,4bcb26da-426d-4f6b-ab43-9948f1c91b2d,2026-08-18T19:16:27,5,good quality,0
playstore,395c94a5-747c-4801-9559-222950286692,2026-08-18T19:15:01,5,"very good app affordable rates ,new designs,better quality",0
playstore,d64dc3a5-91a4-4757-9299-b73223a967c6,2026-08-18T19:14:31,5,👌👌👌,0
playstore,3cf005c8-5dbe-4e51-ad7e-64aaf6a40919,2026-08-18T19:14:21,5,"Myntra is one of the best shopping apps for fashion and clothing. The collection is huge, the app is easy to use, and the product quality is generally good. I especially like the variety of brands, offers, and the smooth ordering and delivery experience. Overall, a reliable app for online shopping. Highly recommended! 👍",0
playstore,2307e4b4-22eb-443a-b82c-f4a8ec3f8574,2026-08-18T19:09:31,5,good brand,0
playstore,0c8fd125-4ab7-417b-bdb2-034fb382a058,2026-08-18T19:08:03,5,"it's an amazing app,gives discount on many occasions.",0
playstore,7b2dec75-7e24-4b71-b178-cc69dc08d4ef,2026-08-18T19:04:53,5,super,0
playstore,46f23a72-2792-453a-b146-c5f9c246ef4f,2026-08-18T19:04:19,5,good,0
playstore,45bf25e1-edd1-4857-acb0-4fbc5ddebdb3,2026-08-18T19:01:05,5,ovesome experience,0
playstore,98dc2387-947a-4898-828f-729aac3d17c2,2026-08-18T19:00:17,1,poor delivery time 14 arrived my good but don't know what already paid,0
playstore,3d6e8e4c-4d64-4ce7-ac0f-8e96c2545a12,2026-08-18T18:57:39,5,good,0
playstore,91d7e3fc-6c14-4d25-b746-3d1861eb01f3,2026-08-18T18:54:46,5,great my choice shoes 10/10. and one8 shoes 👟 parfect,0
playstore,18bd69ef-99eb-4385-b347-127cae0bde73,2026-08-18T18:54:35,5,"good Application, Nice First Experience",0
playstore,47483a14-c70b-4b93-a774-42eb866777ac,2026-08-18T18:54:03,5,great experience,0
playstore,cfa42043-7b35-471b-8ece-894bdc1a3bcb,2026-08-18T18:51:54,5,excellent,0
playstore,7665e81f-3a88-4b9d-ba69-6a2d3e0aa5e6,2026-08-18T18:50:26,5,best,0
playstore,d6c2d283-2809-464b-96ec-e03f425c782b,2026-08-18T18:49:12,5,fantastic,0
playstore,4f698cb0-3b6e-4f41-809a-4b9612cfdb8e,2026-08-18T18:47:40,5,Original product from Myntra.I purchased Rayban Sunglass Round and rectangular shape.Both is original from Rayban.Quality is excellent.Delivery fast.Price is low as compared to others .So I always recommend to buy from Myntra.,0
playstore,d53d535c-0a1d-44ae-9866-b3df7a882b5b,2026-08-18T18:47:30,4,nice app,0
playstore,becdd141-8fd4-4fae-8026-4b63a887495d,2026-08-18T18:43:43,5,Nice app for shopping and understanding better style for the teenagers ++,0
playstore,32c8dce7-0e13-4acd-997f-24e73f4295ad,2026-08-18T18:43:39,5,I am interested with very very nice,0
playstore,29d397b1-9ded-4669-a953-1a3ed0773117,2026-08-18T18:40:06,5,"quality products fashion at amazing prices i buy almost everything from myntra clothes,bags,shoes n jewellery best in quality and amazing custimer service superfast delivery easy exchange n refunds go for it",0
playstore,09b238c4-0cdc-45c7-a837-9519fe99db46,2026-08-18T18:37:24,1,Myntra sales mostly near expiry personal care products if you want fresh products Myntra is not the right platform,0
playstore,b6e8c211-ad8f-4369-9bc1-2c414ffed04d,2026-08-18T18:34:24,5,Nice 🙂,0
playstore,1e5c7133-3fb7-47a8-91e9-846c8d14976c,2026-08-18T18:33:46,5,amazing app,0
playstore,37384edb-249e-4d88-b9f6-0e33dd4a0b58,2026-08-18T18:33:40,5,best,0
playstore,66c57069-42ec-491c-aa48-7341200a9af7,2026-08-18T18:32:34,5,very useful platform 💯,0
playstore,dfc3e21a-a442-4c1a-8d3a-74d414c8dd4f,2026-08-18T18:24:57,5,such good product received... myntra is good web side I think fkt original product,0
playstore,fee1aa40-d036-4e06-820c-b63aad41b385,2026-08-18T18:24:51,5,perfect,0
playstore,778bf885-e573-45d0-991c-1a20494d53f9,2026-08-18T18:24:02,5,Good,0
playstore,f3993bbc-50eb-40c5-b98a-ecf9fd4b6a1b,2026-08-18T18:23:59,5,good,0
playstore,3adab2d7-cfdb-40ed-9c09-b5fe7a6092bf,2026-08-18T18:23:44,5,exactly same clothes I see in photos.,0
playstore,94c9d8da-97bc-4d21-9387-74dc757349a8,2026-08-18T18:23:18,4,delivering orders on time,0
playstore,a680dc0d-5a97-46ce-8334-ccc62bad18e4,2026-08-18T18:15:37,5,good,0
playstore,421d73ba-96ca-4f2e-adaa-88a54f23a5c3,2026-08-18T18:14:10,4,Good 👍,0
playstore,1085adc3-fc23-4eea-93d3-4edc9b9f1437,2026-08-18T18:11:44,5,Best shopping app for branded material,0
playstore,6b7071cc-4ce8-4232-bdba-8f05cb29040e,2026-08-18T18:11:42,4,great,0
playstore,8628f8dd-d932-4664-94ea-b9599c2ca475,2026-08-18T18:10:19,1,worst customer service,0
playstore,6b416ebf-71e1-4023-a324-f0da3b13e1d7,2026-08-18T18:05:48,1,dont buy product this app not quality and proper deliver received broken product and used fabric,0
playstore,f62ddce8-3cf9-419c-a518-addf5fadc33a,2026-08-18T18:05:12,5,very smooth,0
playstore,893c33b4-5432-4f61-88cd-06b65840cfb2,2026-08-18T18:03:59,1,my order hold please help me,0
playstore,962faaac-8063-4689-97c6-0e32a4f9c6d5,2026-08-18T17:58:57,5,good,0
playstore,7462517d-e6e9-4d69-93be-c3604cbefa91,2026-08-18T17:58:39,1,very bad app hai yehh mene 3 bar order Kiya mujhe 3 bar hi nhi mera order received hua kabhi delay toh kabhi cancel ense acha toh meesho app hai woh delivery toh tym to tym deta hai mera order mujhe ajj receive hona thaa lekin inka message aya k order delay haii 😡😡😡😡😡😡😡😡😡😡😡😡😡😡 0 rating hai meri ganda app haii yehh,0
playstore,19a89791-29b9-4f9f-a7e1-af1173b777a8,2026-08-18T17:58:28,5,my all time favourite perfume,0
playstore,2d323fcb-0880-4da8-836c-180499e0d35d,2026-08-18T17:57:50,5,good,0
playstore,af9d83cb-66b6-46df-a3cc-938cb0a86e7b,2026-08-18T17:55:54,5,Good platform.. for all in one...,0
playstore,0a7408f0-d531-4ab4-8e51-58675e6418b0,2026-08-18T17:55:21,5,nice 👍,0
playstore,227e43a2-334e-48d4-9610-68a891c98b81,2026-08-18T17:54:53,5,very humble,0
playstore,8761dec1-f72e-45ff-b88a-fcc0c5ebc87a,2026-08-18T17:53:58,5,amazing app,0
playstore,30a94db8-9067-4616-bfdc-1fbda2f98b26,2026-08-18T17:53:00,5,very good app,0
playstore,ea32729a-59f3-46ac-8fa8-87a7879ced88,2026-08-18T17:52:57,5,Nice...,0
playstore,c8011159-8a73-467a-b11c-061d1efbe0bf,2026-08-18T17:50:49,5,How beautiful it is 😍😍😍 Thank u myntra 🔥,0
playstore,16ee5cf8-4ee8-4076-9de6-5559bfab8c76,2026-08-18T17:45:55,1,I don't even want to give one star it was such a horrendous experience I gave order for a kids gown so its quality wasn't good and so I exchanged with something else the product that came was horrendous used product no tags and now the delivery guy said it failed brand match so it can't get return I connected with the costumer service like they said they will again check the product I have no faith that they will refund or exchange with a good product.,0
playstore,ffe845c3-2096-4e11-b23e-4e6f7fdefcac,2026-08-18T17:45:39,5,best,0
playstore,dc0bc5c8-5431-485e-84f0-51e39e9c56f4,2026-08-18T17:45:06,5,very trusted app love it 😍,0
playstore,f31dd677-b6c1-4a61-8344-30796dd057c7,2026-08-18T17:44:55,5,nice,0
playstore,fa08811b-2444-4d8c-ae18-2a07ab6599e1,2026-08-18T17:42:13,1,"poor customer care, my product is missing for 20 days and none of them could resolve the issue. i called 15 times and raised around 10tickets still there is no response from these guys. it's just a fraud app and i had the worst experience. zero stars i would give if I can",0
playstore,0c371fa5-1ac3-40c9-8dcb-7198051b817e,2026-08-18T17:40:22,5,very nice,0
playstore,d04fc873-4a3f-4cbd-a7b1-135ac9136d04,2026-08-18T17:36:28,5,very nice 👌 product 😍😍😍,0
playstore,0d4a8029-c246-4d5e-842a-eb5273ae8b72,2026-08-18T17:34:31,1,late divlery for parcel,0
playstore,4012926d-1ddc-443c-868c-bc9ff53b5d21,2026-08-18T17:33:54,5,provides good product quality,0
playstore,85534c60-2b57-41a7-a9ae-202e1f110c73,2026-08-18T17:33:52,1,humne bellabloom kei lipstick lei inhone hume damage product dia or humne return krne ko bola to unhone Hume bola yeh return nhi hota exchange hoga or humne exchange ko bola to inhone bola eak hei shade h or inka staff accha h but inhone product return nhi kra na hei hume refund dia . i prefer you to not buy any product from myntra myntra sae better Baki apps hai maine 1 star staff ko dia h is app ko nhi .,0
playstore,5b4f2ef2-7715-40ad-88cb-f35fa8b7dbe8,2026-08-18T17:33:09,1,"very dissatisfied with Myntra. the customer care is waste. the only resolution they have is return the product. they can't handle delivery executives, they just force us to cancel the order so that they can gain platform fee every single time. Very frequent issue of mismatch between the description and actual product. I have raised complaints more than 10 times in this year. Myntra is going to loose lot of customers at this rate. never gonna order from Myntra again.",0
playstore,18953641-9ee9-4a95-b20c-77783d598a42,2026-08-18T17:33:05,1,"They don't deliver order in time and don't give delivery date,they just say your delivery is delayed and waste your time .",0
playstore,dc7234d8-af9f-450b-a3e2-8653ec343ed1,2026-08-18T17:31:36,5,superb platform for shopping any kind of necessaries,0
playstore,00f93828-93f7-41ab-a21d-243df057f2fb,2026-08-18T17:28:09,5,best,0
playstore,8860c3d9-a58c-47f8-b9aa-31c91850fec7,2026-08-18T17:26:59,1,"Very poor customer care service, exchange and refund service very worst.",1
playstore,d5fd438a-b6e6-41fa-8055-69aaebcb564c,2026-08-18T17:25:39,5,❤️,0
playstore,de43fbe9-acb2-402a-8c56-b0333db56b9f,2026-08-18T17:23:35,5,really nice experience. thank you Myntra.,0
playstore,0faf9ae1-55fb-4577-a24f-27e33b9053be,2026-08-18T17:23:09,5,better app to compare any fashion apps,0
playstore,d80acf92-bcff-4100-a24d-f65657678b22,2026-08-18T17:22:36,5,wow,0
playstore,d438dbf1-da8e-4140-a5c6-71edd34f7d25,2026-08-18T17:12:22,5,Good,0
playstore,4b2eb744-f3a4-426d-a6c8-f0aadec0b174,2026-08-18T17:07:50,5,Nice quality of dress,0
playstore,5b1bec65-af0d-4fd1-a66a-34d258f70512,2026-08-18T17:07:13,5,jo product photo me dhikaya jata hai wahi same to same aata hai,0
playstore,56e2d150-7304-4025-b1cf-df985b9bac4f,2026-08-18T17:06:03,5,genuine products. and great quality.,0
playstore,35348217-b07a-4fa2-bc30-ac46eeed29bc,2026-08-18T17:02:36,5,super 😊,0
playstore,2394dc24-f10d-4f1c-af14-1c14efd403a3,2026-08-18T17:00:27,5,best,0
playstore,8f7c1542-7b87-4ccf-bba3-472b698f45ca,2026-08-18T16:58:33,5,speed delivery,0
playstore,74bd828d-e423-4b32-a91c-9db424090992,2026-08-18T16:56:11,5,i love myntra,0
playstore,9970226c-cda9-4659-a2ec-da103609d8f5,2026-08-18T16:54:55,5,😍,0
playstore,28761eed-a86a-4159-80e4-4e06ce292ad6,2026-08-18T16:53:40,5,fantastic app for fashion,0
playstore,6627a36a-a8f1-423c-b039-8628c39f6b10,2026-08-18T16:51:47,1,"Myntra par return pickup ka bahut kharab experience raha. 2 din se pickup continuously fail ho raha hai, jabki maine return ke liye proper request ki hui hai. Customer support se contact karne ke baad bhi issue solve nahi hua. Return pickup ke liye customer ko baar-baar wait karna pad raha hai aur koi proper resolution nahi mil raha. Agar return request accept karte ho, to pickup time par hona bhi Myntra ki responsibility honi chahiye. Very disappointing experience.",0
playstore,03f3ec8c-36be-423b-b2d2-2f42a1ffa6d0,2026-08-18T16:51:01,5,awesome 😎,0
playstore,f067d541-10dd-46c7-9088-1691e756a595,2026-08-18T16:44:36,5,Good app,0
playstore,5283da23-9086-42d7-a1f3-d675a06f73df,2026-08-18T16:43:49,5,very beautiful metiriyal,0
playstore,68218d2d-fe3d-46a3-9973-309492cbdb35,2026-08-18T16:43:37,5,"Great shopping experience with Myntra! I’m really happy with my purchase. The product quality was excellent, exactly as shown in the pictures, and the fit was perfect. The ordering process was smooth and delivery was on time. Overall, a convenient and reliable shopping experience.",0
playstore,e7322dc2-ff2d-4858-bde2-867c8e637a37,2026-08-18T16:43:26,5,very nice 🙂,0
playstore,cfca2e91-72b7-4421-8f3d-f8bdd82706ee,2026-08-18T16:42:55,4,very good lipstick,0
playstore,1f58ff46-1882-4f73-9c79-49ac86367539,2026-08-18T16:42:50,5,nice,0
playstore,f0a93ee4-f1bf-4000-a929-c9b69367ff6f,2026-08-18T16:42:00,1,cheater application they didn't deliver my order and placed delivered,0
playstore,25e5f308-74f5-45f2-9b26-d1e9fbc159b7,2026-08-18T16:38:48,5,it's an amazing app.,0
playstore,c947811e-29c5-4eff-9276-5bd12f5b0d74,2026-08-18T16:38:39,5,good,0
playstore,2e99d379-79dc-4a9c-9b4f-22f7fc9f2675,2026-08-18T16:38:36,5,"Really happy with this purchase! The quality is excellent, the fitting is perfect, and the product looks exactly like the pictures. The material feels premium and comfortable, and the finishing is also very good. Totally worth the price and definitely recommended. Great experience with Myntra! ❤️",0
playstore,6813fd67-3d07-487f-835a-d5291a30ee8e,2026-08-18T16:37:19,5,good,0
playstore,0c61153a-b30e-4c7b-afaf-ffe104fe8087,2026-08-18T16:33:58,4,nice,0
playstore,908a3f86-99a5-4f1d-9f2a-73f252874cd4,2026-08-18T16:33:55,5,nice 👍,0
playstore,763e45a8-bb70-4b3a-ab38-8afae8addb6d,2026-08-18T16:32:47,2,"I had the worst experience, I ordered a product, the date was 17th August, it got cancelled today on 18th August, other shopping apps are better than this 💯 time waste app💯 I'm not change my review first of all your shopping app is not good",1
playstore,7a82e189-9a60-4c86-aef4-a08beeed2716,2026-08-18T16:32:41,1,waste app... order cheithal kittilla. automatic cancel avunnuu. kathirikkunnitte karyamillaaa...,0
playstore,c9513b7a-b6a3-454b-99bb-0dc2ebe13331,2026-08-18T16:31:09,4,❤️❤️,0
playstore,1d33add0-49dc-4453-88f1-45f417339c59,2026-08-18T16:30:27,5,customer satisfaction app 👍,0
playstore,e96c86c5-4d94-4853-8930-365d1e3d7902,2026-08-18T16:30:20,5,excellent,0
playstore,c55b01ed-f16a-4239-a3ce-0d1580a3e58e,2026-08-18T16:24:32,5,very good,0
playstore,ee57ba88-dbe9-4f71-86a4-4368d63bfd8e,2026-08-18T16:23:36,5,valid app to buy things,0
playstore,ce445a4e-fae0-4fa0-ab93-95c95ef587b5,2026-08-18T16:21:05,5,super,0
playstore,c2b66511-e5d4-4fa6-98e7-11027ba9b709,2026-08-18T16:20:42,5,best app,0
playstore,7cfb6a57-b550-472e-a4f3-394df1685487,2026-08-18T16:18:02,4,It is a very good platform,0
playstore,591d5d10-cfa8-4746-afbd-d0bb7589204f,2026-08-18T16:17:36,4,service is good,0
playstore,e9b83ce0-1383-481c-a235-9f86df5f626d,2026-08-18T16:16:43,4,found it good,0
playstore,fc5be492-89a7-4fe0-83da-fb0854ebbb20,2026-08-18T16:13:57,5,"Bestttt in Service, Quality, Shopping",0
playstore,4fefdae9-911a-4e91-ae3a-bac738622a8f,2026-08-18T16:12:31,5,Best app for shopping,0
playstore,8e46741d-c6b9-43ac-a0b9-c0096cb9bf06,2026-08-18T16:04:26,5,Nice Service,0
playstore,bb188e17-8bc2-489c-b205-d6c9628faf0b,2026-08-18T16:04:12,5,I am very happy after using this app .thanks you🥰,0
playstore,741d8f52-c514-475a-a682-f9ba7b0b598f,2026-08-18T16:03:58,5,in short very satisfying 😌,0
playstore,3dc4c2e1-5277-4d4d-81a8-936c8c13250f,2026-08-18T15:56:48,1,"Worst and absolutely pathetic experience with Myntra. I ordered a product worth ₹1,300, but the product was missing from the package when delivered. I immediately raised a complaint and clearly explained the issue. Instead of investigating with the warehouse/packing or delivery team, Myntra simply said that nothing could be done. I paid for a product I never received, yet there was no proper resolution. This is not about ₹1,300—it’s about trust and accountability. Very disappointing service.",0
playstore,90de7eae-2514-49e9-87a0-2b3010e0ea49,2026-08-18T15:55:46,1,nice app,0
playstore,1ad75816-91e8-418c-9071-f95448b483ef,2026-08-18T15:55:43,4,this app is suddenly not working on my phone. the briefcase locked icon is showing. pls help.,0
playstore,0750032b-9aa5-41d9-a94b-5bf8c60ccb9b,2026-08-18T15:53:49,5,Thanks for Myntra😀,0
playstore,ae8898b0-835b-4dd7-82ad-39c32c2270fe,2026-08-18T15:53:26,5,good,0
playstore,b96ff9ed-e88c-4562-b5c4-abceb88d1898,2026-08-18T15:48:33,5,Nice app With branded companies,0
playstore,cde06547-f2df-4a79-8b4d-7c23ad64bc8d,2026-08-18T15:48:02,5,very good,0
playstore,01e253f9-178e-42b4-b271-f9b83926ccd3,2026-08-18T15:43:55,5,just wow,0
playstore,e3f5cc8c-db55-4bd2-8da6-954600ae74eb,2026-08-18T15:41:04,4,good app,0
playstore,b010b647-f1e6-4719-b81c-1fc7ef6942a9,2026-08-18T15:40:05,5,"Myntra is one of my favourite shopping apps! 🛍️✨ The app is easy to use, has a great variety of products, and the offers and discounts are really helpful. I also love the Glam Clan feature—it makes shopping even more fun! Overall, a great experience with Myntra. ❤️",0
playstore,930b83fd-2b41-4a8a-be8d-50ca987d3cef,2026-08-18T15:40:04,5,very good service,0
playstore,92ebbb71-a28b-4344-a902-a753923445a9,2026-08-18T15:39:55,5,excellent quality and fit,0
playstore,46f1db34-49a6-417b-89da-ed402ff33428,2026-08-18T15:39:15,5,nice app,0
playstore,5b8d5887-fc1d-4338-bc70-35480e0e2eb7,2026-08-18T15:35:30,5,good,0
playstore,5d2a173b-7d47-4c92-bd07-8a7b35e98fae,2026-08-18T15:30:31,5,nice products availability,0
playstore,d3ae5b05-8959-44a1-ab2b-2ea0a8dce4f8,2026-08-18T15:29:05,5,good,0
playstore,39ee397a-bb3a-4d2a-bfff-fc41a0768219,2026-08-18T15:24:44,5,very Good app,0
playstore,cefd2d8e-58d4-45c6-811b-3e6a356918c1,2026-08-18T15:23:06,5,this app was fast and responsive,0
playstore,dee056bb-5cee-4baa-bbdd-61c7a4934e8c,2026-08-18T15:20:08,5,good👍,0
playstore,5d4f7784-1681-44d0-9eb9-000fd3759dfa,2026-08-18T15:18:44,1,"myntra is very cheap app, i ordered 2 items from JJ enterprises myntra but they send me only one item in a package when I receive I paid for two items but I get only one item I did not get my second item then I call in myntra and they said we can't, do anything in this, like seriously I paid for two and didn't get my second item then who will give my money and who will responsible for this but they doesn't care about costumer I lost my 1282 rupees don't use myntra",0
playstore,8a2f9c97-de10-407f-9a0d-f4aff52a94a7,2026-08-18T15:16:23,5,I like this platform for shopping 🧿✨💗,0
playstore,109371ce-2843-492e-b6ac-18443ee49808,2026-08-18T15:12:18,5,excellent💯,0
playstore,d9540bd4-7aed-4add-9f72-a389dae686c6,2026-08-18T15:11:00,1,"The reason is that the delivery guy refused to speak in Hindi during the first call. On the second call, he gave me the nonsense excuse that Ekart does not deliver to my area, even though every other delivery service is allowed here. He even told me, “If Rapido comes here, then order it from Rapido.” Because of this response, I am cancelling my next order as well. Thanks to Myntra for providing such an “excellent” delivery service. also thanks ekart.",0
playstore,69e41e8c-8d9e-413c-a479-01a56c16dec2,2026-08-18T15:10:53,5,amazing app,0
playstore,9c2c93cb-31bb-47aa-bed4-6b1c9f93032b,2026-08-18T15:10:50,5,good experience,0
playstore,dce1b478-ab8b-4e56-a51c-91454edcde21,2026-08-18T15:08:02,5,must use,0
playstore,078b14a0-f5bf-425f-ad4a-f3034744ce23,2026-08-18T15:06:34,5,oky,0
playstore,6c588a01-12bd-4b5b-89cb-8db495ffc5c1,2026-08-18T15:00:56,5,nice,0
playstore,3a03bb2e-c732-46cb-ae79-a33874c2db31,2026-08-18T14:57:12,1,fraud application hai. don't use it. product return ke baad refund amount bejhte nahi hai and farzi ke transaction number share kar dete hai. and bank ko kuch Pata nahi hota hai inke diye transaction number se. don't use it.,0
playstore,b8fa31d1-fe7f-4f02-9367-e60114b6a025,2026-08-18T14:56:21,5,very nice product delivered before expected,0
playstore,46a4c006-c7a4-486b-87de-9ab57d85f489,2026-08-18T14:56:15,4,Good experience,0
playstore,45689550-a052-4e12-9dea-76f436bac254,2026-08-18T14:55:43,5,very nice website,0
playstore,c805b372-efed-4cb8-b050-38adf2e403fc,2026-08-18T14:54:47,5,nice,0
playstore,610cc95e-b45b-4c7a-8008-05b4183889e5,2026-08-18T14:53:01,5,my experience with my myntra is mind-blowing,0
playstore,577b2029-9321-4043-85a0-4964d0e71b64,2026-08-18T14:51:46,5,super app 😇,0
playstore,a9983c75-7542-4d3e-acd9-9d987c433276,2026-08-18T14:51:21,5,osm,0
playstore,8a20086d-ab3b-4097-b754-a50f4c92beab,2026-08-18T14:50:16,5,good,0
playstore,44267c2b-2388-4f5c-bac9-1f6bdfbe5eaa,2026-08-18T14:48:17,5,nice,0
playstore,56791efc-db01-40e0-af31-a456acca5978,2026-08-18T14:47:52,5,very good experience and product are brand,0
playstore,9a46bddd-b2d0-4a73-a93d-1d9624b303a6,2026-08-18T14:44:30,5,best and genuine products... no material comprises,0
playstore,76ef0f20-9e87-4350-b20d-91a4e7355e51,2026-08-18T14:43:51,1,great app for shopping 🛍️,0
playstore,722ab9da-0621-4b0c-ae15-f0b9faaf97a3,2026-08-18T14:43:06,4,good,0
playstore,028f3209-8a98-4ed9-988c-2441bc910aa2,2026-08-18T14:37:31,5,crazy collections deals and offers they have and the quality of the products is fantastic no doubt!!!!!!!!,0
playstore,606d938d-4e94-4ba3-894b-ecce33542dd0,2026-08-18T14:36:14,5,"easy to find different kinds of clothes, wide variety of brand, overall great",0
playstore,18141816-9663-4c1d-b213-2b8223ef0008,2026-08-18T14:35:58,5,very very nice kurta set,0
playstore,60e72676-f748-4285-a84b-746a9d19336d,2026-08-18T14:34:23,5,Pleasent experience. Easy exchange/returns.,0
playstore,12b1e1c7-d7d2-479c-a685-6834a24db7de,2026-08-18T14:34:02,5,amazing app and amazing products,0
playstore,caaf1f5e-7bc4-407e-a4f2-89b3e956716a,2026-08-18T14:33:06,1,The rewards section doesn't work all the time when I am on the last day. I am a regular customer but they have removed the daily cash reward too..,0
playstore,041de29d-2202-462c-92d4-a7c10c94e4b8,2026-08-18T14:32:17,5,nice product and good Myntra app,0
playstore,0305a8f6-dcad-4c0f-8d39-f56559d7d46a,2026-08-18T14:29:29,5,"very good,easy to use and on time delivery",0
playstore,52a31194-1a12-4091-a68b-4587f95a10a3,2026-08-18T14:29:22,5,good,0
playstore,fb602ff0-fcc0-4852-93a8-cf62c7ad95f1,2026-08-18T14:20:54,5,wonderful app 👏 👌 👍 😊 🙌 ❤️ 👏,0
playstore,930d0490-3ebb-4450-83e0-33fbc5e25273,2026-08-18T14:18:50,5,"shopping on myntra is next level i toh love using myntra top notch quality, unlimited offers, best price, over all is very good",0
playstore,86387d8c-a4f6-461a-ac15-10d35072ba83,2026-08-18T14:18:16,5,excellent service very trustworthy app,0
playstore,5826591c-56d4-4734-94ab-697e52a4bb54,2026-08-18T14:15:59,5,good app..,0
playstore,976671b1-2fb9-43bf-ba65-fb29f941b91d,2026-08-18T14:14:53,5,nice,0
playstore,65333f52-1f32-4e36-bb01-ed3216d25a23,2026-08-18T14:12:25,5,good product,0
playstore,59fdfee7-a2e5-4fc5-81f4-55bb12381643,2026-08-18T14:12:13,5,Nice shopping app,0
playstore,5a3d5108-d04e-4188-8d4f-97785ceccb55,2026-08-18T14:09:32,5,best app for shopping,0
playstore,0d5aabe2-9e62-4c26-8b71-ff846e368112,2026-08-18T14:06:26,5,good,0
playstore,f6ed7979-d4ef-4c66-8565-4bbb99975f6e,2026-08-18T14:05:30,1,worst service,0
playstore,cd7e6438-acb3-4abb-89cd-d60ecf28c829,2026-08-18T14:02:53,5,Good items,0
playstore,f7903db4-3446-4b35-b4dc-5aaf2db85c8a,2026-08-18T14:02:39,5,very good shoping app and sell trusted brand,0
playstore,a878b10f-21a3-48da-a4a6-2b5a86125000,2026-08-18T14:02:31,5,best app,0
playstore,e632f3e1-4ae6-47cf-b301-805c43ef1500,2026-08-18T14:02:22,5,nice,0
playstore,8c50bf7f-1f83-4f88-818b-ffb452d45c2d,2026-08-18T14:00:56,5,best App for Shopping 🛍️,1
playstore,bf9b7600-a888-4c8b-aeee-7e0e1767b51d,2026-08-18T14:00:32,5,original products delivered by this app,0
playstore,026b26b0-bacb-4cba-b821-7b50f32483a5,2026-08-18T13:54:35,5,I always prefer myntra for shopping.. super product and customer friendly service.,0
playstore,9e21652d-6420-4c4d-b9fc-9602e9395bc7,2026-08-18T13:53:09,5,badiya he,0
playstore,8867df52-65db-4cba-9bfc-42fe69c8231e,2026-08-18T13:52:05,4,very good,0
playstore,b5c5aa63-3972-4794-b22a-1285aa506c7f,2026-08-18T13:50:24,5,good 💯,0
playstore,29d6f39d-ef4b-4c6b-a80e-760bfaeccc64,2026-08-18T13:46:32,5,super,0
playstore,d484dbd6-b5a5-4717-be19-283a0a08f11f,2026-08-18T13:45:42,5,it was good,0
playstore,ebd0e502-373c-4f79-a386-632d1522aeea,2026-08-18T13:45:29,5,Products are too good.... Quick delivery.... Affordable prices and some products are not in affordable prices... Thank you Myntra,0
playstore,f0336f7b-f770-4ff9-aebb-9f1a31e87d20,2026-08-18T13:44:54,5,are bhai first order 300 ka 88 rs may milgaya 😄,0
playstore,dce945ba-5b4f-42d9-8c31-4ebb65353221,2026-08-18T13:44:51,5,superb quality,0
playstore,6fe4e07a-94af-4b8d-9446-8af700477698,2026-08-18T13:43:47,5,our trust myntra is the best,0
playstore,37c6ac6f-623e-4280-9777-c3e510ff27de,2026-08-18T13:40:54,1,"Such pathetic customer service, customers can't even chat to support. Even after the call I haven't been given a solution. Even the delivery boy was rude.",0
playstore,03f81507-b1a7-48f9-9f91-1ef0bf5a543b,2026-08-18T13:38:57,5,best,0
playstore,5d5a6c96-1714-41d1-ad68-e1deb8b67f2c,2026-08-18T13:36:16,5,very good app and affordable,0
playstore,8b324cc3-8db8-4130-b916-97f01ccf6730,2026-08-18T13:35:56,5,good app,0
playstore,69d65ab0-3035-4071-be27-99cd16cc351a,2026-08-18T13:35:42,5,good product,0
playstore,fd82999b-0f97-4063-9eeb-a3eda792d690,2026-08-18T13:35:31,5,Love it 🤩,0
playstore,95f86255-1785-4a82-bfaf-077e705f2cfd,2026-08-18T13:34:01,5,I am so happy this app is amazingly,0
playstore,c059c1cd-12b2-46f6-8d8e-10b6fd1cb8c8,2026-08-18T13:32:45,5,every product I ordered is really good and worth buying,0
playstore,297727f6-d66b-4c56-916d-cecf9e30f54d,2026-08-18T13:32:27,5,very nice product,0
playstore,bc3aacb6-e00b-4835-95d0-7ae423f1583b,2026-08-18T13:32:12,5,nice experience on Myntra,0
playstore,4924227c-d940-4bf3-b878-c042b0052976,2026-08-18T13:31:44,5,"One of the best online shopping apps for fashion and lifestyle products. It offers a wide range of clothing, footwear, accessories, and beauty products from popular brands. The app is user-friendly, with easy navigation and secure payment options. Delivery is usually fast, and the return/exchange process is simple and hassle-free. Regular discounts and sales make shopping more affordable. Overall, Myntra provides a convenient and enjoyable shopping experience. ⭐⭐⭐⭐⭐",0
playstore,20c74afd-4cdd-471c-a940-9eba61cbd0f3,2026-08-18T13:30:03,5,very good experience,0
playstore,d5e89f7c-abd6-40df-9d1a-37f46bfd7f79,2026-08-18T13:29:29,1,"very bad app they delayed my order and I want to go urgently and customer care is also very bad delivery date was 17 aug today is 18aug and they are telling me that we can't deliver it today we will deliver it tomorrow , worst app I won't use it again that was my last order😭 I have sended u the order no.",0
playstore,3ad6bf7e-5f06-425a-941b-0d56e3464d90,2026-08-18T13:25:41,5,good,0
playstore,777f7045-3889-4d24-ac3c-99f4b5bb6448,2026-08-18T13:25:17,4,niceee,0
playstore,1707a854-66ec-4d61-ad72-a80d22b11f51,2026-08-18T13:22:56,4,"It's just an awesome one for all. Though I am not very fluent with window shopping, because of product quality issues and pricing, but when I want something for me, I have one window shopping stop naming MYNTRA. I love MYNTRA.",0
playstore,232313a4-e743-4064-96d5-be282768bec7,2026-08-18T13:21:32,5,best,0
playstore,f1d14c42-0d89-4fd6-bce1-088d70118a94,2026-08-18T13:20:58,5,exceptional and good quality product,0
playstore,f41fe3f7-165e-4e16-81b4-3a7f89f23cf2,2026-08-18T13:15:28,5,bestest experience,0
playstore,7714c45a-1ad2-44bf-a69e-95d20a924751,2026-08-18T13:12:12,5,only genuine products and a lot of discount,1
playstore,541a2ecb-985f-4793-83c3-22cab43b781f,2026-08-18T13:11:29,1,wrong product everytime,0
playstore,641c370b-a125-4106-ac5e-829b81dc87f6,2026-08-18T13:10:19,5,good products,0
playstore,ba05fb5c-2735-46b1-b5a3-88672ad017d7,2026-08-18T13:10:17,4,very nice,0
playstore,fabe3b78-9cde-4843-9f4f-07814dda1998,2026-08-18T13:10:06,5,good app,0
playstore,e2b82e5b-b241-4bc7-b6eb-314925ba3d02,2026-08-18T13:09:35,5,best app for branded products,0
playstore,391358c5-d97b-4bbd-81d1-c89155c811a0,2026-08-18T13:06:58,5,👍,0
playstore,46678728-2f5a-4de4-8d4a-fa8060352b44,2026-08-18T13:03:36,5,very good give many cupon code,0
playstore,fc810f6e-ebf8-429d-b5ca-0e5c506bc3fb,2026-08-18T12:59:14,5,good and premium products,0
playstore,7225260e-9059-4ca7-a828-02cdf884b3e6,2026-08-18T12:59:06,5,fast and good delivery,0
playstore,dd166108-189b-408d-a34c-18f385598db7,2026-08-18T12:58:34,5,super 👌,0
playstore,f8badb76-a292-46c8-9422-a236779b14da,2026-08-18T12:58:30,1,very bad & disappointed service Orders keep getting delayed without a valid reason and no proper update 👎,0
playstore,b00ab584-3a70-4835-9056-ee88d111f7a3,2026-08-18T12:57:03,5,gud 😗,0
playstore,489641ed-5e5f-4da5-b4e4-68dd17ab2e7d,2026-08-18T12:56:15,4,Best shopping app,0
playstore,eb9a2eec-b296-4336-a897-6650ed99d63d,2026-08-18T12:55:51,1,"What is wrong with Myntra’s refund process? The app shows that my refund was credited on 14 August, but I still haven’t received it in my bank account, and it’s already 18 August. I contacted my bank, and they confirmed that no credit has been received. I’ve also been trying to contact Myntra support since yesterday, but the AI assistant keeps saying it’ll connect me to an agent, after which it says all lines are busy. Please resolve this urgently.",0
playstore,ce1bff34-5266-48a5-a9d9-18be33c14086,2026-08-18T12:54:15,5,extra charge kar rahe hain,0
playstore,313cc4bc-1a54-4adb-8107-81e7efbb7b9f,2026-08-18T12:50:45,5,bahut accha,0
playstore,2ee06bce-a206-442d-ad6f-a0610a9463f1,2026-08-18T12:50:26,5,good,0
playstore,ccf8ef5a-dc1b-4ed3-8a45-34d590be6558,2026-08-18T12:49:51,1,whole platform is designed to fraud with small innocent perons. sellers intentionally not giving brand tags & thereafter myntra keeps rejecting return request because brand tags is missing. so basically whole system is fraud. commitment of 14 days return & exchange is totally fake and baseless. I am struggling to return one product since 1 week. fed up with customer team.,0
playstore,8743f321-a5b5-4844-8594-abd16197e75f,2026-08-18T12:49:24,5,awesome 👍,0
playstore,269547a9-48ee-447f-9c6f-5cb779bc5ffa,2026-08-18T12:46:55,5,great,0
playstore,8422ce44-c7d1-40c2-8135-1c6201dcf414,2026-08-18T12:45:41,1,"Poor delivery service, Always do COD with them",0
playstore,6b26a33a-07fe-4e06-a187-677bbab734b2,2026-08-18T12:43:36,5,good,0
playstore,a2634982-e07f-4bbc-ad76-c234b54a9b7c,2026-08-18T12:42:35,5,good,0
playstore,82512eb0-7d34-42c6-aa83-0a55db8df181,2026-08-18T12:41:55,1,myntra is doing scam. they have delivered only one unit out of two to me on 9th Aug. since then I have been following up with them on all platforms but their logistics partner ekart logistics is doing fake delivery attempts and myntra is just giving me false assurances. I have even written to grievance cell with no result. my money is stuck..I would not recommend to buy anything from them,0
playstore,ee3df163-7f7d-42a7-9550-e4ff2dab27be,2026-08-18T12:41:46,5,super,0
playstore,8987309c-7639-473c-9bb4-79ffa5f49f8a,2026-08-18T12:40:49,5,"best one , genuinely aap",0
playstore,f898b50b-0b7a-412c-916e-2a90dba5fbe5,2026-08-18T12:40:08,1,jo ap myntra cradit ka paise dete the payment krne ke liye us pr limit Mt lagaye plz uski limit hata denge to 5star rate dungi,0
playstore,54d87f10-b448-442a-8112-f151a582210b,2026-08-18T12:38:32,5,awsome app,0
playstore,c802d35f-42e4-4501-96a9-2c8b0570d06c,2026-08-18T12:36:16,1,bad,0
playstore,f84dbccd-ca97-46ef-a02f-da63e38c6812,2026-08-18T12:35:10,4,nice offers on the app,0
playstore,c954cb0e-5c3a-49f4-b15e-00cbd253d052,2026-08-18T12:34:59,5,nice,0
playstore,1e984dd2-e197-4511-b8d9-8db1491afbb6,2026-08-18T12:34:55,5,excellent and very good,0
playstore,61ff7473-c4c6-4e37-a3c0-5d52549bf487,2026-08-18T12:34:18,5,i loved it,0
playstore,fe648852-1405-4bc7-8c31-2393511345c6,2026-08-18T12:32:17,5,the quality and prices are too good in myntra,0
playstore,c35d9d9e-f247-465c-9baa-7c8dfe5ae0e0,2026-08-18T12:28:22,5,too much useful for shopping 🛍️,0
playstore,cd712c7c-47fa-465f-a232-9789c3be6444,2026-08-18T12:27:44,4,good app,0
playstore,fd6fff02-23a7-4ea7-8225-ec89016f2dd2,2026-08-18T12:24:56,5,Best Shopping Platform.,0
playstore,c7963775-5620-4167-bdd6-2fdc0e119ad7,2026-08-18T12:24:23,5,good,0
playstore,8a8c9416-45a9-48e7-a41e-98675437cfb2,2026-08-18T12:23:53,5,Great quality of products,0
playstore,63cd3656-85bd-4f46-a243-26c0266b20be,2026-08-18T12:22:36,5,very good app,0
playstore,9e3967d5-33ca-4787-a6a2-b92fb597105a,2026-08-18T12:21:50,5,I love myntra,0
playstore,f792b0ad-60e1-4752-910f-781ab14f6ed2,2026-08-18T12:20:04,5,like it,0
playstore,2cd718ff-bfe6-4092-91b4-a2a32ddd47f1,2026-08-18T12:19:23,5,"cera,ve face wash is amezing",1
playstore,19ba9351-3fb7-4bc4-bc3a-90cfe294b3a5,2026-08-18T12:18:19,5,best shopping app ..,0
playstore,f653612a-8ec7-4765-9994-cc1cd452eeec,2026-08-18T12:13:00,1,wrost service don't order in this app and don't use this app very bad experience,0
playstore,182ca10a-b05a-4ea6-b6e9-d12219a2140b,2026-08-18T12:08:37,4,very good,0
playstore,46422f7e-970a-4ef9-95c2-610b0eb50c5f,2026-08-18T12:06:19,5,very good delivery,0
playstore,5948b5a7-378a-4c96-9485-e45743aec42b,2026-08-18T12:04:11,1,Not trusted app......worst app,0
playstore,4cd5615d-1cdc-4089-a76c-3007042ccd0c,2026-08-18T11:58:47,5,Excellent collection and the quality,0
playstore,3ffe8760-4f77-4377-af8f-44adad4c320e,2026-08-18T11:55:14,5,nice app for everything type of dress nd everything,0
playstore,bbabf365-fde0-49d5-ba3e-939144ec8258,2026-08-18T11:54:17,5,good,0
playstore,bbf9cfed-0af2-45e3-a404-0b500cd885ec,2026-08-18T11:48:39,5,best for shopping anything,0
playstore,430cb591-4100-4283-8da9-0854f3aeba15,2026-08-18T11:48:12,4,good,0
playstore,ff502bb4-03be-49c4-9fec-99edb4bc7752,2026-08-18T11:46:17,5,good quality product provide 👍,0
playstore,7c430777-c446-44b7-8538-030c1c8e7729,2026-08-18T11:45:33,5,great app,0
playstore,ab9d0834-bcc8-4476-8912-c695a446f5aa,2026-08-18T11:44:25,5,love every product from Myntra ❤️❤️,0
playstore,3808c287-0a47-437b-ab35-92d58126934f,2026-08-18T11:35:46,5,Outstanding,0
playstore,034dfd78-5876-4e0f-8530-f8d9ca75404a,2026-08-18T11:32:44,5,best,0
playstore,ea0b253a-ae72-4579-895b-cbf3ecd4ba1b,2026-08-18T11:31:00,5,ok,0
playstore,14ccc22f-9e94-418c-a54d-ba073e2dfeea,2026-08-18T11:30:51,5,very amazing app,0
playstore,60d23487-2bd8-4173-acfc-dda3eed34a68,2026-08-18T11:30:08,5,the product was good and comfy,0
playstore,46ffb992-6320-4110-82cc-37e060f2fb8d,2026-08-18T11:27:39,1,"placed an order of luxury bag. first they failed to deliver it on given date. when reached to customer support literally zero support was provided. next they I saw myntra falsely marked that they attempted to deliver it and it failed. when I tried reaching out to delivery agent even after putting registered mobile number and pin my call didn't go through.basically I paid huge amount and they have lied in every way possible. I'm planning to move consumer forum now.worst part,it was gift for rakhi",0
playstore,6ea76637-6281-4cc0-99f4-ee6f8414d150,2026-08-18T11:18:45,5,so happy,0
playstore,bbe3f981-1448-4f65-b3e3-7abc711355d8,2026-08-18T11:17:29,5,"“Myntra par shopping experience bahut achha raha. Products ki variety achhi hai, quality bhi good hai aur delivery fast milti hai. App use karna bhi easy hai. Overall great experience! ❤️⭐⭐⭐⭐⭐”",0
playstore,fe6f3ade-f1d8-46dd-91b7-11115ea2d052,2026-08-18T11:15:19,5,superb,0
playstore,5f856859-9e4f-4f09-9da8-2f68bc2e0610,2026-08-18T11:14:53,5,Very Nice,0
playstore,04e709f0-c704-4ecb-b9a9-cf306f412e5d,2026-08-18T11:12:40,5,very good app for shopping according to trend,0
playstore,eb61e5fd-cb38-449c-949b-ed02e277d844,2026-08-18T11:11:06,1,"Myntra claims to provide original products but I am observing from last few shopping experiences that the products are not original here, either they are first copies or defective products which are discarded by their manufacturers. Myntra has now started fraud in terms of return as well, I ordered a pair of animal shaped drop earrings from myntra, I received the product without brand name and of bad quality, I requested for a return, the pickup person refused because the product doesn't match.",0
playstore,5b7b18fa-9f4b-456c-8db5-0d1db1f45d22,2026-08-18T11:08:27,5,loved the app Myntra rewards cashback on every purchase...there products are also good 👍,0
playstore,16657f68-eb91-4097-a80f-04151815cd7e,2026-08-18T11:05:45,1,I ordered something from Myntra but received different product without tags and when applied for return they declined my request saying I received the correct item. I also tried contacting the customer helpline but they have the worst customer service and here I'm stuck with the different product as well...my money is wasted.,0
playstore,764676ff-058b-454c-873f-c4d565722089,2026-08-18T11:01:06,5,nice product nice price,0
playstore,7d827cc9-cca4-4428-bc8d-2481c3858907,2026-08-18T11:00:25,4,ok,0
playstore,4d6830dd-d435-433b-8f78-948136b37676,2026-08-18T10:59:01,5,awesome,0
playstore,a8232ac3-286a-422b-9d16-57e5824816e6,2026-08-18T10:58:49,5,Nice experience with this shopping app,0
playstore,114dc21e-90b5-42c9-91da-5c0299637fb9,2026-08-18T10:58:17,5,super Quality brand s,0
playstore,7d1e5a04-a2a7-41c5-98d9-5d64762c9016,2026-08-18T10:56:03,5,Myntra app ka jo product hai wo 100% precent bhadiya milta hai,0
playstore,e2797a37-fe80-474c-81d2-44db562d134f,2026-08-18T10:55:56,5,nice,0
playstore,d04248db-4843-4b99-8ded-cba39857dbc3,2026-08-18T10:53:08,5,good 👍🏻,0
playstore,8ef51384-9f22-40a9-8859-a6792cfb8d8a,2026-08-18T10:52:01,5,good quality and best offers discount by myntra fashion shopping,0
playstore,f12160ec-8b09-4bbb-b2f8-3be01eea2fcc,2026-08-18T10:49:17,5,very good,0
playstore,aa7ea68e-bf51-4c16-b0a3-23c36fd0ca26,2026-08-18T10:45:40,5,excellent💯👍,0
playstore,5a90d3b0-31ff-425e-bdce-6f442180ab2d,2026-08-18T10:45:32,5,Awesome...💯🥳,0
playstore,f44f3015-fc98-417f-b3ba-115e8e65e7ad,2026-08-18T10:44:44,5,original product app,0
playstore,e63f3399-9bd3-452a-aec7-6336deb9e270,2026-08-18T10:39:10,4,nice,0
playstore,cc4de91f-e640-4fb5-a333-8b4bf9ec6032,2026-08-18T10:30:33,5,one of the best app. quality is also looking like a wow 🥰,0
playstore,c19d7a20-175c-48d7-b0b9-a2f201c8db4e,2026-08-18T10:28:49,5,Nice,0
playstore,e62d5ced-f4c1-40db-9f91-c5d5282b2486,2026-08-18T10:25:07,5,very good,0
playstore,e362a095-75c3-491c-9996-a8e5e6320085,2026-08-18T10:23:13,1,worst e cart service,0
playstore,20cbca72-4a01-4e55-b220-4e4403da1d02,2026-08-18T10:07:49,5,Excellent,0
playstore,ed95ebc5-43b4-4f37-b43d-0fb89a8adee3,2026-08-18T10:05:15,5,myntra fashion shopping app is the best fashion app.,0
playstore,f2e65b7f-6b0b-4a26-a26a-c06bc5bc4069,2026-08-18T10:02:45,1,bad customer service reply to exchange took 50 min and not processed the exchange,0
playstore,bc20d3de-e2a1-46f0-84b7-03b9e7460344,2026-08-18T10:01:27,5,nise🤑🤑🥰🥰,0
playstore,0845cf07-48ff-4098-9e72-49a1ebdc83dd,2026-08-18T09:56:29,5,nice shirt,0
playstore,8dd92662-c372-448a-937b-ffd7183c8cf3,2026-08-18T09:51:57,1,worst app very bad,0
playstore,9a155722-e383-45b0-97b8-144a2681c0f3,2026-08-18T09:47:51,1,"Extremely disappointing experience with Myntra. My order was confirmed and even shipped, but it was later cancelled automatically citing a “technical issue”. I contacted customer support for a proper resolution, but they refused to honour the original offer or provide any meaningful compensation. Instead, I was offered a ₹100 coupon as a goodwill gesture, which does not address the issue at all. This kind of arbitrary order cancellation and poor resolution is unacceptable.",0
playstore,40095901-4b9d-4565-af36-98aa09a7b9f9,2026-08-18T09:46:26,5,very good experience,0
playstore,654f3bdd-dc13-4682-b005-d0d29f14b3d3,2026-08-18T09:44:54,5,"Nice app to do online shopping, has always found the attire i wanted",0
playstore,ff7eebe2-75c3-47e6-896e-00d018406d67,2026-08-18T09:44:24,5,excllent,0
playstore,ada0fe1f-d589-462c-b1be-67fcb8e1d6c9,2026-08-18T09:43:26,1,"BAD EXPERIENCE!!worst app, has no accountability about it's products after booking very bad delivery service as well .Issue gets raised and no one to solve ...zero customer service.",0
playstore,32a739f4-a2c2-4d8e-b4a7-c07bb033bf79,2026-08-18T09:40:23,5,My favourite clothing store👌👌✌️,0
playstore,1e475352-d85b-4c34-ae45-9d3847eda9af,2026-08-18T09:37:40,5,nice,0
playstore,d94361e4-a4f6-4ae3-b088-11126866890c,2026-08-18T09:30:10,5,good app,0
playstore,6c57875d-591a-41ef-95c2-14b2be301da6,2026-08-18T09:27:29,5,okay,0
playstore,7be20fe8-1520-42c0-97ce-4bdc5ad7f659,2026-08-18T09:25:22,1,worst app ever promised to be delivered with gift taken amount to,1
playstore,a0c2d354-b9fb-4885-85fc-a09b42589759,2026-08-18T09:24:25,5,wow great app,0
playstore,abb0e5b9-c52e-47f8-a0df-4edb2a2b42da,2026-08-18T09:24:02,5,very very helpful app☺️☺️,0
playstore,f399bd5a-4c47-437a-913e-3827ef9ae352,2026-08-18T09:23:13,5,Good app for the shopping,0
playstore,48aa29c4-56ec-47f9-a759-4f07005d1fe4,2026-08-18T09:21:57,5,Superb experience,0
playstore,52f13917-b63f-446b-9498-e5339c67db62,2026-08-18T09:16:46,1,scam,0
playstore,6b2f05d4-0395-466e-bea8-fc158e82fb05,2026-08-18T09:16:13,5,"very good service, product quality.It is the best platform to buy things.I love it",0
playstore,22d3f6ea-0661-42f4-bf1e-fd770ee45251,2026-08-18T09:10:36,5,Very good app and product is also genuine and fast delivery.,0
playstore,a34d86c8-2990-4d22-96fc-bd50b17e587a,2026-08-18T09:09:57,1,worst experience delivery is delayed it has been one month a product has not been delivered,0
playstore,57ff83d6-ca31-4386-a746-7900192a32cb,2026-08-18T09:05:46,5,good products available in myntra,0
playstore,e70104dd-1061-4822-ae2d-6fe190bd5636,2026-08-18T09:04:02,5,good,0
playstore,0da5e0a1-a529-423e-9cc3-90be72d65b18,2026-08-18T09:03:43,1,the customer care executive are not the real agents they are (Ai) when ever I request a call the same voice of all agents talk and in same format they talk,0
playstore,8ccef084-7ed5-4e14-9772-8aceffaf8c94,2026-08-18T09:00:37,1,"I wish there was an option for zero review, would have given that only. I was delivered a wrong product and when i tried returning, myntra refused to process the same. I even wrote an email to them attaching the video of me opening the product that was delivered to me, still nothing from their end, their customer support is useless. Such a waste of time and money this was.",1
playstore,b09c9e70-2010-4e19-9fc9-03c6f5a91196,2026-08-18T09:00:05,1,bhul k bhi yah apps use mat karna guy's mere paise kha gye or na call receive karte he na Gmail ka reply karte he bhai request he mat karna use Fake apps he yah mere pass poor bhi he,0
playstore,bbfd7a69-4d23-4f93-92d4-2b0bc2e8d689,2026-08-18T08:59:53,5,It was a good and nice experience the products and quality are the best,0
playstore,a62dcba2-beb4-4d06-a481-18e9b75fa80a,2026-08-18T08:59:46,1,i have an exchange order and when the delivery person tries to give me the exchange. there is an issue that the number on the tag is not verified. i still have the tag intact from the jeans. have tried to contact myntra but whenever I call answered by an AI assistant which has repeated questions. And no information about my exchange.,0
playstore,373b8137-8ac3-4684-a76e-de4f7bb8983c,2026-08-18T08:54:37,5,good,0
playstore,bc7d35a8-72e1-4008-b121-5bcaadc30010,2026-08-18T08:49:34,5,👍,0
playstore,f1975688-f972-4af5-bb87-f6c1157141aa,2026-08-18T08:47:00,5,nice,0
playstore,d1648126-81d7-46d5-baf1-f118463d8b4d,2026-08-18T08:38:24,5,nice,0
playstore,17e8eb94-dc7b-41d1-a863-a6973ec1f22e,2026-08-18T08:36:53,5,it is awesome aap for clothing,0
playstore,a1556c45-f080-4e5c-81bb-4cf7e6c6e7b8,2026-08-18T08:36:31,5,nice to use,0
playstore,d92261f9-3e2e-403a-b7d8-646456f0a113,2026-08-18T08:35:00,5,nice,0
playstore,8af0ebad-e4e6-41e3-b144-1580b24c21fb,2026-08-18T08:34:00,5,good,0
playstore,bb4357d3-2d59-4a02-a731-e7431c9ca128,2026-08-18T08:26:58,5,Varieties to choose from,0
playstore,e633a49a-2a4b-44b8-8049-ee3e1ffad606,2026-08-18T08:25:55,5,all good,0
playstore,5170e219-3d26-4000-98e9-a3b3d81557ad,2026-08-18T08:01:11,5,excellent app for trendy shopping,0
playstore,f7a544f8-b38f-4a01-89af-9a9a92cff146,2026-08-18T07:52:08,5,the quality of the products of Myntra are super and genuine coupons are incredible and arrive on time,0
playstore,8ebd77c5-0676-452c-8c41-72f6362e9116,2026-08-18T07:45:13,5,one of the best online shopping app,0
playstore,c097486b-c4f7-42b7-bfe4-60372b2e7db9,2026-08-18T07:43:45,1,he take rs 23 as platform fee. item cost is higher than other app. I would love to give him negative star,0
playstore,afdf4c17-0ae3-4e38-ac4f-eb73417a5276,2026-08-18T07:39:33,4,nice,0
playstore,39b64d4d-739d-48dd-b814-cafe603d57a8,2026-08-18T07:36:04,5,"Great offers, excellent collection, superfast.",0
playstore,1ecf7e8d-3a08-4259-9ca9-4bec13ecf1bb,2026-08-18T07:35:57,5,nice,0
playstore,8f6061b7-dfe9-4262-ad7b-ea2c2307bb2f,2026-08-18T07:32:40,4,easy to use,0
playstore,207e8b21-88c1-40c7-8d22-e2a82e799744,2026-08-18T07:29:43,5,nice,0
playstore,d80beb39-4390-455f-899f-315a38f429e6,2026-08-18T07:27:48,5,good,0
playstore,94865f46-9482-4111-a39c-14d382bb9177,2026-08-18T07:21:01,4,ok,0
playstore,46a9aeaf-d3e6-42ba-8e49-814f27a6c54b,2026-08-18T07:14:31,5,good and trusted platform,0
playstore,6b64f173-aefe-4e9b-9532-79739cf9c672,2026-08-18T07:04:58,5,"Absolutely love shopping on Myntra! The app is super smooth, easy to navigate, and offers a huge collection of authentic brands... Delivery experience is good.. packaging is neat, and whenever there's a sizing issue, the exchange and return process is completely hassle-free.. Definitely my go-to app for fashion!",1
playstore,9b6a2847-3268-46a6-add2-59f471f73335,2026-08-18T06:58:45,5,best shopping app in myntra,0
playstore,a5bf2ef0-0ac6-4139-a1bf-dbce0b8ae724,2026-08-18T06:58:30,5,mast hai yaar,0
playstore,f07a1107-1578-4645-a088-238b7936d416,2026-08-18T06:46:14,5,super 😍,0
playstore,adf8d2a1-b850-4a1c-8993-33fe579cd21e,2026-08-18T06:36:09,5,i Like the Reasonable price,0
playstore,53c093b4-f443-4097-b3ea-3258c8aa9e78,2026-08-18T06:13:27,5,super 👌,0
playstore,c3acc51e-8953-40f3-bd54-f6f0216dda8c,2026-08-18T05:40:30,1,This app Product advertisement coming discount on this app when I'm booking the product it's confirmed same offer at the booking time after 2 days it's getting ato cancelled without any issue I'm seeing worst application.,0
playstore,d9cfa0a3-490c-468a-8aba-c12fd3918076,2026-08-18T05:28:29,5,🥰🥰🥰,0
playstore,876b29ca-c617-472e-9f15-8c46752ed647,2026-08-18T04:37:58,5,great service with best costumer support team always responsible and all goods are branded 💯👍,0
playstore,f50807f7-9efd-4363-b201-649f40b20726,2026-08-18T03:58:11,5,Best fits for genzzz,0
playstore,498caffd-6f72-47c8-85ce-c62face8a3a2,2026-08-18T03:50:36,1,worst delivery experience delevery partner cancel the order without permission bad experience with myntra @ekart👎,0
playstore,87e4a1c0-0290-4185-a704-c6e529666fa3,2026-08-18T03:24:22,5,amazing experience with myntra and Myntra has given a best opportunity to explore my beauty in different ways,0
playstore,613c9392-4b2f-4748-877d-45893d08db40,2026-08-18T03:21:22,4,good but high price,0
playstore,1c16f860-a40e-4fa9-af7b-53cfcc0263a9,2026-08-18T02:33:08,5,nyc app,0
playstore,62b58c15-8274-4ee0-954e-b683cae461d3,2026-08-18T02:31:54,1,"Absolute fraud app They censor genuine reviews for some fake rejection reason and ensure they only publish good ones. the products received are always damaged, broken or pre-used. they seem to be the most unethical of ask e- commerce platform.",0
playstore,bd5f3e0f-8fdf-4a8c-8df9-604b66831697,2026-08-18T02:27:39,5,awesome,0
playstore,f21d5095-1633-4fc9-806d-8ece39ca8e90,2026-08-18T02:12:20,3,good,0
playstore,bb01b032-3908-453d-ad3c-bc6a9ad57153,2026-08-18T02:02:33,5,best for clothing,0
playstore,f9a99d69-e35a-453e-9c0b-0632afff35f2,2026-08-18T01:49:03,1,1star service my orders was deley nd customer service not supported,0
playstore,a37b4070-d961-4953-bad5-fc41d88d2c1e,2026-08-18T01:46:38,4,exlent shoping,0
playstore,7f2e4d0e-333f-46b0-ab75-350142b46628,2026-08-18T01:40:14,4,I have been using Myntra for 5 years.Wandarful apps good service I m happy,0
playstore,f0d77126-8130-4e79-95fd-d7a3d7eb0761,2026-08-18T01:39:12,5,"one of the best shopping apps, the return and exchange policy is best out there",0
playstore,11898ec5-1104-4167-97ac-07b9ddf2fda7,2026-08-18T01:33:48,5,very good 😊👍,0
playstore,401b801e-c875-4117-a499-3331107fd184,2026-08-18T01:32:59,4,sizes r not available for many liked products,0
playstore,79adf648-2ea7-4c10-a4d3-5dbd812ad981,2026-08-18T01:23:45,5,best app for shopping,0
playstore,e39cc4b2-51d6-4030-93cd-9e09b83a4781,2026-08-18T01:21:09,5,super,0
playstore,3a917bd6-bdd6-475b-a6ad-7b9e0b478a24,2026-08-18T01:18:55,5,appreciate quality and product are trustful,0
playstore,fb6ab313-f839-46b0-abe3-dc41a4758441,2026-08-18T01:16:53,5,very nice app this app is providing nice clothes and beauties product and giving to offers in every clothes,0
playstore,34eef448-3108-4cd1-8825-9c9f542259f2,2026-08-18T01:16:34,5,fantastic,0
playstore,b02034eb-dcb7-4c0b-8e94-c443e13fe845,2026-08-18T01:06:26,5,good app,0
playstore,1cb46cd4-b742-467c-8b2b-d3005b888d26,2026-08-18T01:06:03,5,very nice,0
playstore,0ee110cc-0f92-4152-a719-d02dd90e6d12,2026-08-18T01:02:40,5,very nice app I love this aap bhut hi achhi sarvice hai samaan ki quality bhi bhut achi hoti hai time se saaman bhi aa jata hai i love this app maine jitni baar bhi samaan magaya hai mujhe aaj tak nirasha nhi hui hai so mai aage bhi es app se shopping karte rahna chaungi aur sabse achhi baat ye hai ki fasion up to date hota hai sarvice bhi achhi hoti hai return policy bhi achhi hoti hai koi bhi chiz aap return karna chaho bahut hi aasani se ho jata hai isi liye ye app mujhe achha lgta hai thanku,0
playstore,2b1f34cd-8fe9-485b-8c99-5cc7a0432850,2026-08-18T00:54:09,5,"⭐⭐⭐⭐⭐ Myntra is one of my favourite shopping apps. The collection is really good, prices and offers are attractive, and ordering is easy. Delivery is also quite convenient. Overall, I have had a good shopping experience with Myntra and would definitely recommend it. ❤️",0
playstore,1fc4d6ef-0a7a-4a11-9435-21e7f60d34d7,2026-08-18T00:52:29,5,nice app,0
playstore,d7560bfb-9ba8-4114-af02-c0d6336c6948,2026-08-18T00:52:19,5,excellent,0
playstore,0d42bcee-3962-4f7b-a6a3-8181370746e2,2026-08-18T00:51:41,5,this app very helpful,0
playstore,80b93ff7-918e-43ee-ae18-5d90fb7148f7,2026-08-18T00:48:48,5,🔥🔥🔥,0
playstore,98a106b4-7b12-4991-a7c4-af7c65786371,2026-08-18T00:38:37,1,"Very disappointing experience with Myntra. I ordered 5 Libas sarees at an offer price, and all 5 were confirmed and shipped. Later, Myntra automatically cancelled them citing a “technical issue”. I requested the same offer/price or compensation for the price difference, but no proper solution was provided. Cancelling shipped orders and refusing to honour the offer is unfair and feels like arbitrary handling of customer orders. Myntra should take responsibility and provide a genuine resolution.",0
playstore,ea1739fc-284f-48a2-8486-a1efe4c2e899,2026-08-18T00:37:29,5,awesome,0
playstore,84ac737c-1352-473f-9d59-06d404286943,2026-08-18T00:32:40,5,I love it,0
playstore,8efda6a9-494e-4b2f-8e44-16f6ac82a5f8,2026-08-18T00:32:25,5,good app for family reasons Shoping i m impressed 👍🏻❤️,0
playstore,34bc8771-f079-40a7-8fbf-ff07f56a8476,2026-08-18T00:28:15,5,best online shopping app 👌,0
playstore,d9328ef5-cc14-40aa-94db-5992ded8c105,2026-08-18T00:27:53,5,Very good experience,0
playstore,c6837123-4cf2-4361-8930-1df7b785d707,2026-08-18T00:24:27,5,very useful app,0
playstore,39400631-ebcf-4a3b-9a8d-a379d84b3530,2026-08-18T00:20:49,5,great,0
playstore,5c4d05a8-6724-48c3-923d-a3583fd1a665,2026-08-18T00:18:42,5,myntra is best,0
playstore,356aa78f-fa84-4e9b-aee6-7acc392a1284,2026-08-18T00:17:34,5,amazing app authentic products 😁,1
playstore,4f4bf6f8-917d-4586-92a5-da71451667ce,2026-08-18T00:15:53,5,"excellent app , good customer service best quality product",0
playstore,26db8fd3-3238-4470-a116-be90aca56c10,2026-08-18T00:12:22,5,nice app,0
playstore,60783e64-d6fb-4fc2-9d43-604a993c8b7f,2026-08-18T00:11:50,5,it's a very good app i am really for it,0
playstore,8476e524-863f-4418-b589-986d8f6f8bc8,2026-08-18T00:06:52,1,yes good👍,0
playstore,866d9df3-0f09-4d5f-9700-3b6a3c0f0074,2026-08-18T00:04:12,5,very good quality dresses...,0
playstore,256c71e7-67c9-4514-b8b3-eb30b775406c,2026-08-18T00:03:07,5,myntra means trust,0
playstore,0e6e83d9-a186-49bd-96ab-cdcc2eaea478,2026-08-18T00:01:52,5,Good,0
playstore,0b526540-345b-49e3-a862-25ebd8ebd4d0,2026-08-17T23:50:21,1,"It's been a week since I've ordered a few items I received some and other status remains in the packed stage, when I tried to reach the help centre it asked me to click call me now and I've been trying and trying but no response 😭 i didn't expect such poor service from myntra i hate it honestly",0
playstore,39587ba4-7fb0-4d88-9c89-d288ff6d0825,2026-08-17T23:50:09,1,"I received the wrong shade of the compact powder, and unfortunately, it is much darker than my skin tone. I tried contacting Myntra customer service and also tried several ways to request an exchange, but my issue was not resolved. I’m disappointed because the product itself may be good, but receiving an unsuitable shade without an exchange option makes the experience frustrating. Myntra should provide better support for genuine shade-related issues.",2
playstore,5e423ea9-437c-4b34-8a75-a34ba389d78a,2026-08-17T23:49:55,4,nice experience,0
playstore,7f63b698-330b-4550-adf6-ca67ad3ba652,2026-08-17T23:48:42,1,Not sure why but most of the items are not deliverable to Gujarat,0
playstore,61c89ecf-fcc4-4151-ac28-3d50a2f2deb0,2026-08-17T23:47:50,5,very good 😊,0
playstore,c23a1987-6baf-489a-a364-786a76bc04c5,2026-08-17T23:46:03,5,love it genz cloths r best,0
playstore,8b01e334-8341-49ca-828e-ef01d6c8d218,2026-08-17T23:37:30,5,such a nice and helpful experience 🫶🏻,0
playstore,a4c9f4b6-22ea-4d64-93fc-0ca25a589952,2026-08-17T23:34:59,5,Great app,0
playstore,94907440-9f57-4bc4-a1b9-0026ea7b59d3,2026-08-17T23:33:48,5,it's good,0
playstore,8d138821-2fe2-48d2-b905-30aa13a6698b,2026-08-17T23:32:18,5,ok,0
playstore,9c189ad4-eb18-4387-b661-3dbc25b40958,2026-08-17T23:27:21,5,It is a good app and the delivery is also fast. One of the best app for shopping,0
playstore,9d3e937e-2e30-4e2b-8449-c9318adea9c3,2026-08-17T23:22:33,5,"lovev it , acha hai ,quality provide by this app , go for it , bhot achi sarvice hai myntra ki , maza aa gaya",0
playstore,ac07c9e4-4ca2-40aa-ac9b-65119bed1dff,2026-08-17T23:17:41,5,"Myntra is a very convenient and user-friendly shopping app. The collection is great, the app is easy to use, and the overall shopping experience is smooth. I’m happy with the service and would definitely recommend Myntra to others. 😊",0
playstore,552a4c10-59ad-467e-b58a-033c938329dd,2026-08-17T23:13:43,5,amazing appreciate,0
playstore,9e267fca-ebf6-41c1-b2d4-30745747ce47,2026-08-17T23:13:41,5,this app is very good I'm very happy for this app real brand products 💖💖💖🥰🥰🥰🤗🤗🤗🤗🤗,0
playstore,ceb476f6-d431-4493-b617-ce345e57d57a,2026-08-17T23:13:01,5,it is good app for latest fashion,0
playstore,06ce7841-ff57-4455-8e51-ccddb3038fec,2026-08-17T23:12:43,5,"excellent, myntra is good , product quality is also good, thank you myntra",0
playstore,33802748-3cc9-4e1e-bc25-d24518a1d285,2026-08-17T23:12:05,5,I love almost everything about the app. Only improvement I would suggest is to add more elaborate product descriptions.,0
playstore,f49ed104-fa86-4b89-8560-70afb6689dcd,2026-08-17T23:07:30,5,very good,0
playstore,d5ef71be-9921-4bbc-b990-3592de3cb6da,2026-08-17T23:06:24,5,good product 👍,0
playstore,3bafe661-81a4-46f3-af32-e557af9fe136,2026-08-17T23:04:14,5,🙂,0
playstore,d5d46dbb-83a6-47cb-9795-42bc00e1ec48,2026-08-17T23:02:20,5,amazing,0
playstore,b7a16c7a-7ac8-489c-a3b7-5e9384ee8ed4,2026-08-17T22:56:40,1,"You were supposed to answer my query by August 17th, yet now you are asking for another 48 hours. Please do not harass the customer to the point where they stop shopping on the app (Myntra) altogether. Issues should be resolved promptly. Please provide a solution to my problem by August 18th. Why is it taking so long to resolve such a minor issue? I purchased a product, and it was of poor quality—everything is clearly visible in the photos. What are you deliberating on? After this, I will never",0
playstore,ab20794e-4190-4738-80fc-6b6306573ec2,2026-08-17T22:56:09,5,good products,0
playstore,4f9a723b-6120-41c5-8f1d-65d625eeefc0,2026-08-17T22:55:49,5,amazing app,0
playstore,8a1189cc-5c7a-46b6-9989-77ea43ea20ce,2026-08-17T22:55:37,5,myntra is one of the best fashion clothing and reasonable price of the offers,0
playstore,44d588f4-175b-4c61-9c6c-903b1f4cb0b7,2026-08-17T22:55:29,5,Best shopping app,0
playstore,1f7183a1-4ef6-446a-9ba3-fbcbe9199997,2026-08-17T22:54:05,5,excellent,0
playstore,bfe1e843-6c36-4a4e-bbd6-be825c87c3b0,2026-08-17T22:51:13,1,"Products are of avg quality and they didn't even replace shoes which was not fitting well, saying I have used it. The policies need improvement. Thanks for now, uninstalling the app for now.",0
playstore,8b4bb876-d084-44f5-817c-25e49b333c3d,2026-08-17T22:50:54,5,good,0
playstore,a199d252-110d-4125-b94d-b03f8f193938,2026-08-17T22:50:25,1,High price,0
playstore,145656d3-0521-41fe-8166-eafdb1a298a5,2026-08-17T22:49:56,5,Very useful app to order branded clothes.,0
playstore,5fda471d-fae6-45dc-99a3-9a69b65a3856,2026-08-17T22:49:23,1,ye sabse gatiya wahiyat app hai ye isse kuch order mt kro,0
playstore,1b1608af-6a79-4d46-bb9b-88a5b3482fd7,2026-08-17T22:49:21,1,"worst app , return experience was worst than any other app . not going to buy any product ever.. I repeat EVER",0
playstore,57d0dc31-4fd2-4b3b-bfa6-0ee4eda5e0c1,2026-08-17T22:48:50,4,good 👍,0
playstore,f3ec5cea-a43e-401a-b3de-61d6a20e0daf,2026-08-17T22:47:41,5,good,0
playstore,f88edeca-938b-47f0-bce0-6fbc1803b2c7,2026-08-17T22:40:37,5,very good,0
playstore,9c87a3e5-b67f-4dd9-8c8d-2314c3cb71d4,2026-08-17T22:39:18,5,the best quality cloth really found here only,0
playstore,b9b15407-7cac-4f15-9b6d-93d2cd59643d,2026-08-17T22:38:21,5,good app,0
playstore,608e5695-2d2b-48cc-8411-d80d0b392cdc,2026-08-17T22:37:15,5,it's t shirt quality is mind blowing. I loved all the products 😇,0
playstore,2d40e838-9be6-4f32-930a-bec847906de8,2026-08-17T22:36:31,5,nice app,0
playstore,8ecf3cee-6267-4c8d-ae96-eea6a5dcbda5,2026-08-17T22:34:25,5,top quality available in myntra,0
playstore,ff516583-371a-459f-be0b-d9e4b8636e14,2026-08-17T22:33:14,5,I love this platform very much. It exclusively supply the best product ever. Have a very great experience by buying products in Myntra lovable app💞💞,0
playstore,db59a8fe-f20d-4753-b3e0-b34d8f16a4eb,2026-08-17T22:28:06,1,"Don't know what's wrong with Myntra, for no reason account blocked. Atleast have the decency to mail me the reason.",0
playstore,3cc80c44-8d85-4661-b2ef-4924a2aec160,2026-08-17T22:27:57,4,Great Discount,0
playstore,24d08e4d-3b53-4876-a997-0d9bf18880aa,2026-08-17T22:26:46,5,very nice.,0
playstore,e3c5ba93-0554-414f-b500-e1dc1894d0d7,2026-08-17T22:25:42,5,good,0
playstore,e1cbdaa9-e64a-4880-8717-e5ee6f59ec32,2026-08-17T22:23:03,5,they actually give worthy and quality products,0
playstore,a5c90b5f-2ec9-4bc2-a0a5-d22c34533009,2026-08-17T22:18:04,5,too much,0
playstore,ed0efff2-127c-4040-a593-acc00a007762,2026-08-17T22:17:16,5,superrr,0
playstore,db0a9e40-fe67-4642-bdd8-ed60ca88e45c,2026-08-17T22:15:08,5,best aap hai. best quality ke product milta hai,0
playstore,eb721100-95db-478d-8516-75b5f7292472,2026-08-17T22:15:07,1,"poor customer service hard to reach real agent Extremely disappointing customer service. My issue is still not resolved, and no actual customer care executive has contacted me. I am only getting automated/bot responses, which is not a solution. Despite paying a platform fee, if customers cannot even get proper human support or resolution for a genuine delivery issue, then what is the point of the fee?I have already explained the issue multiple times, yet I am still being asked for feedback",0
playstore,7d231870-752d-4bdf-ada8-6dbcad569d0c,2026-08-17T22:13:42,5,I like shopping with mantra because myntra product are good,0
playstore,f20598ab-d077-4868-b03a-3fe4e2c83ad1,2026-08-17T22:13:40,5,best,0
playstore,72260d57-bffc-410e-8053-4e98fb15349d,2026-08-17T22:11:27,5,this is very amazing app 🤩,0
playstore,e58f08b6-0407-44a1-9670-c00a9f75585a,2026-08-17T22:10:46,2,useless delivery system,0
playstore,545bcddf-4648-4619-93ab-dc05d8b3b20e,2026-08-17T22:10:29,1,"This is the third time I've faced an issue with them. I have been refused an exchange delivery because the delivery partner said that the dress does not have a brand tag intact with it. The brand is only mentioned on the MRP tag. Also I'm getting a dm from an unknown customer service account on Instagram that claims to be a part of their team and is asking to fill out a compensation form. The customer service is simply hopeless! i tried calling, but my call isn't being transferred.",1
playstore,1982b36a-8e6d-41b7-87e6-202a0e229cb8,2026-08-17T22:08:50,5,awesome,0
playstore,caaaace4-f3c4-4a4b-8c70-be318e8fd3b4,2026-08-17T22:08:43,5,good,0
playstore,3ba8dd02-dd0d-4420-91c8-a4f79df131ae,2026-08-17T22:06:13,5,Thanks for best deals,0
playstore,5650a302-33ba-45f1-9083-fb8f43af3289,2026-08-17T22:04:18,5,best for online shooping,0
playstore,29bb6301-d934-42af-9fb5-315119c77d5a,2026-08-17T22:03:11,5,best,0
playstore,ddba497c-85e4-49d3-9426-e921c3f60352,2026-08-17T22:00:21,5,Good,0
playstore,59f5855e-600b-43f0-88f6-be60c6bbb734,2026-08-17T21:59:42,5,"it's a very you's full shopping 🛒 aap much supported app ,✨💝👍",0
playstore,5e86a338-6ca7-4d99-9e6f-6ff21644a594,2026-08-17T21:58:47,5,super quality 👌,0
playstore,dc7531a0-301f-4efa-ab8e-67760a4311d6,2026-08-17T21:57:32,5,nice,0
playstore,bea3829f-3b08-42c5-b096-4c30d4945f0e,2026-08-17T21:54:06,5,excellent app 👍 good for everyone uses matram echipadesindhi ga,0
playstore,d2fc9dae-177e-49b5-b1c7-af82885337ba,2026-08-17T21:53:25,5,nice,0
playstore,265641dc-b1f5-46fa-90a5-ae7efe34b489,2026-08-17T21:50:24,5,Nice,0
playstore,4cd56bf6-29cd-49ed-918f-9bfe7c02bc2c,2026-08-17T21:50:21,1,The delivery process is extremely slow . There are no proper options to contact or escalate your grievances. The delivery partners are irresponsible and taking their own time to deliver items and do false claims on delivery attempts made. Such an unprofessional approach from a famous platform where customer concern is highly pathetic.,0
playstore,00f2b853-717b-42b7-8141-72857aca4ae1,2026-08-17T21:46:25,1,"this app was good before now if the exchange item has not been given to the delivery boy it marked as quantity failed , no support system only predefined bots are there , if we try to call the delivery agent it asks for the pin provided in app and when we enter it , it says pin is wrong, I don't know what is wrong with this app",0
playstore,8f1f7120-d63f-40f2-96be-95008ea3a590,2026-08-17T21:43:34,5,nice app for shopping.,0
playstore,029d8c8e-abce-4320-b1c8-7d8eec81ef1f,2026-08-17T21:41:25,1,always delay all orders for more then 15 days to 1 month.,0
playstore,6aba1b0a-83b4-490d-b351-8d7e67ea1857,2026-08-17T21:40:32,4,nice app,0
playstore,633f532d-d6ac-4db6-8f03-15bf623b3819,2026-08-17T21:23:55,4,nice,0
playstore,c60002dc-e9da-4225-9c7b-6ad1e3b9a7bb,2026-08-17T21:23:17,5,good,0
playstore,e65faa40-f7dc-49c8-bc5c-58f4f21cf453,2026-08-17T21:22:36,5,gooodd,0
playstore,0a4bdb9b-ed2f-486b-8034-012ef682e179,2026-08-17T21:22:13,5,"**“Really happy with the purchase! The quality is good, fitting is perfect, and the product looks exactly like the pictures. Definitely worth the price. Loved it! ❤️”**",0
playstore,e76c65e9-04eb-4862-8f0f-3fc9de62773b,2026-08-17T21:20:24,4,"Myntra is nice, trustworthy and pocket friendly aap",0
playstore,d276bd6c-abec-4899-a793-405fd5aefe43,2026-08-17T21:18:31,2,"This app is good but Myntra now service is very bogus. Since the morning I have ordered 2 items first order has to cancel due to till afternoon no delivery updates. 2nd order I placed for which also no delivery executives have assigned yet. Additionally there is no direct contact available for customer representatives, we have to complaint through chat boat only so no good response.",1
playstore,1dfdbbb4-867d-487c-995f-279e8d99fe35,2026-08-17T21:17:16,5,very good,0
playstore,8a817f3a-287c-46d7-90fb-e5205036faf3,2026-08-17T21:16:36,5,it recently has sucha good collection like the products are literally as it is,0
playstore,2ea5a324-151f-498e-9685-dccdfe2b6a5f,2026-08-17T21:14:31,5,good products nice delivery,0
playstore,2ee0fd1f-39a3-41b9-a92a-9be86ca2dfe6,2026-08-17T21:12:51,5,Fantastic,0
playstore,50e0b1a6-419b-47c6-bd8a-57f08d075318,2026-08-17T21:12:38,5,last 4 year i have been using this app. all the products on this site are amazing.with genuine quality and reliable price you can go for anything which is available on this platform.if anything happened all the customers executive team help you in a better way. all those who go for shopping can choose this app upon another app. return and exchange option are very reliable for anyone.... i have a great experience with this app... i genuinely appreciate all the things about this .. yogesh verma,0
playstore,8343f74b-2b47-43c7-be02-9bcd30b77c76,2026-08-17T21:05:13,4,good,0
playstore,13d13384-5c18-4952-9984-a56fc695209f,2026-08-17T21:01:34,5,"very good shopping app ever ,I like it",0
playstore,a39c85b3-0fdf-4273-bc5b-524369faf2da,2026-08-17T20:58:18,1,myntra is a scam app. You guys are fruad.. You didn't provide me the refund I am complaining on consumer forum after this. I had an order by 9 th august. I have return the product with in 20 min of delivery today is 17 th august not got the refund And over all your customer support are useless they does not response over call or sms Or gmail anywhere. 2 times I got connected they're just asking wait and then they got disappear . this is about scam u guys are scammer,0
playstore,fab265b2-2ecb-442e-ac25-1e58dadd7617,2026-08-17T20:56:33,5,i happy 😁,0
playstore,8f5efec4-4ffd-4f4b-a82d-7ddd31c5556a,2026-08-17T20:55:08,2,"Poor customer support from Myntra.I had ordered for a t shirt on 08.08.2026 and done the payment.Delivery date was showing 16 -18 Aug.The seller cancelled the order by themselves on 16th August citing some technical issues.Cancelletion after waiting for 8 days is unbearable.They were showing the status as packed from the second day itself.Eventhough I got the refund,how can we order things from myntra for a pre-planned function.",0
playstore,a1ad3409-d709-4137-a918-2ba5da315941,2026-08-17T20:53:44,5,excellent,0
playstore,c96aeb39-5234-4ecd-8ac8-d03c102630c1,2026-08-17T20:53:29,5,Great shopping experience.,0
playstore,c416e580-7e1a-4f58-a1b7-f5387bd648ce,2026-08-17T20:52:52,5,mera experience achha raha Myntra pr,0
playstore,99672850-52dd-49cb-87e4-21a1c6e45fd2,2026-08-17T20:50:11,5,best quality,0
playstore,1b5e0178-5e88-48ca-a855-5145c80f53c4,2026-08-17T20:41:47,5,best quality clothes,0
playstore,4133abaf-468c-44b5-bbf6-c24a95b28163,2026-08-17T20:40:32,5,good item,0
playstore,ff552f8a-4d67-46b7-abd6-de6b3c8eb600,2026-08-17T20:39:35,5,great app,0
playstore,bf30993b-e025-44d4-8af7-0db5afbfab7a,2026-08-17T20:30:39,5,super,0
playstore,e3ce6918-02b8-4dc6-b4f3-6cdd660123bf,2026-08-17T20:30:19,5,very good app and product 👌,0
playstore,f57a0496-bb1b-4d7b-b791-49cffb41f2bb,2026-08-17T20:29:36,5,excellent,0
playstore,02a7a38e-68ef-4700-8dcb-4e96f5c1fc48,2026-08-17T20:28:45,5,fabulous,0
playstore,132d48d9-29d5-4dab-ab38-7313711fd6d5,2026-08-17T20:28:16,5,very nice app,0
playstore,751b03f3-ac72-492b-9936-c9039b1a09a0,2026-08-17T20:23:29,5,orginal products only no fake products,0
playstore,cb6427d4-a47a-4bd9-8872-66e623be79af,2026-08-17T20:18:23,5,nice,0
playstore,a54eaa53-d90a-4a77-9f3a-682a8948ba0f,2026-08-17T20:17:24,4,exprees delivery in 2 day but too costly,0
playstore,5665ce15-0077-41a6-95cf-bcd7304816ee,2026-08-17T20:12:57,5,nice app,0
playstore,e6262b71-a7c3-446d-9060-0e2306c6c149,2026-08-17T20:12:43,5,I haven't received my parcel yet I have also made an online payment it shows that i have received my parcel i have completely lost my trust in this app i have been scammed badly,0
playstore,f7c474a2-6322-4c86-af24-a303b4d5c529,2026-08-17T20:11:53,5,myntra never disappoint me,0
playstore,aa80366d-e70a-4c8e-81d2-286c5932b7e7,2026-08-17T20:10:40,1,worst experience you can't connect customer care and their service is horrible,0
playstore,c13dc2c3-0081-40d8-9e59-72e196466bf2,2026-08-17T20:10:37,5,"good user experience, was able to exchange and reorder with ease",0
playstore,04e96ebf-5d5d-45f8-90b1-c75a8bf94e34,2026-08-17T20:09:29,5,what a great service by myntra.,0
playstore,6cd1e367-0e39-46ac-8f29-4f053776b848,2026-08-17T20:08:44,5,awesome,0
playstore,7367d2cb-efb4-47f6-940a-1d58935203b1,2026-08-17T20:02:32,4,great,1
playstore,622cbb40-72fc-4ae3-8801-36ca2c3fd587,2026-08-17T20:01:58,5,good shopping app,0
playstore,3cdfad89-eb17-4f26-b3d8-bcd669224ce3,2026-08-17T20:00:48,5,"""Very happy with the stainless steel lunch box from Myntra. Leak-proof and durable. Great shopping experience!""",0
playstore,b4060b69-28af-4976-ba3d-a6bfca8ea506,2026-08-17T19:58:31,5,Best Experience👍🏻,0
playstore,0cc6395b-4247-4aa0-a039-27c628bd7a1a,2026-08-17T19:57:27,5,myntra is my first preference,0
playstore,a3630d1a-b155-4eed-a977-4d917b00a3cf,2026-08-17T19:54:37,5,very good app.,0
playstore,6ff6f4e0-24ac-4da9-b69c-964b8de839e0,2026-08-17T19:50:14,4,I am satisfied with this online shopping app,0
playstore,156a0dd7-d297-4350-bb04-ff3b77ce4261,2026-08-17T19:39:06,4,worth for that prize,0
playstore,a1178657-16e6-4aa8-b80d-9ff1dcfed5b0,2026-08-17T19:38:25,5,quality on top,0
playstore,c0e8fd26-aed5-4051-9614-b8acd6e260f9,2026-08-17T19:35:27,5,best app for shopping shoes and clothes,0
playstore,f3228fb6-d5b5-4158-b81b-46118e42c4f0,2026-08-17T19:34:31,5,very good app,0
playstore,98332439-155c-4aa2-b857-8bd387705209,2026-08-17T19:33:09,5,"Really i find fabulous fashion here, fasion hub ka baap",0
playstore,540e7c16-7b7e-41a8-a538-84c697c1107b,2026-08-17T19:32:43,5,myntra is best,0
playstore,98562900-f03f-4b89-be97-6eb2a74d9815,2026-08-17T19:32:16,5,vary nice 👍,0
playstore,f26f022a-1796-43b3-b205-4309207ce004,2026-08-17T19:29:23,5,very trustable app ever।।,0
playstore,ae7f58d6-2611-4ba0-9274-ad14224b2a25,2026-08-17T19:29:03,5,worth Varma worth 🤩🤩🤩🤩,0
playstore,fca83def-1578-4fae-ab91-bc548e765469,2026-08-17T19:27:51,5,good experience,0
playstore,4cad6e7b-6a3f-4928-ae2e-83d253ebb672,2026-08-17T19:23:04,3,Myntra has a very nice service,0
playstore,4d3a09b7-9fb5-4055-9ff8-e77b81e103fb,2026-08-17T19:22:26,5,👍,0
playstore,b575b269-6798-4445-99ed-1f8b0044917f,2026-08-17T19:22:16,5,best app,0
playstore,8a835ff7-7817-4cbe-a39f-e992e53a5232,2026-08-17T19:20:32,5,mast h,0
playstore,3ea03cfd-cd92-40ca-90bf-f4aa2abaef6a,2026-08-17T19:10:56,5,very good and smooth apk,0
playstore,9a5920cc-4900-48ce-81a6-b227e4ec9046,2026-08-17T19:09:58,5,good,0
playstore,b3fee1cb-29e5-4c6b-974d-9692cea399f1,2026-08-17T19:07:40,1,"Myntra has become such a terrible shopping app. I ordered a pair of jeans, but the size didn’t fit me, so I placed a return request. However, the delivery person failed the product during the quality check, and now my return is on hold. What is my fault in this? I returned the exact same product that I received. I don’t understand how or why the quality check was failed. Myntra seems to be becoming fraudulent these days. We shop from Myntra trusting the platform please look into this issue.",0
playstore,cc4ee550-c16b-4661-ab1e-b9775e4c6dc4,2026-08-17T19:02:25,1,All the delivery was working till now .I ordered 2 products last month and it was supposed to be delivered on aug 1st and aug 10th almost 17 days delayed...eventhough i raised a complaint nothing,0
playstore,5bea6de1-0cdb-4aa2-842d-0dd702f29336,2026-08-17T19:02:21,5,"low price, better quality.",0
playstore,f4f3bcf8-16d3-422e-a2ed-5f965d216970,2026-08-17T18:58:45,5,I enjoy shopping from Myntra and the quality is very good. Thank you so much Myntra🤠🤗🤗🤗🤗🤗,0
playstore,b4e91046-629e-4883-8109-b04f1abf76f0,2026-08-17T18:55:13,5,awesome,0
playstore,6ef04c96-d06d-4c13-a34d-2e92f9a4c18f,2026-08-17T18:52:13,5,nice,0
playstore,01d91193-d535-49ec-a791-1057c2f64239,2026-08-17T18:46:12,5,good,0
playstore,799b1add-5910-4c11-98f9-5e74f497b455,2026-08-17T18:44:51,1,"Worst... can't even contact a customer care agent.. and my order was supposed to be delivered on 14th of Aug but till date i.e, 17th Aug I have no update on my order other than the comment order delayed. It's never a user friendly app if we can't even contact the customer care agent.",0
playstore,a9b4d217-a509-409f-8f95-afbaad2e60ae,2026-08-17T18:44:00,5,always received the best quality in the app.,0
playstore,1a3860bd-38cc-45c0-b4aa-5babda384854,2026-08-17T18:39:55,1,"⭐ 1/5 Very disappointing experience. I requested an exchange due to a fitting issue, but as I was not available at home during pickup, the exchange was cancelled. Now I’m stuck with the old product despite the fitting issue. Customer care is also not helping—no proper response on call or chat. Very poor service. I won’t be using this app again. I will rate zero",1
playstore,01827e68-7e62-4421-b1a8-cb39bdf4dd89,2026-08-17T18:38:48,1,"The service is very slow. I have placed three orders recently, The three Myntra has cancelled the order and is unable to deliver the order as per the order delivery date mentioned",0
playstore,eebd2116-f520-4999-ad4d-f986b1fbdc5d,2026-08-17T18:38:09,5,it's really awesome 😎😎,0
playstore,3c69f62c-82c8-4e0a-a12f-53e20e1f7e88,2026-08-17T18:37:07,5,good experience,0
playstore,095bc9a8-dd4a-4a83-bf26-7f8c3d1988d5,2026-08-17T18:25:01,5,very good app,0
playstore,6ea8fe8e-e67a-44aa-a0f7-cf81d911b5b0,2026-08-17T18:24:40,5,good,0
playstore,e7007c97-66fd-412d-8226-2bf134d4568a,2026-08-17T18:21:14,4,wow,0
playstore,c0157d49-a03d-4904-b04b-b941f8304104,2026-08-17T18:20:30,5,vire nice,0
playstore,67057e34-2f39-466d-adc7-d0db807b76a4,2026-08-17T18:19:46,1,"Your sellers, SCM team and delivery process are getting worse. Incomplete and wrong orders are being delivered. No help from useless and brainless customer service team. Myntra is snatching their customer's money. This platform has gone to the worst level. I suggest everyone not to place prepaid orders.",0
playstore,a6c387ba-e940-4fb4-a57a-fef809320771,2026-08-17T18:19:37,4,good looking,0
playstore,082127ef-3bab-4c35-a615-4fbbd8033e43,2026-08-17T18:18:17,3,ok,1
playstore,802d7683-e2ec-4c56-940f-5e88b8ba6384,2026-08-17T18:15:29,4,was good products,0
playstore,f64852e7-bf72-4ce7-953f-45be1c7308f0,2026-08-17T18:14:18,5,good,0
playstore,70dcddfc-1e47-4cc4-bfbc-ab62266765e4,2026-08-17T18:11:37,5,great,0
playstore,a7687b87-e8c1-4c2b-9be6-896212755ac3,2026-08-17T18:11:09,5,Very Good and I am so happy😊❤️,0
playstore,4d82191b-bd72-4141-b738-c85e99e3c857,2026-08-17T18:10:15,1,myntra new AI assistant is pathetic. it keeps on repeating same thing without understanding customer problem. it can't even understand simple email id pronounced during call. it is useless assistance by myntra customer care,0
playstore,4745d600-126a-44cb-85a4-1ed87266dd47,2026-08-17T18:08:45,5,nice app,0
playstore,bf14190c-0280-4d1d-b188-955ff96f2b0c,2026-08-17T18:06:48,4,Good place to buy fashion,0
playstore,5a18638b-1b36-4ebb-a177-3528fe71ee3a,2026-08-17T18:06:47,5,very nice,0
playstore,ff3aebad-bc77-4e12-8b58-2bd504522206,2026-08-17T18:06:17,4,my favourite shopping app,0
playstore,7d224877-d929-4504-a16e-df8eae1bcb1e,2026-08-17T18:06:07,5,Good,0
playstore,47bb7885-f0d7-4743-98d1-60f6925a678d,2026-08-17T18:02:37,5,wow,0
playstore,128c4b6b-a1a0-436f-8b57-52af1d04d8d5,2026-08-17T18:01:30,5,"nice,❤️",0
playstore,03ffa5c7-4843-4534-8cf3-185224e57991,2026-08-17T17:59:40,5,"Hands down the best shopping interface. The 'Liquid Glass' update is super smooth, and the personalized suggestions are actually helpu l.",0
playstore,facf5f60-63d6-4452-a003-5889b18f0afd,2026-08-17T17:58:03,5,nice,0
playstore,52c6aa05-a72c-40ff-bf16-ab18fc56266b,2026-08-17T17:57:02,5,excellent,0
playstore,be04f390-2d1c-4054-aae2-0e4b60f2d21a,2026-08-17T17:56:09,5,good,0
playstore,9cd5eb95-be6b-4cea-889a-68aa6125c381,2026-08-17T17:52:48,5,very good,0
playstore,2eae73ca-8ecb-4808-ad2d-2bb414a07f76,2026-08-17T17:50:35,5,had a very good experience,0
playstore,8a5ef0a9-34af-4ecd-8a14-862481d79674,2026-08-17T17:50:26,5,good,0
playstore,ce004b54-509e-4307-a85d-4f2f843b9a89,2026-08-17T17:50:20,5,amazing experience with myntra it gives very amazing offers ❤️,0
playstore,801070df-7643-4975-aefc-711de9d50e1b,2026-08-17T17:49:48,5,Good,0
playstore,965f891d-c031-4e78-9f81-31ef7e922ebd,2026-08-17T17:49:28,4,good one.,0
playstore,31e7dfd6-670b-4490-94eb-2d8f7822dbd0,2026-08-17T17:45:51,5,Myntra's service is very good and the products I order are of the best quality.,0
playstore,643d1dd7-087f-4684-bd78-8a85d4607471,2026-08-17T17:45:02,5,"Although the parcel was received one day late, it was without any reminder from me. The quality of the product is very good.",0
playstore,c2e32b3d-3e6c-4c5e-bedc-ce788465e214,2026-08-17T17:44:13,5,love myntra,0
playstore,5b4101c3-01f8-48d5-aa23-78b92cff7aed,2026-08-17T17:42:31,1,"Now days myntra is selling fake products or low quality products. Stop buying things from this application. now this is the high time for offline shopping. these applications are not convenient or provide any services instead they are just selling fake products. Recently I ordered a black comfy shirt from this app brand here&now and I received a fake cheap quality shirt brand name is ""urban buccachi"" and this is not the single case there are multiple incidents in a row.",0
playstore,196cdf21-0e63-4ef0-86b0-dd9595bf52ad,2026-08-17T17:42:03,5,good experience,0
playstore,fc2a8a01-c07b-4491-8015-29e3de7d0857,2026-08-17T17:33:38,5,"fast delivery, easy returns, nice quality.",0
playstore,85ab27a4-caee-4bb9-a48c-61bfa56e62f9,2026-08-17T17:32:21,5,No other app is as good as MYNTRA regarding fashion,0
playstore,6b727faa-25b6-4d04-8517-b43035e4e561,2026-08-17T17:26:05,4,Good experience,0
playstore,94ae9426-8069-4eb9-83ae-545efe74e518,2026-08-17T17:24:34,1,worst experience bad customer support,0
playstore,6404b924-52e3-4813-a497-e8b43efd424c,2026-08-17T17:24:17,5,"Awesome Experience of shopping, once my product was showing problem in delivery, but when I raised an issues to the customer service I got the product within 1 day",0
playstore,b565f11c-83e2-4d49-addd-a25996f2258d,2026-08-17T17:22:58,5,First time purchase nice experience thank you Mantra I'm very happy 😊,0
playstore,85b0452f-b93b-4588-bccb-3890fb9848ca,2026-08-17T17:22:28,1,fast time order keli tyath pan let ani ata maje cash parth karth nahi ani tyan cha helping no. pan nahi lagth ya pakhsha meesho 10 pattin chagal aap ahe 3rd class app😡😡😡😡😡,0
playstore,01823745-8bdb-457f-a919-5846aa06f94e,2026-08-17T17:20:22,5,Awesome,0
playstore,7ef34ff1-b635-4c22-bb5c-07894d7d96f1,2026-08-17T17:16:37,5,great collection,0
playstore,9a0e97b2-c60e-4018-ba4c-c0edd70c5aac,2026-08-17T17:10:18,4,nice experience,0
playstore,e1888dd3-e04e-4aa1-987b-285d24cd5271,2026-08-17T17:06:48,5,nice for fashion,0
playstore,0f1f7f06-df62-4e79-80e6-d96bb055e47b,2026-08-17T17:04:02,1,cannot even return an item,0
playstore,0a398e41-2a4d-4962-988d-e235e8175622,2026-08-17T17:01:17,5,I am use this app last 6 month this is a very best app for online shopping for you a I will always use this app for shopping,0
playstore,a675a760-4970-46ff-abe8-7fcece9fc9b9,2026-08-17T16:57:50,5,just loved it,0
playstore,e99936e7-ac4b-492f-ab70-1ea62114de06,2026-08-17T16:50:49,5,very nice quality and first of all delevery time is best,1
playstore,0986baf0-2b4c-48ea-bc49-1822b1473187,2026-08-17T16:41:48,5,👍,0
playstore,ab7344b5-465c-496b-8c5b-3303938d4691,2026-08-17T16:40:29,5,good,0
playstore,5dcd43df-a6b1-4693-b85e-758ea362d354,2026-08-17T16:27:04,1,myntra has no customer grievance policy. I have ordered a product and it has been sent by vendor without brand tag. And now delivery man has refused to take the return parcel coz of missing brand tag..i tried to contact customer care but it's call is going on waiting only and no return call recieved...what should I do now. how do I return my parcel.,0
playstore,30eda2fd-c406-44cc-93b8-53fa5bc057e8,2026-08-17T16:24:31,5,Myntra is superb,0
playstore,140e8187-0934-4e84-b84b-4a4bfd807cb3,2026-08-17T16:23:51,1,Myntra castomar care is very bad no one can connect with castomar care person they delivered different product & not returning Myntra delivery partner ar too rude they don't deliver my product perpously,0
playstore,5b1bec69-77af-48b8-9bb5-5f439e8b1e2a,2026-08-17T16:21:54,5,very interesting,1
playstore,8376e9d2-8e01-4d13-81c7-22af03184594,2026-08-17T16:21:40,5,very good product,0
playstore,78b49811-2d98-47c5-926c-245883096160,2026-08-17T16:20:02,5,best product,0
playstore,1b8f2c10-070b-42f3-93b8-ea1a676bcc80,2026-08-17T16:16:12,5,bestttt shopping app🥰💗💗,0
playstore,5e7b9a51-9311-4a9f-84ae-d544f0125769,2026-08-17T16:15:07,5,excellent shopping app,0
playstore,274c3de7-4ed3-4409-8ff0-035df1f7108a,2026-08-17T16:14:49,5,product quality are always good,0
playstore,64e45f15-dbae-401e-b42a-77a3bbde7cd4,2026-08-17T16:14:34,5,very good app,0
playstore,2059a78a-cb33-44e7-9160-379f9fa30422,2026-08-17T16:13:34,4,"there's room for optimization in the app, it network related",0
playstore,97f9273b-6cda-4d33-bf9a-c70961251128,2026-08-17T16:13:21,4,good app,0
playstore,b99f9426-d889-4e02-bf46-6e639ba5a6b3,2026-08-17T16:12:19,5,good product delievery best,0
playstore,acde0640-d7be-4cd2-81d7-00486c12845a,2026-08-17T16:12:00,5,wonderfull app I am using for 2 years,0
playstore,5888a3c4-dab2-41db-9e0d-9382c710e63c,2026-08-17T16:11:24,5,Great experience,0
playstore,96cafdb7-6fe1-41fe-bd19-b6bc59a4302d,2026-08-17T16:09:28,5,very good product 🤩😘,0
playstore,1238db9a-cf80-4b4c-8faa-b34de0a32a76,2026-08-17T16:07:19,5,It shoping is very good 😊,0
playstore,d38a60f0-ea62-4e8c-94fe-15957f225e95,2026-08-17T16:06:34,5,just awesome 😎,0
playstore,6dc6d219-2dab-49bc-9b50-708cdbf591e1,2026-08-17T16:03:46,5,"Myntra is one of the best apps for online clothes shopping. It has a huge collection of clothes, shoes, accessories, and fashion brands for men, women, and kids. The app is easy to use, prices and offers are attractive, and delivery is generally convenient. Overall, Myntra is a great choice for anyone looking for stylish and affordable fashion online.",0
playstore,1b55e2d9-b0aa-4673-a6ac-fad8fb6d3c67,2026-08-17T15:58:06,5,good experience with myntra it deliveres best clothes,0
playstore,aa8f9224-955a-451f-ae88-9efb774b3626,2026-08-17T15:56:16,5,good applk,0
playstore,43c99eb8-fca0-4415-9cb1-edd10198295a,2026-08-17T15:56:09,5,amazing appp,0
playstore,000ae349-f678-4ecc-98aa-943a61c3bfdd,2026-08-17T15:56:07,5,product was so Nice,0
playstore,ef30862d-30fc-4ac8-b04d-3c90b8105c2e,2026-08-17T15:51:05,5,my favourite online shopping store ❤️💝 Myntra 😍🙂,0
playstore,bcc1ea9e-c58d-4705-af69-b6df68ab5307,2026-08-17T15:50:02,1,The amount of internal server errors on this app is insane. I can just never see the items in my bag or check the orders. It always shows 'try again later'. fix it!,0
playstore,88fc7d4d-01f9-4419-a017-9c96855f3240,2026-08-17T15:47:33,5,superb,0
playstore,fd8b245f-3487-42c2-8a7b-50d286ac5e62,2026-08-17T15:46:08,1,"Very disappointed with my order. I received a completely different product, and the product was old/used and had no tag attached. I have already uploaded the photos as proof. Please look into this issue and resolve my return request as soon as possible.",0
playstore,2a58806e-8ff9-416c-870b-bcddec932606,2026-08-17T15:44:06,5,"very good experience, amazing!!!",0
playstore,a6eeec16-2bc1-4ca5-b4be-ea190bab6e9a,2026-08-17T15:42:31,5,sandeep super 👌,0
playstore,cfc08169-2f17-4b78-83e3-472ed336bb41,2026-08-17T15:39:35,5,very nice product,0
playstore,647ea21c-937a-4054-936e-c38d6487f61e,2026-08-17T15:37:54,1,"very disappointed with the service of myntra receiving completely different product n different size not once but multiple times, even my friend also facing same issues, being the oldest customer i never faced such issues before.",0
playstore,37e0b096-c264-4995-95ce-286a6495e381,2026-08-17T15:33:47,1,"I’m disappointed with Myntra’s return order policy. I was charged ₹23 as a platform fee, and I don’t think this fee should be deducted when I’m returning an order. I would like Myntra to refund the ₹23 platform fee as well. Please review this policy and provide a fair resolution to customers.",0
playstore,8b543c58-dc8c-4c43-ac22-c8a9992bfa01,2026-08-17T15:32:28,5,excellent,0
playstore,c96d42b5-3255-4cae-a2c7-ef68730efa3a,2026-08-17T15:28:10,5,nyc one thanks myntra 😊😊😊👍🏻,0
playstore,277d4126-7e48-4f04-99b0-4f66a40b97b9,2026-08-17T15:26:59,5,India's Quality E Commerce app,0
playstore,8fca4320-2503-44bd-a9b1-2e6958f629ae,2026-08-17T15:25:58,5,good,0
playstore,c2d74aee-76a6-42bb-9892-1e469db11f22,2026-08-17T15:20:19,5,bahut asha oil ha or hair growth v hota mene khud mangwaya good product...,0
playstore,e8b8cee0-62ff-4e52-9968-39e8152aefa1,2026-08-17T15:19:56,5,best app for Clothes,0
playstore,e469f231-8a67-4d0d-827b-e00daec870d6,2026-08-17T15:19:18,5,"Easy to use and has a great variety of products. The search, filters, reviews, and delivery tracking are really helpful. Overall, a convenient and reliable shopping app.👌🏻",0
playstore,6a66e655-97f8-49dd-b2f2-60d71cfb5b11,2026-08-17T15:16:37,5,good App,0
playstore,7c1266ff-35ea-4371-b2fe-7cce14a997a2,2026-08-17T15:16:02,1,Every time delay delivery and delivery agents refuse to deliver order. Customer service just only want feedback they do not care about customer delivery experience,0
playstore,29ce8004-9c12-4321-9b05-ca2c5dfeb419,2026-08-17T15:11:14,3,"the product looks good but the quality is not good, fabric is too stretchable",0
playstore,ebc8dfda-a908-4b77-8692-b63036891e78,2026-08-17T15:09:22,4,very good app for purchasing items but the worst part is myntra after sales support Not able to contact customer care support and talk to them even chatting with customer care is also not available The only thing available after delivery othe item is chatting with bot worst aftersale support,0
playstore,811a3885-7787-44be-ae05-67d066a467dc,2026-08-17T15:09:02,5,I love shopping from myntra and the product quality are great 😃,0
playstore,c8b6379e-8563-41df-8578-ff2ce9c0c669,2026-08-17T15:05:03,5,all products are too good and original .,0
playstore,e55c8e72-9cc5-4ccc-a225-fd80f5ef0950,2026-08-17T15:01:50,5,super,0
playstore,75cd1b7e-012e-443f-b0ab-2e4e33caed9b,2026-08-17T15:00:26,5,Ordered Dresses and they are superb.,0
playstore,f95e1d4b-fb02-4984-9316-1f693f443013,2026-08-17T14:56:55,5,brilliant app,0
playstore,f6a928a7-8d70-422e-8b5e-29d8b63a8063,2026-08-17T14:55:27,5,most quality product this app,0
playstore,5c686d1d-5339-4e07-9018-5bea5a5b45c5,2026-08-17T14:54:59,5,The quality is top notch 👍,0
playstore,43a41b8c-6cd1-4a7f-9100-fd717daa8d63,2026-08-17T14:54:08,5,awesome,0
playstore,4d2df781-9815-4eb7-bf3d-d2ec317796dc,2026-08-17T14:46:14,5,app ui experience is awesome,0
playstore,f4d04457-eb4f-4bb8-a172-cb83369c24c8,2026-08-17T14:43:50,5,The quality of clothes Myntra provides is unbeatable...,0
playstore,088548d4-159c-4d4e-bf73-dcda59449a96,2026-08-17T14:43:49,4,good,0
playstore,c4df13dd-cc85-4f9b-9c18-d1997d3e0df7,2026-08-17T14:38:47,1,its app doesn't have a good customer service i didn't received my payment for the product which I have returned i tried to contact myntra policy service but they didn't reached out its literally very disappointing to keep someone payments on hold,0
playstore,2ec56b72-a6f3-4a2f-aad9-527237ef412d,2026-08-17T14:37:37,5,best,0
playstore,d7967a60-bade-4f79-a53d-423ac716d4b6,2026-08-17T14:37:18,5,amazing 😍,0
playstore,9bf23c20-2397-4378-8fe7-db7af4577606,2026-08-17T14:32:43,5,awesome,0
playstore,e24acff7-702e-4021-b21e-7d6e1261e0cf,2026-08-17T14:32:11,5,good,0
playstore,38051fc9-d8dd-4fa8-9fff-f498bebd00bd,2026-08-17T14:30:59,1,why there is forceful recharge of myntracash. If i m issuing my refund to my original account then why r u forcing some amount to myntracash with an expire date. u r putting my money forceful to wallent and giving me a deadline. R u kidding? whts wrong with u guyz. I hv been customer for a long time but this policies r not acceptable. will stop using ur app for sure,0
playstore,bf209d5f-6234-47e5-843b-c9d81f1748f9,2026-08-17T14:29:03,1,"i have been using this application from past many years but recently the app got updated and got the new function for using my cash option, before this update we can easily used my cash option with any orders but since the update has happend is start saying that add more amount of product to use your mycash.. it is completely unfair, i request you to start the old method for spending mycash options.",0
playstore,26b873c9-b6a8-451e-ab91-f82575808d78,2026-08-17T14:28:51,5,nice 🙂👍🏻,0
playstore,a1d02e02-c5df-442e-8dc7-2c18ce76898b,2026-08-17T14:28:29,5,good,0
playstore,bfc1277a-1483-4d00-b337-842a67c28f49,2026-08-17T14:27:12,5,good app,0
playstore,ba4c40d3-4dcc-4e5c-9960-bec7be4b9505,2026-08-17T14:25:25,5,nice,0
playstore,36268541-7748-4c75-a26b-87f7125f6485,2026-08-17T14:24:13,5,this is such a good app it has many dresses i love myntra,0
playstore,579bfbb0-2c59-4c85-af4e-7ac40d686e44,2026-08-17T14:19:57,5,nice e commerce app perfect time to delivery,0
playstore,63fc4ebe-d3bb-446b-98b5-3f3fa8ff7aa4,2026-08-17T14:15:46,5,good,0
playstore,5eb82d39-1c83-4fce-9aad-2240bae542bf,2026-08-17T14:14:44,5,good better best,0
playstore,b7d27a46-8b2e-4272-b685-849a567c0812,2026-08-17T14:14:14,5,good nice application,0
playstore,1b4b872e-c462-4530-8350-e7a0766f65f5,2026-08-17T14:12:43,4,plz stop sending messege,0
playstore,f908c5c1-68bb-4ec9-8ef9-e95cb1a9f51b,2026-08-17T14:12:38,5,good app,0
playstore,8d02c1d4-1201-4409-ae78-ea28a89a6b8f,2026-08-17T14:11:51,5,myntra is very good for shopping,0
playstore,f43ae546-b181-4447-9fff-660d6b9919f1,2026-08-17T14:10:05,5,very nice,0
playstore,592c9171-b5a5-4820-8cbe-4c1428c07856,2026-08-17T14:09:36,5,amazing experience towards with myntra,0
playstore,25b2221c-a3c9-4937-a921-8c655b038fe5,2026-08-17T14:09:02,5,I got an amazing product deal and quality products on time.,0
playstore,61e228ee-3bed-480c-9c72-305f6c61b369,2026-08-17T14:08:42,5,superb,0
playstore,2536f2f3-e87c-4f00-bafd-273ec9bbabbc,2026-08-17T14:02:04,5,good,0
playstore,08532a58-c045-4166-a2ab-d14cfa4c650f,2026-08-17T14:01:15,1,"Horrible experience with the delivery, always getting delivered delayed then order gets cancelled on its own, same order, same address if placed from a different account works. there's nothing wrong with my account but I often get this issue, I don't even have any returns or anything and I'm one of the so-called ""Insider"" who has spent a lot on the app. And don't even get me started on the Support, the Al chatbot is useless, can't get in touch with a human at all. Extremely unprofessional.",0
playstore,1facfa39-2737-49ec-a044-7f43f26bfdb2,2026-08-17T13:59:56,5,good,0
playstore,2c970f5f-aff0-46a2-ad29-0c85211cbeb5,2026-08-17T13:58:37,5,very reliable app,0
playstore,74362c96-21e6-460c-bb1d-1109fb73b8fc,2026-08-17T13:57:22,5,super great,0
playstore,ec593d8e-90de-46ba-99de-cfcede788b76,2026-08-17T13:54:44,5,best app have coupons on every order,0
playstore,8d76bd3a-134b-4bf2-b75f-c945d72ea9df,2026-08-17T13:53:37,5,"good , nice app",0
playstore,b0f85bd2-94fb-4e7c-9955-51848bf5fc2e,2026-08-17T13:51:31,5,"it is a good application , assets on this application is good and affordable , products whom I purchased was good quality so i just saying my experience on this application is nice , I like ittt",0
playstore,1832b5e7-50f2-4d83-8d29-bb18d2506669,2026-08-17T13:50:58,5,fantastic app and quality wise very good,0
playstore,5f854228-8808-4e11-b79c-13e357b88db6,2026-08-17T13:45:59,4,amazing app,0
playstore,c6d21f2c-f496-40f9-8dc7-c79a96fbd163,2026-08-17T13:45:28,5,latest fashion with affordable prices.,2
playstore,364cebec-d546-4e9f-b357-3b3bcbc6ad3b,2026-08-17T13:44:17,5,good❤️,0
playstore,1bc988d7-506b-4ecd-a0bc-6f954caa6846,2026-08-17T13:40:55,5,I like it app,0
playstore,17bff9fb-ca65-4182-8676-8554d30ff871,2026-08-17T13:39:49,5,thats great,0
playstore,90033271-fc67-47bf-b95e-f83f83a81ed8,2026-08-17T13:39:28,5,Experience was very good 👍🏻 amazing quality received,0
playstore,2fedf5ff-94e1-4729-bc6c-a590648a5cbc,2026-08-17T13:36:19,1,ish ne mera 100 rs liya job dunga bola aur fraud kiya aur mera 100rs mai wapas kiya,0
playstore,3a1c465a-f961-4fc7-a0d2-121af4e9fcb9,2026-08-17T13:34:08,5,NICE AAP 1ST TIME USE,0
playstore,9c2c858b-4622-46e2-8116-0b7b354fd74e,2026-08-17T13:30:49,5,best service,0
playstore,05f9bb60-5a03-4996-afb6-5a1c76aae602,2026-08-17T13:29:25,5,v nice product 👌 go for it,0
playstore,566b41d2-f488-4d14-9f8d-e83cf472e82f,2026-08-17T13:29:08,4,nice,0
playstore,f336df48-e580-438b-af11-35ea037dcb6c,2026-08-17T13:27:14,1,"The app shows Express Delivery, but the item is still getting delivered very late. I’ve had the same experience with multiple products, which is extremely disappointing. The express delivery promise doesn’t seem reliable at all. If you need an item urgently, I would not recommend trusting the express delivery option. Very bad experience.",1
playstore,afec030b-732f-44b7-a600-e2aca4522db6,2026-08-17T13:23:33,5,very good service 👍,0
playstore,cc7491e3-9b44-4dac-9ef1-facc3114165c,2026-08-17T13:23:06,5,fast delivery and value for money products,0
playstore,02dfa590-aff5-411b-87e3-256dffccb0ed,2026-08-17T13:14:55,5,Received the same item & quality as specified.,0
playstore,18d098e8-d08f-4501-88bc-54423ca88993,2026-08-17T13:12:02,1,very bad service,0
playstore,cae0baca-95a9-4bfe-b6ab-8f0be011446e,2026-08-17T13:10:31,5,A good choice!!,0
playstore,73bd5046-7733-45fe-8164-c4fc42f0a455,2026-08-17T13:09:54,4,nice app 👌,0
playstore,f0c8062e-6867-4972-a58b-c114bee09733,2026-08-17T13:09:45,5,i love myntra,0
playstore,66fa50ab-12dd-4bcb-82d1-c09e3c508c35,2026-08-17T13:09:07,4,good,0
playstore,fb21d0e5-1d99-4bde-8a97-2d4467131083,2026-08-17T13:08:29,5,"Trusted app for shopping , genuine brands and on time delivery. Never faced any issue. love shopping from myntra easy interface to use",0
playstore,1ce5bd26-6a01-435d-a97c-f6e5c15bc085,2026-08-17T13:07:01,5,easiest way to shop,0
playstore,230af9e6-fbf9-429f-8a14-d876e5c09d91,2026-08-17T13:06:38,5,amazing app,0
playstore,f31c0349-10c1-4949-8916-d6af6474d97a,2026-08-17T13:05:20,5,Good,0
playstore,725ae0ad-23b7-4b95-824a-b331b43c82a6,2026-08-17T12:58:31,5,Thank you for your lovely product.,0
playstore,2ab7940b-9d56-454e-9ce4-d0b7a74e2128,2026-08-17T12:58:10,5,"Whatever I purchase from Myntra is always of very good quality, and I’ve consistently had a great experience with their products. The materials feel premium, the stitching is neat, and everything looks exactly as shown in the pictures.",1
playstore,2ce963b1-fb49-412a-a1e3-24c21d11e490,2026-08-17T12:55:48,5,very good,0
playstore,5ad7a13a-75ed-4840-826c-898fdc0f29cf,2026-08-17T12:54:36,5,good quality and very comfortable,0
playstore,c4a250fb-5b0b-4173-89aa-78ea5508ef90,2026-08-17T12:52:23,5,great app for shopping,0
playstore,3a5cceb9-c1e8-4564-aeb9-f2b55871fc6c,2026-08-17T12:48:19,4,best,0
playstore,240e500b-d840-4e57-878b-92cb3b3e71d6,2026-08-17T12:46:41,5,nice,0
playstore,df69a380-7756-4bba-a89b-00cc0ca2e2ca,2026-08-17T12:44:47,5,easy returns and good communication and quick response better deals,0
playstore,6f982756-39e5-4687-b0b2-78db1d487054,2026-08-17T12:44:38,5,awesome,0
playstore,ea041810-0634-4d3a-b97a-45d671b513d3,2026-08-17T12:44:33,1,worst experience with this people till now they kept canceling orders with no reason while trying to reach their customer service that is more pathic...,0
playstore,40215d24-928d-444b-b843-518a6c852f23,2026-08-17T12:41:06,5,nice app,0
playstore,759b6578-293d-4689-94d3-ef3ed84d14c4,2026-08-17T12:41:05,5,nice,0
playstore,302d9460-a7c6-4e1b-868c-d2a48da14da0,2026-08-17T12:40:26,5,i love myntra for shopping,0
playstore,050f8c51-83d5-46b1-93f2-436da2a45eac,2026-08-17T12:37:21,4,very good,0
playstore,8a4c07c0-b1d9-4a78-b858-34e9b7c8399c,2026-08-17T12:33:38,4,Nice app,0
playstore,742a495f-257c-4053-a650-0591271c2941,2026-08-17T12:31:38,5,my favorite online shopping portal for all.my favorite things,0
playstore,1ebc200f-163c-4c12-94d3-efee63e7bcb1,2026-08-17T12:28:24,1,"Very poor service. Ordered Levi’s thermal innerwear but received a completely different product. Exchange was cancelled twice, and even after return approval, the pickup was not done. The pickup partner refused doorstep pickup and asked me to travel 3 km to return the product. Multiple complaints to customer care, but still no proper resolution. Extremely disappointing experience with Myntra.",0
playstore,ecccc296-3ae8-4cd0-aaf6-146cac34d402,2026-08-17T12:25:50,5,good,0
playstore,51206652-c374-443a-95f0-530c1de0ff8c,2026-08-17T12:25:00,4,the product are good and affordable,0
playstore,139fad9b-86bc-4cb4-b316-498793239e6b,2026-08-17T12:24:25,5,best product,0
playstore,d8f808cc-feef-492b-a19f-c51c74daf95a,2026-08-17T12:21:57,5,very good,0
playstore,0d81043f-94a6-42fc-a982-cdc43db31d9e,2026-08-17T12:21:08,5,all products are original in maytra,0
playstore,e3b94a8d-ef77-4346-9b19-1271d7d03ba3,2026-08-17T12:15:02,5,super app,0
playstore,1e4c1bff-a4b6-457b-ac9f-8878cb552773,2026-08-17T12:11:47,5,still a trusted store,0
playstore,dbcc6d89-9323-490e-ade8-c0b1b379289e,2026-08-17T12:10:56,5,good,0
playstore,cfce0309-ef86-488a-b640-7780efa5b02b,2026-08-17T12:08:24,5,nice,0
playstore,b06ea3a0-c0ab-4aa3-94c8-b0bd5d16a184,2026-08-17T12:07:17,5,good,0
playstore,165aa57d-0e3c-468f-ad63-ff0553382bd7,2026-08-17T12:07:17,5,"Great shopping experience with Myntra! The products are genuine, good quality, and exactly as described. The delivery was quick, packaging was neat, and the overall experience was smooth. Highly recommended for a reliable and convenient online shopping experience! ⭐⭐⭐⭐⭐",0
playstore,2bfff389-ab2b-4b2a-96c7-2d0737afa00b,2026-08-17T12:06:38,1,worst delivery experience everytime they delay and then cancel the order,0
playstore,281c314c-bee2-4226-8b70-57007e138c42,2026-08-17T12:02:41,5,nice,0
playstore,4bf6c708-13e8-48f1-9092-4dfa95d03731,2026-08-17T12:02:22,1,"customer service are very bad, Instead of helping us, these people give us 24 hours, and again after 24 hours they give us 24 hours, and in this way, it has been more than 20 days since they kept saying 24 hours, 24 hours. And till now I have not received any response from their side.After buying a smartwatch for Rs 3699, I took the money but did not receive the watch.",0
playstore,e5b0ed3f-f18e-4b2c-aebb-8f3819497000,2026-08-17T12:02:08,5,this is very Useful,0
playstore,8d42d7be-c0fb-46a2-a007-30ef3a507ddb,2026-08-17T11:58:39,5,best shoping app,0
playstore,49e76a17-6d51-4527-8c60-b5b61ae8d92c,2026-08-17T11:57:58,5,best quality products.,0
playstore,4821fbec-5fba-4be6-a198-e52fd1b0e64a,2026-08-17T11:55:41,5,Excellent,0
playstore,2920aae5-917c-42ad-96f4-3a8ed7c7d674,2026-08-17T11:54:46,5,good,0
playstore,98f1eeb2-d830-485e-a027-6fe227d30087,2026-08-17T11:47:34,5,best,0
playstore,d40ed535-7247-40ae-9f7a-c764cb0b05c7,2026-08-17T11:45:46,5,very nice 👍,0
playstore,feb51fb8-78ba-4908-8c0d-1ad23a3a06dc,2026-08-17T11:42:31,5,Amazing products at reasonable prices..great experience 👍👍,0
playstore,777f085b-8b26-4d4c-96a4-254b3b5dced0,2026-08-17T11:42:02,1,not good,0
playstore,0a3dfccb-5c6c-4296-8108-e729282bbf17,2026-08-17T11:34:40,5,"very nice i love it,,,",0
playstore,0ee6474b-6144-44cd-b1e2-ea53206d0343,2026-08-17T11:32:35,4,nice pants and fashion accessories,0
playstore,3788e425-7ae0-41b0-a584-d7be0d852924,2026-08-17T11:32:21,5,it's a very good platform for purchase any product at good prices,0
playstore,ff21c196-4466-4927-890d-2c0eed96c190,2026-08-17T11:31:07,5,Nice 👍,0
playstore,d1443f3a-fc51-49dd-82c6-19bab06e27a1,2026-08-17T11:30:20,5,good,0
playstore,204d8616-0957-4e23-9e0e-e5a2e9756e14,2026-08-17T11:29:19,5,good 👍👍,0
playstore,71830410-208e-4953-947f-bd3a811ac221,2026-08-17T11:29:00,5,best aap,0
playstore,365a0a9c-bce2-4b45-bc94-ccc9d4f0b989,2026-08-17T11:28:25,5,Services are good,0
playstore,dd394579-76b1-460d-b133-0aeda25d0c5f,2026-08-17T11:28:13,5,khup chyan,0
playstore,3329c6bb-f57c-48b1-a8fb-44143520ffc5,2026-08-17T11:28:08,5,nice quality,0
playstore,e6445f7a-20af-478e-9604-68c056263f3e,2026-08-17T11:27:23,5,best app for shopping,0
playstore,81ff8c91-f11b-49fa-8707-ac93f7868a5c,2026-08-17T11:25:02,5,it's a very amazing and great shopping experience from myntra,0
playstore,2a5e8bc0-8a63-4120-9e44-370032202329,2026-08-17T11:22:59,5,fast delivery...very good,0
playstore,05d5a9ff-d162-4fd5-b29a-e23f3f598f59,2026-08-17T11:22:59,5,good,0
playstore,aa475450-8677-490a-90d8-17e9ae11ab37,2026-08-17T11:21:58,5,I loved the productsss,0
playstore,6dc7476c-c6ab-4f7e-85e0-1b846e67d2bc,2026-08-17T11:21:49,5,good,0
playstore,b093a123-b19d-48bb-a32e-eef73acd4450,2026-08-17T11:19:14,5,best quality,0
playstore,83405032-0fbd-4bc5-8532-1da7c65312f7,2026-08-17T11:19:08,4,Nice try this,0
playstore,0c2f5761-d38c-4e95-8059-dfe5245125ab,2026-08-17T11:18:17,4,luv to shop my desired items through this platform,0
playstore,190e88bc-8783-4b48-a21a-a712983bf20c,2026-08-17T11:12:20,5,too much good,0
playstore,c9863d88-965f-48fe-9a56-3d33827535cf,2026-08-17T11:12:01,4,good experience in myntra shopping,0
playstore,c459cba5-993d-4a79-a5a9-35d9e0e96ed5,2026-08-17T11:09:29,5,This app is very helpful for shopping 🛒 and I am very happy to use .it gives original products. thank you mantra.,0
playstore,41b1efd1-110a-40a2-9880-8ed17879f467,2026-08-17T11:07:25,5,good,0
playstore,cbef34dc-9580-479b-9cc8-7eb9b2b265ed,2026-08-17T11:06:41,5,nice app! loved it❤‍🔥,0
playstore,ab7b22e2-b3a0-4415-af4b-aea23af879c9,2026-08-17T11:05:56,5,fabulous app for shopping 🛍️🛍️,0
playstore,78980a62-653c-4578-b593-5e93be2e6df8,2026-08-17T11:05:51,5,till now is ok ok but let's see more and more.,0
playstore,4389dd45-4aa2-4174-9448-5e7d37147830,2026-08-17T11:03:50,5,okay,0
playstore,782788d1-0c9c-4ad5-9527-9eda784525b4,2026-08-17T11:03:40,5,. best quality per product Myntra,0
playstore,c308d0f0-1759-44f5-8319-79cc5e30a16c,2026-08-17T10:58:55,5,good,0
playstore,427a2c92-36b8-4469-ae52-ed70465d6ee6,2026-08-17T10:55:37,5,Best app for best quality products😍,0
playstore,b6d7bd9d-99ca-4e3b-b973-ace19f7d0cac,2026-08-17T10:51:06,2,ye bhi nhi de rha h kapda acha,0
playstore,557abc86-ee59-40f2-9dd3-cba694e08d76,2026-08-17T10:50:09,5,awesome 😎,0
playstore,b390bf2d-3dee-4648-a454-d4998f305d3e,2026-08-17T10:50:03,1,Earlier we used to able to redeem MN cash irrespective of minimum order value. but now they have made minimum amount to withdraw the MN cash which is waste. we can't even order a single product or less quantity product with MN cash. we have to add more or additional product and make a minimum fixed amount of cart value then MN cash can be used. Uninstalling the app as there are no coupons which can be used nor MN cash can be redeemed. pay the MRP price only without discounts.,0
playstore,7202a52d-91ab-4172-be8f-76020cdba679,2026-08-17T10:48:32,5,reliable,0
playstore,08976e78-6d08-4be6-b1fd-97eeaa3a51ff,2026-08-17T10:48:21,5,i really like to shop on myntra,0
playstore,41486c77-5180-45d8-b2a5-d71e02442921,2026-08-17T10:45:47,1,poor customer service . noone give you resolution here . if I select chat option then ai generated msg said all customer agent busy now you can use call me option when I select call me option then a Ai agent talking to me and again no resolution . I will escalated this issue to consumer forum .,0
playstore,cc9c2301-d487-4b54-8f50-eaded978b6e7,2026-08-17T10:33:05,5,I like this app,0
playstore,9779595b-2fb8-4823-9ba7-2e57102a2883,2026-08-17T10:32:24,1,"Don't buy from Myntra...These guys are fraud, out n out. Last order came with all products minus one. It was in the sealed envelop. When I complained about it, they said ""from our end all the products were delivered"". Happend the same fraud with my brother also...Choose a trusted seller like TATA and they are cheaper also.",0
playstore,0005df0d-f52f-467d-a184-243abfa4a4cf,2026-08-17T10:31:21,5,"original product, can buy without doubt",0
playstore,704f5fd8-d175-46f3-9cac-d1a6a160e41b,2026-08-17T10:30:37,1,you have a pathetic customer care service now.. I'm trying reaching you since 2 days but your customer care team is always busy,0
playstore,1199b6b3-bf8f-4593-a8fd-e3f09053fed9,2026-08-17T10:28:33,5,excellent quality. Reasonable price. I m fully satisfied,0
playstore,93bb107a-39ed-40cc-8030-19f449f0c41f,2026-08-17T10:28:23,1,sab dubliket Saman milta hai dusra plateform par sam company ka saman sasta hai,0
playstore,49418f9d-bd40-4cfd-a58d-587d3fede197,2026-08-17T10:27:47,5,excellent 👌,0
playstore,3443f092-5912-405d-bdb5-eeffd0e9b11e,2026-08-17T10:27:11,5,Myntra is my all time favourite Thank you Myntra,0
playstore,32fb2a07-af7f-4b78-bf88-61f7dc75fd14,2026-08-17T10:23:55,4,Great Service but Price Are Slightly Higher than other platforms,0
playstore,d8779e0a-84d6-4599-8b82-d92c1e48f2aa,2026-08-17T10:23:42,5,good,0
playstore,605ba91b-0e32-4c92-9f51-8a75521f9313,2026-08-17T10:21:11,5,"Great experience and great product options, hope all will genuinely good",0
playstore,e4a9b9db-c734-4cd2-a716-3387aa7d5308,2026-08-17T10:20:43,5,Amazing,0
playstore,4cf1a8b8-bed0-4835-86f3-178c3f675a1f,2026-08-17T10:18:39,5,great 😃👍🏻,0
playstore,e2395b75-3ffa-4043-9169-a07f3d0eea1d,2026-08-17T10:18:24,5,this is good and I am daily clams rupee,0
playstore,39e5cd81-e015-4749-b88b-08869691ede5,2026-08-17T10:15:51,5,great experience,0
playstore,751c2496-2d54-48e9-96f3-c92b5dbfb956,2026-08-17T10:15:35,5,nice 👍,0
playstore,df6d8c27-e923-4561-9895-16e292dd2b5d,2026-08-17T10:05:38,5,Good aap,0
playstore,c4d983b0-0e74-4580-80f9-de709dbf94f4,2026-08-17T10:04:38,5,good,0
playstore,d737c3b5-9334-4a1c-9d32-b8fae9a6434a,2026-08-17T10:02:42,5,very good app,0
playstore,4617dfd4-f0b9-4f4b-9ef9-ae881fcc3e27,2026-08-17T09:59:46,5,nice,0
playstore,081b6ba7-72ae-4783-bf43-c5bc15ba2546,2026-08-17T09:59:36,5,the quality of the products is outstanding,0
playstore,0477e047-a47f-4efb-868d-ab40fd6ae16d,2026-08-17T09:57:29,1,very bad experience. my first order is very delayed. they're delivery team is very poor,0
playstore,d7c618d1-d3ed-4653-8e84-193d213fdf24,2026-08-17T09:56:53,5,best clothes,0
playstore,fd1ca33c-d8ee-48d4-85fa-76bc488f079a,2026-08-17T09:56:46,4,not many good options in shoes otherwise good app,0
playstore,3e49920b-e313-4bce-98dd-28107cfc7b5c,2026-08-17T09:56:06,5,best appp,0
playstore,8f9c66b7-c9ed-4d6f-b914-7447c5d63f00,2026-08-17T09:54:38,5,amazing app,0
playstore,8a37dc22-4d91-42d5-85ec-e50f68f7573a,2026-08-17T09:53:55,5,it was nice shopping app,0
playstore,1d4360af-d102-4a1a-8e10-ce2111511887,2026-08-17T09:52:26,1,worst app....zero customer service no response one tickets no option to connect with real person for support,0
playstore,3430a153-c083-43eb-992d-360562b7c89b,2026-08-17T09:52:17,1,This is a worst app I have ever seen . this app looted my 1500 rupees . I have ordered something and then I cancelled my order now they are not refunding my money . and they also removed help option in the app for my phone . now where should I go . this is a very bad app . I will never suggest my ones to be with this app . it's have been 25 days but they are not responding,0
playstore,1badd93e-5ab4-40e2-8075-66eb577cb738,2026-08-17T09:51:24,1,Misleading - ask to write reviews for orders to only say better luck next time,5
playstore,40c7a227-4f8e-449c-8572-021cd57c5cd9,2026-08-17T09:49:48,5,best app where you can get quality product and also at cheap rate compare to other platforms,0
playstore,6928f974-9093-4ac7-b870-42f520db48ab,2026-08-17T09:48:19,5,this face wash is totally friendly with sensetive and normal skin,0
playstore,0c7c0716-fb9a-4f62-ab61-834d9e508b4a,2026-08-17T09:46:51,5,very good,0
playstore,21cb1d27-ba6c-432b-8bdc-a19e79583a20,2026-08-17T09:45:03,4,Good,0
playstore,ebdf9eb7-8977-4e0a-a453-b8b633f9c7bd,2026-08-17T09:40:53,5,material good 👍..Worth buying 👌,0
playstore,0f777ff4-f23f-402c-a8bf-84ab5bcebfac,2026-08-17T09:40:25,5,I really enjoy shopping from Myntra ....,0
playstore,a6bb5bb9-67f8-432e-afd1-b443814a5b30,2026-08-17T09:34:27,4,very good experience,0
playstore,551b20e4-760a-40dc-a3c9-af33d4ff08a8,2026-08-17T09:34:12,5,best app for clothes 👌,0
playstore,1835d36f-a469-4891-802d-9438d34ca6d4,2026-08-17T09:33:58,5,it has good products worth buying,0
playstore,990552ca-ec73-4813-96d5-0bc137dfeb9b,2026-08-17T09:32:05,4,"very good for shoping and offer, quality",0
playstore,c387ef82-d374-462e-bdef-30de0b9884df,2026-08-17T09:27:48,5,just Awesome....,0
playstore,52f3e350-b96c-433b-aa27-7bccc1c24caa,2026-08-17T09:27:33,4,better then the competitiors,0
playstore,5782e1a2-da4d-4a46-ad2b-156b3ad8bc54,2026-08-17T09:20:56,5,very nicee app,0
playstore,606f5d62-b251-44ff-8e03-637143df4130,2026-08-17T09:16:39,5,amazing place to find your outfit and aesthetic home decor 🙌🏻🤌🏻✨,0
playstore,76d6783c-62ed-4089-b48d-c43359a86c89,2026-08-17T09:15:17,5,Good to see someone coming in and taking over the entire apparel clothing market.,0
playstore,9361256f-3c3f-43f8-a704-f28c84f92286,2026-08-17T09:15:06,5,Great,0
playstore,6e11034a-a9dd-4f3b-b6fc-182659510ec4,2026-08-17T09:13:26,1,very slow dilivery partner,0
playstore,1ed38ebc-0a6d-4a77-a415-1dc54d39a05d,2026-08-17T09:10:03,1,delivery delayed,0
playstore,89ffa30f-c071-474a-9470-8bc1886ac4ad,2026-08-17T09:09:44,1,it is a fake app and it support fake brands. I am saying that because when I ordered a jeans indeliver a fake brand and when I said my problem they are doing nothing,0
playstore,aaa40b28-01c3-4e0f-a69e-ae7bb741e640,2026-08-17T09:08:18,3,service has improved,1
playstore,22b850b1-7cbe-492d-abd1-84456e13b8f0,2026-08-17T08:57:47,4,sexy product,0
playstore,116319e1-c391-445d-9d58-62a335df75e6,2026-08-17T08:55:52,4,good,0
playstore,9d8075a0-a55c-4c3c-94b7-56ac7562c0b5,2026-08-17T08:52:15,5,good app for shopping,0
playstore,d77f6406-ba01-418a-a9d0-5caee0637a10,2026-08-17T08:51:56,5,nice all,0
playstore,8798d803-34cd-44d1-82e5-1c6177d75d25,2026-08-17T08:51:21,4,should reduce handling charges,0
playstore,88d34e2b-454f-47e9-a562-5967236d7a5c,2026-08-17T08:51:03,5,very good,0
playstore,9d80f72c-66b7-4fc2-a5cd-1ac5b5bf2c91,2026-08-17T08:43:57,5,👍,0
playstore,e0d2f5d5-0180-4bcc-a1f2-381bb166f13a,2026-08-17T08:43:56,1,"never order with myntra they never take returns or exchange, they always have some reason to reject your claim, so that they make money and loot from you by sharing some dubious products to you.",0
playstore,778bf672-2949-4d63-8548-efc9478e1e3d,2026-08-17T08:40:03,5,very much trusted app and brands,0
playstore,9c6b880e-35ff-43fa-8044-ac161b706f3e,2026-08-17T08:39:46,5,very good,0
playstore,7ee7b683-005f-42c4-8c87-2cd9d634a868,2026-08-17T08:38:14,5,vary good app,0
playstore,cb269399-06c3-4d14-9b36-b8ed18d1702e,2026-08-17T08:36:48,5,thanks to myntraaa,0
playstore,b41d1409-b711-48e5-9936-32ba29209d9b,2026-08-17T08:32:36,5,Excellent ✨,0
playstore,7a1e9d0b-e56c-425a-b801-db69abea07b3,2026-08-17T08:32:27,5,👍🏿,0
playstore,9eba70cf-9d20-4bfc-8ec4-7ee5fc0eee8a,2026-08-17T08:28:43,5,good 👍,0
playstore,8f971bb4-5818-4d8d-a378-95b377b186f3,2026-08-17T08:27:54,3,evrything is ok...but ye system glt h platform fee itna jyada lete h ki agr br br return kro koi chiz psnd na aane pr to apka adha paisa to ussi mei nikal jayega,1
playstore,ef1cd21b-f835-4cfb-85dd-96651a64d454,2026-08-17T08:26:04,5,nice,0
playstore,7e3cd0d8-f08d-4203-bb0f-6b37f92af945,2026-08-17T08:19:10,4,this app is very useful,0
playstore,32446ddd-4532-42cd-b018-3e923ee61dba,2026-08-17T08:16:51,5,nice & good experiance,0
playstore,2b2efb1d-2f96-487d-a5b3-1cc1313aea42,2026-08-17T08:15:44,5,delivery of product is genuine ☺️,0
playstore,b787d947-cabf-4e48-9e54-17e9d786cbd8,2026-08-17T08:14:45,2,nice product have a give it,0
playstore,7194d94d-28c0-49e3-ba2d-e7124866fb52,2026-08-17T08:14:45,5,Branded clothes on good price.,0
playstore,c4fb5554-610d-4844-96c8-81f00ffe32e4,2026-08-17T08:10:19,5,best shoping AAP good product every time,0
playstore,1b2afca7-9572-4359-9fb0-055604175586,2026-08-17T08:09:41,4,ok,0
playstore,c79e0bc9-c8ab-4287-a27e-42af644410e9,2026-08-17T08:06:30,5,nice app 👍🏻,0
playstore,8ac1bc5a-ae84-4d65-b489-f229c4fc87ae,2026-08-17T08:02:09,1,this is a froud app,0
playstore,e8e0fc9f-4f69-46e3-8d8c-11b52d283200,2026-08-17T07:57:40,5,right place to buy your own products on right price,0
playstore,0cb40d10-3fd9-4813-8862-4bd8f5cf3cbe,2026-08-17T07:40:18,5,Quality purchase,0
playstore,a03b0ca6-f1a7-4f0c-8afa-a6f680b9056a,2026-08-17T07:39:13,5,best offer,0
playstore,ea41182c-975e-4ef3-b91b-6ba9a99cf6ff,2026-08-17T07:37:52,5,awesome quality,0
playstore,4abdcf99-2920-4deb-9e1f-223a2e3e7a04,2026-08-17T07:36:33,5,good,0
playstore,eda92a2b-1231-401a-a479-f6ca23ed3762,2026-08-17T07:30:46,5,My overall connection with Myntra is just owesome and I just love all the product and their quality 💫Thank you myntra 💖,0
playstore,555db740-973a-4bc9-9148-47a47420f113,2026-08-17T07:29:27,5,wow,0
playstore,fed8db07-a2c3-42c1-89aa-7426a59cf620,2026-08-17T07:29:16,5,very nice experience with Myntra Fashion,0
playstore,55ef84be-5c99-4cb3-bc83-b4fc29567239,2026-08-17T07:25:56,5,the best shopping app ever.,0
playstore,7dfc57b4-1271-46fb-88a9-e797bb5cbe09,2026-08-17T07:25:12,1,worst delivery,0
playstore,58a41b7f-cb44-4e63-bfb8-e5f310e53f32,2026-08-17T07:07:01,5,good,0
playstore,f93f3170-7899-482d-bba4-3726b45738a4,2026-08-17T07:01:13,5,good,0
playstore,2605f3b2-0878-4929-bd87-6fe83eec023d,2026-08-17T06:59:24,5,So nice product 👌 100% Satisfied,0
playstore,819d7e26-3c9f-40cd-bb1f-f34b39071e2d,2026-08-17T06:55:05,2,About the quality of products it's amazing but if you have to return or replace the product it's a nuisance. I had to replace the product due to it being small in size but it failed the quality check because there were the tags but the logo was not given there which is totally their fault but who suffers? it's me. I never expected this from myntra and I'm really disappointed coz till now it is the worst returning experience I've received from literally any app!,0
playstore,1daa821a-0f7d-461b-b215-45a63cbef452,2026-08-17T06:46:17,4,myntra is undoubtedly one of the best online shopping apps.,0
playstore,60c381a2-2088-4353-bb71-32f3e996b437,2026-08-17T06:43:28,4,batter product quality ❣️,0
playstore,1a92f3fa-708e-478d-8164-dfaf22365dc2,2026-08-17T06:42:35,5,Bought Fbella satin night dress via myntra. Its quality is like amazing. Fully satisfied with the quality I ordered and it's worth to buy.,0
playstore,8cec5e06-f7f8-4588-beeb-54c738b63060,2026-08-17T06:19:31,5,good products,0
playstore,3b14435e-2265-452d-a78f-5d03e4a1d644,2026-08-17T06:14:41,5,very nice,0
playstore,bfda6457-3af1-4c66-80a2-11ebefad396d,2026-08-17T06:03:50,5,good one,0
playstore,5cef8c5c-a388-4e85-9fcc-803ac63917fd,2026-08-17T05:30:29,5,very useful app good quality products delivered,0
playstore,b9eb36fa-a190-4aee-b7a0-aec5614717d7,2026-08-17T04:23:50,5,good app,0
playstore,98d8e094-fd34-4c3f-ba30-64731c2d76fd,2026-08-17T03:43:38,5,good,0
playstore,c3735bc2-e469-4a08-ac44-38d71a438c97,2026-08-17T03:33:28,2,good app but sometimes delivery let and delivery person behavior is not good,0
playstore,2e440c8f-ab7a-4842-b083-684c4fc8f659,2026-08-17T02:49:28,5,Always my choice for online shopping 🛍️ 💕,0
playstore,e9b35418-f88f-41cd-8652-353feecfacd2,2026-08-17T02:26:25,1,Too Much AI Slop! Small Brands that make poor quality clothing are posting unrealistic images of their products and it turns out to be nothing like the picture in reality. It's hurting Myntra as a brand because I've stopped buying from such Fraud Companies.,0
playstore,898ab0cf-31fa-487f-8ca7-d69f6f3f3470,2026-08-17T02:06:09,5,happy customer,0
playstore,0d88593f-e188-45ac-abce-2ad3964ab59c,2026-08-17T01:56:57,5,great app,0
playstore,92467b02-5d24-42b3-a2d6-702176ccb4f0,2026-08-17T01:52:42,5,hmm ok bht acha h,0
playstore,ff1cb0fd-36ed-41b4-8fc6-888151e2ed88,2026-08-17T01:39:37,5,osm product.....with *****,0
playstore,beaff0c7-8c36-48d9-9ce9-25857ec92349,2026-08-17T01:30:47,5,Great,0
playstore,5400b64e-28e3-41ef-b4ae-0f8dbc225a16,2026-08-17T01:21:38,5,products are very good than other application. all meterial are original Myntra maintained good policy. really thankful to Myntra.,0
playstore,73cb860e-2ee8-47cf-aa6a-12a739c6ad73,2026-08-17T01:19:02,1,"Very disappointing experience. My issue has been going on for almost a month. I received the wrong product and provided the product tag/code and invoice as evidence, but Myntra kept giving generic responses saying the correct product was dispatched. After repeated complaints, they agreed to take the product back, but pickup failed 3–4 times. The agent is either busy or doesn't answer. Still waiting for a proper resolution. Very poor customer support and return experience.",3
playstore,b41c3fab-a3f5-4944-84bd-d57a27b9f23e,2026-08-17T01:06:00,5,"I recently ordered a formal shirt from Myntra, and it exceeded my expectations. The fabric quality is top-notch—soft, breathable, and premium to touch. The fit is true to size, giving a clean, tailored look, while the color matches the product photos online. Stitching and details are well-crafted with no loose threads. It handles washing well without shrinking or fading. Myntra's delivery was fast, and the packaging kept everything in perfect shape. Great",0
playstore,e8d4fefd-bf7e-4145-98c5-d71a4b6bbcee,2026-08-17T01:05:55,4,myntra is one of the best shopping apps for fashion and clothes. thank you kindness ☺️.,0
playstore,13cf02f1-f1c8-46b0-a41e-c5c2835e4b76,2026-08-17T00:58:06,4,good,0
playstore,b7ba463a-657b-47bd-8b37-3af9e12097ff,2026-08-17T00:58:00,5,like the suggestion from this app,0
playstore,58056e69-a765-4d76-adda-850d6a90623b,2026-08-17T00:57:48,3,nice app,0
playstore,d1f2eca5-8385-4286-965b-0dfbd1b5ff31,2026-08-17T00:46:24,5,One of the best platform to buy clothes. I like Myntra collection and purchasing experience. Thank you,0
playstore,8876cbec-bc35-43a1-8309-e9ac7af16084,2026-08-17T00:45:42,5,very nice app,0
playstore,2bcbd039-ccaf-4d89-88f8-f772ec33db03,2026-08-17T00:41:44,1,"NEVER USE THIS APP WITHOUT A BODYGUARD. Felt unsafe due to their rudest delivery staff ever. Greater Noida delivery agent Robin Singh came at 6 am, started yelling in my phone and at me aggressively, talking like a psychopath. I felt unsafe in my own home. I almost called the police over his behaviour. Everyone pls be safe",0
playstore,c9a2f891-900d-4fad-87bd-c16404394aeb,2026-08-17T00:35:33,4,nice,0
playstore,2841418b-d7fe-4f4e-a1c0-a421baaff707,2026-08-17T00:35:28,5,really good and real product in myntra compair the flipkart and ajio,0
playstore,5f27317c-5f96-493e-a965-f9202e2c24ca,2026-08-17T00:34:02,1,"Very disappointed with Myntra’s customer service. My account has been deactivated since 13 August, and I’m unable to log in. It shows, “Your account is deactivated for security reasons.” I have sent multiple emails to customer support but have received no proper response or assistance. There is no explanation for why my account was deactivated. Please look into this issue, reactivate my account, and provide proper support as soon as possible.",0
playstore,f8a40844-c6f1-4ac1-94c8-6511ceb60473,2026-08-17T00:30:20,5,very good,0
playstore,c8875ab6-145b-4c4d-ba0b-963cf2a1c2e6,2026-08-17T00:30:18,5,good,0
playstore,3bc6541f-8871-42c9-9d05-fe311f597931,2026-08-17T00:29:53,5,awesome,0
playstore,91706166-e404-42b5-a6f2-c3c2cce5b406,2026-08-17T00:29:40,5,The material was so good and comfortable.,0
playstore,ac61aa1b-cd0b-476c-96a0-98eea303bb8a,2026-08-17T00:26:08,5,Good service and customer support,0
playstore,6c850140-b62e-456f-8494-268be92594ba,2026-08-17T00:24:30,5,❤,0
playstore,f8d31a04-63da-46fe-8571-a29d5302815c,2026-08-17T00:23:25,1,bad experience with myntra im customer last 3 year but Ac Automatically is deactivated I wait last 7 days no customer care Response no process my exchanged is pending i lost my 1500 rupees,0
playstore,fecd9ce5-2e55-4a45-8f13-bbb665290ccc,2026-08-17T00:20:24,5,good,0
playstore,a1312fe5-670d-4afa-bf75-8e37431d6b7c,2026-08-17T00:18:14,5,Best experience 😄,0
playstore,d1b56942-74a7-4e58-a1d9-5e90bfa41497,2026-08-17T00:18:03,5,very good,0
playstore,3c29ebe2-fc73-4928-b52b-0941e5774b3e,2026-08-17T00:10:14,5,very nice,0
playstore,971ad85e-3bff-48f0-84b1-78ca5e0d0370,2026-08-17T00:09:14,5,Easy to use app,0
playstore,74b3ea23-719c-4bc1-8294-7c1b36163231,2026-08-17T00:09:05,5,awesome service,0
playstore,58f5d4bf-02b0-41cd-b53b-d49159d393d3,2026-08-17T00:08:45,5,wooow!! 🥰🥰,0
playstore,fc826019-3642-45f0-b559-f0a02c35d977,2026-08-17T00:08:43,5,it's amazing....,0
playstore,1d172a63-177d-42a5-ba03-e6ea6e25a107,2026-08-17T00:02:34,4,best overall,0
playstore,0225a275-4d95-4795-b144-2c4071e49f45,2026-08-16T23:59:41,5,good,0
playstore,e1724c8a-19c8-4c15-9841-626b4047b0aa,2026-08-16T23:52:23,4,great prices,0
playstore,ea6d04ba-4864-4892-8f71-ec7500342ced,2026-08-16T23:50:58,5,good app,0
playstore,78566c25-e364-429f-8b5c-bc09ac9f9399,2026-08-16T23:46:11,4,Nice,0
playstore,650bd57c-867f-4578-8f08-a8edc1c3ee7b,2026-08-16T23:44:35,5,wonderful,0
playstore,23828e84-eaa5-4222-8a4f-1bffed3b1e74,2026-08-16T23:44:08,5,good app,0
playstore,85798673-d007-48cd-bb2f-f1db89e154dd,2026-08-16T23:38:42,5,Best for clothing,0
playstore,7c075ce6-42b6-4487-bbb2-6e61d7262be6,2026-08-16T23:38:25,5,very good,0
playstore,5918a718-b66d-4639-b75b-01689c4e186d,2026-08-16T23:35:31,5,a good app for shopping.,0
playstore,1fef8291-73a6-4763-a0b4-12322e043f7b,2026-08-16T23:34:19,5,best,0
playstore,30cc2e38-3fbe-4679-8ef1-0783be8d26e2,2026-08-16T23:31:33,5,very good,0
playstore,9bdca054-4a0b-422d-9006-8e877fef30c5,2026-08-16T23:29:36,5,user friendly app,0
playstore,85b4795c-9a8e-4f40-bcb9-ac7f6a716933,2026-08-16T23:28:59,5,good,0
playstore,40e40d09-0b23-4b0c-b093-7ff09b4c3d76,2026-08-16T23:26:24,5,this app provides an easy and convenient shopping experience with many brands and offers. With simple navigation and secure payment options. thank you 😊,0
playstore,6dfe6918-02f3-474b-a102-1c53baddf217,2026-08-16T23:21:37,5,fabulous,0
playstore,61946f54-5eed-4879-96a0-9ee079924f94,2026-08-16T23:17:23,1,it doesn't show order history,0
playstore,462b34cf-861d-4f2e-9058-9799063a908a,2026-08-16T23:17:19,5,"Absolutely loved my experience with Myntra! The app is easy to use, the collection is amazing, and there are plenty of options to choose from. The product quality was excellent, delivery was quick, and everything arrived well-packed. Overall, a smooth and satisfying shopping experience. Definitely recommend Myntra!",2
playstore,10749a24-9f77-45fb-90df-50810fbe3915,2026-08-16T23:15:26,5,goooooooood,0
playstore,f568b411-087f-4073-bdd3-6a83d070ff2a,2026-08-16T23:14:48,5,excellent,0
playstore,d0b800da-7881-4a2d-a00e-07451a0f7840,2026-08-16T23:13:11,1,good,0
playstore,78c43251-f0f4-4d7a-abd1-11f1deb4b05c,2026-08-16T23:13:10,5,nice,0
playstore,bc884455-40bd-4b78-81a0-b65ce03ce96f,2026-08-16T23:09:24,5,good experience,0
playstore,7876a485-9b6c-499a-ad74-d710c3266b8e,2026-08-16T23:08:11,5,best shopping apps,0
playstore,9f26bf89-dc7e-46d1-824f-ddd0d9e95872,2026-08-16T23:04:01,5,nice,0
playstore,7e6e3071-3d8a-4520-8305-0826c834aba1,2026-08-16T23:01:02,5,This is the best shopping app I ever witnessed .,0
playstore,3616e9d2-3f40-4d51-96d0-49dd03d56ed2,2026-08-16T22:56:24,5,goof,0
playstore,cdd7ded4-b054-4438-aa00-c231d5886eaa,2026-08-16T22:55:37,5,dress is good good offers,0
playstore,fdf8b93e-d59a-47f0-8cc3-9a1827558ed7,2026-08-16T22:52:07,5,brilliant trusted product and shopping,0
playstore,581ba662-e228-4363-b765-8265b1153db8,2026-08-16T22:46:07,5,good,0
playstore,69a88fa7-29b2-4e5c-9809-7932779854a9,2026-08-16T22:41:53,1,"shipping is very late and recorded customer care calls for help, never seen any shipping delay in other apps.also got two dameged product with in 10 order's and deleted my review for saying truth with photos worst app for online shopping",1
playstore,6748ddfd-7ab8-4bdf-9e4c-6161a7869e82,2026-08-16T22:38:30,5,best aap,0
playstore,069cee77-dff6-4e69-98ff-94b8d080faa5,2026-08-16T22:38:15,5,nice collection,0
playstore,824c402b-3f75-4ab7-a20c-aa4afba4702f,2026-08-16T22:36:59,3,ok,0
playstore,41dac27c-4351-4125-8df7-14e0f5feacb5,2026-08-16T22:33:50,1,"product ko exchnge ni karte customer care vale check n krte delivery boy bad behaviour myntra sbse bakwas h.... meesho , ajio , flipkart , amazon , naykaa sb best h myntra ko ban kro",1
playstore,20e5ef5b-d7d4-4f58-8ffb-3b75d646ac7f,2026-08-16T22:33:33,5,Good,0
playstore,56a3583d-c630-4df5-8fc3-6236d404b551,2026-08-16T22:33:06,5,Best for Fashion,0
playstore,af371bfd-e744-41d8-b16f-3ae51b4abab3,2026-08-16T22:29:36,5,good app,0
playstore,1b371199-fc0c-4479-a6f3-f85c1bc3514d,2026-08-16T22:27:48,5,"very good app,supportive customer care . first delivery",0
playstore,2c2dcbbf-112d-4b92-9f24-e36ca8ea7688,2026-08-16T22:21:24,5,nice app,0
playstore,7863cf47-c7ff-4330-8ec9-82dc59c94cbc,2026-08-16T22:11:45,5,good,0
playstore,d8b7789b-3292-46e3-beb1-9dc364202045,2026-08-16T22:10:59,5,good premium quality products,0
playstore,8eecbd5c-29da-454f-83a5-c35c6f182950,2026-08-16T22:09:30,5,very good,0
