source,video_id,video_title,comment_id,date,comment_text,like_count
youtube,MSrs1Gs4irA,🌸 RAKHI OUTFIT HAUL 2026 | Best Myntra Kurta Sets Under Budget | Pastel Festive Outfits,Ugy7xmtPYo6BknkIoG14AaABAg,2026-08-20T12:41:00Z,Hsul bshut accha h loved it❤❤,0
youtube,MSrs1Gs4irA,🌸 RAKHI OUTFIT HAUL 2026 | Best Myntra Kurta Sets Under Budget | Pastel Festive Outfits,UgyBe37TSymPffe0Qat4AaABAg,2026-08-20T14:26:48Z,Thanks di❤ for this video,1
youtube,MSrs1Gs4irA,🌸 RAKHI OUTFIT HAUL 2026 | Best Myntra Kurta Sets Under Budget | Pastel Festive Outfits,UgyVGfXrb-QMaQTjrT54AaABAg,2026-08-20T15:06:47Z,Always a time saviour your videos plus tips plus ideas plus motivation stay very blessed dear always🙏🙏🙏,0
youtube,MSrs1Gs4irA,🌸 RAKHI OUTFIT HAUL 2026 | Best Myntra Kurta Sets Under Budget | Pastel Festive Outfits,Ugwy36GOm_6C_sEiEtF4AaABAg,2026-08-20T12:06:26Z,Love the haul ❤,0
youtube,MSrs1Gs4irA,🌸 RAKHI OUTFIT HAUL 2026 | Best Myntra Kurta Sets Under Budget | Pastel Festive Outfits,UgwXL6xQZTae5isRnAB4AaABAg,2026-08-20T15:01:44Z,❤❤Very nice❤❤,0
youtube,MSrs1Gs4irA,🌸 RAKHI OUTFIT HAUL 2026 | Best Myntra Kurta Sets Under Budget | Pastel Festive Outfits,UgxcH5EpznbF0wNmupB4AaABAg,2026-08-20T14:31:47Z,I've already ordered beige Kurtha before your video only❤❤ your drawback one,0
youtube,MSrs1Gs4irA,🌸 RAKHI OUTFIT HAUL 2026 | Best Myntra Kurta Sets Under Budget | Pastel Festive Outfits,Ugy8a8MWGm6YEK3W9454AaABAg,2026-08-20T19:18:55Z,"Mujhe aapka kurta styling ka tareeqa bht achchha laga, har ek outfit aap par bahut  kar raha hai.❤",1
youtube,MSrs1Gs4irA,🌸 RAKHI OUTFIT HAUL 2026 | Best Myntra Kurta Sets Under Budget | Pastel Festive Outfits,Ugzl6dWOfETI1YBKuGF4AaABAg,2026-08-20T17:21:19Z,Very beautiful collection sharing dear ❤❤,1
youtube,MSrs1Gs4irA,🌸 RAKHI OUTFIT HAUL 2026 | Best Myntra Kurta Sets Under Budget | Pastel Festive Outfits,UgxQQifDhK10OG_quxN4AaABAg,2026-08-21T20:00:35Z,Very good collection ❤,0
youtube,MSrs1Gs4irA,🌸 RAKHI OUTFIT HAUL 2026 | Best Myntra Kurta Sets Under Budget | Pastel Festive Outfits,UgzCddBv-6IRam3ZS1B4AaABAg,2026-08-20T16:30:50Z,I like ur funny words...❤❤😊😊,0
youtube,MSrs1Gs4irA,🌸 RAKHI OUTFIT HAUL 2026 | Best Myntra Kurta Sets Under Budget | Pastel Festive Outfits,UgzB7s_sUJXFA1DgjEx4AaABAg,2026-08-21T06:14:14Z,First one and the black one you wear is so beautiful😍✨ and you looking so beautiful also ❤❤,0
youtube,MSrs1Gs4irA,🌸 RAKHI OUTFIT HAUL 2026 | Best Myntra Kurta Sets Under Budget | Pastel Festive Outfits,UgxH-6K_qAoQtb10kgt4AaABAg,2026-08-20T16:13:53Z,The only thing which I didn't like was the dupattas. Why can't they print on both sides....,6
youtube,MSrs1Gs4irA,🌸 RAKHI OUTFIT HAUL 2026 | Best Myntra Kurta Sets Under Budget | Pastel Festive Outfits,Ugwz8CoEq9aUDOIsINp4AaABAg,2026-08-20T12:03:32Z,❤❤❤❤,0
youtube,MSrs1Gs4irA,🌸 RAKHI OUTFIT HAUL 2026 | Best Myntra Kurta Sets Under Budget | Pastel Festive Outfits,Ugyfhw66gJf7W-faLUJ4AaABAg,2026-08-20T12:04:43Z,❤,0
youtube,MSrs1Gs4irA,🌸 RAKHI OUTFIT HAUL 2026 | Best Myntra Kurta Sets Under Budget | Pastel Festive Outfits,UgwyydW7NPnmMfk4Ym14AaABAg,2026-08-20T14:35:54Z,Cotton party wear Kurta set ka haul lao,1
youtube,MSrs1Gs4irA,🌸 RAKHI OUTFIT HAUL 2026 | Best Myntra Kurta Sets Under Budget | Pastel Festive Outfits,UgwoC_z3bkPMWl54nk54AaABAg,2026-08-20T18:56:12Z,Body whiting ka batuo,0
youtube,MSrs1Gs4irA,🌸 RAKHI OUTFIT HAUL 2026 | Best Myntra Kurta Sets Under Budget | Pastel Festive Outfits,Ugx8dLeWwtLDBbHvsat4AaABAg,2026-08-20T15:17:55Z,1st earrings link,0
youtube,MSrs1Gs4irA,🌸 RAKHI OUTFIT HAUL 2026 | Best Myntra Kurta Sets Under Budget | Pastel Festive Outfits,UgwQ85DpxZcgLrAgitR4AaABAg,2026-08-20T12:06:33Z,Dii auto dubbed mat kiya karo..aapki awaj jyada achi lgti hai😊,0
youtube,MSrs1Gs4irA,🌸 RAKHI OUTFIT HAUL 2026 | Best Myntra Kurta Sets Under Budget | Pastel Festive Outfits,Ugxkfr68i8KzszJoS9l4AaABAg,2026-08-21T03:51:49Z,Link,0
youtube,MSrs1Gs4irA,🌸 RAKHI OUTFIT HAUL 2026 | Best Myntra Kurta Sets Under Budget | Pastel Festive Outfits,Ugyj5Uw6JZTLHMWMNlV4AaABAg,2026-08-20T12:40:18Z,U luk like kusha kapila,0
youtube,MSrs1Gs4irA,🌸 RAKHI OUTFIT HAUL 2026 | Best Myntra Kurta Sets Under Budget | Pastel Festive Outfits,Ugx2Z0CyphTi-WNLHg54AaABAg,2026-08-20T14:18:53Z,What u apply in hair to get sleek look,2
youtube,MSrs1Gs4irA,🌸 RAKHI OUTFIT HAUL 2026 | Best Myntra Kurta Sets Under Budget | Pastel Festive Outfits,UgzYj1LTkE7unsnM6gJ4AaABAg,2026-08-20T21:22:28Z,All are looking amazing on u but those blacks & dark shades are really 10 on 10😊,2
youtube,MSrs1Gs4irA,🌸 RAKHI OUTFIT HAUL 2026 | Best Myntra Kurta Sets Under Budget | Pastel Festive Outfits,Ugw8Q6WBWR-lbaef9fp4AaABAg,2026-08-20T19:43:25Z,Aai Podi mental case,0
youtube,MSrs1Gs4irA,🌸 RAKHI OUTFIT HAUL 2026 | Best Myntra Kurta Sets Under Budget | Pastel Festive Outfits,UgzDTpvaugbdOOtuJJB4AaABAg,2026-08-20T19:04:05Z,"The contents which u make are same since long and the kurta sets u are showing looks very old fashion with no style statement. I think u should try making videos of different topics too like other YouTubers rather than only sponsored or these type of old fashion contents . 


Every suits looks bad with poor fabric and no style statement. Very outdated honestly.
And Rakhi has already arrived , Abhi yeh video dalke kya faida ? Order karne se delivery will happen before Rakhi ? And even it it does , if exchange karna pare toh ? We have no time . Tora toh logic ho apke videos mei 😂.",0
youtube,MSrs1Gs4irA,🌸 RAKHI OUTFIT HAUL 2026 | Best Myntra Kurta Sets Under Budget | Pastel Festive Outfits,Ugz2ApUUAaE7Jd2ugIB4AaABAg,2026-08-20T12:30:49Z,❤❤❤,0
youtube,MSrs1Gs4irA,🌸 RAKHI OUTFIT HAUL 2026 | Best Myntra Kurta Sets Under Budget | Pastel Festive Outfits,Ugx2qE9ADFCrXecOked4AaABAg,2026-08-20T12:04:45Z,❤,0
youtube,BnYFa-1H0hM,10 Beautiful Maxi Dresses From Myntra (watch Full Video For Detail) #myntra #dress #haul,Ugweug0nMjflq-Gpm1x4AaABAg,2025-09-26T10:30:09Z,Lastwala frock best hai❤❤❤,11
youtube,BnYFa-1H0hM,10 Beautiful Maxi Dresses From Myntra (watch Full Video For Detail) #myntra #dress #haul,Ugwwq_7QHa9BUywaZUp4AaABAg,2025-11-25T12:50:02Z,All videos are outstanding mai regular dekhati hu aapke video aapki youtube friend hu aapke lots of products buy karti hu,1
youtube,BnYFa-1H0hM,10 Beautiful Maxi Dresses From Myntra (watch Full Video For Detail) #myntra #dress #haul,UgxuuoXvABaElKQHMxN4AaABAg,2025-10-12T06:46:17Z,First white dress ka link please di kr dijiye send,20
youtube,BnYFa-1H0hM,10 Beautiful Maxi Dresses From Myntra (watch Full Video For Detail) #myntra #dress #haul,UgwfgAuyFgWg6Quztp54AaABAg,2025-08-25T17:38:47Z,You are looking very preety and it seems u reduced weight also,13
youtube,BnYFa-1H0hM,10 Beautiful Maxi Dresses From Myntra (watch Full Video For Detail) #myntra #dress #haul,UgzNAJ8dKXQQt4KHgNV4AaABAg,2025-12-01T15:17:30Z,2nd pink dress was awesome,1
youtube,BnYFa-1H0hM,10 Beautiful Maxi Dresses From Myntra (watch Full Video For Detail) #myntra #dress #haul,UgwklrZ2jnToLYutHZV4AaABAg,2026-06-16T15:34:34Z,Please silver dress ka link share kr dijiye,0
youtube,BnYFa-1H0hM,10 Beautiful Maxi Dresses From Myntra (watch Full Video For Detail) #myntra #dress #haul,UgyaQD39O1JPTay3rMt4AaABAg,2026-03-29T11:44:37Z,Blue white wala achsha he please link,0
youtube,BnYFa-1H0hM,10 Beautiful Maxi Dresses From Myntra (watch Full Video For Detail) #myntra #dress #haul,UgwBOOTqvJroQl_DomR4AaABAg,2025-08-24T17:44:41Z,Link please,2
youtube,BnYFa-1H0hM,10 Beautiful Maxi Dresses From Myntra (watch Full Video For Detail) #myntra #dress #haul,UgyMO2klrw4u8D-pYQV4AaABAg,2026-01-06T10:33:42Z,Link white dress first one,0
youtube,BnYFa-1H0hM,10 Beautiful Maxi Dresses From Myntra (watch Full Video For Detail) #myntra #dress #haul,UgwGMaboNA8QLyglblN4AaABAg,2025-08-26T11:45:48Z,Awesome 💯 collections,2
youtube,BnYFa-1H0hM,10 Beautiful Maxi Dresses From Myntra (watch Full Video For Detail) #myntra #dress #haul,UgxN9R90g2dhEXzWjPl4AaABAg,2025-11-14T16:49:50Z,Dark blue link please 😭,1
youtube,BnYFa-1H0hM,10 Beautiful Maxi Dresses From Myntra (watch Full Video For Detail) #myntra #dress #haul,UgxHFJsBVVhuCOY4o2p4AaABAg,2026-07-08T16:24:57Z,Link for 1st white dress plz,0
youtube,BnYFa-1H0hM,10 Beautiful Maxi Dresses From Myntra (watch Full Video For Detail) #myntra #dress #haul,UgxUkiYkPo2FeKNZy3d4AaABAg,2026-01-16T10:00:44Z,Jo phni h uska link bhejo,0
youtube,BnYFa-1H0hM,10 Beautiful Maxi Dresses From Myntra (watch Full Video For Detail) #myntra #dress #haul,UgxwgOLXutzy5DEXd354AaABAg,2025-08-24T08:51:59Z,Parfact 🎉🎉,3
youtube,BnYFa-1H0hM,10 Beautiful Maxi Dresses From Myntra (watch Full Video For Detail) #myntra #dress #haul,UgwlDiJjcx3yge6JBaV4AaABAg,2026-07-24T08:26:55Z,2nd pink dress ki link dijiye,0
youtube,BnYFa-1H0hM,10 Beautiful Maxi Dresses From Myntra (watch Full Video For Detail) #myntra #dress #haul,UgxKtScR3lnI7BZ7Yuh4AaABAg,2025-10-31T05:27:15Z,White dress ka Link,1
youtube,BnYFa-1H0hM,10 Beautiful Maxi Dresses From Myntra (watch Full Video For Detail) #myntra #dress #haul,UgwDAIBCrnpzLVIqzTR4AaABAg,2026-06-17T09:26:30Z,Link for first white dress,0
youtube,BnYFa-1H0hM,10 Beautiful Maxi Dresses From Myntra (watch Full Video For Detail) #myntra #dress #haul,UgwUVex8o0KDNl52zqx4AaABAg,2026-05-25T08:26:26Z,Link for first dress,0
youtube,BnYFa-1H0hM,10 Beautiful Maxi Dresses From Myntra (watch Full Video For Detail) #myntra #dress #haul,Ugyjcha_MlzxU7phOc54AaABAg,2025-11-04T17:19:22Z,Link kaise milega,1
youtube,BnYFa-1H0hM,10 Beautiful Maxi Dresses From Myntra (watch Full Video For Detail) #myntra #dress #haul,UgxUfh08gThrkafMaHh4AaABAg,2025-09-15T19:17:40Z,link,1
youtube,BnYFa-1H0hM,10 Beautiful Maxi Dresses From Myntra (watch Full Video For Detail) #myntra #dress #haul,UgyPGgBDqzDmgRX7uaF4AaABAg,2025-12-27T18:50:18Z,First front cover priperly okay,0
youtube,BnYFa-1H0hM,10 Beautiful Maxi Dresses From Myntra (watch Full Video For Detail) #myntra #dress #haul,UgxVsI4bK7YReRwaO2x4AaABAg,2025-09-20T13:15:34Z,Link,1
youtube,BnYFa-1H0hM,10 Beautiful Maxi Dresses From Myntra (watch Full Video For Detail) #myntra #dress #haul,UgxuIcaUifYhq9IwARJ4AaABAg,2025-12-05T13:12:55Z,Size kya hai,1
youtube,BnYFa-1H0hM,10 Beautiful Maxi Dresses From Myntra (watch Full Video For Detail) #myntra #dress #haul,UgwiwY_Ij3e_eBLasHJ4AaABAg,2026-05-07T15:56:13Z,Links?,0
youtube,BnYFa-1H0hM,10 Beautiful Maxi Dresses From Myntra (watch Full Video For Detail) #myntra #dress #haul,UgykQKG02KJvm0kiAoF4AaABAg,2025-08-26T03:02:15Z,Links,1
youtube,BnYFa-1H0hM,10 Beautiful Maxi Dresses From Myntra (watch Full Video For Detail) #myntra #dress #haul,UgxllhgZKtDnt8VfB0d4AaABAg,2026-06-29T07:32:30Z,Silver dress link,0
youtube,BnYFa-1H0hM,10 Beautiful Maxi Dresses From Myntra (watch Full Video For Detail) #myntra #dress #haul,UgyzT93P-ymCu-oCNep4AaABAg,2025-08-25T13:48:44Z,My sweet baby 👌👌,1
youtube,BnYFa-1H0hM,10 Beautiful Maxi Dresses From Myntra (watch Full Video For Detail) #myntra #dress #haul,UgwTFJqOUZS3_BZRiNN4AaABAg,2025-09-17T15:30:00Z,2nd pink colour dress nahi hai didi 😢,1
youtube,BnYFa-1H0hM,10 Beautiful Maxi Dresses From Myntra (watch Full Video For Detail) #myntra #dress #haul,UgwFM9QwNLBo1wtfs5J4AaABAg,2026-06-19T08:41:09Z,Ma'am ur height plz,0
youtube,BnYFa-1H0hM,10 Beautiful Maxi Dresses From Myntra (watch Full Video For Detail) #myntra #dress #haul,UgykphSKEYqszl3Gfjd4AaABAg,2026-01-19T03:25:03Z,Pink dress,0
youtube,BnYFa-1H0hM,10 Beautiful Maxi Dresses From Myntra (watch Full Video For Detail) #myntra #dress #haul,UgwNwJZzm4-SHD34Di94AaABAg,2025-08-27T20:20:59Z,❤,1
youtube,BnYFa-1H0hM,10 Beautiful Maxi Dresses From Myntra (watch Full Video For Detail) #myntra #dress #haul,UgwenbnmG_1alhlXW9N4AaABAg,2026-07-09T06:02:22Z,Pink is not showing,0
youtube,BnYFa-1H0hM,10 Beautiful Maxi Dresses From Myntra (watch Full Video For Detail) #myntra #dress #haul,UgzXSL_eoz7Y2wuOQQh4AaABAg,2025-11-21T03:09:38Z,They are sending just wrong product and when you exchange they will not send your order back they will not refund your money also,2
youtube,BnYFa-1H0hM,10 Beautiful Maxi Dresses From Myntra (watch Full Video For Detail) #myntra #dress #haul,UgwXka-q8p3VCEGJd5p4AaABAg,2025-09-22T08:08:39Z,Inka,1
youtube,BnYFa-1H0hM,10 Beautiful Maxi Dresses From Myntra (watch Full Video For Detail) #myntra #dress #haul,Ugzha2WBSDqrXZtGOoV4AaABAg,2025-11-21T03:10:46Z,It’s advise be careful there is better platforms where you can shop like Nayka and all but Myntra just fraud,1
youtube,BnYFa-1H0hM,10 Beautiful Maxi Dresses From Myntra (watch Full Video For Detail) #myntra #dress #haul,Ugywwhd3beLFl6BWfBF4AaABAg,2026-07-02T13:43:22Z,Nice and you can see my account for beautiful frocks like this,0
youtube,BnYFa-1H0hM,10 Beautiful Maxi Dresses From Myntra (watch Full Video For Detail) #myntra #dress #haul,UgzDtqvM4pgkZ5YrG1Z4AaABAg,2025-11-21T03:08:42Z,Myntra is fraud don’t shop from this,1
youtube,BnYFa-1H0hM,10 Beautiful Maxi Dresses From Myntra (watch Full Video For Detail) #myntra #dress #haul,UgyC8xTNlHJpA_iMhuF4AaABAg,2025-11-13T11:36:30Z,Bad,1
youtube,BnYFa-1H0hM,10 Beautiful Maxi Dresses From Myntra (watch Full Video For Detail) #myntra #dress #haul,Ugx7gF-aT4q7TIlIPTt4AaABAg,2026-08-07T10:07:29Z,Ye bilkul v sahi aps nhi h myntra pe ada adhura saman bhejta h Or jb missing k cmpln karo to ye log bekuf bnata h 2 august ko mene odr mgaya myntra ne ada adura products bheja lekin abhi tak ye log mera products vaps nhi kie vry bd myntra,0
youtube,BnYFa-1H0hM,10 Beautiful Maxi Dresses From Myntra (watch Full Video For Detail) #myntra #dress #haul,Ugz7H5bl-FYdC00t4jZ4AaABAg,2025-12-01T17:28:28Z,Bakvas,1
youtube,BnYFa-1H0hM,10 Beautiful Maxi Dresses From Myntra (watch Full Video For Detail) #myntra #dress #haul,UgzUdZKPzT_4f8zHHJ54AaABAg,2026-01-15T12:45:17Z,इनको एडवर्टाइज करने के पैसे मिले हैं इनके बहकावे में मतआना कोई बहुत बड़ा फ्रॉड चल रहा है mintra पर,0
youtube,BnYFa-1H0hM,10 Beautiful Maxi Dresses From Myntra (watch Full Video For Detail) #myntra #dress #haul,UgwNIh3w6ZMNZwLqljJ4AaABAg,2026-01-15T12:44:05Z,"Mintra फ्रॉड है mintra फ्रॉड है mintra फ्रॉड है mintra फ्रॉड है mintra फ्रॉड है mintra फ्रॉड है mintra फ्रॉड है mintra फ्रॉड है mintra फ्रॉड है mintra फ्रॉड है 
मेरा पैसा खा गया खाली डब्बा भेजा था मुझे  न तो समान भेजा न मेरा पैसा वापस किया 😢😢",0
youtube,BnYFa-1H0hM,10 Beautiful Maxi Dresses From Myntra (watch Full Video For Detail) #myntra #dress #haul,UgwIsX5g7_oQho4CyG94AaABAg,2025-12-09T13:41:18Z,https://youtube.com/shorts/eoStb-KHB9o?si=fmLJhelWlvFmVUpP,1
youtube,BnYFa-1H0hM,10 Beautiful Maxi Dresses From Myntra (watch Full Video For Detail) #myntra #dress #haul,UgzL9EJgAM8wDJAMoHt4AaABAg,2025-08-26T08:36:12Z,Link please,1
youtube,BnYFa-1H0hM,10 Beautiful Maxi Dresses From Myntra (watch Full Video For Detail) #myntra #dress #haul,Ugw46iHsIaa3vayNAaV4AaABAg,2025-09-25T13:26:48Z,Link,1
youtube,BnYFa-1H0hM,10 Beautiful Maxi Dresses From Myntra (watch Full Video For Detail) #myntra #dress #haul,UgxK0RZMrkkAB_1vxbh4AaABAg,2026-03-25T09:04:36Z,link,0
youtube,BnYFa-1H0hM,10 Beautiful Maxi Dresses From Myntra (watch Full Video For Detail) #myntra #dress #haul,UgxRGvmUrdHoZt5UajJ4AaABAg,2026-07-05T18:30:30Z,Links,0
youtube,BnYFa-1H0hM,10 Beautiful Maxi Dresses From Myntra (watch Full Video For Detail) #myntra #dress #haul,UgwOd2x1rHo55nXUBO54AaABAg,2025-09-01T05:23:54Z,Link please,1
youtube,BnYFa-1H0hM,10 Beautiful Maxi Dresses From Myntra (watch Full Video For Detail) #myntra #dress #haul,UgzNR-4LVes4qbpRePl4AaABAg,2025-09-27T06:02:30Z,Link,1
youtube,BnYFa-1H0hM,10 Beautiful Maxi Dresses From Myntra (watch Full Video For Detail) #myntra #dress #haul,UgwnShufwyLXUIbRq2J4AaABAg,2026-06-09T16:39:23Z,link,0
youtube,BnYFa-1H0hM,10 Beautiful Maxi Dresses From Myntra (watch Full Video For Detail) #myntra #dress #haul,UgzNxYawmUmPrbZ6Wll4AaABAg,2025-09-06T12:50:43Z,Link please,1
youtube,BnYFa-1H0hM,10 Beautiful Maxi Dresses From Myntra (watch Full Video For Detail) #myntra #dress #haul,Ugzk885Mz5Eq7vvBe654AaABAg,2025-10-06T02:59:49Z,Link,1
youtube,BnYFa-1H0hM,10 Beautiful Maxi Dresses From Myntra (watch Full Video For Detail) #myntra #dress #haul,Ugxv_lTcbScZo2wCkUd4AaABAg,2025-09-09T06:09:03Z,Link plz,1
youtube,BnYFa-1H0hM,10 Beautiful Maxi Dresses From Myntra (watch Full Video For Detail) #myntra #dress #haul,UgxGzEBRHO2t2zfBEd94AaABAg,2025-10-07T06:03:08Z,Link,1
youtube,BnYFa-1H0hM,10 Beautiful Maxi Dresses From Myntra (watch Full Video For Detail) #myntra #dress #haul,UgxIvFWSGtEE6n-HDTR4AaABAg,2025-09-29T13:41:19Z,Link plz,1
youtube,BnYFa-1H0hM,10 Beautiful Maxi Dresses From Myntra (watch Full Video For Detail) #myntra #dress #haul,UgyGfsc_7NvwdcW-eFp4AaABAg,2025-10-17T16:11:51Z,Link,1
youtube,BnYFa-1H0hM,10 Beautiful Maxi Dresses From Myntra (watch Full Video For Detail) #myntra #dress #haul,UgxMSeUi2kFyA5l3O3Z4AaABAg,2025-10-02T04:09:33Z,Link please,1
youtube,BnYFa-1H0hM,10 Beautiful Maxi Dresses From Myntra (watch Full Video For Detail) #myntra #dress #haul,UgzxH6iuUJySnGCeHI94AaABAg,2025-10-26T03:20:17Z,Link,1
youtube,BnYFa-1H0hM,10 Beautiful Maxi Dresses From Myntra (watch Full Video For Detail) #myntra #dress #haul,UgwPO_LjXMxYt3MdBuN4AaABAg,2025-10-03T02:35:24Z,Link please,1
youtube,BnYFa-1H0hM,10 Beautiful Maxi Dresses From Myntra (watch Full Video For Detail) #myntra #dress #haul,UgyW1N2Kcb-laYYSO9l4AaABAg,2025-10-29T06:19:36Z,Link,1
youtube,BnYFa-1H0hM,10 Beautiful Maxi Dresses From Myntra (watch Full Video For Detail) #myntra #dress #haul,UgwGs7zN4HDuHqjWc694AaABAg,2025-10-09T18:09:42Z,Link please,1
youtube,BnYFa-1H0hM,10 Beautiful Maxi Dresses From Myntra (watch Full Video For Detail) #myntra #dress #haul,UgydZNWlviHDI1DjhWB4AaABAg,2025-11-08T10:42:56Z,Link,1
youtube,BnYFa-1H0hM,10 Beautiful Maxi Dresses From Myntra (watch Full Video For Detail) #myntra #dress #haul,UgxNBYAbH5geTA3oYNN4AaABAg,2025-10-13T00:49:38Z,Link pls,1
youtube,BnYFa-1H0hM,10 Beautiful Maxi Dresses From Myntra (watch Full Video For Detail) #myntra #dress #haul,UgxjtYgmsNxZbiC7h854AaABAg,2025-11-18T09:00:19Z,Link,1
youtube,BnYFa-1H0hM,10 Beautiful Maxi Dresses From Myntra (watch Full Video For Detail) #myntra #dress #haul,Ugxd8j6l8-UIHG-89qh4AaABAg,2026-03-11T08:59:53Z,link pls,0
youtube,BnYFa-1H0hM,10 Beautiful Maxi Dresses From Myntra (watch Full Video For Detail) #myntra #dress #haul,UgxCnuNjY6pgOV-LvIx4AaABAg,2025-10-16T17:43:03Z,Link please,1
youtube,BnYFa-1H0hM,10 Beautiful Maxi Dresses From Myntra (watch Full Video For Detail) #myntra #dress #haul,Ugyv-JKh2RZsnrzVNJt4AaABAg,2025-11-28T14:48:15Z,Link,1
youtube,BnYFa-1H0hM,10 Beautiful Maxi Dresses From Myntra (watch Full Video For Detail) #myntra #dress #haul,UgwWw1vefc4i9e0dcRB4AaABAg,2025-12-26T04:13:12Z,Link pls,0
youtube,BnYFa-1H0hM,10 Beautiful Maxi Dresses From Myntra (watch Full Video For Detail) #myntra #dress #haul,UgwJ6r18grZxppibgjZ4AaABAg,2025-12-03T11:12:01Z,Link,1
youtube,BnYFa-1H0hM,10 Beautiful Maxi Dresses From Myntra (watch Full Video For Detail) #myntra #dress #haul,Ugyg4Qgnv5ZN4tJLN2t4AaABAg,2026-03-14T17:06:33Z,Link plz,0
youtube,BnYFa-1H0hM,10 Beautiful Maxi Dresses From Myntra (watch Full Video For Detail) #myntra #dress #haul,UgzoiP5cQtw0cZEVn_54AaABAg,2025-12-07T17:20:59Z,Link,1
youtube,BnYFa-1H0hM,10 Beautiful Maxi Dresses From Myntra (watch Full Video For Detail) #myntra #dress #haul,Ugxx7uq6VNrLMpvO69Z4AaABAg,2026-03-26T15:46:06Z,Link plz,0
youtube,BnYFa-1H0hM,10 Beautiful Maxi Dresses From Myntra (watch Full Video For Detail) #myntra #dress #haul,UgwHDfR9QSHQHJzO8hp4AaABAg,2025-12-17T17:31:47Z,Link,1
youtube,BnYFa-1H0hM,10 Beautiful Maxi Dresses From Myntra (watch Full Video For Detail) #myntra #dress #haul,UgxY5z6dLTLZr3LSqKh4AaABAg,2025-12-24T16:12:52Z,Link,1
youtube,BnYFa-1H0hM,10 Beautiful Maxi Dresses From Myntra (watch Full Video For Detail) #myntra #dress #haul,UgxztC6sTfgaNQ9N4Vt4AaABAg,2026-04-05T16:55:01Z,Link please,0
youtube,BnYFa-1H0hM,10 Beautiful Maxi Dresses From Myntra (watch Full Video For Detail) #myntra #dress #haul,UgxMTd_5zHf9A9sfysN4AaABAg,2025-12-25T10:01:14Z,Link,0
youtube,BnYFa-1H0hM,10 Beautiful Maxi Dresses From Myntra (watch Full Video For Detail) #myntra #dress #haul,UgyxR_IxxY3yF-Knetd4AaABAg,2026-07-21T05:01:07Z,Link please,0
youtube,BnYFa-1H0hM,10 Beautiful Maxi Dresses From Myntra (watch Full Video For Detail) #myntra #dress #haul,UgzNo1O9IkmVyAA-zOZ4AaABAg,2025-12-26T10:17:19Z,Link,0
youtube,BnYFa-1H0hM,10 Beautiful Maxi Dresses From Myntra (watch Full Video For Detail) #myntra #dress #haul,UgyY8Nh1YVY2ivF-IyV4AaABAg,2026-01-16T08:50:17Z,Link,0
youtube,BnYFa-1H0hM,10 Beautiful Maxi Dresses From Myntra (watch Full Video For Detail) #myntra #dress #haul,UgwuP5hM5KtPzdHJBhZ4AaABAg,2026-01-21T13:44:14Z,Link,0
youtube,BnYFa-1H0hM,10 Beautiful Maxi Dresses From Myntra (watch Full Video For Detail) #myntra #dress #haul,UgzyA-NMQ5eeZFuqMz94AaABAg,2026-01-24T15:40:45Z,Link,0
youtube,BnYFa-1H0hM,10 Beautiful Maxi Dresses From Myntra (watch Full Video For Detail) #myntra #dress #haul,UgwwfzDYMp1ZnHOCKjt4AaABAg,2026-01-29T17:28:24Z,Link,0
youtube,BnYFa-1H0hM,10 Beautiful Maxi Dresses From Myntra (watch Full Video For Detail) #myntra #dress #haul,UgxDwYiYX3lGK8JKlOJ4AaABAg,2026-02-18T09:48:44Z,Link,0
youtube,BnYFa-1H0hM,10 Beautiful Maxi Dresses From Myntra (watch Full Video For Detail) #myntra #dress #haul,UgwueMxnGSoCXO8s3Ut4AaABAg,2026-02-18T10:01:11Z,Link,0
youtube,BnYFa-1H0hM,10 Beautiful Maxi Dresses From Myntra (watch Full Video For Detail) #myntra #dress #haul,Ugyk63l6mF94cooEtkd4AaABAg,2026-02-27T07:35:52Z,Link,0
youtube,BnYFa-1H0hM,10 Beautiful Maxi Dresses From Myntra (watch Full Video For Detail) #myntra #dress #haul,UgxrJ1Pdp5xYqV6BjU54AaABAg,2026-03-07T09:42:48Z,Link,0
youtube,BnYFa-1H0hM,10 Beautiful Maxi Dresses From Myntra (watch Full Video For Detail) #myntra #dress #haul,UgxRQxpr8fdRgZa1ekZ4AaABAg,2026-03-12T13:36:10Z,Link,0
youtube,BnYFa-1H0hM,10 Beautiful Maxi Dresses From Myntra (watch Full Video For Detail) #myntra #dress #haul,UgzOq4jFT4Cj84dLzfp4AaABAg,2026-03-15T16:44:05Z,Link,0
youtube,BnYFa-1H0hM,10 Beautiful Maxi Dresses From Myntra (watch Full Video For Detail) #myntra #dress #haul,UgwK-m16YZWX2P9LN4B4AaABAg,2026-03-16T00:38:08Z,Link,0
youtube,BnYFa-1H0hM,10 Beautiful Maxi Dresses From Myntra (watch Full Video For Detail) #myntra #dress #haul,Ugz7nT3b6AENeX_Tk0p4AaABAg,2026-03-25T07:08:26Z,Link,0
youtube,BnYFa-1H0hM,10 Beautiful Maxi Dresses From Myntra (watch Full Video For Detail) #myntra #dress #haul,UgzpUBDoNowPFm6V_zJ4AaABAg,2026-03-30T12:55:53Z,Link,0
youtube,BnYFa-1H0hM,10 Beautiful Maxi Dresses From Myntra (watch Full Video For Detail) #myntra #dress #haul,Ugx3V4FZTr5oJcAZCEh4AaABAg,2026-04-03T10:30:43Z,Link,0
youtube,BnYFa-1H0hM,10 Beautiful Maxi Dresses From Myntra (watch Full Video For Detail) #myntra #dress #haul,Ugw0PCAcFw56_dDGxpl4AaABAg,2026-04-05T17:43:50Z,Link,0
youtube,BnYFa-1H0hM,10 Beautiful Maxi Dresses From Myntra (watch Full Video For Detail) #myntra #dress #haul,Ugy6AZQYvsEw6kMgt614AaABAg,2026-04-10T11:10:52Z,Link,0
youtube,BnYFa-1H0hM,10 Beautiful Maxi Dresses From Myntra (watch Full Video For Detail) #myntra #dress #haul,Ugw25SpEayCAs87q1eh4AaABAg,2026-04-29T14:22:39Z,Link,0
youtube,BnYFa-1H0hM,10 Beautiful Maxi Dresses From Myntra (watch Full Video For Detail) #myntra #dress #haul,Ugwc0KVp8RtLwqmzwNh4AaABAg,2026-05-04T15:12:17Z,Link,0
youtube,BnYFa-1H0hM,10 Beautiful Maxi Dresses From Myntra (watch Full Video For Detail) #myntra #dress #haul,UgwcU7u1Ig2JK524Yhh4AaABAg,2026-05-04T17:56:14Z,Link,0
youtube,BnYFa-1H0hM,10 Beautiful Maxi Dresses From Myntra (watch Full Video For Detail) #myntra #dress #haul,Ugy6LI87ruPhxW8msIN4AaABAg,2026-05-07T17:59:48Z,Link,0
youtube,BnYFa-1H0hM,10 Beautiful Maxi Dresses From Myntra (watch Full Video For Detail) #myntra #dress #haul,UgxQnmV-x0R1eZdJbu94AaABAg,2026-05-16T08:18:16Z,Link,0
youtube,BnYFa-1H0hM,10 Beautiful Maxi Dresses From Myntra (watch Full Video For Detail) #myntra #dress #haul,Ugz90QkA7TPeEm31vtF4AaABAg,2026-05-25T10:40:00Z,Link,0
youtube,zR_J12Z3Kxo,Myntra Haul: Full Sleeves Tops Under ₹400 #MyntraHaul #MyntraFinds #AffordableFashion #TopsForWomen,Ugx5tmXZ4KTwVKdLFHl4AaABAg,2026-02-26T17:20:13Z,https://www.wishlink.com/share/naaan3,80
youtube,zR_J12Z3Kxo,Myntra Haul: Full Sleeves Tops Under ₹400 #MyntraHaul #MyntraFinds #AffordableFashion #TopsForWomen,Ugz-GKTDYHEAyOl3_td4AaABAg,2025-11-21T05:59:26Z,Ak pal k liye lga Alakh panday sir ki wife h😂,37
youtube,zR_J12Z3Kxo,Myntra Haul: Full Sleeves Tops Under ₹400 #MyntraHaul #MyntraFinds #AffordableFashion #TopsForWomen,UgyXcDuSIQiZwLOnst54AaABAg,2026-04-05T08:16:21Z,Nice ❤,1
youtube,zR_J12Z3Kxo,Myntra Haul: Full Sleeves Tops Under ₹400 #MyntraHaul #MyntraFinds #AffordableFashion #TopsForWomen,Ugz_qi0QsTbkOdt7rR54AaABAg,2026-06-13T20:25:19Z,That's cute,0
youtube,zR_J12Z3Kxo,Myntra Haul: Full Sleeves Tops Under ₹400 #MyntraHaul #MyntraFinds #AffordableFashion #TopsForWomen,UgzmuR2zRGAj8gXZUxZ4AaABAg,2026-05-19T20:11:14Z,Is this for summer ?,2
youtube,zR_J12Z3Kxo,Myntra Haul: Full Sleeves Tops Under ₹400 #MyntraHaul #MyntraFinds #AffordableFashion #TopsForWomen,Ugx8XYuzpwXfM16VeK14AaABAg,2026-05-11T12:00:35Z,What's her full name?,0
youtube,zR_J12Z3Kxo,Myntra Haul: Full Sleeves Tops Under ₹400 #MyntraHaul #MyntraFinds #AffordableFashion #TopsForWomen,UgwFUMh-vv1e5UHKO4R4AaABAg,2025-10-22T05:02:27Z,You didn't posted link for this top on telegram or whatsapp😢,12
youtube,zR_J12Z3Kxo,Myntra Haul: Full Sleeves Tops Under ₹400 #MyntraHaul #MyntraFinds #AffordableFashion #TopsForWomen,Ugzpv-BzZ9I8GCnmygx4AaABAg,2025-09-01T07:57:13Z,❣beautiful ❤️😘🔥💞💖,2
youtube,zR_J12Z3Kxo,Myntra Haul: Full Sleeves Tops Under ₹400 #MyntraHaul #MyntraFinds #AffordableFashion #TopsForWomen,Ugy84JbuACeM7fgWZkt4AaABAg,2026-01-09T11:10:30Z,Wow,1
youtube,zR_J12Z3Kxo,Myntra Haul: Full Sleeves Tops Under ₹400 #MyntraHaul #MyntraFinds #AffordableFashion #TopsForWomen,Ugwx9PoyCWJ5Xj3OW054AaABAg,2025-12-04T11:58:38Z,"Hi nikita, Can you please resend the link as i cant find it on whatsapp channel?",2
youtube,zR_J12Z3Kxo,Myntra Haul: Full Sleeves Tops Under ₹400 #MyntraHaul #MyntraFinds #AffordableFashion #TopsForWomen,Ugx0_mGS-Ewoj7qlJVB4AaABAg,2026-01-15T14:04:32Z,"so much problem to get the link, i mean u can just put it in the description, then we can say thats a helpful video",4
youtube,zR_J12Z3Kxo,Myntra Haul: Full Sleeves Tops Under ₹400 #MyntraHaul #MyntraFinds #AffordableFashion #TopsForWomen,UgyL8NwPO5OHXzrQeDt4AaABAg,2026-02-26T17:16:46Z,"Pls share link in pinned comment 
I couldn't find it anywhere bcz there's nothing posted",1
youtube,zR_J12Z3Kxo,Myntra Haul: Full Sleeves Tops Under ₹400 #MyntraHaul #MyntraFinds #AffordableFashion #TopsForWomen,UgxAXd_LstxvwS-1SO94AaABAg,2026-08-01T18:07:13Z,Yrr ye top available hai kahi to yrr help kro guys meri 😭 meri bestie ko cahiye,0
youtube,zR_J12Z3Kxo,Myntra Haul: Full Sleeves Tops Under ₹400 #MyntraHaul #MyntraFinds #AffordableFashion #TopsForWomen,UgwiLC5Zl7lB1ysfgeh4AaABAg,2026-05-02T15:05:12Z,Ye messho par rs150 ki mil jayegi 😅,1
youtube,zR_J12Z3Kxo,Myntra Haul: Full Sleeves Tops Under ₹400 #MyntraHaul #MyntraFinds #AffordableFashion #TopsForWomen,UgyH5yst7--L1Yj1JyB4AaABAg,2025-11-19T15:25:49Z,Is it from h&m??,2
youtube,zR_J12Z3Kxo,Myntra Haul: Full Sleeves Tops Under ₹400 #MyntraHaul #MyntraFinds #AffordableFashion #TopsForWomen,UgzORUL8-0rmr286Ux94AaABAg,2026-04-17T13:24:47Z,What size of this top?,1
youtube,zR_J12Z3Kxo,Myntra Haul: Full Sleeves Tops Under ₹400 #MyntraHaul #MyntraFinds #AffordableFashion #TopsForWomen,Ugz6WeD8-T1M8cQq8L14AaABAg,2026-01-06T12:47:24Z,Didn't find the linkk?????,2
youtube,zR_J12Z3Kxo,Myntra Haul: Full Sleeves Tops Under ₹400 #MyntraHaul #MyntraFinds #AffordableFashion #TopsForWomen,Ugyf0CSOX8IG6PgYwox4AaABAg,2025-09-03T06:19:41Z,Link?,1
youtube,zR_J12Z3Kxo,Myntra Haul: Full Sleeves Tops Under ₹400 #MyntraHaul #MyntraFinds #AffordableFashion #TopsForWomen,UgzFHfamBjCO6Kzl1eB4AaABAg,2026-01-05T08:25:59Z,🔗,1
youtube,zR_J12Z3Kxo,Myntra Haul: Full Sleeves Tops Under ₹400 #MyntraHaul #MyntraFinds #AffordableFashion #TopsForWomen,Ugw-JEH9vW6VMK0kpBp4AaABAg,2026-03-05T04:02:26Z,Plz recommend tops for chubby people,1
youtube,zR_J12Z3Kxo,Myntra Haul: Full Sleeves Tops Under ₹400 #MyntraHaul #MyntraFinds #AffordableFashion #TopsForWomen,UgzvrTVs6-Cd_MLJYsB4AaABAg,2026-06-08T18:30:14Z,Where will I get the link,0
youtube,zR_J12Z3Kxo,Myntra Haul: Full Sleeves Tops Under ₹400 #MyntraHaul #MyntraFinds #AffordableFashion #TopsForWomen,UgwwTHAQyn2CH-hbeBN4AaABAg,2025-10-13T10:21:16Z,Link,1
youtube,zR_J12Z3Kxo,Myntra Haul: Full Sleeves Tops Under ₹400 #MyntraHaul #MyntraFinds #AffordableFashion #TopsForWomen,UgyZQB5NU4CWjfGcQ7J4AaABAg,2026-05-30T07:34:16Z,Gives the link of the top,1
youtube,zR_J12Z3Kxo,Myntra Haul: Full Sleeves Tops Under ₹400 #MyntraHaul #MyntraFinds #AffordableFashion #TopsForWomen,Ugy6SKQ_gyeALVNKptJ4AaABAg,2025-11-20T08:03:13Z,Size,1
youtube,zR_J12Z3Kxo,Myntra Haul: Full Sleeves Tops Under ₹400 #MyntraHaul #MyntraFinds #AffordableFashion #TopsForWomen,UgxQU7XtUa8PAXEAlGp4AaABAg,2026-04-22T17:28:23Z,Link please 🥺,1
youtube,zR_J12Z3Kxo,Myntra Haul: Full Sleeves Tops Under ₹400 #MyntraHaul #MyntraFinds #AffordableFashion #TopsForWomen,Ugz2NYgf6IF1BQp16pZ4AaABAg,2026-01-05T03:03:02Z,Coupen code provide please,1
youtube,zR_J12Z3Kxo,Myntra Haul: Full Sleeves Tops Under ₹400 #MyntraHaul #MyntraFinds #AffordableFashion #TopsForWomen,UgzRlEksGoRNS6CtQ6h4AaABAg,2025-10-01T08:03:43Z,Link 🔗,1
youtube,zR_J12Z3Kxo,Myntra Haul: Full Sleeves Tops Under ₹400 #MyntraHaul #MyntraFinds #AffordableFashion #TopsForWomen,Ugy5DCjioK7bDS3WNqp4AaABAg,2026-01-15T12:39:26Z,Checked all telegram post this top is nowhere,0
youtube,zR_J12Z3Kxo,Myntra Haul: Full Sleeves Tops Under ₹400 #MyntraHaul #MyntraFinds #AffordableFashion #TopsForWomen,Ugyva326eEg2nVPqrKJ4AaABAg,2025-11-06T19:05:38Z,Top link,1
youtube,zR_J12Z3Kxo,Myntra Haul: Full Sleeves Tops Under ₹400 #MyntraHaul #MyntraFinds #AffordableFashion #TopsForWomen,Ugw8PbbUwxE1A11ALKh4AaABAg,2026-02-22T16:56:28Z,Di please Link share kr dijiye n,0
youtube,zR_J12Z3Kxo,Myntra Haul: Full Sleeves Tops Under ₹400 #MyntraHaul #MyntraFinds #AffordableFashion #TopsForWomen,Ugxd2mLfGd25wfDT1ct4AaABAg,2025-11-08T11:21:13Z,Link!!🔗,2
youtube,zR_J12Z3Kxo,Myntra Haul: Full Sleeves Tops Under ₹400 #MyntraHaul #MyntraFinds #AffordableFashion #TopsForWomen,UgzMzu1406IwK3VuRzZ4AaABAg,2025-11-13T01:41:30Z,link,1
youtube,zR_J12Z3Kxo,Myntra Haul: Full Sleeves Tops Under ₹400 #MyntraHaul #MyntraFinds #AffordableFashion #TopsForWomen,UgwZRtKYjGpFyq8pe9h4AaABAg,2025-09-13T16:30:07Z,Link pls,1
youtube,zR_J12Z3Kxo,Myntra Haul: Full Sleeves Tops Under ₹400 #MyntraHaul #MyntraFinds #AffordableFashion #TopsForWomen,Ugx7K452GUuSWvM6vK14AaABAg,2026-05-10T16:35:09Z,Dude just tell the search code,1
youtube,zR_J12Z3Kxo,Myntra Haul: Full Sleeves Tops Under ₹400 #MyntraHaul #MyntraFinds #AffordableFashion #TopsForWomen,UgyAgdVQsOK3d03JBvl4AaABAg,2026-01-01T09:58:01Z,WhatsApp channel where?,1
youtube,zR_J12Z3Kxo,Myntra Haul: Full Sleeves Tops Under ₹400 #MyntraHaul #MyntraFinds #AffordableFashion #TopsForWomen,UgxztwBb56bhBOaXacV4AaABAg,2026-07-05T03:09:14Z,50 rs nu mali jay evu chhe😂,0
youtube,zR_J12Z3Kxo,Myntra Haul: Full Sleeves Tops Under ₹400 #MyntraHaul #MyntraFinds #AffordableFashion #TopsForWomen,UgzJWtqCWoVbnROTFhJ4AaABAg,2025-09-14T18:55:58Z,Link please can't find,1
youtube,zR_J12Z3Kxo,Myntra Haul: Full Sleeves Tops Under ₹400 #MyntraHaul #MyntraFinds #AffordableFashion #TopsForWomen,UgyonLeX_DAL9tX4jsV4AaABAg,2026-03-16T14:42:46Z,Plz share the link the pin comment link is not opening,1
youtube,zR_J12Z3Kxo,Myntra Haul: Full Sleeves Tops Under ₹400 #MyntraHaul #MyntraFinds #AffordableFashion #TopsForWomen,UgyREA02i8ePpdeL0HB4AaABAg,2025-11-20T12:12:03Z,What is your telegram channel???,1
youtube,zR_J12Z3Kxo,Myntra Haul: Full Sleeves Tops Under ₹400 #MyntraHaul #MyntraFinds #AffordableFashion #TopsForWomen,Ugw02if0IThgxt9BjGF4AaABAg,2026-07-19T14:22:16Z,🩵🩵🩵🩵🩵🩵🩵🩵🩵🩵🩵🩵🩵🩵🫂🤜🏼🤛🏼🤜🏼🤛🏼,0
youtube,zR_J12Z3Kxo,Myntra Haul: Full Sleeves Tops Under ₹400 #MyntraHaul #MyntraFinds #AffordableFashion #TopsForWomen,UgwLVay7hXgaE8qi8fN4AaABAg,2026-06-12T04:52:38Z,This top is very bad because  this was very tight,2
youtube,zR_J12Z3Kxo,Myntra Haul: Full Sleeves Tops Under ₹400 #MyntraHaul #MyntraFinds #AffordableFashion #TopsForWomen,UgwrFHJSywnBvlKuZlh4AaABAg,2025-10-17T04:46:01Z,Link please,5
youtube,zR_J12Z3Kxo,Myntra Haul: Full Sleeves Tops Under ₹400 #MyntraHaul #MyntraFinds #AffordableFashion #TopsForWomen,Ugze_z_BaMkEN0VTmsZ4AaABAg,2026-01-10T07:25:06Z,Link?,1
youtube,zR_J12Z3Kxo,Myntra Haul: Full Sleeves Tops Under ₹400 #MyntraHaul #MyntraFinds #AffordableFashion #TopsForWomen,UgzR-S-NCdbiB2BWw5h4AaABAg,2025-10-13T19:05:47Z,Link,1
youtube,zR_J12Z3Kxo,Myntra Haul: Full Sleeves Tops Under ₹400 #MyntraHaul #MyntraFinds #AffordableFashion #TopsForWomen,Ugwje0fNq43qJAhNSHV4AaABAg,2025-11-28T07:49:22Z,link,1
youtube,zR_J12Z3Kxo,Myntra Haul: Full Sleeves Tops Under ₹400 #MyntraHaul #MyntraFinds #AffordableFashion #TopsForWomen,UgzXrB7Okn-DG4KUTCd4AaABAg,2025-11-05T06:20:44Z,Link 🔗,1
youtube,zR_J12Z3Kxo,Myntra Haul: Full Sleeves Tops Under ₹400 #MyntraHaul #MyntraFinds #AffordableFashion #TopsForWomen,UgxBhND2OsXBVuNVbkl4AaABAg,2026-06-17T16:31:55Z,Link plz,1
youtube,zR_J12Z3Kxo,Myntra Haul: Full Sleeves Tops Under ₹400 #MyntraHaul #MyntraFinds #AffordableFashion #TopsForWomen,UgxMliQX1tdoMHdvhTB4AaABAg,2025-10-14T08:12:05Z,Link,1
youtube,zR_J12Z3Kxo,Myntra Haul: Full Sleeves Tops Under ₹400 #MyntraHaul #MyntraFinds #AffordableFashion #TopsForWomen,UgzYTuLXdRl6Erp73Xl4AaABAg,2025-10-25T02:03:23Z,Link,1
youtube,zR_J12Z3Kxo,Myntra Haul: Full Sleeves Tops Under ₹400 #MyntraHaul #MyntraFinds #AffordableFashion #TopsForWomen,Ugxvjb4pu6maef9SJnp4AaABAg,2025-10-25T17:09:36Z,Link,1
youtube,zR_J12Z3Kxo,Myntra Haul: Full Sleeves Tops Under ₹400 #MyntraHaul #MyntraFinds #AffordableFashion #TopsForWomen,UgxiO1KDxpikdpm60cJ4AaABAg,2025-10-27T15:25:14Z,Link,1
youtube,zR_J12Z3Kxo,Myntra Haul: Full Sleeves Tops Under ₹400 #MyntraHaul #MyntraFinds #AffordableFashion #TopsForWomen,UgwWYFvwq33XCdIlu_R4AaABAg,2025-11-10T02:57:29Z,Link,1
youtube,zR_J12Z3Kxo,Myntra Haul: Full Sleeves Tops Under ₹400 #MyntraHaul #MyntraFinds #AffordableFashion #TopsForWomen,Ugw5bxGCMPRXTimgDNl4AaABAg,2025-11-10T16:24:47Z,Link,1
youtube,zR_J12Z3Kxo,Myntra Haul: Full Sleeves Tops Under ₹400 #MyntraHaul #MyntraFinds #AffordableFashion #TopsForWomen,UgwF5FTl95-jzkrXOJZ4AaABAg,2025-11-13T23:26:34Z,Link,1
youtube,zR_J12Z3Kxo,Myntra Haul: Full Sleeves Tops Under ₹400 #MyntraHaul #MyntraFinds #AffordableFashion #TopsForWomen,UgwbBzl_Tgh83CcnS6t4AaABAg,2025-11-14T05:21:44Z,Link,1
youtube,zR_J12Z3Kxo,Myntra Haul: Full Sleeves Tops Under ₹400 #MyntraHaul #MyntraFinds #AffordableFashion #TopsForWomen,UgwuPRZeKZMoENFJmqB4AaABAg,2025-11-22T05:26:26Z,Link,1
youtube,zR_J12Z3Kxo,Myntra Haul: Full Sleeves Tops Under ₹400 #MyntraHaul #MyntraFinds #AffordableFashion #TopsForWomen,Ugx8Tag6oChLxkKgsX94AaABAg,2025-12-03T10:19:31Z,Link,1
youtube,zR_J12Z3Kxo,Myntra Haul: Full Sleeves Tops Under ₹400 #MyntraHaul #MyntraFinds #AffordableFashion #TopsForWomen,UgyfDDOuvhvEE0EOGrd4AaABAg,2025-12-07T08:28:18Z,Link,1
youtube,zR_J12Z3Kxo,Myntra Haul: Full Sleeves Tops Under ₹400 #MyntraHaul #MyntraFinds #AffordableFashion #TopsForWomen,Ugzp3OrznTKsb-7DH6t4AaABAg,2025-12-10T19:04:27Z,Link,1
youtube,zR_J12Z3Kxo,Myntra Haul: Full Sleeves Tops Under ₹400 #MyntraHaul #MyntraFinds #AffordableFashion #TopsForWomen,Ugxjm4x_kr8J6JquoMl4AaABAg,2025-12-13T02:23:43Z,Link,1
youtube,zR_J12Z3Kxo,Myntra Haul: Full Sleeves Tops Under ₹400 #MyntraHaul #MyntraFinds #AffordableFashion #TopsForWomen,UgwC1pVdlkCTys4tNTp4AaABAg,2025-12-16T17:29:40Z,Link,1
youtube,zR_J12Z3Kxo,Myntra Haul: Full Sleeves Tops Under ₹400 #MyntraHaul #MyntraFinds #AffordableFashion #TopsForWomen,UgyLoyYWBmxRXHGG1Ap4AaABAg,2026-08-16T16:41:14Z,Link,1
youtube,Bb0KDZgrv6E,"Latest Chiffon, Ajrakh, Net Kurta Set l Myntra Kurti haul | Myntra Haul",Ugyn0bDUtBW_vuPJGc94AaABAg,2026-08-22T04:47:41Z,"✨ *All products featured in this video are tagged for your convenience.*
You can find them in the product section below the video or in the description or on the screen.
Simply click on any link to view or shop the product.

✨ *इस वीडियो में दिखाए गए सभी प्रोडक्ट्स आपकी सुविधा के लिए टैग किए गए हैं।*
आप इन्हें वीडियो के नीचे दिए गए प्रोडक्ट सेक्शन, डिस्क्रिप्शन या स्क्रीन पर देख सकते हैं।
किसी भी लिंक पर क्लिक करके आप प्रोडक्ट देख या खरीद सकते हैं।

📌My Measurements (Inches) 37:30:38
📌My height 5'4""
📌My weight 60 Kgs",1
youtube,Bb0KDZgrv6E,"Latest Chiffon, Ajrakh, Net Kurta Set l Myntra Kurti haul | Myntra Haul",UgyaOKCkgjsjfzvFjmF4AaABAg,2026-08-22T06:10:45Z,Every single outfit is beau ❤,0
youtube,Bb0KDZgrv6E,"Latest Chiffon, Ajrakh, Net Kurta Set l Myntra Kurti haul | Myntra Haul",UgzxqD4hg-_g0xkD1uZ4AaABAg,2026-08-22T05:03:39Z,All wooooo anu ji beautiful ❤️❤️❤️,0
youtube,Bb0KDZgrv6E,"Latest Chiffon, Ajrakh, Net Kurta Set l Myntra Kurti haul | Myntra Haul",Ugyv25LEAN378aAI-vR4AaABAg,2026-08-22T05:45:34Z,Watch link plz,0
youtube,Bb0KDZgrv6E,"Latest Chiffon, Ajrakh, Net Kurta Set l Myntra Kurti haul | Myntra Haul",UgxPSdmtkuarFFCmxS54AaABAg,2026-08-22T05:30:45Z,Aap itne kapdo ka karti kya h?,0
youtube,OpnqZVwPm1A,HUGE* Myntra Sale Haul * Aesthetic KURTA SET&quot; Myntra Latest Picks | UNDER 2500/-  #myntrahaul,UgxsG-ox9DTtNyndMgZ4AaABAg,2026-08-16T16:24:46Z,"Looking so beautiful Aditi dii 💗 
Superb collection ❤❤✨",0
youtube,OpnqZVwPm1A,HUGE* Myntra Sale Haul * Aesthetic KURTA SET&quot; Myntra Latest Picks | UNDER 2500/-  #myntrahaul,UgzicECKBRmAGlcUQtR4AaABAg,2026-08-17T08:47:30Z,Amazing sets! 👏🏻❤,0
youtube,OpnqZVwPm1A,HUGE* Myntra Sale Haul * Aesthetic KURTA SET&quot; Myntra Latest Picks | UNDER 2500/-  #myntrahaul,UgwaklADggKKA2DADG94AaABAg,2026-08-16T20:14:11Z,Wow amazing collection ❤,0
youtube,OpnqZVwPm1A,HUGE* Myntra Sale Haul * Aesthetic KURTA SET&quot; Myntra Latest Picks | UNDER 2500/-  #myntrahaul,UgxYERUUkAWEu5jAzOd4AaABAg,2026-08-17T07:37:45Z,Apke bolne ka style bahot hi acha h apka video dekh kr hi dil khus ho jata h 😊,0
youtube,OpnqZVwPm1A,HUGE* Myntra Sale Haul * Aesthetic KURTA SET&quot; Myntra Latest Picks | UNDER 2500/-  #myntrahaul,Ugx_p8qsEpbTKBmbmZx4AaABAg,2026-08-17T06:51:44Z,Awesome collection... 😊,0
youtube,OpnqZVwPm1A,HUGE* Myntra Sale Haul * Aesthetic KURTA SET&quot; Myntra Latest Picks | UNDER 2500/-  #myntrahaul,Ugze5go3taa3LQex5KF4AaABAg,2026-08-18T14:15:36Z,😊😊😊,0
youtube,OpnqZVwPm1A,HUGE* Myntra Sale Haul * Aesthetic KURTA SET&quot; Myntra Latest Picks | UNDER 2500/-  #myntrahaul,UgwtLL16fgchhKaUWvh4AaABAg,2026-08-16T16:32:21Z,Aditi My Sunday is Incomplete Without Seeing your New Videos And I Really Really Love your Each And Every Single Haul Videos on Every Sundays And you are Looking So So Beautiful in White Kurti ♥️♥️🥹✨,1
youtube,OpnqZVwPm1A,HUGE* Myntra Sale Haul * Aesthetic KURTA SET&quot; Myntra Latest Picks | UNDER 2500/-  #myntrahaul,Ugwp1wqi_WVLiDukIRh4AaABAg,2026-08-16T17:05:19Z,Lipstick collection v lye aaj ka lipstick mst hai,1
youtube,OpnqZVwPm1A,HUGE* Myntra Sale Haul * Aesthetic KURTA SET&quot; Myntra Latest Picks | UNDER 2500/-  #myntrahaul,UgyiR_s9WUaedOAqJUp4AaABAg,2026-08-16T16:15:39Z,I have the white one ❤,0
youtube,OpnqZVwPm1A,HUGE* Myntra Sale Haul * Aesthetic KURTA SET&quot; Myntra Latest Picks | UNDER 2500/-  #myntrahaul,Ugyd6tSOY3hAkn4cRN54AaABAg,2026-08-18T17:27:32Z,Aapka makeup tutorial deso,0
youtube,OpnqZVwPm1A,HUGE* Myntra Sale Haul * Aesthetic KURTA SET&quot; Myntra Latest Picks | UNDER 2500/-  #myntrahaul,Ugz8Uv8W3h5Y9lnAGoN4AaABAg,2026-08-16T16:15:08Z,nice collection haul dii...dii please footwear try on haul long form video mein banao na ek please dii lao na try on haul,1
youtube,OpnqZVwPm1A,HUGE* Myntra Sale Haul * Aesthetic KURTA SET&quot; Myntra Latest Picks | UNDER 2500/-  #myntrahaul,UgwGF57ov6zXSy26XTh4AaABAg,2026-08-19T09:45:47Z,Aapki height kitini hai or whight kitna hai oh bhi batao to jara idia ati,0
youtube,OpnqZVwPm1A,HUGE* Myntra Sale Haul * Aesthetic KURTA SET&quot; Myntra Latest Picks | UNDER 2500/-  #myntrahaul,Ugz_9ywwzDFcqQkTp-Z4AaABAg,2026-08-20T02:32:51Z,Where can i find the link,0
youtube,OpnqZVwPm1A,HUGE* Myntra Sale Haul * Aesthetic KURTA SET&quot; Myntra Latest Picks | UNDER 2500/-  #myntrahaul,UgxuHqBJDhQWGmrycLx4AaABAg,2026-08-18T08:14:06Z,Aapki sister bhi bnaati h video background aue face aur kapde dono milte h😅😅😅😅,0
youtube,OpnqZVwPm1A,HUGE* Myntra Sale Haul * Aesthetic KURTA SET&quot; Myntra Latest Picks | UNDER 2500/-  #myntrahaul,Ugw4aHUknb_ikbGO2794AaABAg,2026-08-16T18:25:50Z,All r costly,0
youtube,OpnqZVwPm1A,HUGE* Myntra Sale Haul * Aesthetic KURTA SET&quot; Myntra Latest Picks | UNDER 2500/-  #myntrahaul,UgzE4YAcRE0s20Yldyd4AaABAg,2026-08-17T04:08:01Z,"All the kurta sets are to expensive all are 2000+ how can every one buy 

Make videos under 1500 rupes everyone is not like you Rich madam ji 🙍🫡",0
youtube,WNGiJs-7Oho,Myntra top under ₹500 #myntra #myntrahaul #fashion #instagram #tops #myntratop #budget #ootd #outfit,Ugy50MbzutD9mmaZ3m94AaABAg,2026-06-26T09:27:20Z,"Check community post for link 

If Links are not clickable please copy and paste anywhere and click them it will work .",5
youtube,WNGiJs-7Oho,Myntra top under ₹500 #myntra #myntrahaul #fashion #instagram #tops #myntratop #budget #ootd #outfit,UgwJSHS3Ud1Oen76pvB4AaABAg,2026-07-31T19:09:52Z,Isme kuch bhi vulgar nhi h phir bhi ghrwale nhi pehnne denge🥲 kitne cute tops h 😭🎀,5
youtube,WNGiJs-7Oho,Myntra top under ₹500 #myntra #myntrahaul #fashion #instagram #tops #myntratop #budget #ootd #outfit,Ugw7BsAYqc08CTC6EVx4AaABAg,2026-06-27T01:15:22Z,"i am a guy 
but loved the outfits😂❤

girls love shopping so much😂
cute cute 
keep going❤",34
youtube,WNGiJs-7Oho,Myntra top under ₹500 #myntra #myntrahaul #fashion #instagram #tops #myntratop #budget #ootd #outfit,UgxTBh7-CYX6aVnFavJ4AaABAg,2026-07-20T04:42:44Z,I love your jeans ❤❤,2
youtube,WNGiJs-7Oho,Myntra top under ₹500 #myntra #myntrahaul #fashion #instagram #tops #myntratop #budget #ootd #outfit,UgyAXFhFQyJ2NMY5HRh4AaABAg,2026-06-27T18:35:37Z,This video is clear and easy to follow It deserves more views.,1
youtube,WNGiJs-7Oho,Myntra top under ₹500 #myntra #myntrahaul #fashion #instagram #tops #myntratop #budget #ootd #outfit,Ugy49N3r4N3-JfqjZbh4AaABAg,2026-07-08T14:11:44Z,So pretty❤,0
youtube,WNGiJs-7Oho,Myntra top under ₹500 #myntra #myntrahaul #fashion #instagram #tops #myntratop #budget #ootd #outfit,UgwXyUgOn6tF1QsWKP54AaABAg,2026-08-19T21:17:27Z,Mehroon❤😊,2
youtube,WNGiJs-7Oho,Myntra top under ₹500 #myntra #myntrahaul #fashion #instagram #tops #myntratop #budget #ootd #outfit,UgxiMNWQOXkehn14Kwx4AaABAg,2026-07-19T14:41:43Z,What a choice mam❤❤,0
youtube,WNGiJs-7Oho,Myntra top under ₹500 #myntra #myntrahaul #fashion #instagram #tops #myntratop #budget #ootd #outfit,UgzgKMZR9d2b5eAr0Ml4AaABAg,2026-07-12T18:27:14Z,Jeans like plss dii,0
youtube,WNGiJs-7Oho,Myntra top under ₹500 #myntra #myntrahaul #fashion #instagram #tops #myntratop #budget #ootd #outfit,UgzqVyy_49lc8ohLi6d4AaABAg,2026-07-05T06:10:27Z,Jeans is so pretty how can i get this one,0
youtube,WNGiJs-7Oho,Myntra top under ₹500 #myntra #myntrahaul #fashion #instagram #tops #myntratop #budget #ootd #outfit,UgynmN4flm8fjk7NIQ94AaABAg,2026-06-27T04:53:38Z,I am also Yogita,2
youtube,WNGiJs-7Oho,Myntra top under ₹500 #myntra #myntrahaul #fashion #instagram #tops #myntratop #budget #ootd #outfit,Ugw68zolWRZ7ezeaull4AaABAg,2026-06-26T12:20:23Z,Please tell me ur haircut name,1
youtube,WNGiJs-7Oho,Myntra top under ₹500 #myntra #myntrahaul #fashion #instagram #tops #myntratop #budget #ootd #outfit,Ugzzr2dNQCXsIPus7J94AaABAg,2026-08-19T21:17:44Z,Nagma❤,2
youtube,WNGiJs-7Oho,Myntra top under ₹500 #myntra #myntrahaul #fashion #instagram #tops #myntratop #budget #ootd #outfit,UgybiWkJ7N_hW5TkQBZ4AaABAg,2026-07-07T20:35:01Z,Darun❤❤❤❤❤❤❤❤❤❤,0
youtube,WNGiJs-7Oho,Myntra top under ₹500 #myntra #myntrahaul #fashion #instagram #tops #myntratop #budget #ootd #outfit,UgxdbLA3RxeQvkZTgOd4AaABAg,2026-08-02T13:14:11Z,Black❤,0
youtube,WNGiJs-7Oho,Myntra top under ₹500 #myntra #myntrahaul #fashion #instagram #tops #myntratop #budget #ootd #outfit,Ugw23qBD7X1coJx0FHF4AaABAg,2026-07-03T05:46:42Z,🎉🎉❤❤,1
youtube,WNGiJs-7Oho,Myntra top under ₹500 #myntra #myntrahaul #fashion #instagram #tops #myntratop #budget #ootd #outfit,Ugyy5HkDTFMHuDS73qF4AaABAg,2026-07-17T09:19:55Z,Make a hail of shirts,0
youtube,WNGiJs-7Oho,Myntra top under ₹500 #myntra #myntrahaul #fashion #instagram #tops #myntratop #budget #ootd #outfit,UgyCcvTHnGcTlT2LE3l4AaABAg,2026-07-05T10:17:04Z,Jeans Link 🖇️ please 😅,2
youtube,WNGiJs-7Oho,Myntra top under ₹500 #myntra #myntrahaul #fashion #instagram #tops #myntratop #budget #ootd #outfit,UgwWztoI015NOO7NCXl4AaABAg,2026-06-26T10:14:19Z,Birthday dresses haul plssss di my birthday is coming plsss,2
youtube,WNGiJs-7Oho,Myntra top under ₹500 #myntra #myntrahaul #fashion #instagram #tops #myntratop #budget #ootd #outfit,UgxXgonGcrSr73rx-214AaABAg,2026-07-09T09:33:38Z,Jens link?,0
youtube,WNGiJs-7Oho,Myntra top under ₹500 #myntra #myntrahaul #fashion #instagram #tops #myntratop #budget #ootd #outfit,UgxTlAL6EBY6G1Xkzdd4AaABAg,2026-07-20T00:15:07Z,I want the jeans link,0
youtube,WNGiJs-7Oho,Myntra top under ₹500 #myntra #myntrahaul #fashion #instagram #tops #myntratop #budget #ootd #outfit,UgxUtLS3LEWXMjYG5ol4AaABAg,2026-06-27T15:12:33Z,Nice,1
youtube,WNGiJs-7Oho,Myntra top under ₹500 #myntra #myntrahaul #fashion #instagram #tops #myntratop #budget #ootd #outfit,UgzTJ9K05LzPuBbrTcV4AaABAg,2026-07-24T08:22:33Z,jeans link pls,0
youtube,WNGiJs-7Oho,Myntra top under ₹500 #myntra #myntrahaul #fashion #instagram #tops #myntratop #budget #ootd #outfit,Ugz-60Mcn0adMlUP4kt4AaABAg,2026-07-09T15:23:58Z,Height for refrence?,0
youtube,WNGiJs-7Oho,Myntra top under ₹500 #myntra #myntrahaul #fashion #instagram #tops #myntratop #budget #ootd #outfit,Ugz8c0wvgMBjEb-I7g94AaABAg,2026-07-26T11:11:33Z,Pink top link,0
youtube,WNGiJs-7Oho,Myntra top under ₹500 #myntra #myntrahaul #fashion #instagram #tops #myntratop #budget #ootd #outfit,UgxneZSbac4K9KrIgSx4AaABAg,2026-07-23T17:17:03Z,Fully covered some stylish (😂) tops please😅,1
youtube,WNGiJs-7Oho,Myntra top under ₹500 #myntra #myntrahaul #fashion #instagram #tops #myntratop #budget #ootd #outfit,UgzKoQtK9fr66dciFRN4AaABAg,2026-07-19T16:11:08Z,Pink one 🩷🎉,0
youtube,WNGiJs-7Oho,Myntra top under ₹500 #myntra #myntrahaul #fashion #instagram #tops #myntratop #budget #ootd #outfit,Ugz1tSvGTMxT0kYQhYF4AaABAg,2026-06-28T06:18:24Z,She’s giving kitty from XO kitty ❤,0
youtube,WNGiJs-7Oho,Myntra top under ₹500 #myntra #myntrahaul #fashion #instagram #tops #myntratop #budget #ootd #outfit,UgyOua5JZGHCixUq5_J4AaABAg,2026-08-04T15:43:27Z,height kitni h apkki,0
youtube,WNGiJs-7Oho,Myntra top under ₹500 #myntra #myntrahaul #fashion #instagram #tops #myntratop #budget #ootd #outfit,Ugwq3M4Kj4Ow6zx3MsR4AaABAg,2026-06-27T17:19:54Z,Jeans,0
youtube,WNGiJs-7Oho,Myntra top under ₹500 #myntra #myntrahaul #fashion #instagram #tops #myntratop #budget #ootd #outfit,UgzgXOBc6wWhV_MHle94AaABAg,2026-06-26T14:50:27Z,Jeans link ❤,2
youtube,WNGiJs-7Oho,Myntra top under ₹500 #myntra #myntrahaul #fashion #instagram #tops #myntratop #budget #ootd #outfit,Ugy6PNR3I6BU3j4DrU54AaABAg,2026-08-02T15:25:57Z,Jeans link 🖇️,0
youtube,WNGiJs-7Oho,Myntra top under ₹500 #myntra #myntrahaul #fashion #instagram #tops #myntratop #budget #ootd #outfit,UgxYfI6RXQdXgiw5xeF4AaABAg,2026-06-26T09:58:48Z,Jeans link,5
youtube,WNGiJs-7Oho,Myntra top under ₹500 #myntra #myntrahaul #fashion #instagram #tops #myntratop #budget #ootd #outfit,Ugw-l4U4wLiDKzmrJ3t4AaABAg,2026-06-29T03:39:22Z,Mere gharwale inme se koi nahi pahnane denge😢,0
youtube,WNGiJs-7Oho,Myntra top under ₹500 #myntra #myntrahaul #fashion #instagram #tops #myntratop #budget #ootd #outfit,UgzACPClLNSTwQggDHd4AaABAg,2026-06-27T03:22:23Z,Jeans link plss,2
youtube,WNGiJs-7Oho,Myntra top under ₹500 #myntra #myntrahaul #fashion #instagram #tops #myntratop #budget #ootd #outfit,UgxMHlk1EJS4g4234CN4AaABAg,2026-06-26T11:50:48Z,Wow beautiful jeans pls share the link ❤,2
youtube,WNGiJs-7Oho,Myntra top under ₹500 #myntra #myntrahaul #fashion #instagram #tops #myntratop #budget #ootd #outfit,Ugx70T4YtwpR9oB56Dd4AaABAg,2026-06-30T11:53:08Z,Give the jeans link,0
youtube,WNGiJs-7Oho,Myntra top under ₹500 #myntra #myntrahaul #fashion #instagram #tops #myntratop #budget #ootd #outfit,UgyeyHpb18kHOI95snl4AaABAg,2026-06-27T04:49:35Z,Your weight and height details for reference,0
youtube,WNGiJs-7Oho,Myntra top under ₹500 #myntra #myntrahaul #fashion #instagram #tops #myntratop #budget #ootd #outfit,UgwyL_cBjK6nmDLRG5F4AaABAg,2026-06-28T16:50:18Z,Hyy pls reply di mne aapk yha link s ek jeans order kri muje vo fit ni aa rhi m exchange ya return kese kru,1
youtube,WNGiJs-7Oho,Myntra top under ₹500 #myntra #myntrahaul #fashion #instagram #tops #myntratop #budget #ootd #outfit,UgxyFc-4m6VHqwi8p3R4AaABAg,2026-07-03T09:11:11Z,Jeans ka link dedo yaar,1
youtube,WNGiJs-7Oho,Myntra top under ₹500 #myntra #myntrahaul #fashion #instagram #tops #myntratop #budget #ootd #outfit,Ugw4A9t_tmSjT55ZcUN4AaABAg,2026-06-28T14:17:46Z,ye jeans ka link de dijiye mam,0
youtube,WNGiJs-7Oho,Myntra top under ₹500 #myntra #myntrahaul #fashion #instagram #tops #myntratop #budget #ootd #outfit,Ugw_d_9Lxby70NgwTkR4AaABAg,2026-06-30T14:45:30Z,The jeans u are wearing please 🖇️ Link dedo,0
youtube,WNGiJs-7Oho,Myntra top under ₹500 #myntra #myntrahaul #fashion #instagram #tops #myntratop #budget #ootd #outfit,UgxZob01CZnCLFimaOt4AaABAg,2026-07-03T05:06:40Z,Jeans ?,1
youtube,WNGiJs-7Oho,Myntra top under ₹500 #myntra #myntrahaul #fashion #instagram #tops #myntratop #budget #ootd #outfit,Ugx_PMYFdgv2uBuPC8h4AaABAg,2026-06-28T07:00:55Z,Jeans link broo😭,1
youtube,WNGiJs-7Oho,Myntra top under ₹500 #myntra #myntrahaul #fashion #instagram #tops #myntratop #budget #ootd #outfit,Ugyf2dEi8rDqWfFYxiF4AaABAg,2026-08-05T08:46:56Z,Jeans Link please ❤,0
youtube,WNGiJs-7Oho,Myntra top under ₹500 #myntra #myntrahaul #fashion #instagram #tops #myntratop #budget #ootd #outfit,UgwAhCZaJlMzyE5rMal4AaABAg,2026-06-30T15:53:46Z,Whats her height,0
youtube,WNGiJs-7Oho,Myntra top under ₹500 #myntra #myntrahaul #fashion #instagram #tops #myntratop #budget #ootd #outfit,Ugzkoe9duF67M2NtrSJ4AaABAg,2026-06-29T15:22:39Z,Your height?,0
youtube,WNGiJs-7Oho,Myntra top under ₹500 #myntra #myntrahaul #fashion #instagram #tops #myntratop #budget #ootd #outfit,UgzkA4WHmEN35eIYEkd4AaABAg,2026-06-27T02:37:41Z,Size,0
youtube,WNGiJs-7Oho,Myntra top under ₹500 #myntra #myntrahaul #fashion #instagram #tops #myntratop #budget #ootd #outfit,UgwLeFbWKdo2IhJiQAJ4AaABAg,2026-06-27T13:53:08Z,Link,0
youtube,WNGiJs-7Oho,Myntra top under ₹500 #myntra #myntrahaul #fashion #instagram #tops #myntratop #budget #ootd #outfit,UgzRJ2QuBn4FsFd-NsR4AaABAg,2026-08-03T16:25:46Z,"I think myntra is delivering only for haul....
Otherwise they cannot deliver at all...either it is delayed delivery, or delayed delivery n finally order cancel...",0
youtube,WNGiJs-7Oho,Myntra top under ₹500 #myntra #myntrahaul #fashion #instagram #tops #myntratop #budget #ootd #outfit,UgxSH7a-sJDQoz3oM6F4AaABAg,2026-07-04T15:31:19Z,Jeans link plz,0
youtube,WNGiJs-7Oho,Myntra top under ₹500 #myntra #myntrahaul #fashion #instagram #tops #myntratop #budget #ootd #outfit,UgxsYAd7HXbyyppPMJZ4AaABAg,2026-08-04T17:26:21Z,Pink top link,0
youtube,WNGiJs-7Oho,Myntra top under ₹500 #myntra #myntrahaul #fashion #instagram #tops #myntratop #budget #ootd #outfit,Ugw7EtJv9JAOeD259CR4AaABAg,2026-06-27T07:02:33Z,Jeans link,0
youtube,WNGiJs-7Oho,Myntra top under ₹500 #myntra #myntrahaul #fashion #instagram #tops #myntratop #budget #ootd #outfit,UgwYjYhgnh8PDNdZT4J4AaABAg,2026-06-30T04:53:38Z,Link,0
youtube,WNGiJs-7Oho,Myntra top under ₹500 #myntra #myntrahaul #fashion #instagram #tops #myntratop #budget #ootd #outfit,UgyiPz1b44cFj-I22Jl4AaABAg,2026-07-10T15:22:12Z,Jeans link plss,0
youtube,WNGiJs-7Oho,Myntra top under ₹500 #myntra #myntrahaul #fashion #instagram #tops #myntratop #budget #ootd #outfit,UgzvS2yRKZi0Gb5ApO54AaABAg,2026-07-05T09:31:26Z,Jeans link,0
youtube,WNGiJs-7Oho,Myntra top under ₹500 #myntra #myntrahaul #fashion #instagram #tops #myntratop #budget #ootd #outfit,UgxSx3q6qb5CYLn53IB4AaABAg,2026-07-01T04:37:52Z,Link,1
youtube,WNGiJs-7Oho,Myntra top under ₹500 #myntra #myntrahaul #fashion #instagram #tops #myntratop #budget #ootd #outfit,UgxBMbLEQ0u6lgH0yKB4AaABAg,2026-07-11T18:41:33Z,Jeans link,0
youtube,WNGiJs-7Oho,Myntra top under ₹500 #myntra #myntrahaul #fashion #instagram #tops #myntratop #budget #ootd #outfit,UgzuARA-l7j_pnay1TR4AaABAg,2026-07-01T14:21:14Z,Link,1
youtube,WNGiJs-7Oho,Myntra top under ₹500 #myntra #myntrahaul #fashion #instagram #tops #myntratop #budget #ootd #outfit,Ugx03RX98sZsF3j4Lpd4AaABAg,2026-07-19T08:48:36Z,Jeans link,0
youtube,WNGiJs-7Oho,Myntra top under ₹500 #myntra #myntrahaul #fashion #instagram #tops #myntratop #budget #ootd #outfit,UgwvHPCouJvTq0HAnHN4AaABAg,2026-07-19T08:49:31Z,Link,0
youtube,WNGiJs-7Oho,Myntra top under ₹500 #myntra #myntrahaul #fashion #instagram #tops #myntratop #budget #ootd #outfit,UgyQWmsjJBcNMUXuLgd4AaABAg,2026-07-25T05:11:07Z,Jeans link,0
youtube,WNGiJs-7Oho,Myntra top under ₹500 #myntra #myntrahaul #fashion #instagram #tops #myntratop #budget #ootd #outfit,UgyJSJJiWgH_ATmg3ht4AaABAg,2026-07-26T17:24:33Z,Link,0
youtube,WNGiJs-7Oho,Myntra top under ₹500 #myntra #myntrahaul #fashion #instagram #tops #myntratop #budget #ootd #outfit,UgwSi5B-cPRE4rwoIaN4AaABAg,2026-08-19T14:31:08Z,Jeans link,1
youtube,WNGiJs-7Oho,Myntra top under ₹500 #myntra #myntrahaul #fashion #instagram #tops #myntratop #budget #ootd #outfit,UgwoArCT7y5ljueV2Wd4AaABAg,2026-08-19T17:23:13Z,Link,1
youtube,vy5HNpbnq84,Myntra prettiest Cords-sets #myntra #myntrahaul #fashion #instagram #ootd #outfitideas #coordset,Ugx3CKqeCW9wD8FDGgN4AaABAg,2026-04-13T08:27:01Z,Whites and blue kurti is so nice .,16
youtube,vy5HNpbnq84,Myntra prettiest Cords-sets #myntra #myntrahaul #fashion #instagram #ootd #outfitideas #coordset,UgyZ8UURIbaiOGrng9N4AaABAg,2026-04-11T02:48:42Z,"Amazing choice, I see your content and you really bring high quality clothes recommendations",9
youtube,vy5HNpbnq84,Myntra prettiest Cords-sets #myntra #myntrahaul #fashion #instagram #ootd #outfitideas #coordset,UgxJwb4u33rqRS3SMfV4AaABAg,2026-06-06T13:39:32Z,U didn't give link which one u wearing in starting yellow one,7
youtube,vy5HNpbnq84,Myntra prettiest Cords-sets #myntra #myntrahaul #fashion #instagram #ootd #outfitideas #coordset,UgwCM0ULfHQXDfSz3e94AaABAg,2026-04-08T18:29:51Z,Your explanation is exactly what I needed It deserves more views.,0
youtube,vy5HNpbnq84,Myntra prettiest Cords-sets #myntra #myntrahaul #fashion #instagram #ootd #outfitideas #coordset,UgzYIP4a0ocksXAqdIV4AaABAg,2026-04-13T15:27:27Z,Looking so pretty and comfortable ❣️❣️,3
youtube,vy5HNpbnq84,Myntra prettiest Cords-sets #myntra #myntrahaul #fashion #instagram #ootd #outfitideas #coordset,UgwNDvA1bzPeD8pm5_14AaABAg,2026-04-17T16:06:52Z,Your all choices are soo good❤❤❤❤,0
youtube,vy5HNpbnq84,Myntra prettiest Cords-sets #myntra #myntrahaul #fashion #instagram #ootd #outfitideas #coordset,UgyP3Fma4fbYOTxXDtJ4AaABAg,2026-04-11T21:06:30Z,Manifesting 1k soon ✨🙏,3
youtube,vy5HNpbnq84,Myntra prettiest Cords-sets #myntra #myntrahaul #fashion #instagram #ootd #outfitideas #coordset,UgwkekfhIvCTsyIC0M94AaABAg,2026-04-13T07:32:39Z,This channel is outstanding I will definitely recommend this.,1
youtube,vy5HNpbnq84,Myntra prettiest Cords-sets #myntra #myntrahaul #fashion #instagram #ootd #outfitideas #coordset,UgxlDaS5z5KjWTBhpYV4AaABAg,2026-06-07T12:42:55Z,Sari dresses bhut sunder h and affordable b h thank you ❤,1
youtube,vy5HNpbnq84,Myntra prettiest Cords-sets #myntra #myntrahaul #fashion #instagram #ootd #outfitideas #coordset,Ugy6fVxYTevfzU_W8ph4AaABAg,2026-05-02T19:16:06Z,"No drama, nothing... Pure style and  good collections",2
youtube,vy5HNpbnq84,Myntra prettiest Cords-sets #myntra #myntrahaul #fashion #instagram #ootd #outfitideas #coordset,Ugw2bM3NsM-QmcSvRmJ4AaABAg,2026-04-11T18:13:52Z,I want to knw which hair colour shade did u used?,1
youtube,vy5HNpbnq84,Myntra prettiest Cords-sets #myntra #myntrahaul #fashion #instagram #ootd #outfitideas #coordset,UgxK9xydVB6PcP-Ni8Z4AaABAg,2026-05-31T17:29:14Z,Is there any way to buy it from these beautiful dresses from Dhaka?,0
youtube,vy5HNpbnq84,Myntra prettiest Cords-sets #myntra #myntrahaul #fashion #instagram #ootd #outfitideas #coordset,UgxUuzkIXE4hlR36iUp4AaABAg,2026-04-18T14:54:02Z,Maine aapko subscribe Kiya hai kyunki aap bilkul mere pasand wale kurti lete ho full length wale like wrist length pakistani style,0
youtube,vy5HNpbnq84,Myntra prettiest Cords-sets #myntra #myntrahaul #fashion #instagram #ootd #outfitideas #coordset,Ugx_atTKP04LBY9LJqZ4AaABAg,2026-04-30T20:53:35Z,Those are beautiful ❤,0
youtube,vy5HNpbnq84,Myntra prettiest Cords-sets #myntra #myntrahaul #fashion #instagram #ootd #outfitideas #coordset,UgxpEtpnOmKLwh0ZaVJ4AaABAg,2026-04-21T21:26:27Z,blue is amazing ❤,1
youtube,vy5HNpbnq84,Myntra prettiest Cords-sets #myntra #myntrahaul #fashion #instagram #ootd #outfitideas #coordset,Ugwc3uRL0QojQVZXj7B4AaABAg,2026-07-21T16:35:47Z,How pretty ❤❤❤,0
youtube,vy5HNpbnq84,Myntra prettiest Cords-sets #myntra #myntrahaul #fashion #instagram #ootd #outfitideas #coordset,UgxNw1UCYs-7wJLdAHp4AaABAg,2026-08-12T10:14:52Z,Which hair colour you have its looking stunning,0
youtube,vy5HNpbnq84,Myntra prettiest Cords-sets #myntra #myntrahaul #fashion #instagram #ootd #outfitideas #coordset,UgzpfsFS2GB5NBONHDF4AaABAg,2026-07-27T07:58:28Z,Loved the yellow kurti😊,0
youtube,vy5HNpbnq84,Myntra prettiest Cords-sets #myntra #myntrahaul #fashion #instagram #ootd #outfitideas #coordset,UgwqoKjSx48y-vfLvkp4AaABAg,2026-04-09T07:51:01Z,Aapke yt video ki category kya hai,2
youtube,vy5HNpbnq84,Myntra prettiest Cords-sets #myntra #myntrahaul #fashion #instagram #ootd #outfitideas #coordset,UgzvDwWdXHkUa1fviHh4AaABAg,2026-04-09T15:05:25Z,Hayee🤭,3
youtube,vy5HNpbnq84,Myntra prettiest Cords-sets #myntra #myntrahaul #fashion #instagram #ootd #outfitideas #coordset,UgznwrD0p5UXfR-3ssN4AaABAg,2026-07-08T15:15:40Z,Beautiful,0
youtube,vy5HNpbnq84,Myntra prettiest Cords-sets #myntra #myntrahaul #fashion #instagram #ootd #outfitideas #coordset,Ugyj3_hR3Uc2q8Gdf0B4AaABAg,2026-04-28T12:26:09Z,Imm boy but first white 🐻‍❄️🤍 colour are very chummmmi 😘🥰,0
youtube,vy5HNpbnq84,Myntra prettiest Cords-sets #myntra #myntrahaul #fashion #instagram #ootd #outfitideas #coordset,UgypnIeKXf3XSIjBteV4AaABAg,2026-07-06T02:03:37Z,"Hello 
Please give me last cord-set link please",0
youtube,vy5HNpbnq84,Myntra prettiest Cords-sets #myntra #myntrahaul #fashion #instagram #ootd #outfitideas #coordset,UgzeWvpAyiGXb4W4uit4AaABAg,2026-06-30T03:36:40Z,"What inners you wear for white, butter,beige do make a video on inners to wear",1
youtube,vy5HNpbnq84,Myntra prettiest Cords-sets #myntra #myntrahaul #fashion #instagram #ootd #outfitideas #coordset,Ugy_loZ_X3qp21WZMfV4AaABAg,2026-04-08T15:56:56Z,"What is the link for these co ord sets , very beautiful",1
youtube,vy5HNpbnq84,Myntra prettiest Cords-sets #myntra #myntrahaul #fashion #instagram #ootd #outfitideas #coordset,UgzOM9FmG0lChyBpZ9d4AaABAg,2026-06-01T15:57:21Z,Where is the first yellow one link,0
youtube,vy5HNpbnq84,Myntra prettiest Cords-sets #myntra #myntrahaul #fashion #instagram #ootd #outfitideas #coordset,Ugwq-8AD9c40l-v3VTt4AaABAg,2026-08-21T20:36:51Z,Yellow dress link??,0
youtube,vy5HNpbnq84,Myntra prettiest Cords-sets #myntra #myntrahaul #fashion #instagram #ootd #outfitideas #coordset,UgwEtaOhP9Hppori6QR4AaABAg,2026-07-08T06:01:13Z,Aap jo Co ord set wear ki hai sabhi ka link nahi di hai,0
youtube,vy5HNpbnq84,Myntra prettiest Cords-sets #myntra #myntrahaul #fashion #instagram #ootd #outfitideas #coordset,UgwP84RZuzCDYuFAeKF4AaABAg,2026-07-18T06:48:16Z,So preety lamp,0
youtube,vy5HNpbnq84,Myntra prettiest Cords-sets #myntra #myntrahaul #fashion #instagram #ootd #outfitideas #coordset,UgywkNqUB8ddIMcRwdx4AaABAg,2026-06-02T00:13:16Z,สวยหวานจากไทยแลนด์,0
youtube,vy5HNpbnq84,Myntra prettiest Cords-sets #myntra #myntrahaul #fashion #instagram #ootd #outfitideas #coordset,Ugw40ATrK6ikJj13bdt4AaABAg,2026-04-14T11:27:03Z,Wow ❤,2
youtube,vy5HNpbnq84,Myntra prettiest Cords-sets #myntra #myntrahaul #fashion #instagram #ootd #outfitideas #coordset,Ugwm-cwe1vdPZ-aQJJJ4AaABAg,2026-04-08T18:30:23Z,"Hi, 
Pls tell from where you get your white plazo in meeso 14 kurti haul its not in description link also not in any other video haul link pls tell❤",4
youtube,vy5HNpbnq84,Myntra prettiest Cords-sets #myntra #myntrahaul #fashion #instagram #ootd #outfitideas #coordset,Ugwpt7UtyQx043BN5h14AaABAg,2026-06-30T10:02:04Z,Yellow and white 🥰,2
youtube,vy5HNpbnq84,Myntra prettiest Cords-sets #myntra #myntrahaul #fashion #instagram #ootd #outfitideas #coordset,UgyEjFeQi9UL8LjI6FV4AaABAg,2026-04-10T10:32:25Z,❤❤,2
youtube,vy5HNpbnq84,Myntra prettiest Cords-sets #myntra #myntrahaul #fashion #instagram #ootd #outfitideas #coordset,Ugy-U-w3yj55ISITkc94AaABAg,2026-07-26T09:58:51Z,So nice,0
youtube,vy5HNpbnq84,Myntra prettiest Cords-sets #myntra #myntrahaul #fashion #instagram #ootd #outfitideas #coordset,Ugw2rO028txOiaPX7Hd4AaABAg,2026-04-30T08:07:25Z,Nice 👍,0
youtube,vy5HNpbnq84,Myntra prettiest Cords-sets #myntra #myntrahaul #fashion #instagram #ootd #outfitideas #coordset,UgzRZJ04Ya3Laur6JUt4AaABAg,2026-06-07T15:52:58Z,Nice collection subscribe done di ❤✅,1
youtube,vy5HNpbnq84,Myntra prettiest Cords-sets #myntra #myntrahaul #fashion #instagram #ootd #outfitideas #coordset,UgxfV7D-MSnJK0tT0394AaABAg,2026-04-22T17:25:12Z,"hey can i have the link for the 2nd last??
can’t find it in the description",1
youtube,vy5HNpbnq84,Myntra prettiest Cords-sets #myntra #myntrahaul #fashion #instagram #ootd #outfitideas #coordset,Ugx77l1ZF2qrFbxG0Q94AaABAg,2026-04-14T11:02:22Z,"I like the blue.
Link please",2
youtube,vy5HNpbnq84,Myntra prettiest Cords-sets #myntra #myntrahaul #fashion #instagram #ootd #outfitideas #coordset,Ugw27bSe2ltbAJhBPuV4AaABAg,2026-05-10T16:33:30Z,Nice collection,1
youtube,vy5HNpbnq84,Myntra prettiest Cords-sets #myntra #myntrahaul #fashion #instagram #ootd #outfitideas #coordset,UgxfQOfyIp3zSynxbP54AaABAg,2026-07-16T11:15:17Z,Nice 🎉🎉,0
youtube,vy5HNpbnq84,Myntra prettiest Cords-sets #myntra #myntrahaul #fashion #instagram #ootd #outfitideas #coordset,UgztOFRM_jwEFaMleol4AaABAg,2026-04-09T11:43:15Z,Too expensive 😢,3
youtube,vy5HNpbnq84,Myntra prettiest Cords-sets #myntra #myntrahaul #fashion #instagram #ootd #outfitideas #coordset,UgyFls6pq7FWcA6_suV4AaABAg,2026-06-01T08:11:21Z,Myntra par nhi h,0
youtube,vy5HNpbnq84,Myntra prettiest Cords-sets #myntra #myntrahaul #fashion #instagram #ootd #outfitideas #coordset,Ugw0i-4w3BE8A4-5Elx4AaABAg,2026-04-09T02:54:31Z,These are too expensive 😂😂,29
youtube,vy5HNpbnq84,Myntra prettiest Cords-sets #myntra #myntrahaul #fashion #instagram #ootd #outfitideas #coordset,Ugw_ltqHanLMkFBxiXh4AaABAg,2026-08-09T14:16:23Z,With and yellow kurti is so good please provide that link too di❤,1
youtube,vy5HNpbnq84,Myntra prettiest Cords-sets #myntra #myntrahaul #fashion #instagram #ootd #outfitideas #coordset,Ugwq-pynhjDBTIa0CvF4AaABAg,2026-08-12T18:24:22Z,I have black and beige,0
youtube,vy5HNpbnq84,Myntra prettiest Cords-sets #myntra #myntrahaul #fashion #instagram #ootd #outfitideas #coordset,UgzNaAITay156AKwG394AaABAg,2026-07-19T14:43:05Z,What's ur hight,0
youtube,vy5HNpbnq84,Myntra prettiest Cords-sets #myntra #myntrahaul #fashion #instagram #ootd #outfitideas #coordset,Ugyo167M6HlNl6RZnQ94AaABAg,2026-08-03T10:47:32Z,Yellow 🔗,0
youtube,vy5HNpbnq84,Myntra prettiest Cords-sets #myntra #myntrahaul #fashion #instagram #ootd #outfitideas #coordset,UgzrTCwgBi2pG6jP8fJ4AaABAg,2026-04-27T10:10:52Z,নাইস,0
youtube,vy5HNpbnq84,Myntra prettiest Cords-sets #myntra #myntrahaul #fashion #instagram #ootd #outfitideas #coordset,Ugz7haxdrTmg3tVWC1d4AaABAg,2026-07-31T22:36:40Z,Price,0
youtube,vy5HNpbnq84,Myntra prettiest Cords-sets #myntra #myntrahaul #fashion #instagram #ootd #outfitideas #coordset,UgzSo0GauE5Q02ulX0x4AaABAg,2026-05-17T16:20:19Z,Links,0
youtube,vy5HNpbnq84,Myntra prettiest Cords-sets #myntra #myntrahaul #fashion #instagram #ootd #outfitideas #coordset,UgzqnD8A-vw_YAJIfEJ4AaABAg,2026-04-11T13:42:14Z,Dresses to sunder hai per price to auur bhi sunder 😅,3
youtube,vy5HNpbnq84,Myntra prettiest Cords-sets #myntra #myntrahaul #fashion #instagram #ootd #outfitideas #coordset,UgwLj4hCnn8fHeUR92J4AaABAg,2026-05-23T03:22:02Z,Price koto,0
youtube,vy5HNpbnq84,Myntra prettiest Cords-sets #myntra #myntrahaul #fashion #instagram #ootd #outfitideas #coordset,UgyGRcYmgUlZIemlA3Z4AaABAg,2026-06-09T00:36:55Z,"White laal ,blàck",0
youtube,vy5HNpbnq84,Myntra prettiest Cords-sets #myntra #myntrahaul #fashion #instagram #ootd #outfitideas #coordset,UgwmumswKBj-dYoXVEl4AaABAg,2026-06-01T09:02:44Z,Isme yellow dress nhi hai,0
youtube,vy5HNpbnq84,Myntra prettiest Cords-sets #myntra #myntrahaul #fashion #instagram #ootd #outfitideas #coordset,UgyvFvSzmJpwLPHqJw94AaABAg,2026-07-08T06:24:35Z,2nd link,0
youtube,vy5HNpbnq84,Myntra prettiest Cords-sets #myntra #myntrahaul #fashion #instagram #ootd #outfitideas #coordset,UgwHLg_0LgcXrzdJJiR4AaABAg,2026-04-10T16:43:10Z,SIZES PLEASE!,2
youtube,vy5HNpbnq84,Myntra prettiest Cords-sets #myntra #myntrahaul #fashion #instagram #ootd #outfitideas #coordset,UgzEbWAPClFR2Lw0JOJ4AaABAg,2026-04-08T14:35:14Z,They're so expensive 😭🤌🏻,3
youtube,vy5HNpbnq84,Myntra prettiest Cords-sets #myntra #myntrahaul #fashion #instagram #ootd #outfitideas #coordset,UgxzltH486o_Lw5_8-R4AaABAg,2026-05-06T10:21:49Z,Link for yellow kurti pls,0
youtube,vy5HNpbnq84,Myntra prettiest Cords-sets #myntra #myntrahaul #fashion #instagram #ootd #outfitideas #coordset,UgxF7x6mRmoo_rsiz294AaABAg,2026-05-03T17:46:52Z,खूप छान आहेत खरेदी करायचे आहेत,0
youtube,vy5HNpbnq84,Myntra prettiest Cords-sets #myntra #myntrahaul #fashion #instagram #ootd #outfitideas #coordset,UgytQYOaAH8vkLlAogF4AaABAg,2026-04-08T18:20:39Z,🖇️,1
youtube,vy5HNpbnq84,Myntra prettiest Cords-sets #myntra #myntrahaul #fashion #instagram #ootd #outfitideas #coordset,Ugy9_ztNXX-W_XBD0Lx4AaABAg,2026-06-10T02:54:39Z,All are very beautiful but dear tagged links are not working,0
youtube,vy5HNpbnq84,Myntra prettiest Cords-sets #myntra #myntrahaul #fashion #instagram #ootd #outfitideas #coordset,Ugy26NnSaZdB-_dvEm54AaABAg,2026-05-07T06:39:37Z,Yellow and white link please,1
youtube,vy5HNpbnq84,Myntra prettiest Cords-sets #myntra #myntrahaul #fashion #instagram #ootd #outfitideas #coordset,Ugwm3HJOfCFNPCqZAAZ4AaABAg,2026-04-26T14:20:47Z,Which size you are wearing?,1
youtube,vy5HNpbnq84,Myntra prettiest Cords-sets #myntra #myntrahaul #fashion #instagram #ootd #outfitideas #coordset,UgzwsH5YyLPYjvqurwZ4AaABAg,2026-05-11T14:26:43Z,Last white dress link?,1
youtube,vy5HNpbnq84,Myntra prettiest Cords-sets #myntra #myntrahaul #fashion #instagram #ootd #outfitideas #coordset,Ugz3CaKfudYYGsniB8Z4AaABAg,2026-08-09T18:28:28Z,Pliz jo aapne wear kiya uska link 🔗🖇️ please yellow and white wala,1
youtube,vy5HNpbnq84,Myntra prettiest Cords-sets #myntra #myntrahaul #fashion #instagram #ootd #outfitideas #coordset,Ugy_tYAxJiCIYSMWXJZ4AaABAg,2026-05-07T08:48:14Z,Jo yellow starting me pahna hai uska link bheje,1
youtube,vy5HNpbnq84,Myntra prettiest Cords-sets #myntra #myntrahaul #fashion #instagram #ootd #outfitideas #coordset,UgwLKgnqpoq0ut6dmDJ4AaABAg,2026-07-25T12:52:41Z,👍,0
youtube,vy5HNpbnq84,Myntra prettiest Cords-sets #myntra #myntrahaul #fashion #instagram #ootd #outfitideas #coordset,Ugzmt1mHn95adnRftDh4AaABAg,2026-08-08T15:22:46Z,Pls link for yellow one,1
youtube,vy5HNpbnq84,Myntra prettiest Cords-sets #myntra #myntrahaul #fashion #instagram #ootd #outfitideas #coordset,Ugy-5QRRuHEPveEuMPB4AaABAg,2026-06-28T13:52:30Z,"Where is the yellow one
First coord? 
Cant find link",0
youtube,vy5HNpbnq84,Myntra prettiest Cords-sets #myntra #myntrahaul #fashion #instagram #ootd #outfitideas #coordset,UgwSj3LVuKlIbP8eTZt4AaABAg,2026-08-19T16:37:26Z,No link for yellow one,1
youtube,vy5HNpbnq84,Myntra prettiest Cords-sets #myntra #myntrahaul #fashion #instagram #ootd #outfitideas #coordset,UgwpSHvUJF8Yqu0_Jkl4AaABAg,2026-04-14T10:04:00Z,Link please,2
youtube,vy5HNpbnq84,Myntra prettiest Cords-sets #myntra #myntrahaul #fashion #instagram #ootd #outfitideas #coordset,Ugy3xxlq-ypzfheJ1eF4AaABAg,2026-04-17T12:58:01Z,3rd ka link nhi h,1
youtube,vy5HNpbnq84,Myntra prettiest Cords-sets #myntra #myntrahaul #fashion #instagram #ootd #outfitideas #coordset,Ugw9dZ7EET3Dy1_dvlZ4AaABAg,2026-04-29T16:10:56Z,What is ur height?,0
youtube,vy5HNpbnq84,Myntra prettiest Cords-sets #myntra #myntrahaul #fashion #instagram #ootd #outfitideas #coordset,UgzyRy0vJDSN_mFRKB94AaABAg,2026-05-02T14:20:46Z,How to order?,0
youtube,vy5HNpbnq84,Myntra prettiest Cords-sets #myntra #myntrahaul #fashion #instagram #ootd #outfitideas #coordset,UgypPwIn7UFKgqKXsyh4AaABAg,2026-08-02T10:55:05Z,🎉🎉🎉😂👍👍👍,0
youtube,vy5HNpbnq84,Myntra prettiest Cords-sets #myntra #myntrahaul #fashion #instagram #ootd #outfitideas #coordset,UgzhYzJZ58lsl-Lrhih4AaABAg,2026-08-06T03:43:31Z,❤❤❤❤❤❤❤❤❤❤❤❤❤❤❤❤❤❤❤❤❤❤❤❤,0
youtube,vy5HNpbnq84,Myntra prettiest Cords-sets #myntra #myntrahaul #fashion #instagram #ootd #outfitideas #coordset,Ugys1DnFU209fUhSsCB4AaABAg,2026-04-29T12:01:43Z,Black one link,0
youtube,vy5HNpbnq84,Myntra prettiest Cords-sets #myntra #myntrahaul #fashion #instagram #ootd #outfitideas #coordset,UgwxOdVLLE9VriFL1UN4AaABAg,2026-04-08T09:43:49Z,Plsss,1
youtube,vy5HNpbnq84,Myntra prettiest Cords-sets #myntra #myntrahaul #fashion #instagram #ootd #outfitideas #coordset,UgwEomm3PwigEgBkOjF4AaABAg,2026-08-19T16:53:47Z,Link 🔗🖇️,1
youtube,vy5HNpbnq84,Myntra prettiest Cords-sets #myntra #myntrahaul #fashion #instagram #ootd #outfitideas #coordset,Ugxuk3o41e4Yu9_bMLZ4AaABAg,2026-05-05T16:58:33Z,Link 🖇️,0
youtube,vy5HNpbnq84,Myntra prettiest Cords-sets #myntra #myntrahaul #fashion #instagram #ootd #outfitideas #coordset,UgztF0PgWUfldXC212h4AaABAg,2026-06-18T06:11:53Z,Link 😊,1
youtube,vy5HNpbnq84,Myntra prettiest Cords-sets #myntra #myntrahaul #fashion #instagram #ootd #outfitideas #coordset,UgxP89oaSYRlu4yZ37B4AaABAg,2026-04-08T09:35:20Z,"Check community post for link 

If Links are not clickable please copy and paste anywhere and click them it will work .",3
youtube,vy5HNpbnq84,Myntra prettiest Cords-sets #myntra #myntrahaul #fashion #instagram #ootd #outfitideas #coordset,UgxNr_JCaZ0yblZi78h4AaABAg,2026-06-22T12:09:05Z,Link,0
youtube,vy5HNpbnq84,Myntra prettiest Cords-sets #myntra #myntrahaul #fashion #instagram #ootd #outfitideas #coordset,UgxdfKVT_AaiNpq9e-94AaABAg,2026-05-04T04:19:09Z,Prize,0
youtube,vy5HNpbnq84,Myntra prettiest Cords-sets #myntra #myntrahaul #fashion #instagram #ootd #outfitideas #coordset,UgzpkBVFNvuzwLvvBTR4AaABAg,2026-08-08T15:22:36Z,Yellow one is not theirrr😭😭😭,1
youtube,vy5HNpbnq84,Myntra prettiest Cords-sets #myntra #myntrahaul #fashion #instagram #ootd #outfitideas #coordset,Ugxv7jvyKxxZY_mpKbR4AaABAg,2026-04-12T11:38:12Z,❤,1
youtube,vy5HNpbnq84,Myntra prettiest Cords-sets #myntra #myntrahaul #fashion #instagram #ootd #outfitideas #coordset,UgwNyIsrQ9e66nMK7yZ4AaABAg,2026-04-20T04:36:36Z,No office 😊,0
youtube,vy5HNpbnq84,Myntra prettiest Cords-sets #myntra #myntrahaul #fashion #instagram #ootd #outfitideas #coordset,UgxFylQeMg2_I7atdvx4AaABAg,2026-06-26T13:31:36Z,AP ke hight bth achi he,0
youtube,vy5HNpbnq84,Myntra prettiest Cords-sets #myntra #myntrahaul #fashion #instagram #ootd #outfitideas #coordset,UgwPgkp1AtC0hXLwOIV4AaABAg,2026-05-24T14:15:37Z,Do you know you look like Sharad Kelkar's wife?!,0
youtube,vy5HNpbnq84,Myntra prettiest Cords-sets #myntra #myntrahaul #fashion #instagram #ootd #outfitideas #coordset,Ugyd1lJFb9QbNOj4cKJ4AaABAg,2026-04-16T10:56:04Z,Now I subscribe you,0
youtube,vy5HNpbnq84,Myntra prettiest Cords-sets #myntra #myntrahaul #fashion #instagram #ootd #outfitideas #coordset,UgyTE2rlakBYWdig9o94AaABAg,2026-06-09T00:36:55Z,"White laal ,blàck",0
youtube,vy5HNpbnq84,Myntra prettiest Cords-sets #myntra #myntrahaul #fashion #instagram #ootd #outfitideas #coordset,UgzLM0vyn7nvyc-AT3l4AaABAg,2026-04-28T21:13:46Z,❤❤❤,0
youtube,vy5HNpbnq84,Myntra prettiest Cords-sets #myntra #myntrahaul #fashion #instagram #ootd #outfitideas #coordset,UgzcgkjsCltiiLMeID14AaABAg,2026-05-07T06:40:54Z,Yellow and white link please,1
youtube,vy5HNpbnq84,Myntra prettiest Cords-sets #myntra #myntrahaul #fashion #instagram #ootd #outfitideas #coordset,UgyF1ZrE65nvmFR7rZR4AaABAg,2026-04-15T02:47:18Z,Link pls,1
youtube,vy5HNpbnq84,Myntra prettiest Cords-sets #myntra #myntrahaul #fashion #instagram #ootd #outfitideas #coordset,Ugw5hM11_T8cPrakPNN4AaABAg,2026-06-26T13:35:49Z,Link,0
youtube,vy5HNpbnq84,Myntra prettiest Cords-sets #myntra #myntrahaul #fashion #instagram #ootd #outfitideas #coordset,UgzAfSxsDLy91PfMPHh4AaABAg,2026-05-22T16:53:58Z,Yellow and white link plzzz,0
youtube,vy5HNpbnq84,Myntra prettiest Cords-sets #myntra #myntrahaul #fashion #instagram #ootd #outfitideas #coordset,UgyA-awA2W_Qfe52INl4AaABAg,2026-08-11T09:39:51Z,❤❤,1
youtube,vy5HNpbnq84,Myntra prettiest Cords-sets #myntra #myntrahaul #fashion #instagram #ootd #outfitideas #coordset,UgzhFZ0u6BYYdz76aVZ4AaABAg,2026-05-06T15:18:48Z,Link please,1
youtube,vy5HNpbnq84,Myntra prettiest Cords-sets #myntra #myntrahaul #fashion #instagram #ootd #outfitideas #coordset,UgyH6ua6EeZbpAPjgb54AaABAg,2026-06-28T14:11:39Z,Link,0
youtube,kGvgwTy7K1Y,Myntra festivewear dresses 🤩| Myntra Finds | #Myntra #myntrahaul #festivewear #ethnicwear #suitset,Ugyyl6EZZLKTYfJRlwR4AaABAg,2025-07-15T08:18:40Z,Hey guys🌺 Check ‘community posts’ for the links🎀,24
youtube,kGvgwTy7K1Y,Myntra festivewear dresses 🤩| Myntra Finds | #Myntra #myntrahaul #festivewear #ethnicwear #suitset,UgzOrUH9akRIF3Ara4h4AaABAg,2025-10-13T18:15:28Z,2nd one is just ❤❤❤❤,8
youtube,kGvgwTy7K1Y,Myntra festivewear dresses 🤩| Myntra Finds | #Myntra #myntrahaul #festivewear #ethnicwear #suitset,UgzbgTd_VhpIlCglVJV4AaABAg,2025-07-15T10:03:58Z,thank you so muchh❤,3
youtube,kGvgwTy7K1Y,Myntra festivewear dresses 🤩| Myntra Finds | #Myntra #myntrahaul #festivewear #ethnicwear #suitset,Ugz8CyqPvAmCq-omMhl4AaABAg,2025-07-16T17:52:47Z,First one took my heart .and I was in awe watching the rest of blankly...lost in thoughts of the first one ..❤,23
youtube,kGvgwTy7K1Y,Myntra festivewear dresses 🤩| Myntra Finds | #Myntra #myntrahaul #festivewear #ethnicwear #suitset,Ugy-l3ckWvUqUMY8HuF4AaABAg,2025-08-18T10:25:51Z,Long gown please ☺️,1
youtube,kGvgwTy7K1Y,Myntra festivewear dresses 🤩| Myntra Finds | #Myntra #myntrahaul #festivewear #ethnicwear #suitset,UgwktEqJFX4QfEIPfqZ4AaABAg,2025-07-20T19:11:10Z,"Thank you so much link please 
❤❤❤",2
youtube,kGvgwTy7K1Y,Myntra festivewear dresses 🤩| Myntra Finds | #Myntra #myntrahaul #festivewear #ethnicwear #suitset,UgwTmNcRt2u2T7DZ21Z4AaABAg,2025-07-17T16:33:19Z,Long skirt with top ethnic ideas share kijiye please di😢,1
youtube,kGvgwTy7K1Y,Myntra festivewear dresses 🤩| Myntra Finds | #Myntra #myntrahaul #festivewear #ethnicwear #suitset,UgwbxKWcMzv2SEXu1o14AaABAg,2025-10-30T11:27:05Z,White dress  link plzzz...the starting one,0
youtube,kGvgwTy7K1Y,Myntra festivewear dresses 🤩| Myntra Finds | #Myntra #myntrahaul #festivewear #ethnicwear #suitset,Ugz34Xf8tv238sC109d4AaABAg,2025-07-18T09:39:06Z,1 or last wow❤,0
youtube,kGvgwTy7K1Y,Myntra festivewear dresses 🤩| Myntra Finds | #Myntra #myntrahaul #festivewear #ethnicwear #suitset,Ugwx0bRROrvpwRcYz1F4AaABAg,2025-10-12T10:36:45Z,Didi white dress lovely dress 👗👗👗👗👗💮💮💮💮💮🌹🌹🌹🌺🌺🌺🌷🌷🌷💐💐💐😊😊,0
youtube,kGvgwTy7K1Y,Myntra festivewear dresses 🤩| Myntra Finds | #Myntra #myntrahaul #festivewear #ethnicwear #suitset,Ugx6gBw60sURMK9Lrwd4AaABAg,2025-10-04T17:24:35Z,Link please ❤,0
youtube,kGvgwTy7K1Y,Myntra festivewear dresses 🤩| Myntra Finds | #Myntra #myntrahaul #festivewear #ethnicwear #suitset,UgyfpOlMO8OFdL2MBIx4AaABAg,2026-03-01T06:40:07Z,Yellow drees ka Link please❤❤,0
youtube,kGvgwTy7K1Y,Myntra festivewear dresses 🤩| Myntra Finds | #Myntra #myntrahaul #festivewear #ethnicwear #suitset,UgxsfINOg4Eb9JTpEAZ4AaABAg,2025-11-30T07:28:52Z,"2,6,7,10",3
youtube,kGvgwTy7K1Y,Myntra festivewear dresses 🤩| Myntra Finds | #Myntra #myntrahaul #festivewear #ethnicwear #suitset,UgzYPhlFH27q8T-b_sF4AaABAg,2025-10-28T04:31:44Z,1st ka link plzz,0
youtube,kGvgwTy7K1Y,Myntra festivewear dresses 🤩| Myntra Finds | #Myntra #myntrahaul #festivewear #ethnicwear #suitset,UgzSp9OTg_vEtS7-RbZ4AaABAg,2025-07-18T01:20:46Z,Link please,0
youtube,kGvgwTy7K1Y,Myntra festivewear dresses 🤩| Myntra Finds | #Myntra #myntrahaul #festivewear #ethnicwear #suitset,Ugw1_XllG3wSfbAQoiZ4AaABAg,2025-07-18T04:14:46Z,Link please 😢,0
youtube,kGvgwTy7K1Y,Myntra festivewear dresses 🤩| Myntra Finds | #Myntra #myntrahaul #festivewear #ethnicwear #suitset,Ugw5RDLE0BeQXXLb6Fx4AaABAg,2025-08-05T09:03:13Z,Green suit link,2
youtube,kGvgwTy7K1Y,Myntra festivewear dresses 🤩| Myntra Finds | #Myntra #myntrahaul #festivewear #ethnicwear #suitset,Ugy18tOBIlyRR-LC42Z4AaABAg,2025-07-31T16:11:13Z,This kurti want,0
youtube,kGvgwTy7K1Y,Myntra festivewear dresses 🤩| Myntra Finds | #Myntra #myntrahaul #festivewear #ethnicwear #suitset,Ugw0ikY3FlX6qJhNpwZ4AaABAg,2026-07-16T14:31:26Z,Beautiful,0
youtube,kGvgwTy7K1Y,Myntra festivewear dresses 🤩| Myntra Finds | #Myntra #myntrahaul #festivewear #ethnicwear #suitset,Ugx5oH4eGAEOcbA1ml94AaABAg,2026-04-15T04:23:15Z,Wow ek se badkr ek 👌,0
youtube,kGvgwTy7K1Y,Myntra festivewear dresses 🤩| Myntra Finds | #Myntra #myntrahaul #festivewear #ethnicwear #suitset,UgxD0vLHDCEB3UIGvL54AaABAg,2025-10-24T05:27:37Z,Link please. nhi mil lga h post me,0
youtube,kGvgwTy7K1Y,Myntra festivewear dresses 🤩| Myntra Finds | #Myntra #myntrahaul #festivewear #ethnicwear #suitset,Ugy2ifzlALQxe4X5ivd4AaABAg,2025-07-20T16:53:45Z,Apne sbhi dresses ki link to share ki hi nhi 😢,0
youtube,kGvgwTy7K1Y,Myntra festivewear dresses 🤩| Myntra Finds | #Myntra #myntrahaul #festivewear #ethnicwear #suitset,UgwTran2G3tYuwtBZwB4AaABAg,2025-11-29T11:30:55Z,Finger is just  wow,0
youtube,kGvgwTy7K1Y,Myntra festivewear dresses 🤩| Myntra Finds | #Myntra #myntrahaul #festivewear #ethnicwear #suitset,UgybhFW4VCbxU_t4aEB4AaABAg,2026-04-05T08:16:07Z,Nice ❤,0
youtube,kGvgwTy7K1Y,Myntra festivewear dresses 🤩| Myntra Finds | #Myntra #myntrahaul #festivewear #ethnicwear #suitset,Ugwa27FBXI2luKa-lIZ4AaABAg,2025-08-18T07:07:19Z,Links plz,0
youtube,kGvgwTy7K1Y,Myntra festivewear dresses 🤩| Myntra Finds | #Myntra #myntrahaul #festivewear #ethnicwear #suitset,UgxJDC6xLEcfcMAXX2F4AaABAg,2025-09-20T17:17:07Z,Link,0
youtube,kGvgwTy7K1Y,Myntra festivewear dresses 🤩| Myntra Finds | #Myntra #myntrahaul #festivewear #ethnicwear #suitset,Ugw41djBIHLPtVgqqaV4AaABAg,2025-10-29T08:22:05Z,First dress link 🖇️,0
youtube,kGvgwTy7K1Y,Myntra festivewear dresses 🤩| Myntra Finds | #Myntra #myntrahaul #festivewear #ethnicwear #suitset,UgzVg-5Cc71oJB5oiE14AaABAg,2025-11-28T01:14:38Z,Didi please link share kar dijiye kijiye,0
youtube,kGvgwTy7K1Y,Myntra festivewear dresses 🤩| Myntra Finds | #Myntra #myntrahaul #festivewear #ethnicwear #suitset,Ugy1eHXUkvhOEWuqJ-V4AaABAg,2025-07-16T05:43:11Z,❤️,0
youtube,kGvgwTy7K1Y,Myntra festivewear dresses 🤩| Myntra Finds | #Myntra #myntrahaul #festivewear #ethnicwear #suitset,Ugzla8qCdQGNPrW6C_t4AaABAg,2025-07-17T09:11:53Z,❤,0
youtube,kGvgwTy7K1Y,Myntra festivewear dresses 🤩| Myntra Finds | #Myntra #myntrahaul #festivewear #ethnicwear #suitset,UgwknRu_SXc1SP07nuZ4AaABAg,2026-05-12T06:23:06Z,Community post kaha milta hai please please batao agale vlog Mai sister birthday gift,0
youtube,kGvgwTy7K1Y,Myntra festivewear dresses 🤩| Myntra Finds | #Myntra #myntrahaul #festivewear #ethnicwear #suitset,Ugy1wkQTwXVnenpot-V4AaABAg,2026-06-10T00:04:44Z,Where is link?,0
youtube,kGvgwTy7K1Y,Myntra festivewear dresses 🤩| Myntra Finds | #Myntra #myntrahaul #festivewear #ethnicwear #suitset,Ugwzs9nVSIMLi5H2CZB4AaABAg,2025-10-09T12:09:17Z,Links,0
youtube,kGvgwTy7K1Y,Myntra festivewear dresses 🤩| Myntra Finds | #Myntra #myntrahaul #festivewear #ethnicwear #suitset,Ugx-dZgU15EOfB-0SJt4AaABAg,2025-07-17T14:10:29Z,Got kurti from meesho but its quality is not good,0
youtube,kGvgwTy7K1Y,Myntra festivewear dresses 🤩| Myntra Finds | #Myntra #myntrahaul #festivewear #ethnicwear #suitset,UgwaAYn5EFPOjxGeatx4AaABAg,2025-10-30T06:22:30Z,💛💜💚,0
youtube,kGvgwTy7K1Y,Myntra festivewear dresses 🤩| Myntra Finds | #Myntra #myntrahaul #festivewear #ethnicwear #suitset,UgyC9I5zdzEJoi5Al9R4AaABAg,2026-07-10T14:10:28Z,Where is Community post,0
youtube,kGvgwTy7K1Y,Myntra festivewear dresses 🤩| Myntra Finds | #Myntra #myntrahaul #festivewear #ethnicwear #suitset,UgwMvnY5E93ZR0cSsup4AaABAg,2026-05-27T07:05:06Z,White,0
youtube,kGvgwTy7K1Y,Myntra festivewear dresses 🤩| Myntra Finds | #Myntra #myntrahaul #festivewear #ethnicwear #suitset,UgxNsOpwgGUlVeRiN914AaABAg,2025-10-12T13:57:29Z,Linkk,0
youtube,kGvgwTy7K1Y,Myntra festivewear dresses 🤩| Myntra Finds | #Myntra #myntrahaul #festivewear #ethnicwear #suitset,Ugzo6Kli5l-CtyZvSzB4AaABAg,2025-10-29T07:54:45Z,Ham bhi order karte hai par same nhi aata hai didi esa aata hai ki vo pahne layak hi nhi hota hai,0
youtube,kGvgwTy7K1Y,Myntra festivewear dresses 🤩| Myntra Finds | #Myntra #myntrahaul #festivewear #ethnicwear #suitset,UgwJcjPKoV3TTaoqFCJ4AaABAg,2026-08-03T14:26:18Z,So much and biutiful,0
youtube,kGvgwTy7K1Y,Myntra festivewear dresses 🤩| Myntra Finds | #Myntra #myntrahaul #festivewear #ethnicwear #suitset,UgyfD8qgamBLfDwQ2KZ4AaABAg,2025-11-06T16:02:21Z,💃❤❤❤❤❤❤❤❤❤,0
youtube,kGvgwTy7K1Y,Myntra festivewear dresses 🤩| Myntra Finds | #Myntra #myntrahaul #festivewear #ethnicwear #suitset,Ugw35EC4w_jcuSPoaRJ4AaABAg,2025-07-15T09:49:18Z,Didi kapde ke sath name bhi likh kar daal deti mein search karti hu toh pata nahi chalta hai 😊,0
youtube,kGvgwTy7K1Y,Myntra festivewear dresses 🤩| Myntra Finds | #Myntra #myntrahaul #festivewear #ethnicwear #suitset,UgySzZLdiJ96UgpsGDd4AaABAg,2026-06-17T10:10:25Z,❤❤❤,0
youtube,kGvgwTy7K1Y,Myntra festivewear dresses 🤩| Myntra Finds | #Myntra #myntrahaul #festivewear #ethnicwear #suitset,UgwPXOxmIpoyTYlnPBR4AaABAg,2026-02-04T16:22:28Z,🎀🎀🎀🎀🎀,0
youtube,kGvgwTy7K1Y,Myntra festivewear dresses 🤩| Myntra Finds | #Myntra #myntrahaul #festivewear #ethnicwear #suitset,UgzKfJD6G0L-dgPVlt54AaABAg,2025-12-26T07:40:02Z,Links🔗,0
youtube,kGvgwTy7K1Y,Myntra festivewear dresses 🤩| Myntra Finds | #Myntra #myntrahaul #festivewear #ethnicwear #suitset,Ugxjn1NF1pCCbtkKIcZ4AaABAg,2026-01-08T04:03:46Z,Community post,0
youtube,kGvgwTy7K1Y,Myntra festivewear dresses 🤩| Myntra Finds | #Myntra #myntrahaul #festivewear #ethnicwear #suitset,Ugza3YP9VxE-NoKT-OF4AaABAg,2025-09-19T18:33:52Z,Tooo fast video,0
youtube,kGvgwTy7K1Y,Myntra festivewear dresses 🤩| Myntra Finds | #Myntra #myntrahaul #festivewear #ethnicwear #suitset,Ugw7bR3YkQw1hXb65HR4AaABAg,2025-07-15T10:20:10Z,1ѕt 3rd 4th 8th 9th 10th,0
youtube,kGvgwTy7K1Y,Myntra festivewear dresses 🤩| Myntra Finds | #Myntra #myntrahaul #festivewear #ethnicwear #suitset,UgwWC2k2gy9NaM-LuDV4AaABAg,2025-07-31T16:07:48Z,Priyanca,1
youtube,kGvgwTy7K1Y,Myntra festivewear dresses 🤩| Myntra Finds | #Myntra #myntrahaul #festivewear #ethnicwear #suitset,UgxgcAbfWrOqBbIKG-t4AaABAg,2025-10-18T14:54:46Z,Where is the blue one that is kept on the top in your han,0
youtube,kGvgwTy7K1Y,Myntra festivewear dresses 🤩| Myntra Finds | #Myntra #myntrahaul #festivewear #ethnicwear #suitset,UgzCOwIpAEblYz6Foax4AaABAg,2025-07-18T18:14:58Z,Rate jyada hai😢,11
youtube,kGvgwTy7K1Y,Myntra festivewear dresses 🤩| Myntra Finds | #Myntra #myntrahaul #festivewear #ethnicwear #suitset,UgyB-Ed2GrGBl_9iOrl4AaABAg,2026-06-18T14:57:12Z,Nhi mila,0
youtube,kGvgwTy7K1Y,Myntra festivewear dresses 🤩| Myntra Finds | #Myntra #myntrahaul #festivewear #ethnicwear #suitset,UgywefhqbJElswUMVKd4AaABAg,2025-07-18T13:27:59Z,Lonk,0
youtube,kGvgwTy7K1Y,Myntra festivewear dresses 🤩| Myntra Finds | #Myntra #myntrahaul #festivewear #ethnicwear #suitset,Ugz4kZMZ8wPuR4kNSel4AaABAg,2025-09-28T13:57:47Z,Dm,0
youtube,kGvgwTy7K1Y,Myntra festivewear dresses 🤩| Myntra Finds | #Myntra #myntrahaul #festivewear #ethnicwear #suitset,UgxX9QKmQ_rJ43ZFQ614AaABAg,2026-02-04T16:22:08Z,🩷🎀🎀🎀,0
youtube,kGvgwTy7K1Y,Myntra festivewear dresses 🤩| Myntra Finds | #Myntra #myntrahaul #festivewear #ethnicwear #suitset,UgxfEZ0qYnABH_8PRhx4AaABAg,2025-10-05T06:53:18Z,Lin,0
youtube,kGvgwTy7K1Y,Myntra festivewear dresses 🤩| Myntra Finds | #Myntra #myntrahaul #festivewear #ethnicwear #suitset,UgwsxPYAWa_EbPm6yPZ4AaABAg,2026-08-07T10:09:01Z,Dikhata h sets lekin bhejta h missing products,0
youtube,kGvgwTy7K1Y,Myntra festivewear dresses 🤩| Myntra Finds | #Myntra #myntrahaul #festivewear #ethnicwear #suitset,Ugz8VawBmF3oaUCigGJ4AaABAg,2025-10-01T18:32:37Z,Hath me kuch aur bady pr kuch aur,0
youtube,kGvgwTy7K1Y,Myntra festivewear dresses 🤩| Myntra Finds | #Myntra #myntrahaul #festivewear #ethnicwear #suitset,UgzJVwoVsz_2PZIxDXx4AaABAg,2025-07-18T05:13:38Z,Link plz,0
youtube,kGvgwTy7K1Y,Myntra festivewear dresses 🤩| Myntra Finds | #Myntra #myntrahaul #festivewear #ethnicwear #suitset,UgwzU9x1chtfBROiDtR4AaABAg,2025-10-03T16:08:09Z,Green suit link,0
youtube,kGvgwTy7K1Y,Myntra festivewear dresses 🤩| Myntra Finds | #Myntra #myntrahaul #festivewear #ethnicwear #suitset,Ugzxdgh-FRwiAqjs1BJ4AaABAg,2025-10-06T13:19:41Z,Links please,0
youtube,kGvgwTy7K1Y,Myntra festivewear dresses 🤩| Myntra Finds | #Myntra #myntrahaul #festivewear #ethnicwear #suitset,Ugxc-3UQ6wNCurwI-Tx4AaABAg,2025-09-24T01:43:19Z,Link,0
youtube,kGvgwTy7K1Y,Myntra festivewear dresses 🤩| Myntra Finds | #Myntra #myntrahaul #festivewear #ethnicwear #suitset,Ugzc_FG8Ab8ZF8nRFsJ4AaABAg,2025-10-14T12:50:29Z,❤️,0
youtube,kGvgwTy7K1Y,Myntra festivewear dresses 🤩| Myntra Finds | #Myntra #myntrahaul #festivewear #ethnicwear #suitset,UgxsbD_f_MdJbnQIREd4AaABAg,2026-01-02T18:45:31Z,Links,0
youtube,kGvgwTy7K1Y,Myntra festivewear dresses 🤩| Myntra Finds | #Myntra #myntrahaul #festivewear #ethnicwear #suitset,Ugx1FpZU4W50DWpnEqR4AaABAg,2025-10-16T14:16:15Z,Dm,0
youtube,kGvgwTy7K1Y,Myntra festivewear dresses 🤩| Myntra Finds | #Myntra #myntrahaul #festivewear #ethnicwear #suitset,UgyMLR28d0h_FjJvGcd4AaABAg,2025-08-06T18:20:34Z,Link please,0
youtube,kGvgwTy7K1Y,Myntra festivewear dresses 🤩| Myntra Finds | #Myntra #myntrahaul #festivewear #ethnicwear #suitset,Ugx3ZesjnlQt4-r0wSl4AaABAg,2025-10-01T11:14:45Z,Link,0
youtube,kGvgwTy7K1Y,Myntra festivewear dresses 🤩| Myntra Finds | #Myntra #myntrahaul #festivewear #ethnicwear #suitset,Ugy9fQ67dms8SM2_ywR4AaABAg,2025-09-20T17:18:01Z,Link please,0
youtube,kGvgwTy7K1Y,Myntra festivewear dresses 🤩| Myntra Finds | #Myntra #myntrahaul #festivewear #ethnicwear #suitset,Ugwzwgipg34H6yNZ8iB4AaABAg,2025-10-01T11:20:18Z,Link,0
youtube,kGvgwTy7K1Y,Myntra festivewear dresses 🤩| Myntra Finds | #Myntra #myntrahaul #festivewear #ethnicwear #suitset,UgzuLQsJAwvwWeEVMsl4AaABAg,2025-10-09T14:05:02Z,Link plz,0
youtube,kGvgwTy7K1Y,Myntra festivewear dresses 🤩| Myntra Finds | #Myntra #myntrahaul #festivewear #ethnicwear #suitset,Ugyt72_Ewb0ZMn4jww14AaABAg,2025-10-02T18:59:11Z,Link,0
youtube,kGvgwTy7K1Y,Myntra festivewear dresses 🤩| Myntra Finds | #Myntra #myntrahaul #festivewear #ethnicwear #suitset,UgwY5ruWZKK4HDBeqyF4AaABAg,2025-12-13T02:02:40Z,Link please,0
youtube,kGvgwTy7K1Y,Myntra festivewear dresses 🤩| Myntra Finds | #Myntra #myntrahaul #festivewear #ethnicwear #suitset,UgzUvKerRYSRW6NR1e14AaABAg,2025-10-03T04:35:11Z,Link,0
youtube,kGvgwTy7K1Y,Myntra festivewear dresses 🤩| Myntra Finds | #Myntra #myntrahaul #festivewear #ethnicwear #suitset,UgwxtTArpNfPZqescG94AaABAg,2026-04-25T17:16:01Z,Link please,0
youtube,kGvgwTy7K1Y,Myntra festivewear dresses 🤩| Myntra Finds | #Myntra #myntrahaul #festivewear #ethnicwear #suitset,UgziY6AFbUieMWiZmPF4AaABAg,2025-10-05T06:40:19Z,Link,0
youtube,kGvgwTy7K1Y,Myntra festivewear dresses 🤩| Myntra Finds | #Myntra #myntrahaul #festivewear #ethnicwear #suitset,Ugyjx9Cz3xKFg5DkA6l4AaABAg,2026-08-21T18:35:24Z,Link please,0
youtube,kGvgwTy7K1Y,Myntra festivewear dresses 🤩| Myntra Finds | #Myntra #myntrahaul #festivewear #ethnicwear #suitset,UgyY_-6hEdyZCCIc-Yd4AaABAg,2025-10-05T06:41:10Z,Link,0
youtube,kGvgwTy7K1Y,Myntra festivewear dresses 🤩| Myntra Finds | #Myntra #myntrahaul #festivewear #ethnicwear #suitset,Ugy9I2L4HUXML7w2C1l4AaABAg,2025-10-05T07:39:35Z,Link,0
youtube,kGvgwTy7K1Y,Myntra festivewear dresses 🤩| Myntra Finds | #Myntra #myntrahaul #festivewear #ethnicwear #suitset,Ugw8Wx3KYoMPRW_xHRd4AaABAg,2025-10-05T09:54:51Z,Link,0
youtube,kGvgwTy7K1Y,Myntra festivewear dresses 🤩| Myntra Finds | #Myntra #myntrahaul #festivewear #ethnicwear #suitset,UgxRplxk9DW9r5pSwi94AaABAg,2025-10-05T11:28:52Z,link,0
youtube,kGvgwTy7K1Y,Myntra festivewear dresses 🤩| Myntra Finds | #Myntra #myntrahaul #festivewear #ethnicwear #suitset,UgyhMMFw46jyQo5mcrl4AaABAg,2025-10-06T06:05:35Z,Link,0
youtube,kGvgwTy7K1Y,Myntra festivewear dresses 🤩| Myntra Finds | #Myntra #myntrahaul #festivewear #ethnicwear #suitset,Ugw3tOxfC99KUdujwpl4AaABAg,2025-10-07T03:41:47Z,link,0
youtube,kGvgwTy7K1Y,Myntra festivewear dresses 🤩| Myntra Finds | #Myntra #myntrahaul #festivewear #ethnicwear #suitset,UgxxPtW884uvNZCWM5h4AaABAg,2025-10-07T15:17:10Z,Link,0
youtube,kGvgwTy7K1Y,Myntra festivewear dresses 🤩| Myntra Finds | #Myntra #myntrahaul #festivewear #ethnicwear #suitset,UgwpSKFdOSV2yeZPkUd4AaABAg,2025-10-07T18:39:52Z,Link,0
youtube,kGvgwTy7K1Y,Myntra festivewear dresses 🤩| Myntra Finds | #Myntra #myntrahaul #festivewear #ethnicwear #suitset,UgzISR1zmcPCVxnPdf54AaABAg,2025-10-09T18:45:06Z,Link,0
youtube,kGvgwTy7K1Y,Myntra festivewear dresses 🤩| Myntra Finds | #Myntra #myntrahaul #festivewear #ethnicwear #suitset,UgwDGZn6G0JzbRc33pd4AaABAg,2025-10-14T08:09:12Z,Link,0
youtube,kGvgwTy7K1Y,Myntra festivewear dresses 🤩| Myntra Finds | #Myntra #myntrahaul #festivewear #ethnicwear #suitset,UgxGUVG9bdwc8ij82JV4AaABAg,2025-10-14T10:07:52Z,Link,0
youtube,kGvgwTy7K1Y,Myntra festivewear dresses 🤩| Myntra Finds | #Myntra #myntrahaul #festivewear #ethnicwear #suitset,UgyuUYGO1FgcD4pj4JF4AaABAg,2025-10-15T17:16:57Z,Link,0
youtube,kGvgwTy7K1Y,Myntra festivewear dresses 🤩| Myntra Finds | #Myntra #myntrahaul #festivewear #ethnicwear #suitset,UgyP0FieawaEBW9uIeB4AaABAg,2025-10-16T14:04:06Z,Link,0
youtube,kGvgwTy7K1Y,Myntra festivewear dresses 🤩| Myntra Finds | #Myntra #myntrahaul #festivewear #ethnicwear #suitset,UgxyjVyed2JUgx7lQjR4AaABAg,2025-10-16T14:04:15Z,Link,0
youtube,kGvgwTy7K1Y,Myntra festivewear dresses 🤩| Myntra Finds | #Myntra #myntrahaul #festivewear #ethnicwear #suitset,UgwK7gi59fVh7M_ZcOB4AaABAg,2025-10-22T08:31:47Z,Link,0
youtube,kGvgwTy7K1Y,Myntra festivewear dresses 🤩| Myntra Finds | #Myntra #myntrahaul #festivewear #ethnicwear #suitset,UgzDN0foDfBtoFBrBut4AaABAg,2025-10-29T06:25:44Z,Link,0
youtube,kGvgwTy7K1Y,Myntra festivewear dresses 🤩| Myntra Finds | #Myntra #myntrahaul #festivewear #ethnicwear #suitset,UgzdW2rvb3c1eNHkGMB4AaABAg,2025-10-31T15:06:34Z,Link,0
youtube,kGvgwTy7K1Y,Myntra festivewear dresses 🤩| Myntra Finds | #Myntra #myntrahaul #festivewear #ethnicwear #suitset,UgyQ4VMaWMRqSfPQT7t4AaABAg,2025-11-03T05:41:27Z,Link,0
youtube,kGvgwTy7K1Y,Myntra festivewear dresses 🤩| Myntra Finds | #Myntra #myntrahaul #festivewear #ethnicwear #suitset,UgxgfZgZO-q9qaB1Hjp4AaABAg,2025-11-08T06:44:01Z,Link,0
youtube,kGvgwTy7K1Y,Myntra festivewear dresses 🤩| Myntra Finds | #Myntra #myntrahaul #festivewear #ethnicwear #suitset,UgwZUts4ko4p9JBPyKF4AaABAg,2025-11-08T17:06:38Z,Link,0
youtube,kGvgwTy7K1Y,Myntra festivewear dresses 🤩| Myntra Finds | #Myntra #myntrahaul #festivewear #ethnicwear #suitset,Ugz4w_mKiB5jotU8QOd4AaABAg,2025-11-27T16:23:03Z,Link,0
youtube,kGvgwTy7K1Y,Myntra festivewear dresses 🤩| Myntra Finds | #Myntra #myntrahaul #festivewear #ethnicwear #suitset,UgxWCWllOoyEZ8kFQYB4AaABAg,2025-12-10T12:14:52Z,Link,0
youtube,kGvgwTy7K1Y,Myntra festivewear dresses 🤩| Myntra Finds | #Myntra #myntrahaul #festivewear #ethnicwear #suitset,UgzepAixyZxQJmSmEaV4AaABAg,2026-01-05T16:05:56Z,Link,0
youtube,kGvgwTy7K1Y,Myntra festivewear dresses 🤩| Myntra Finds | #Myntra #myntrahaul #festivewear #ethnicwear #suitset,UgywUmJYXvTQt9erR1l4AaABAg,2026-01-18T09:42:08Z,Link,0
youtube,Ragqry0vFrw,Myntra Haul / Myntra Party Wear KURTA SETS HAUL / Embroidered kurta Pant Dupatta  Set Haul✨ #myntra ,UgzoemHwqe5gDxzIYgZ4AaABAg,2026-08-21T06:24:31Z,Thank you didi aaj aapne single link provide krdya😅,0
youtube,Ragqry0vFrw,Myntra Haul / Myntra Party Wear KURTA SETS HAUL / Embroidered kurta Pant Dupatta  Set Haul✨ #myntra ,UgyFil7tMRs3FV5CjoR4AaABAg,2026-08-21T08:27:25Z,"Please include tops, short kurtis, and shirts in your hauls as well. For the past few weeks, all the hauls have been kurta sets.😊",2
youtube,Ragqry0vFrw,Myntra Haul / Myntra Party Wear KURTA SETS HAUL / Embroidered kurta Pant Dupatta  Set Haul✨ #myntra ,UgyZHslSsFfQdnMIYox4AaABAg,2026-08-21T11:29:18Z,Best collection ❤❤❤❤❤❤,0
youtube,Ragqry0vFrw,Myntra Haul / Myntra Party Wear KURTA SETS HAUL / Embroidered kurta Pant Dupatta  Set Haul✨ #myntra ,UgxNnGr0pLSXfFbi9pd4AaABAg,2026-08-21T07:18:10Z,superb collection 👌🏻❤ love you mam ❤,0
youtube,Ragqry0vFrw,Myntra Haul / Myntra Party Wear KURTA SETS HAUL / Embroidered kurta Pant Dupatta  Set Haul✨ #myntra ,UgxV903D3gzI-navT2d4AaABAg,2026-08-21T11:28:53Z,Didi black kurta set houl laeye n,0
youtube,Ragqry0vFrw,Myntra Haul / Myntra Party Wear KURTA SETS HAUL / Embroidered kurta Pant Dupatta  Set Haul✨ #myntra ,UgxlzBG8b8q1Nvrlxs94AaABAg,2026-08-21T09:11:49Z,Aaj ka collection not bad ..but expectations thodi ar th 😊😊,0
youtube,Ragqry0vFrw,Myntra Haul / Myntra Party Wear KURTA SETS HAUL / Embroidered kurta Pant Dupatta  Set Haul✨ #myntra ,UgzfzRhc89ZlhHVoMER4AaABAg,2026-08-21T06:40:26Z,Height kitni h apki,0
youtube,iabxMFFAt7s,Myntra Crop Shirts haul #shortsfeed #myntrafinds #cropshirt #collegeoutfits,Ugxobpi5qLydKpFoALd4AaABAg,2025-06-12T13:03:25Z,"PRODUCTS ARE TAGGED 🤍

Shirts Size: S
Jeans Size: S (waist 28)",43
youtube,iabxMFFAt7s,Myntra Crop Shirts haul #shortsfeed #myntrafinds #cropshirt #collegeoutfits,UgxMTQJfgo6pcWssHBl4AaABAg,2026-01-09T05:13:45Z,Last wala hit different 😊,18
youtube,iabxMFFAt7s,Myntra Crop Shirts haul #shortsfeed #myntrafinds #cropshirt #collegeoutfits,UgzQJobVVCcrgc6flfZ4AaABAg,2025-06-13T08:30:47Z,Loved all the crop shirts🫶The styling is on point💕🤍Your fashion sense is always top-notch🤌🩷🩷,12
youtube,iabxMFFAt7s,Myntra Crop Shirts haul #shortsfeed #myntrafinds #cropshirt #collegeoutfits,UgwsTuXPrIXhInHUbtR4AaABAg,2025-10-05T04:18:46Z,You look better than the model of these shirts itself ❤❤❤❤,5
youtube,iabxMFFAt7s,Myntra Crop Shirts haul #shortsfeed #myntrafinds #cropshirt #collegeoutfits,UgxfjVfm3ZVG4NabnUF4AaABAg,2025-06-12T17:04:48Z,Hayeee your aura is so positive ✨🤌💕,2
youtube,iabxMFFAt7s,Myntra Crop Shirts haul #shortsfeed #myntrafinds #cropshirt #collegeoutfits,UgzVodod90MlnALuvAx4AaABAg,2025-06-12T13:46:29Z,2nd lovely❤😊,10
youtube,iabxMFFAt7s,Myntra Crop Shirts haul #shortsfeed #myntrafinds #cropshirt #collegeoutfits,UgznmdJTeOIHQj3K5cV4AaABAg,2025-06-13T08:34:53Z,How do you always find the cutest stuff?💖🍒✨,1
youtube,iabxMFFAt7s,Myntra Crop Shirts haul #shortsfeed #myntrafinds #cropshirt #collegeoutfits,UgyMM9I-HdxyJe0bLVp4AaABAg,2025-06-12T13:42:18Z,Your collection 😍💘,1
youtube,iabxMFFAt7s,Myntra Crop Shirts haul #shortsfeed #myntrafinds #cropshirt #collegeoutfits,UgycZBzScV3EBhmFvBt4AaABAg,2026-06-14T14:06:08Z,3rd and last  hits different 😅❤❤❤,0
youtube,iabxMFFAt7s,Myntra Crop Shirts haul #shortsfeed #myntrafinds #cropshirt #collegeoutfits,UgwZkp1OAb8TZvl6QMN4AaABAg,2025-06-12T16:30:14Z,Summer trousers or any set in cotton please❤,0
youtube,iabxMFFAt7s,Myntra Crop Shirts haul #shortsfeed #myntrafinds #cropshirt #collegeoutfits,UgzaNvpIbBW2qrz5OtR4AaABAg,2026-05-24T17:03:15Z,I liked this last one ❤,1
youtube,iabxMFFAt7s,Myntra Crop Shirts haul #shortsfeed #myntrafinds #cropshirt #collegeoutfits,UgzEAr5bGjGr0K8Jv1x4AaABAg,2025-06-12T17:23:38Z,Denim skirts plssss❤❤❤❤,1
youtube,iabxMFFAt7s,Myntra Crop Shirts haul #shortsfeed #myntrafinds #cropshirt #collegeoutfits,Ugy4iTHFkiwdqPg4s9R4AaABAg,2025-06-12T13:46:00Z,Lovely diduu,2
youtube,iabxMFFAt7s,Myntra Crop Shirts haul #shortsfeed #myntrafinds #cropshirt #collegeoutfits,UgzCMcBGB0QXg5Q_jGV4AaABAg,2025-06-12T14:06:27Z,2nd one wow ❤️❤️,1
youtube,iabxMFFAt7s,Myntra Crop Shirts haul #shortsfeed #myntrafinds #cropshirt #collegeoutfits,UgxXiXQnB7C791e_JZh4AaABAg,2025-06-12T13:45:30Z,Crops shirts are very pretty naa🙌💗💜🍂,2
youtube,iabxMFFAt7s,Myntra Crop Shirts haul #shortsfeed #myntrafinds #cropshirt #collegeoutfits,UgzqC5u5kMEKwQiw8aB4AaABAg,2025-08-05T16:01:48Z,"U kinda look like shanaya kapoor
Pretty❤",0
youtube,iabxMFFAt7s,Myntra Crop Shirts haul #shortsfeed #myntrafinds #cropshirt #collegeoutfits,UgyOtNzL_Ig1CtNijql4AaABAg,2026-01-07T05:09:44Z,"Amazing gurl ❤..i just got addicted to ur  elegant look ✨️ ...
Could u please let me know ur height and weight approx.....so that i could order those perfectly in sizes.....",1
youtube,iabxMFFAt7s,Myntra Crop Shirts haul #shortsfeed #myntrafinds #cropshirt #collegeoutfits,UgzoVEZFAx9gJRPGSkh4AaABAg,2025-06-12T13:45:49Z,Ahhaaa🥺🍃🙌,2
youtube,iabxMFFAt7s,Myntra Crop Shirts haul #shortsfeed #myntrafinds #cropshirt #collegeoutfits,UgxSZ8GN7pJVavPnq5B4AaABAg,2025-06-12T15:39:52Z,Pretty😍😍,1
youtube,iabxMFFAt7s,Myntra Crop Shirts haul #shortsfeed #myntrafinds #cropshirt #collegeoutfits,UgywGC_Kc1CLs6Ic2UZ4AaABAg,2025-06-13T08:31:49Z,And di I have received my giveaway gifts✨💙thanku sooo much🫶💕I really liked them🩷,1
youtube,iabxMFFAt7s,Myntra Crop Shirts haul #shortsfeed #myntrafinds #cropshirt #collegeoutfits,Ugy8qTmn_JlJ4oJJ65h4AaABAg,2025-06-12T13:16:10Z,1st and 2nd are ❤❤❤,2
youtube,iabxMFFAt7s,Myntra Crop Shirts haul #shortsfeed #myntrafinds #cropshirt #collegeoutfits,UgyfWQOMH8R2AVgW4aZ4AaABAg,2026-01-04T04:54:44Z,Do you have a longer version? Cause not everybody likes crop??,0
youtube,iabxMFFAt7s,Myntra Crop Shirts haul #shortsfeed #myntrafinds #cropshirt #collegeoutfits,UgyuqWcid2ahr_c6rLJ4AaABAg,2025-09-11T14:39:59Z,Pls give 2nd shirt link....,1
youtube,iabxMFFAt7s,Myntra Crop Shirts haul #shortsfeed #myntrafinds #cropshirt #collegeoutfits,UgxPOmTpeVbLnmPDdJZ4AaABAg,2025-06-15T15:24:28Z,So Cool♥️👀,1
youtube,iabxMFFAt7s,Myntra Crop Shirts haul #shortsfeed #myntrafinds #cropshirt #collegeoutfits,UgzubjAb6U-f01LgwEp4AaABAg,2025-06-13T14:50:58Z,Collections 🫶🏼💥,1
youtube,iabxMFFAt7s,Myntra Crop Shirts haul #shortsfeed #myntrafinds #cropshirt #collegeoutfits,UgydCuS2UZvjfORSBS94AaABAg,2025-06-12T16:26:58Z,"Diiiii aap itne sundar sundar clothes dikhate ho vo honestly review dete ho ya fir promotion karte ho I am confused because aap intniiì sundar sundar kaha se dund late ho very pretyyyy ...
I watch your videos and I have your subscriber alsoooo
❤🎉",0
youtube,iabxMFFAt7s,Myntra Crop Shirts haul #shortsfeed #myntrafinds #cropshirt #collegeoutfits,Ugzt6b2mNy3Rc5VXIWd4AaABAg,2026-06-02T05:34:16Z,Beautiful 😍❤️,0
youtube,iabxMFFAt7s,Myntra Crop Shirts haul #shortsfeed #myntrafinds #cropshirt #collegeoutfits,UgwRdeakyacuQditbDd4AaABAg,2025-12-30T12:27:51Z,Mam 2nd top link is not clearly shown,22
youtube,iabxMFFAt7s,Myntra Crop Shirts haul #shortsfeed #myntrafinds #cropshirt #collegeoutfits,Ugwbf2rZatOK8E71zhN4AaABAg,2025-11-05T05:36:05Z,The link of the second one isnt there pls give the link,0
youtube,iabxMFFAt7s,Myntra Crop Shirts haul #shortsfeed #myntrafinds #cropshirt #collegeoutfits,UgwrmDoHlKRvkQdRbG14AaABAg,2025-06-17T17:13:29Z,Please brings stylish blouses,0
youtube,iabxMFFAt7s,Myntra Crop Shirts haul #shortsfeed #myntrafinds #cropshirt #collegeoutfits,UgwcB1MbBCyhFKHlakN4AaABAg,2025-06-12T16:40:25Z,Cute,1
youtube,iabxMFFAt7s,Myntra Crop Shirts haul #shortsfeed #myntrafinds #cropshirt #collegeoutfits,UgxoUoFmFBAOjnMfDzN4AaABAg,2025-08-08T14:02:35Z,Link bhej do 4 vali shirt ka please...,0
youtube,iabxMFFAt7s,Myntra Crop Shirts haul #shortsfeed #myntrafinds #cropshirt #collegeoutfits,Ugxtf4QK15ZzcyurbgJ4AaABAg,2025-06-13T13:54:54Z,Hiii🎀,0
youtube,iabxMFFAt7s,Myntra Crop Shirts haul #shortsfeed #myntrafinds #cropshirt #collegeoutfits,Ugx3w1rAikUgltM7YlB4AaABAg,2025-06-12T13:45:37Z,🙌💗,2
youtube,iabxMFFAt7s,Myntra Crop Shirts haul #shortsfeed #myntrafinds #cropshirt #collegeoutfits,UgzQOBUtab9pQtgHosV4AaABAg,2026-05-10T09:14:55Z,3 nd 4 is ❤❤❤,0
youtube,iabxMFFAt7s,Myntra Crop Shirts haul #shortsfeed #myntrafinds #cropshirt #collegeoutfits,UgwFTfSINIKpUSHTWfh4AaABAg,2026-02-17T11:37:08Z,Last wala ka link plz,0
youtube,iabxMFFAt7s,Myntra Crop Shirts haul #shortsfeed #myntrafinds #cropshirt #collegeoutfits,UgzTS0xVqidgHiW6Jg14AaABAg,2025-07-31T18:43:42Z,Olive shirt link please,0
youtube,iabxMFFAt7s,Myntra Crop Shirts haul #shortsfeed #myntrafinds #cropshirt #collegeoutfits,UgyWRdS5p1qR38VVout4AaABAg,2025-10-09T16:06:27Z,Diiii myntra pr open ni ho rha search krne k bd b,0
youtube,iabxMFFAt7s,Myntra Crop Shirts haul #shortsfeed #myntrafinds #cropshirt #collegeoutfits,Ugz3kmMM5ShkTj3CLuJ4AaABAg,2026-01-04T14:02:39Z,2nd top link please,0
youtube,iabxMFFAt7s,Myntra Crop Shirts haul #shortsfeed #myntrafinds #cropshirt #collegeoutfits,Ugzg_dhd0NLhUDvNvwN4AaABAg,2026-05-07T12:45:46Z,Yellow vala accha hai,0
youtube,iabxMFFAt7s,Myntra Crop Shirts haul #shortsfeed #myntrafinds #cropshirt #collegeoutfits,Ugygdcby4Fc3avtWtlF4AaABAg,2025-06-12T14:33:33Z,Myntra  teeshirt  please,1
youtube,iabxMFFAt7s,Myntra Crop Shirts haul #shortsfeed #myntrafinds #cropshirt #collegeoutfits,UgyvhfhsCBDsiOaVNMZ4AaABAg,2026-02-26T09:56:49Z,@abhipsajoshi plz give link of 2nd top plz plz 🙏❤,0
youtube,iabxMFFAt7s,Myntra Crop Shirts haul #shortsfeed #myntrafinds #cropshirt #collegeoutfits,UgyqAWtTU3OwKjjsZZN4AaABAg,2025-06-13T09:14:02Z,Diii aap itne aache clothes btate ho jo hum afford hi ni kr payenge 1 top 500 ka,0
youtube,iabxMFFAt7s,Myntra Crop Shirts haul #shortsfeed #myntrafinds #cropshirt #collegeoutfits,UgznIQR1Pm5SMsZUR1d4AaABAg,2026-01-30T09:37:29Z,Di jeans ki link 🔗 de di jiye plsss,0
youtube,iabxMFFAt7s,Myntra Crop Shirts haul #shortsfeed #myntrafinds #cropshirt #collegeoutfits,UgxzNB6d58x1Fhxe58p4AaABAg,2026-03-05T15:22:00Z,2nd shirt??,0
youtube,iabxMFFAt7s,Myntra Crop Shirts haul #shortsfeed #myntrafinds #cropshirt #collegeoutfits,UgxoBEpdNC8Br4NxSgl4AaABAg,2026-03-24T14:02:53Z,2nd one link?,0
youtube,iabxMFFAt7s,Myntra Crop Shirts haul #shortsfeed #myntrafinds #cropshirt #collegeoutfits,UgzvKganRkewXiIp8ct4AaABAg,2025-06-13T06:05:01Z,2nd i have in lavendra coour,1
youtube,iabxMFFAt7s,Myntra Crop Shirts haul #shortsfeed #myntrafinds #cropshirt #collegeoutfits,UgwvIwcIRAAmXH_abNh4AaABAg,2025-06-27T15:04:09Z,Shirt linkk please,0
youtube,iabxMFFAt7s,Myntra Crop Shirts haul #shortsfeed #myntrafinds #cropshirt #collegeoutfits,UgwNrxWo5i_JvW3BHEd4AaABAg,2025-08-14T16:33:48Z,ur pants from,0
youtube,iabxMFFAt7s,Myntra Crop Shirts haul #shortsfeed #myntrafinds #cropshirt #collegeoutfits,UgxRstPuKZ9_y30KlMl4AaABAg,2025-10-09T17:59:19Z,Link,0
youtube,iabxMFFAt7s,Myntra Crop Shirts haul #shortsfeed #myntrafinds #cropshirt #collegeoutfits,Ugw74_MZtLI0A0ynMPF4AaABAg,2026-04-09T13:08:42Z,4❤,0
youtube,iabxMFFAt7s,Myntra Crop Shirts haul #shortsfeed #myntrafinds #cropshirt #collegeoutfits,UgyrCyPkkbcVd8bn16Z4AaABAg,2026-02-09T04:36:13Z,Link please,0
youtube,iabxMFFAt7s,Myntra Crop Shirts haul #shortsfeed #myntrafinds #cropshirt #collegeoutfits,UgzafhvlREAAYNrCu-J4AaABAg,2026-06-09T10:33:44Z,you wear that shirt link,0
youtube,iabxMFFAt7s,Myntra Crop Shirts haul #shortsfeed #myntrafinds #cropshirt #collegeoutfits,UgxWpMEJWGaWd8bb1_N4AaABAg,2025-10-03T18:15:35Z,2nd link 🔗,0
youtube,iabxMFFAt7s,Myntra Crop Shirts haul #shortsfeed #myntrafinds #cropshirt #collegeoutfits,Ugx4COh5p7rUCki05wV4AaABAg,2026-02-22T13:31:10Z,Didi link send Karo,0
youtube,iabxMFFAt7s,Myntra Crop Shirts haul #shortsfeed #myntrafinds #cropshirt #collegeoutfits,Ugy1AYWkKx7AG0mof554AaABAg,2026-08-03T15:27:09Z,Top ka link de do please,0
youtube,iabxMFFAt7s,Myntra Crop Shirts haul #shortsfeed #myntrafinds #cropshirt #collegeoutfits,Ugx2iJym8IOPkM218fx4AaABAg,2026-04-27T14:34:25Z,Product where found,0
youtube,iabxMFFAt7s,Myntra Crop Shirts haul #shortsfeed #myntrafinds #cropshirt #collegeoutfits,UgyWsmXhVe4oWEDXS754AaABAg,2026-06-03T13:06:16Z,Link 🖇️ please,1
youtube,iabxMFFAt7s,Myntra Crop Shirts haul #shortsfeed #myntrafinds #cropshirt #collegeoutfits,UgxIGOYAJHwzy-v_rPx4AaABAg,2026-07-04T13:52:01Z,kaha se liya मीशो se,0
youtube,iabxMFFAt7s,Myntra Crop Shirts haul #shortsfeed #myntrafinds #cropshirt #collegeoutfits,UgwgQEQGZ3WmL2z3KgF4AaABAg,2026-04-07T06:49:42Z,1 link plz,0
youtube,iabxMFFAt7s,Myntra Crop Shirts haul #shortsfeed #myntrafinds #cropshirt #collegeoutfits,UgzlaHHZ5lkP2dmYV7p4AaABAg,2026-08-10T21:33:50Z,3rd shirt link please,0
youtube,iabxMFFAt7s,Myntra Crop Shirts haul #shortsfeed #myntrafinds #cropshirt #collegeoutfits,Ugw8L7Ct49LdxwUGz6h4AaABAg,2025-12-11T09:16:46Z,Name bataia,0
youtube,iabxMFFAt7s,Myntra Crop Shirts haul #shortsfeed #myntrafinds #cropshirt #collegeoutfits,UgygU_600l0mUmtIjRh4AaABAg,2025-12-31T04:27:15Z,2 linkkk,0
youtube,iabxMFFAt7s,Myntra Crop Shirts haul #shortsfeed #myntrafinds #cropshirt #collegeoutfits,UgzbLz_ROl9iYiGP8BR4AaABAg,2026-07-25T15:15:37Z,Linkkk,0
youtube,iabxMFFAt7s,Myntra Crop Shirts haul #shortsfeed #myntrafinds #cropshirt #collegeoutfits,UgzFRkLnfw_jHNH_Aut4AaABAg,2026-02-14T10:52:59Z,Hello girl's how are you??☺️,0
youtube,iabxMFFAt7s,Myntra Crop Shirts haul #shortsfeed #myntrafinds #cropshirt #collegeoutfits,UgzJwpbyiyAuDpgvLM14AaABAg,2026-07-19T12:11:06Z,Price,0
youtube,iabxMFFAt7s,Myntra Crop Shirts haul #shortsfeed #myntrafinds #cropshirt #collegeoutfits,UgweD9Dur3xHbkiwuLB4AaABAg,2025-07-26T16:01:06Z,Aaone jo white wala shirt pehena h uska 🔗,0
youtube,iabxMFFAt7s,Myntra Crop Shirts haul #shortsfeed #myntrafinds #cropshirt #collegeoutfits,Ugz0LOZ3BhRA6GDW0t94AaABAg,2026-06-25T08:51:14Z,Art and craft ideas laou cuch Naya bhi ho ga plzzzzzzzzzzzzzzzzzzzzzzzzzzzzzzzzzzzzzzzzzzzzzzzzz,0
youtube,iabxMFFAt7s,Myntra Crop Shirts haul #shortsfeed #myntrafinds #cropshirt #collegeoutfits,UgzcVzu6e0jTuFNj4ZB4AaABAg,2025-08-31T06:49:05Z,Jeans from?,5
youtube,iabxMFFAt7s,Myntra Crop Shirts haul #shortsfeed #myntrafinds #cropshirt #collegeoutfits,UgyLoNLciXdJUi-L-nB4AaABAg,2026-03-04T16:26:40Z,"First one is too good but too crop for me bcz of my height 😢😢😢
Why I'm so long 
Sometime I hate my height. 
Can't wear crop and high heels 😢😢",0
youtube,iabxMFFAt7s,Myntra Crop Shirts haul #shortsfeed #myntrafinds #cropshirt #collegeoutfits,UgzsL8fKD2_jVXAKMH54AaABAg,2025-06-12T14:26:38Z,Jeans link,1
youtube,iabxMFFAt7s,Myntra Crop Shirts haul #shortsfeed #myntrafinds #cropshirt #collegeoutfits,Ugz623i4fl3Fw5aELJh4AaABAg,2026-02-07T07:34:06Z,Kon kon meri trh comment padne aaya haii 😂😂😂😂,0
youtube,iabxMFFAt7s,Myntra Crop Shirts haul #shortsfeed #myntrafinds #cropshirt #collegeoutfits,UgyfYeBDqdM-4VVCPeh4AaABAg,2026-05-31T13:44:41Z,Kaldi kami hove,0
youtube,iabxMFFAt7s,Myntra Crop Shirts haul #shortsfeed #myntrafinds #cropshirt #collegeoutfits,Ugxn05h9OYb9R_em2wN4AaABAg,2025-06-12T16:02:34Z,"I am your subscriber ❤please corset haul ❤because i want, and i don't know how it is ❤ so please corset hual ❤
Please❤
Please❤
Please❤
Please❤
Please❤
Please❤
Please❤
Please❤
Please❤
Please❤
Please❤
Please❤
Please❤
Please❤
Please❤
Please❤
Please❤
Please❤
Please❤
❤❤❤",2
youtube,iabxMFFAt7s,Myntra Crop Shirts haul #shortsfeed #myntrafinds #cropshirt #collegeoutfits,UgzCYwd7UzwLH7kLRnV4AaABAg,2025-08-08T14:13:06Z,Myntra online are super thiefs.....They book order take money & do not deliver .....BE AWARE & NEVER ORDER ON MYNTRA,0
youtube,iabxMFFAt7s,Myntra Crop Shirts haul #shortsfeed #myntrafinds #cropshirt #collegeoutfits,UgwRcS_tjaFegQzcru54AaABAg,2025-11-12T09:20:24Z,All bakwas 💩,0
youtube,iabxMFFAt7s,Myntra Crop Shirts haul #shortsfeed #myntrafinds #cropshirt #collegeoutfits,UgxTQKxrQpSGMcXlBUZ4AaABAg,2025-06-16T06:06:23Z,".   🗯 so after all you learned how to 
🤵 smile I'm proud of you .
 You look amazing and stylish like always 
My comment is friendly 
I probably won't comment again 
But  I'am happy for you 
Stay safe and many blessings. 🫵🤵👌"" 1💙💙%",0
youtube,iabxMFFAt7s,Myntra Crop Shirts haul #shortsfeed #myntrafinds #cropshirt #collegeoutfits,Ugx6aVLzmWvyu52PDFd4AaABAg,2025-12-21T17:25:16Z,Link,0
youtube,iabxMFFAt7s,Myntra Crop Shirts haul #shortsfeed #myntrafinds #cropshirt #collegeoutfits,UgzT_qk-y4uY9WO0oa54AaABAg,2026-05-28T23:53:23Z,Jeans link,0
youtube,iabxMFFAt7s,Myntra Crop Shirts haul #shortsfeed #myntrafinds #cropshirt #collegeoutfits,UgyyKcGub94DlFollWZ4AaABAg,2026-07-03T17:05:47Z,Link plzzz,0
youtube,iabxMFFAt7s,Myntra Crop Shirts haul #shortsfeed #myntrafinds #cropshirt #collegeoutfits,UgyuKtV8uMxuIwoIEeB4AaABAg,2025-12-22T13:36:03Z,Link,0
youtube,iabxMFFAt7s,Myntra Crop Shirts haul #shortsfeed #myntrafinds #cropshirt #collegeoutfits,UgxHLsSsvDv_IiZjmZ54AaABAg,2026-07-12T13:15:47Z,Link please,0
youtube,iabxMFFAt7s,Myntra Crop Shirts haul #shortsfeed #myntrafinds #cropshirt #collegeoutfits,UgwDsYIwAgFUSWeJtHl4AaABAg,2025-12-31T16:06:38Z,Link,0
youtube,iabxMFFAt7s,Myntra Crop Shirts haul #shortsfeed #myntrafinds #cropshirt #collegeoutfits,UgxfiEVhkbNRn-PduoR4AaABAg,2026-01-12T07:53:54Z,Link,0
youtube,iabxMFFAt7s,Myntra Crop Shirts haul #shortsfeed #myntrafinds #cropshirt #collegeoutfits,UgznHRmfADxaSWMgt_h4AaABAg,2026-01-24T13:07:49Z,Link,0
youtube,iabxMFFAt7s,Myntra Crop Shirts haul #shortsfeed #myntrafinds #cropshirt #collegeoutfits,Ugy-a8InqoB3B6YFj7x4AaABAg,2026-01-25T19:22:02Z,Link,0
youtube,iabxMFFAt7s,Myntra Crop Shirts haul #shortsfeed #myntrafinds #cropshirt #collegeoutfits,Ugw4Q2miy3ubA8Im0O14AaABAg,2026-01-30T11:06:55Z,Link,0
youtube,iabxMFFAt7s,Myntra Crop Shirts haul #shortsfeed #myntrafinds #cropshirt #collegeoutfits,UgyUitPW42_rn12UaLx4AaABAg,2026-03-15T08:42:52Z,Link,0
youtube,iabxMFFAt7s,Myntra Crop Shirts haul #shortsfeed #myntrafinds #cropshirt #collegeoutfits,UgwdTlCCqdBNkhWJtcV4AaABAg,2026-03-15T08:42:59Z,Link,0
youtube,iabxMFFAt7s,Myntra Crop Shirts haul #shortsfeed #myntrafinds #cropshirt #collegeoutfits,UgxaKNbLduGs3DOO7MZ4AaABAg,2026-03-16T07:51:40Z,Link,0
youtube,iabxMFFAt7s,Myntra Crop Shirts haul #shortsfeed #myntrafinds #cropshirt #collegeoutfits,Ugy2vHNaZETt4gvP5tZ4AaABAg,2026-03-18T05:19:41Z,Link,0
youtube,iabxMFFAt7s,Myntra Crop Shirts haul #shortsfeed #myntrafinds #cropshirt #collegeoutfits,Ugy7-d_KqSUy9GKxO1R4AaABAg,2026-03-28T14:02:27Z,Link,0
youtube,iabxMFFAt7s,Myntra Crop Shirts haul #shortsfeed #myntrafinds #cropshirt #collegeoutfits,UgwZkQsLAjkNBaWq8WJ4AaABAg,2026-04-03T02:53:54Z,Link,0
youtube,iabxMFFAt7s,Myntra Crop Shirts haul #shortsfeed #myntrafinds #cropshirt #collegeoutfits,UgxI8qiOlmB7f2W5wfB4AaABAg,2026-04-25T18:13:39Z,Link,0
youtube,iabxMFFAt7s,Myntra Crop Shirts haul #shortsfeed #myntrafinds #cropshirt #collegeoutfits,UgwsmuHhJvoOKcrwNcp4AaABAg,2026-05-23T09:24:24Z,Link,0
youtube,iabxMFFAt7s,Myntra Crop Shirts haul #shortsfeed #myntrafinds #cropshirt #collegeoutfits,UgwjXhOnxyEV90ssQFd4AaABAg,2026-06-13T08:54:35Z,Link,0
youtube,iabxMFFAt7s,Myntra Crop Shirts haul #shortsfeed #myntrafinds #cropshirt #collegeoutfits,UgxWBNTht5k-9GhT21N4AaABAg,2026-06-15T21:39:12Z,Link,0
youtube,iabxMFFAt7s,Myntra Crop Shirts haul #shortsfeed #myntrafinds #cropshirt #collegeoutfits,UgxkHRf_DRFL1_iO3xh4AaABAg,2026-06-20T22:00:56Z,Link,0
youtube,iabxMFFAt7s,Myntra Crop Shirts haul #shortsfeed #myntrafinds #cropshirt #collegeoutfits,UgyKHpuhitAfaIUhHF14AaABAg,2026-06-22T13:40:52Z,Link,0
youtube,iabxMFFAt7s,Myntra Crop Shirts haul #shortsfeed #myntrafinds #cropshirt #collegeoutfits,UgwdPQ-wfR4AgKaW76p4AaABAg,2026-06-22T13:41:23Z,Link,0
youtube,oYhQdDeXdgQ,Myntra Affordable jeans haul #myntra #myntrahaul #instagram #fashion #jeans #myntrajeans #ootd,Ugwqk_uZoyPMvp30Qp14AaABAg,2026-08-10T10:11:42Z,"Check community post for link 
If Links are not clickable please copy and paste anywhere and click them it will work .",3
youtube,oYhQdDeXdgQ,Myntra Affordable jeans haul #myntra #myntrahaul #instagram #fashion #jeans #myntrajeans #ootd,Ugzz408pXJvSZ34XuKR4AaABAg,2026-08-11T13:03:09Z,Didi your look like a doll....❤,0
youtube,oYhQdDeXdgQ,Myntra Affordable jeans haul #myntra #myntrahaul #instagram #fashion #jeans #myntrajeans #ootd,Ugz0RESgfxMNjWjBSEl4AaABAg,2026-08-20T05:48:30Z,"Searching jeans and this shorts entered in my feed  😍
✨ wow such amazing collection hope will receive as a want",1
youtube,oYhQdDeXdgQ,Myntra Affordable jeans haul #myntra #myntrahaul #instagram #fashion #jeans #myntrajeans #ootd,UgwvHZZ0vjtArj8dwjh4AaABAg,2026-08-11T13:15:45Z,Didi aapke outfit jeans ho ya top ya fir suit me kya hi bolu ❤❤ etne achhe ki puchho hi mat❤,0
youtube,oYhQdDeXdgQ,Myntra Affordable jeans haul #myntra #myntrahaul #instagram #fashion #jeans #myntrajeans #ootd,UgxUj9ahNNe22S_RYMJ4AaABAg,2026-08-14T09:41:32Z,Bags haul please?,1
youtube,oYhQdDeXdgQ,Myntra Affordable jeans haul #myntra #myntrahaul #instagram #fashion #jeans #myntrajeans #ootd,Ugz8yHDl5pB3MnrIF9B4AaABAg,2026-08-10T11:36:16Z,Your look like a doll,1
youtube,oYhQdDeXdgQ,Myntra Affordable jeans haul #myntra #myntrahaul #instagram #fashion #jeans #myntrajeans #ootd,UgwHnib2glz1_O0N5Pl4AaABAg,2026-08-10T11:09:11Z,❤️oooooO❤❤❤,1
youtube,oYhQdDeXdgQ,Myntra Affordable jeans haul #myntra #myntrahaul #instagram #fashion #jeans #myntrajeans #ootd,UgylhYBl4jhfHrcDX9t4AaABAg,2026-08-10T17:34:24Z,Waw...❤,1
youtube,oYhQdDeXdgQ,Myntra Affordable jeans haul #myntra #myntrahaul #instagram #fashion #jeans #myntrajeans #ootd,Ugw4MWCqp8TJJgEiwD14AaABAg,2026-08-12T19:47:32Z,😊,0
youtube,oYhQdDeXdgQ,Myntra Affordable jeans haul #myntra #myntrahaul #instagram #fashion #jeans #myntrajeans #ootd,Ugw4O2XShlKbr0g8M014AaABAg,2026-08-13T06:35:53Z,First top ka link please ❤,0
youtube,oYhQdDeXdgQ,Myntra Affordable jeans haul #myntra #myntrahaul #instagram #fashion #jeans #myntrajeans #ootd,UgyaoJ_pn7fp0Eowb754AaABAg,2026-08-20T19:30:42Z,"Dii give the tops link also 
They are super cute",0
youtube,oYhQdDeXdgQ,Myntra Affordable jeans haul #myntra #myntrahaul #instagram #fashion #jeans #myntrajeans #ootd,Ugz3DtRzeRkB-EmfwWF4AaABAg,2026-08-13T08:20:29Z,What's ur height?!,1
youtube,oYhQdDeXdgQ,Myntra Affordable jeans haul #myntra #myntrahaul #instagram #fashion #jeans #myntrajeans #ootd,UgyifR5-EhSuubEF9wt4AaABAg,2026-08-13T20:59:12Z,She’s looking like kitty from ox kitty,0
youtube,oYhQdDeXdgQ,Myntra Affordable jeans haul #myntra #myntrahaul #instagram #fashion #jeans #myntrajeans #ootd,UgzaYMRU6swmdeerh554AaABAg,2026-08-10T13:19:55Z,Disney Princess came. In real world,1
youtube,oYhQdDeXdgQ,Myntra Affordable jeans haul #myntra #myntrahaul #instagram #fashion #jeans #myntrajeans #ootd,UgxXCOe8xVPeD-nCCJt4AaABAg,2026-08-11T05:22:50Z,Please suggest outfit fit for tracking at vaishno devi,1
youtube,oYhQdDeXdgQ,Myntra Affordable jeans haul #myntra #myntrahaul #instagram #fashion #jeans #myntrajeans #ootd,UgzVxfGm9-MOzscWgel4AaABAg,2026-08-13T08:04:57Z,Bhyi ye ldki itta kyu aari mere feed mein ...wo bhi issi song k sath 🙄🙄,0
youtube,oYhQdDeXdgQ,Myntra Affordable jeans haul #myntra #myntrahaul #instagram #fashion #jeans #myntrajeans #ootd,Ugz1C1ICJzVMEQjbQap4AaABAg,2026-08-11T09:53:27Z,Didi sneakers haul kro please,2
youtube,oYhQdDeXdgQ,Myntra Affordable jeans haul #myntra #myntrahaul #instagram #fashion #jeans #myntrajeans #ootd,Ugyvh_kTn0VX7ZeWbZh4AaABAg,2026-08-10T12:03:08Z,Isme se ek mujhe bhi dedo 😢😅😊,1
youtube,oYhQdDeXdgQ,Myntra Affordable jeans haul #myntra #myntrahaul #instagram #fashion #jeans #myntrajeans #ootd,UgyM9f3CkYzIIB2qeml4AaABAg,2026-08-21T15:18:30Z,What's ur weight,0
youtube,oYhQdDeXdgQ,Myntra Affordable jeans haul #myntra #myntrahaul #instagram #fashion #jeans #myntrajeans #ootd,Ugy5zgXGLwSqlUUJ9l54AaABAg,2026-08-21T15:47:26Z,Didi your height ? And which size have u ordered....?❤,0
youtube,oYhQdDeXdgQ,Myntra Affordable jeans haul #myntra #myntrahaul #instagram #fashion #jeans #myntrajeans #ootd,Ugxdn9rOM_nc1gCpX1J4AaABAg,2026-08-17T16:41:16Z,1st one ?,1
youtube,oYhQdDeXdgQ,Myntra Affordable jeans haul #myntra #myntrahaul #instagram #fashion #jeans #myntrajeans #ootd,Ugx9h0W4nlj1Jru79AJ4AaABAg,2026-08-10T16:29:17Z,Tops link,2
youtube,oYhQdDeXdgQ,Myntra Affordable jeans haul #myntra #myntrahaul #instagram #fashion #jeans #myntrajeans #ootd,UgwFQPeWQADzB7rt07x4AaABAg,2026-08-11T10:03:50Z,What is your waist size,2
youtube,oYhQdDeXdgQ,Myntra Affordable jeans haul #myntra #myntrahaul #instagram #fashion #jeans #myntrajeans #ootd,UgwBkjUC4XqjUlXFI0p4AaABAg,2026-08-10T13:15:02Z,What's your height,3
youtube,oYhQdDeXdgQ,Myntra Affordable jeans haul #myntra #myntrahaul #instagram #fashion #jeans #myntrajeans #ootd,UgzVyaf2RGHG6Vw4II14AaABAg,2026-08-10T18:06:11Z,Which size do u wear ?,1
youtube,oYhQdDeXdgQ,Myntra Affordable jeans haul #myntra #myntrahaul #instagram #fashion #jeans #myntrajeans #ootd,UgxfcLs-N2hhb-8CJFF4AaABAg,2026-08-17T13:01:07Z,"Hi, pls let me know your height, it would be easy for me to buy",1
youtube,oYhQdDeXdgQ,Myntra Affordable jeans haul #myntra #myntrahaul #instagram #fashion #jeans #myntrajeans #ootd,UgzQqKlLgAiJUO-56w54AaABAg,2026-08-10T14:32:57Z,Top link,1
youtube,oYhQdDeXdgQ,Myntra Affordable jeans haul #myntra #myntrahaul #instagram #fashion #jeans #myntrajeans #ootd,Ugxc3Or4R3vS0qJxNOJ4AaABAg,2026-08-16T11:46:57Z,First one top link,0
youtube,oYhQdDeXdgQ,Myntra Affordable jeans haul #myntra #myntrahaul #instagram #fashion #jeans #myntrajeans #ootd,UgyH9utpEou_3UyG_u14AaABAg,2026-08-11T03:13:11Z,Your height,1
youtube,oYhQdDeXdgQ,Myntra Affordable jeans haul #myntra #myntrahaul #instagram #fashion #jeans #myntrajeans #ootd,UgwB9Y7J3fydg3c-TeR4AaABAg,2026-08-10T13:55:26Z,🎀🤌,2
youtube,oYhQdDeXdgQ,Myntra Affordable jeans haul #myntra #myntrahaul #instagram #fashion #jeans #myntrajeans #ootd,UgxkES04NlJh65tD_nh4AaABAg,2026-08-10T15:54:15Z,link 🔗,1
youtube,oYhQdDeXdgQ,Myntra Affordable jeans haul #myntra #myntrahaul #instagram #fashion #jeans #myntrajeans #ootd,Ugx0LOZTdyRGuSxFsqd4AaABAg,2026-08-13T05:30:10Z,What is your height,1
youtube,oYhQdDeXdgQ,Myntra Affordable jeans haul #myntra #myntrahaul #instagram #fashion #jeans #myntrajeans #ootd,Ugyx4NsKIIfckRvnHZp4AaABAg,2026-08-15T05:39:54Z,Your height,0
youtube,vxwse_GxFhw,"Festive Wear Myntra Kurta Set Haul, Embroidered Kurta Pant Set With Dupatta, Anarkali Kurta Palazzo",Ugx6viORiBGHLkfLSqR4AaABAg,2026-08-13T10:27:48Z,Beautiful collection dii 🎉❤🎉,0
youtube,vxwse_GxFhw,"Festive Wear Myntra Kurta Set Haul, Embroidered Kurta Pant Set With Dupatta, Anarkali Kurta Palazzo",UgwqgkNXqbuQyNTX1ax4AaABAg,2026-08-13T08:08:34Z,Very beautiful collection ❤❤❤,0
youtube,vxwse_GxFhw,"Festive Wear Myntra Kurta Set Haul, Embroidered Kurta Pant Set With Dupatta, Anarkali Kurta Palazzo",UgyPfJ-w_2x7DXv8EJ54AaABAg,2026-08-13T06:59:23Z,Superb collection didu ❤❤,0
youtube,vxwse_GxFhw,"Festive Wear Myntra Kurta Set Haul, Embroidered Kurta Pant Set With Dupatta, Anarkali Kurta Palazzo",UgxDpfFXmyP53ZCU_Pd4AaABAg,2026-08-13T07:13:10Z,Amazing collection dear 🎉🎉,1
youtube,vxwse_GxFhw,"Festive Wear Myntra Kurta Set Haul, Embroidered Kurta Pant Set With Dupatta, Anarkali Kurta Palazzo",UgwtNskQLqzUlb_kQIZ4AaABAg,2026-08-13T08:51:23Z,Black kurta set bhut acha laga 🫶 aur app bhi bahut ache lag rhe ho blue kurta set mein 💙🌝,1
youtube,vxwse_GxFhw,"Festive Wear Myntra Kurta Set Haul, Embroidered Kurta Pant Set With Dupatta, Anarkali Kurta Palazzo",UgxCXzk0gj67H6a7uwx4AaABAg,2026-08-13T06:35:36Z,Bhut pyari lg rhi h aaj ap shikha di❤❤,0
youtube,vxwse_GxFhw,"Festive Wear Myntra Kurta Set Haul, Embroidered Kurta Pant Set With Dupatta, Anarkali Kurta Palazzo",Ugwr0A0IxzWhKzmkPYt4AaABAg,2026-08-13T14:34:09Z,Beautiful collection sharing ❤❤,0
youtube,vxwse_GxFhw,"Festive Wear Myntra Kurta Set Haul, Embroidered Kurta Pant Set With Dupatta, Anarkali Kurta Palazzo",UgwzoDe_Pxrz42oKAXF4AaABAg,2026-08-13T17:01:56Z,"Lovely collection, dear❤❤❤😂😂",0
youtube,vxwse_GxFhw,"Festive Wear Myntra Kurta Set Haul, Embroidered Kurta Pant Set With Dupatta, Anarkali Kurta Palazzo",UgxwkwyUFu5KNkppYf14AaABAg,2026-08-13T08:09:04Z,👍👌,0
youtube,vxwse_GxFhw,"Festive Wear Myntra Kurta Set Haul, Embroidered Kurta Pant Set With Dupatta, Anarkali Kurta Palazzo",UgxpEwN-IAER3r4k88h4AaABAg,2026-08-13T08:58:54Z,Di plz bright orange colour ki saree houl kijiye plz,0
youtube,vxwse_GxFhw,"Festive Wear Myntra Kurta Set Haul, Embroidered Kurta Pant Set With Dupatta, Anarkali Kurta Palazzo",Ugxlk0i_G0pg8cD6sqZ4AaABAg,2026-08-13T16:25:04Z,Sam m b solid kurta sets lover hu,0
youtube,vxwse_GxFhw,"Festive Wear Myntra Kurta Set Haul, Embroidered Kurta Pant Set With Dupatta, Anarkali Kurta Palazzo",UgxGo3xG_v5-n_jGrqN4AaABAg,2026-08-13T07:46:04Z,Ek ready to wear saree haul kijiye please,0
youtube,vxwse_GxFhw,"Festive Wear Myntra Kurta Set Haul, Embroidered Kurta Pant Set With Dupatta, Anarkali Kurta Palazzo",UgwUYXHOtOlfchFuYRt4AaABAg,2026-08-13T09:00:49Z,Upload haul video for footwear and trouser daily use,0
youtube,vxwse_GxFhw,"Festive Wear Myntra Kurta Set Haul, Embroidered Kurta Pant Set With Dupatta, Anarkali Kurta Palazzo",UgzpZslurAfpxsLP-pB4AaABAg,2026-08-13T13:44:36Z,Beautiful collection Shikha mam p bracelet ka link plz is video me tha  ♥️🙏,0
youtube,vxwse_GxFhw,"Festive Wear Myntra Kurta Set Haul, Embroidered Kurta Pant Set With Dupatta, Anarkali Kurta Palazzo",UgwdbxJuMOpRNuiOuYx4AaABAg,2026-08-13T10:38:30Z,Plz review kurta sets from All about you,0
youtube,vxwse_GxFhw,"Festive Wear Myntra Kurta Set Haul, Embroidered Kurta Pant Set With Dupatta, Anarkali Kurta Palazzo",UgxMUnVgjkt4_TspBIt4AaABAg,2026-08-13T06:37:02Z,Aapke kurta set sare beautiful hote Hain Ham confuse ho jaate Hain Kaun Sa le❤😢,0
youtube,vxwse_GxFhw,"Festive Wear Myntra Kurta Set Haul, Embroidered Kurta Pant Set With Dupatta, Anarkali Kurta Palazzo",Ugy69hUIhVhHnDnXwvd4AaABAg,2026-08-14T09:43:21Z,Shikha jii aap Bags ke bhi links dijiyega . Jo aapne video me carry kiye hai 😘,0
youtube,vxwse_GxFhw,"Festive Wear Myntra Kurta Set Haul, Embroidered Kurta Pant Set With Dupatta, Anarkali Kurta Palazzo",Ugw5JHpUOSLYAehK4ll4AaABAg,2026-08-13T06:34:21Z,Hi Poonam Dhillon🎉,0
youtube,vxwse_GxFhw,"Festive Wear Myntra Kurta Set Haul, Embroidered Kurta Pant Set With Dupatta, Anarkali Kurta Palazzo",UgzvM0BGsDHlahplAWR4AaABAg,2026-08-13T15:50:32Z,"Hello shika ji
Red sui ka link show nai ho raha h please provide link",0
youtube,vxwse_GxFhw,"Festive Wear Myntra Kurta Set Haul, Embroidered Kurta Pant Set With Dupatta, Anarkali Kurta Palazzo",Ugzc6serNQQhnkV5inJ4AaABAg,2026-08-13T16:02:06Z,Di watch review,0
youtube,vxwse_GxFhw,"Festive Wear Myntra Kurta Set Haul, Embroidered Kurta Pant Set With Dupatta, Anarkali Kurta Palazzo",UgxTv_c_di8bA3Rc9at4AaABAg,2026-08-19T03:23:06Z,Shikha mam aap jo kajal lgate ho daily makeup k liye uska link dijiye na please😊,0
youtube,vxwse_GxFhw,"Festive Wear Myntra Kurta Set Haul, Embroidered Kurta Pant Set With Dupatta, Anarkali Kurta Palazzo",Ugy7XcXeiB0w5rm7VOV4AaABAg,2026-08-13T06:33:55Z,Main to Kahti hoon Din mein Do video dala kariye mujhe Bahut acha Lagta hai video,1
youtube,vxwse_GxFhw,"Festive Wear Myntra Kurta Set Haul, Embroidered Kurta Pant Set With Dupatta, Anarkali Kurta Palazzo",UgzKu4a_CU4WHB4DfSR4AaABAg,2026-08-17T12:15:05Z,Mene indus ka red 🔴kurta set liya... Very nice👍,0
youtube,vxwse_GxFhw,"Festive Wear Myntra Kurta Set Haul, Embroidered Kurta Pant Set With Dupatta, Anarkali Kurta Palazzo",UgxALqCDCoSSlUn1hy54AaABAg,2026-08-13T13:56:50Z,Shikha red wale kurta set k link share kro isme attach nahi hai,0
youtube,vxwse_GxFhw,"Festive Wear Myntra Kurta Set Haul, Embroidered Kurta Pant Set With Dupatta, Anarkali Kurta Palazzo",UgzJ8-d4uclZXiFKJFp4AaABAg,2026-08-13T11:10:27Z,Apka link work nhi kr rha hai share the link of jump suit ya fr ap single link diya kijye wo open hojata hai,0
youtube,vxwse_GxFhw,"Festive Wear Myntra Kurta Set Haul, Embroidered Kurta Pant Set With Dupatta, Anarkali Kurta Palazzo",Ugw1k2_tQQFNbrgmi9Z4AaABAg,2026-08-13T07:05:38Z,Didu us yellow wale kurta set ka after wash bataye please,0
youtube,vxwse_GxFhw,"Festive Wear Myntra Kurta Set Haul, Embroidered Kurta Pant Set With Dupatta, Anarkali Kurta Palazzo",Ugz6HaY2soCpRSFJ4wB4AaABAg,2026-08-13T11:40:54Z,Red Wale suit ka to Link hi nh h,1
youtube,vxwse_GxFhw,"Festive Wear Myntra Kurta Set Haul, Embroidered Kurta Pant Set With Dupatta, Anarkali Kurta Palazzo",UgxxZoVbIdhJ9cLxXC14AaABAg,2026-08-13T08:02:33Z,Apke trust se hi order kiya buz ap bolte trust page h but abhi tk koi bhi reply de rahe saree bol rahe the 12 aug ko received ho jayegi but abhi tk kuch nhi aya h,0
youtube,vxwse_GxFhw,"Festive Wear Myntra Kurta Set Haul, Embroidered Kurta Pant Set With Dupatta, Anarkali Kurta Palazzo",UgyO4dvobQkPlmQ4udN4AaABAg,2026-08-13T19:54:24Z,Didi red suit ka link de do,0
youtube,vxwse_GxFhw,"Festive Wear Myntra Kurta Set Haul, Embroidered Kurta Pant Set With Dupatta, Anarkali Kurta Palazzo",UgzZ0n1gOuhijTFxlXZ4AaABAg,2026-08-13T19:51:24Z,Didi pants houl kro teshirt or top v dikhna or plz abhi bahut sare fastival h myntra se julri houl kro plz,0
youtube,vxwse_GxFhw,"Festive Wear Myntra Kurta Set Haul, Embroidered Kurta Pant Set With Dupatta, Anarkali Kurta Palazzo",UgzcwvBwV1dzcmQ12Il4AaABAg,2026-08-13T17:14:17Z,Red kurta ki link nhi di h aap,0
youtube,vxwse_GxFhw,"Festive Wear Myntra Kurta Set Haul, Embroidered Kurta Pant Set With Dupatta, Anarkali Kurta Palazzo",UgzxHy9uppJf8kT4Rop4AaABAg,2026-08-13T09:45:20Z,Jump suits me thodi problem hotihe mem,0
youtube,vxwse_GxFhw,"Festive Wear Myntra Kurta Set Haul, Embroidered Kurta Pant Set With Dupatta, Anarkali Kurta Palazzo",Ugy2PPfrl2l66t47OgB4AaABAg,2026-08-13T07:33:00Z,But nhi kr rha h,0
youtube,vxwse_GxFhw,"Festive Wear Myntra Kurta Set Haul, Embroidered Kurta Pant Set With Dupatta, Anarkali Kurta Palazzo",UgzbPo4yTve_KAZFbTd4AaABAg,2026-08-13T15:49:09Z,Solid kurta set office were k liye daily wear shi rhenga????,0
youtube,vxwse_GxFhw,"Festive Wear Myntra Kurta Set Haul, Embroidered Kurta Pant Set With Dupatta, Anarkali Kurta Palazzo",UgwKdJF9wriI2IOElXx4AaABAg,2026-08-13T14:38:55Z,Red suit link,0
youtube,vxwse_GxFhw,"Festive Wear Myntra Kurta Set Haul, Embroidered Kurta Pant Set With Dupatta, Anarkali Kurta Palazzo",UgwBgYWVIuac8yFWREp4AaABAg,2026-08-13T16:58:57Z,"Shikha ek bat btao ye jo blue suit apne pehna hai uska jo silver work hai wo dehati types ya phi chamak toh nhi rha
Kuu ki vedio me bhi ye bat smjhnhi arhe hai ,but colour bhot sundrr hai  mjhe lena hai",0
youtube,vxwse_GxFhw,"Festive Wear Myntra Kurta Set Haul, Embroidered Kurta Pant Set With Dupatta, Anarkali Kurta Palazzo",UgwsMKzfvank7DTRLqJ4AaABAg,2026-08-13T06:54:19Z,Solid kurta set dikhya vo office me daily wear shi rhenga?????,0
youtube,vxwse_GxFhw,"Festive Wear Myntra Kurta Set Haul, Embroidered Kurta Pant Set With Dupatta, Anarkali Kurta Palazzo",Ugy63ouw5of3bjFbPa54AaABAg,2026-08-13T06:37:11Z,Shikha mam kindly share the link of red suit there’s not showing red suit link,4
youtube,vxwse_GxFhw,"Festive Wear Myntra Kurta Set Haul, Embroidered Kurta Pant Set With Dupatta, Anarkali Kurta Palazzo",Ugzb-fPCsUqEZsHlbU94AaABAg,2026-08-13T07:09:54Z,Di red vale suit mein small size ni dikha rha,0
youtube,vxwse_GxFhw,"Festive Wear Myntra Kurta Set Haul, Embroidered Kurta Pant Set With Dupatta, Anarkali Kurta Palazzo",UgxbwpfF5X3GortioEh4AaABAg,2026-08-13T06:50:22Z,Shikha mam red wala link please,0
youtube,vxwse_GxFhw,"Festive Wear Myntra Kurta Set Haul, Embroidered Kurta Pant Set With Dupatta, Anarkali Kurta Palazzo",UgzXuZ60jbCz9yFuQXx4AaABAg,2026-08-13T06:56:18Z,"Haan, red suit ka link nhi dikha mujhe bhi",0
youtube,vxwse_GxFhw,"Festive Wear Myntra Kurta Set Haul, Embroidered Kurta Pant Set With Dupatta, Anarkali Kurta Palazzo",Ugz5ume3CM1gXBDjNOR4AaABAg,2026-08-13T12:10:14Z,Aap jo khud pahne rahti h uski link kyon nahi deti?,0
youtube,vxwse_GxFhw,"Festive Wear Myntra Kurta Set Haul, Embroidered Kurta Pant Set With Dupatta, Anarkali Kurta Palazzo",Ugzg_IHaEYERSMTE1SZ4AaABAg,2026-08-13T10:23:28Z,Red suit ka link nhi hai ....pls share kare,0
youtube,vxwse_GxFhw,"Festive Wear Myntra Kurta Set Haul, Embroidered Kurta Pant Set With Dupatta, Anarkali Kurta Palazzo",UgxNwUs9s4NN8j-ziK54AaABAg,2026-08-13T09:34:41Z,Di please necklace link digiye,0
youtube,vxwse_GxFhw,"Festive Wear Myntra Kurta Set Haul, Embroidered Kurta Pant Set With Dupatta, Anarkali Kurta Palazzo",UgxgXRtNQQHibajZi6x4AaABAg,2026-08-13T08:47:04Z,Mam red suit ka link  de dijiye,0
youtube,vxwse_GxFhw,"Festive Wear Myntra Kurta Set Haul, Embroidered Kurta Pant Set With Dupatta, Anarkali Kurta Palazzo",UgxF1XRQjxX27mUGGmN4AaABAg,2026-08-13T06:40:57Z,Hi shikha Red kurta set ka link nhi diya aap ne,0
youtube,vxwse_GxFhw,"Festive Wear Myntra Kurta Set Haul, Embroidered Kurta Pant Set With Dupatta, Anarkali Kurta Palazzo",Ugw-oQktBBdPRn9xga94AaABAg,2026-08-19T10:06:24Z,❤❤🎉🎉🎉😅😅😅😅,0
youtube,vxwse_GxFhw,"Festive Wear Myntra Kurta Set Haul, Embroidered Kurta Pant Set With Dupatta, Anarkali Kurta Palazzo",UgzxjpB0apA8QmtxFNR4AaABAg,2026-08-13T06:44:55Z,Red kurta sets link. Dijiye,0
youtube,vxwse_GxFhw,"Festive Wear Myntra Kurta Set Haul, Embroidered Kurta Pant Set With Dupatta, Anarkali Kurta Palazzo",Ugw32S2z96TceP0dvlh4AaABAg,2026-08-13T06:46:06Z,Sabse Sundar red wala hai uska link aapne dya he nhi hai😮,1
youtube,vxwse_GxFhw,"Festive Wear Myntra Kurta Set Haul, Embroidered Kurta Pant Set With Dupatta, Anarkali Kurta Palazzo",UgzZC4qtIqjAt02DDmZ4AaABAg,2026-08-13T09:02:34Z,Red kurta set ka link nahi description me,0
youtube,vxwse_GxFhw,"Festive Wear Myntra Kurta Set Haul, Embroidered Kurta Pant Set With Dupatta, Anarkali Kurta Palazzo",Ugwpqf7j91gA1vKHtzB4AaABAg,2026-08-13T07:51:20Z,Di red vale ka link please,0
youtube,vxwse_GxFhw,"Festive Wear Myntra Kurta Set Haul, Embroidered Kurta Pant Set With Dupatta, Anarkali Kurta Palazzo",UgycCLcSlxDEwXqvKMR4AaABAg,2026-08-13T07:43:20Z,Red wale ka link ni h di,0
youtube,vxwse_GxFhw,"Festive Wear Myntra Kurta Set Haul, Embroidered Kurta Pant Set With Dupatta, Anarkali Kurta Palazzo",UgxlB6EloXXrgehAxfx4AaABAg,2026-08-13T07:43:38Z,Red kurta link nhi di aapne,0
youtube,vxwse_GxFhw,"Festive Wear Myntra Kurta Set Haul, Embroidered Kurta Pant Set With Dupatta, Anarkali Kurta Palazzo",UgxbvzcBdqIt80hH0mh4AaABAg,2026-08-13T06:38:17Z,Red vale ka Link kha h,1
youtube,vxwse_GxFhw,"Festive Wear Myntra Kurta Set Haul, Embroidered Kurta Pant Set With Dupatta, Anarkali Kurta Palazzo",UgwADdiqhq94ubx0RsN4AaABAg,2026-08-13T06:43:47Z,Red suit ka link nhi hai,0
youtube,vxwse_GxFhw,"Festive Wear Myntra Kurta Set Haul, Embroidered Kurta Pant Set With Dupatta, Anarkali Kurta Palazzo",UgxfBdylF3-E5kaiGPF4AaABAg,2026-08-13T08:43:46Z,No link for red colour dress,0
youtube,vxwse_GxFhw,"Festive Wear Myntra Kurta Set Haul, Embroidered Kurta Pant Set With Dupatta, Anarkali Kurta Palazzo",UgzzBodbw1rTHgBFxeF4AaABAg,2026-08-13T06:38:11Z,Red kurta set ka link please,1
youtube,vxwse_GxFhw,"Festive Wear Myntra Kurta Set Haul, Embroidered Kurta Pant Set With Dupatta, Anarkali Kurta Palazzo",UgyrCsEWQ_DyskRcyfF4AaABAg,2026-08-13T08:10:09Z,Red ka link nhi hai,0
youtube,vxwse_GxFhw,"Festive Wear Myntra Kurta Set Haul, Embroidered Kurta Pant Set With Dupatta, Anarkali Kurta Palazzo",UgyJkoEI85HvFDaasZx4AaABAg,2026-08-13T08:10:32Z,View products mei bhi nhi show ho raha,0
youtube,vxwse_GxFhw,"Festive Wear Myntra Kurta Set Haul, Embroidered Kurta Pant Set With Dupatta, Anarkali Kurta Palazzo",UgzDDteLxPF-6IEX6u54AaABAg,2026-08-13T06:47:24Z,Ek Indus suit ka link nhi hai,0
youtube,vxwse_GxFhw,"Festive Wear Myntra Kurta Set Haul, Embroidered Kurta Pant Set With Dupatta, Anarkali Kurta Palazzo",UgymmtClMWmRfUTZGNF4AaABAg,2026-08-13T06:43:07Z,Red wala suit ka link Nai Hai,0
youtube,vxwse_GxFhw,"Festive Wear Myntra Kurta Set Haul, Embroidered Kurta Pant Set With Dupatta, Anarkali Kurta Palazzo",UgxzgR_xm5fHGhoKFdd4AaABAg,2026-08-13T06:44:13Z,Red vala to hai hi nhi,0
youtube,vxwse_GxFhw,"Festive Wear Myntra Kurta Set Haul, Embroidered Kurta Pant Set With Dupatta, Anarkali Kurta Palazzo",UgyopzkjMGDnOo5YuJZ4AaABAg,2026-08-13T08:41:08Z,Red ka link send Karo,0
youtube,vxwse_GxFhw,"Festive Wear Myntra Kurta Set Haul, Embroidered Kurta Pant Set With Dupatta, Anarkali Kurta Palazzo",UgxEBW_mvSpMACfib2x4AaABAg,2026-08-13T10:41:38Z,Red suit no link,0
youtube,vxwse_GxFhw,"Festive Wear Myntra Kurta Set Haul, Embroidered Kurta Pant Set With Dupatta, Anarkali Kurta Palazzo",UgzpOxmNqOR5tV6pk7R4AaABAg,2026-08-13T08:00:28Z,Pakhi collection bale bolte 7 se 9 din m received ho jayega but 20 days tk koi tracking id no bhi nhi na koi msg ka reply dete na call received karte h kya ye fake page h kya mam,0
youtube,vxwse_GxFhw,"Festive Wear Myntra Kurta Set Haul, Embroidered Kurta Pant Set With Dupatta, Anarkali Kurta Palazzo",UgysksSNHbGbzAazmOV4AaABAg,2026-08-13T07:59:13Z,Red to h hi nh,0
youtube,vxwse_GxFhw,"Festive Wear Myntra Kurta Set Haul, Embroidered Kurta Pant Set With Dupatta, Anarkali Kurta Palazzo",Ugy-dky0OEHcrFETBXF4AaABAg,2026-08-13T15:34:23Z,Bechare bachon ko bhi tv mute me dekhna pad ra 😅😅,0
youtube,vxwse_GxFhw,"Festive Wear Myntra Kurta Set Haul, Embroidered Kurta Pant Set With Dupatta, Anarkali Kurta Palazzo",UgxT8HTdeNh0ljEMvzh4AaABAg,2026-08-18T11:55:30Z,Shikha ji Maine red suit mangwaya lekin jaisa aapane dikhaya vaisa nahin aaya yah company wale Dhokha karte hain ya aap hamare sath,0
youtube,vxwse_GxFhw,"Festive Wear Myntra Kurta Set Haul, Embroidered Kurta Pant Set With Dupatta, Anarkali Kurta Palazzo",Ugy7iDB0iuvMDIQUiNF4AaABAg,2026-08-13T07:05:45Z,Aap kaise ho sikha please red wale kurta set kar link share karo,0
youtube,vxwse_GxFhw,"Festive Wear Myntra Kurta Set Haul, Embroidered Kurta Pant Set With Dupatta, Anarkali Kurta Palazzo",Ugz9AbISz3s-RixcEdZ4AaABAg,2026-08-13T09:25:51Z,Link for red kurta set,0
youtube,vxwse_GxFhw,"Festive Wear Myntra Kurta Set Haul, Embroidered Kurta Pant Set With Dupatta, Anarkali Kurta Palazzo",Ugz9LY2aCWCoJMQVPEt4AaABAg,2026-08-13T06:49:35Z,Red Wale suit ka link nhi hai,0
youtube,vxwse_GxFhw,"Festive Wear Myntra Kurta Set Haul, Embroidered Kurta Pant Set With Dupatta, Anarkali Kurta Palazzo",UgyRnkBOjFPnz9I8O-Z4AaABAg,2026-08-13T08:59:44Z,Red suit link is not there,0
youtube,vxwse_GxFhw,"Festive Wear Myntra Kurta Set Haul, Embroidered Kurta Pant Set With Dupatta, Anarkali Kurta Palazzo",UgyHBJOCteWjeadGOhN4AaABAg,2026-08-13T06:55:20Z,Red wale suit ka link nhi hai,0
youtube,vxwse_GxFhw,"Festive Wear Myntra Kurta Set Haul, Embroidered Kurta Pant Set With Dupatta, Anarkali Kurta Palazzo",UgxHfR_gnQ1btqCtmhR4AaABAg,2026-08-13T18:08:59Z,Red wale ka link nhi hai,0
youtube,L1P87qw3IX0,Myntra cutest Affordable Tops #myntra #myntrahaul #fashion #instagram #tops #myntratop #ootd #outfit,Ugy7jyRnAmxCKkxYfF54AaABAg,2026-08-18T09:41:34Z,"Check community post for link 
If Links are not clickable please copy and paste anywhere and click them it will work .",2
youtube,L1P87qw3IX0,Myntra cutest Affordable Tops #myntra #myntrahaul #fashion #instagram #tops #myntratop #ootd #outfit,UgyzCZmBLYJuUDjCLjN4AaABAg,2026-08-18T16:42:58Z,Dii Can you please tell me what haircut is yours ..and how did you styled it 🤞 .It suits you so much 😭Please tell me 🥹 ..This is my first time commenting in any video,0
youtube,L1P87qw3IX0,Myntra cutest Affordable Tops #myntra #myntrahaul #fashion #instagram #tops #myntratop #ootd #outfit,UgxyeKgq8L7agl_Wc-l4AaABAg,2026-08-18T13:05:55Z,Mera naam bhi yogita hi hai 😊,2
youtube,L1P87qw3IX0,Myntra cutest Affordable Tops #myntra #myntrahaul #fashion #instagram #tops #myntratop #ootd #outfit,UgxMopRHAcL5pTWhpAp4AaABAg,2026-08-18T15:44:02Z,Brand ambassador of this song 😁,4
youtube,L1P87qw3IX0,Myntra cutest Affordable Tops #myntra #myntrahaul #fashion #instagram #tops #myntratop #ootd #outfit,UgzSGjVXxsYlz31h99V4AaABAg,2026-08-19T03:49:06Z,❤❤❤,1
youtube,L1P87qw3IX0,Myntra cutest Affordable Tops #myntra #myntrahaul #fashion #instagram #tops #myntratop #ootd #outfit,UgzGj8XjXIx50de2ZzR4AaABAg,2026-08-18T10:41:00Z,"Which jeans are you wearing, been looking for this shade and style",0
youtube,L1P87qw3IX0,Myntra cutest Affordable Tops #myntra #myntrahaul #fashion #instagram #tops #myntratop #ootd #outfit,UgyTv5EndcRGzTS1Tkx4AaABAg,2026-08-18T10:47:26Z,Give away publically at 100k?,2
youtube,L1P87qw3IX0,Myntra cutest Affordable Tops #myntra #myntrahaul #fashion #instagram #tops #myntratop #ootd #outfit,Ugxl4BKjY4BZZxE2Apx4AaABAg,2026-08-18T16:05:08Z,link of the olive green top please i can't find it,1
youtube,L1P87qw3IX0,Myntra cutest Affordable Tops #myntra #myntrahaul #fashion #instagram #tops #myntratop #ootd #outfit,UgzuJe81rIg_-hzX2at4AaABAg,2026-08-18T16:15:03Z,Black heels link please,1
youtube,L1P87qw3IX0,Myntra cutest Affordable Tops #myntra #myntrahaul #fashion #instagram #tops #myntratop #ootd #outfit,UgwK8-ccOtfRn5xV4iJ4AaABAg,2026-08-19T05:44:26Z,Nice 👍🏻,1
youtube,L1P87qw3IX0,Myntra cutest Affordable Tops #myntra #myntrahaul #fashion #instagram #tops #myntratop #ootd #outfit,Ugxsr4EpFFgu_bBukud4AaABAg,2026-08-18T11:17:58Z,What’s your height,1
youtube,L1P87qw3IX0,Myntra cutest Affordable Tops #myntra #myntrahaul #fashion #instagram #tops #myntratop #ootd #outfit,Ugz-wr41IR3RWEsN27R4AaABAg,2026-08-18T16:54:00Z,Green top link?,1
youtube,L1P87qw3IX0,Myntra cutest Affordable Tops #myntra #myntrahaul #fashion #instagram #tops #myntratop #ootd #outfit,UgyQdKHP3dDRFHdCH0t4AaABAg,2026-08-19T13:00:05Z,Link,1
youtube,L1P87qw3IX0,Myntra cutest Affordable Tops #myntra #myntrahaul #fashion #instagram #tops #myntratop #ootd #outfit,UgyKv_T2M7Mha1h947V4AaABAg,2026-08-22T02:52:41Z,Jeans 👖 like please,0
youtube,_N8YcUXNl3o,"Myntra rakhi,festive suit,saree,lehenga haul | Myntra haul | #myntrahaul #youtubeshorts #rakhi",Ugys9gI25DW14xLuMbl4AaABAg,2026-08-21T19:09:47Z,I just love it ❤,0
youtube,_N8YcUXNl3o,"Myntra rakhi,festive suit,saree,lehenga haul | Myntra haul | #myntrahaul #youtubeshorts #rakhi",UgyFra2Lx4xLQsYL4ZR4AaABAg,2026-08-20T17:20:47Z,❤,0
youtube,_N8YcUXNl3o,"Myntra rakhi,festive suit,saree,lehenga haul | Myntra haul | #myntrahaul #youtubeshorts #rakhi",UgzUXNcYImFYlL-SAnB4AaABAg,2026-08-20T17:01:15Z,Didi ka favorites song h shayad😭🤌🏻,0
youtube,_N8YcUXNl3o,"Myntra rakhi,festive suit,saree,lehenga haul | Myntra haul | #myntrahaul #youtubeshorts #rakhi",UgzHh8R2mnvMWmauE-l4AaABAg,2026-08-21T15:40:40Z,She somehow resembles manisha rani  didi,0
youtube,_N8YcUXNl3o,"Myntra rakhi,festive suit,saree,lehenga haul | Myntra haul | #myntrahaul #youtubeshorts #rakhi",UgwmBcApYJFqLnAyPKh4AaABAg,2026-08-21T13:31:30Z,Brown kurta link,0
youtube,_N8YcUXNl3o,"Myntra rakhi,festive suit,saree,lehenga haul | Myntra haul | #myntrahaul #youtubeshorts #rakhi",Ugzz-UlkDX8qxnu1-Ph4AaABAg,2026-08-21T14:31:49Z,2nd one🤮,0
youtube,_N8YcUXNl3o,"Myntra rakhi,festive suit,saree,lehenga haul | Myntra haul | #myntrahaul #youtubeshorts #rakhi",UgxxnzWcT9UAklAzY3F4AaABAg,2026-08-21T05:25:48Z,❤❤❤,0
youtube,_N8YcUXNl3o,"Myntra rakhi,festive suit,saree,lehenga haul | Myntra haul | #myntrahaul #youtubeshorts #rakhi",UgxeQDFeS9n9gRjgLgx4AaABAg,2026-08-21T05:30:33Z,❤❤,0
youtube,_N8YcUXNl3o,"Myntra rakhi,festive suit,saree,lehenga haul | Myntra haul | #myntrahaul #youtubeshorts #rakhi",UgwNGuyu2itm6ddFmfd4AaABAg,2026-08-21T10:04:15Z,❤❤❤❤,0
youtube,hB2at5QJlJQ,Myntra Cute Tops!!! 😍 #myntra#grwm#makeup#myntrahaul #viral#meesho#ashortaday#tops#trending#explore,Ugy_e6ML3q5IbyhvJVB4AaABAg,2025-09-10T10:55:59Z,Plss make a tutorial on how do u edit ur videos,0
youtube,hB2at5QJlJQ,Myntra Cute Tops!!! 😍 #myntra#grwm#makeup#myntrahaul #viral#meesho#ashortaday#tops#trending#explore,UgxNGD8xoNFqlJcL9pd4AaABAg,2026-08-05T12:14:18Z,Oh so cute,0
youtube,hB2at5QJlJQ,Myntra Cute Tops!!! 😍 #myntra#grwm#makeup#myntrahaul #viral#meesho#ashortaday#tops#trending#explore,Ugwkl98cByTZxboK7BN4AaABAg,2026-07-15T15:15:24Z,I also have red top ❤,1
youtube,hB2at5QJlJQ,Myntra Cute Tops!!! 😍 #myntra#grwm#makeup#myntrahaul #viral#meesho#ashortaday#tops#trending#explore,Ugz9kKdOpKrmJw8wO_54AaABAg,2025-09-10T03:12:18Z,Please di community post par link share karo apke sare video ka kyunki tag Kara product link open nahi hota hain,0
youtube,hB2at5QJlJQ,Myntra Cute Tops!!! 😍 #myntra#grwm#makeup#myntrahaul #viral#meesho#ashortaday#tops#trending#explore,Ugx4OdTQzs7J2ac_wUd4AaABAg,2025-09-09T17:22:52Z,My cutie ❤,0
youtube,hB2at5QJlJQ,Myntra Cute Tops!!! 😍 #myntra#grwm#makeup#myntrahaul #viral#meesho#ashortaday#tops#trending#explore,UgzOLns62mi1EaEVHqt4AaABAg,2026-07-11T17:00:10Z,Waaooo so preetyyyy can u please provide the link of trouser❤❤I like it❤️,1
youtube,hB2at5QJlJQ,Myntra Cute Tops!!! 😍 #myntra#grwm#makeup#myntrahaul #viral#meesho#ashortaday#tops#trending#explore,UgwSuLXpAZYckkmZ1lN4AaABAg,2025-10-10T06:08:33Z,❤❤❤❤❤,0
youtube,hB2at5QJlJQ,Myntra Cute Tops!!! 😍 #myntra#grwm#makeup#myntrahaul #viral#meesho#ashortaday#tops#trending#explore,UgxSQnxT2tCJTqJIzH94AaABAg,2026-06-25T14:33:05Z,Pants from?,0
youtube,hB2at5QJlJQ,Myntra Cute Tops!!! 😍 #myntra#grwm#makeup#myntrahaul #viral#meesho#ashortaday#tops#trending#explore,Ugw_5Fx2JrgwKHR_mGt4AaABAg,2026-07-23T03:01:17Z,pants links please which brand?,0
youtube,hB2at5QJlJQ,Myntra Cute Tops!!! 😍 #myntra#grwm#makeup#myntrahaul #viral#meesho#ashortaday#tops#trending#explore,UgzmQ5o05toa69EmdV54AaABAg,2026-05-09T15:51:21Z,2 re top ki link dedo please,3
youtube,hB2at5QJlJQ,Myntra Cute Tops!!! 😍 #myntra#grwm#makeup#myntrahaul #viral#meesho#ashortaday#tops#trending#explore,UgzI9kD3sXf5wPABk0F4AaABAg,2026-06-09T05:32:10Z,2nd top,0
youtube,hB2at5QJlJQ,Myntra Cute Tops!!! 😍 #myntra#grwm#makeup#myntrahaul #viral#meesho#ashortaday#tops#trending#explore,Ugxg0TBNuPQfbQU7sB54AaABAg,2026-07-12T11:24:04Z,Please send the link,0
youtube,hB2at5QJlJQ,Myntra Cute Tops!!! 😍 #myntra#grwm#makeup#myntrahaul #viral#meesho#ashortaday#tops#trending#explore,UgzgY4Lt6cOzn34-8Ox4AaABAg,2026-05-18T06:56:49Z,1st top link,0
youtube,hB2at5QJlJQ,Myntra Cute Tops!!! 😍 #myntra#grwm#makeup#myntrahaul #viral#meesho#ashortaday#tops#trending#explore,UgzdK3EMLI9e_p3b7VJ4AaABAg,2026-06-02T06:52:26Z,Link pls,0
youtube,hB2at5QJlJQ,Myntra Cute Tops!!! 😍 #myntra#grwm#makeup#myntrahaul #viral#meesho#ashortaday#tops#trending#explore,UgxxvjVoHdQWFyElpnJ4AaABAg,2026-05-31T12:57:24Z,2 nd top 🔗 link,0
youtube,hB2at5QJlJQ,Myntra Cute Tops!!! 😍 #myntra#grwm#makeup#myntrahaul #viral#meesho#ashortaday#tops#trending#explore,UgxsyAd1MbAOoKjiHgZ4AaABAg,2025-10-09T16:55:41Z,Link,0
youtube,hB2at5QJlJQ,Myntra Cute Tops!!! 😍 #myntra#grwm#makeup#myntrahaul #viral#meesho#ashortaday#tops#trending#explore,Ugzgk4HTwO5r4tQOu7x4AaABAg,2026-06-01T16:56:43Z,2nd top ki link,1
youtube,hB2at5QJlJQ,Myntra Cute Tops!!! 😍 #myntra#grwm#makeup#myntrahaul #viral#meesho#ashortaday#tops#trending#explore,UgwpOXYSowWx9n_tTUZ4AaABAg,2025-09-10T00:51:03Z,Jiji please messho se batvo ye to bohot mahnga hai 😢,2
youtube,hB2at5QJlJQ,Myntra Cute Tops!!! 😍 #myntra#grwm#makeup#myntrahaul #viral#meesho#ashortaday#tops#trending#explore,UgxFCTzKSaJgnlCfoL94AaABAg,2026-04-08T12:06:17Z,White valya mene lla,0
youtube,hB2at5QJlJQ,Myntra Cute Tops!!! 😍 #myntra#grwm#makeup#myntrahaul #viral#meesho#ashortaday#tops#trending#explore,UgxGcofg8DAJ2YxA2iZ4AaABAg,2026-04-16T04:12:05Z,Iink,0
youtube,hB2at5QJlJQ,Myntra Cute Tops!!! 😍 #myntra#grwm#makeup#myntrahaul #viral#meesho#ashortaday#tops#trending#explore,UgyUlpWHwzJPCoBjNSh4AaABAg,2025-11-14T07:38:00Z,Link,0
youtube,hB2at5QJlJQ,Myntra Cute Tops!!! 😍 #myntra#grwm#makeup#myntrahaul #viral#meesho#ashortaday#tops#trending#explore,Ugymq8ZnuqR3w9ir6XB4AaABAg,2026-07-05T03:35:19Z,Link,0
youtube,hB2at5QJlJQ,Myntra Cute Tops!!! 😍 #myntra#grwm#makeup#myntrahaul #viral#meesho#ashortaday#tops#trending#explore,UgybI4O4RIZqieK9R454AaABAg,2026-07-12T11:57:47Z,Link,0
youtube,hB2at5QJlJQ,Myntra Cute Tops!!! 😍 #myntra#grwm#makeup#myntrahaul #viral#meesho#ashortaday#tops#trending#explore,Ugz-e0VWdt6BsXIGV6R4AaABAg,2026-08-08T06:00:16Z,Link,0
