source,id,date,text,engagement_score,rating_if_available
playstore,92973e72-8d1b-4677-9e4d-48034c428815,2026-08-19T23:45:38,"myntra product quality original A1,and paking just wow",0,5
playstore,5973ede2-38dc-4d6f-ac9b-d1f6977c42d0,2026-08-19T23:39:19,Very easy to use and quality of the product is very good,0,5
playstore,32f45751-6604-4b57-89ff-a6ee52825769,2026-08-19T23:34:16,trusted online aap myntra quality very best & branded original item 👌,0,5
playstore,701a5197-6933-489b-91e9-9d7bdb3f7dce,2026-08-19T23:32:09,Good App that sells genuine products Very good UI,0,5
playstore,7f429698-5636-46d1-8ad4-1d9aa00820ac,2026-08-19T23:26:22,this is a good app i like it very very much.. i all time use this app for purchase purpose.,0,5
playstore,233da6ec-3ae0-4505-88b2-9aa7e8761059,2026-08-19T23:24:47,I've used the app it's very great best one,0,5
playstore,c2c3aba9-c159-4ef9-bd0a-2e39405943ef,2026-08-19T23:23:10,worst app ever the order gets cancelled after waiting for long time without any prior information about cancelled product and the refund money used to get in account after several days,0,1
playstore,21fa8d22-ebc4-423f-90cd-d7d32a08da4c,2026-08-19T23:21:34,worst app . no customer service,0,1
playstore,24aff929-d679-4ae1-89bb-549c4d79b6a9,2026-08-19T23:12:32,Myntra is known for its quality products. keep it up 💪,0,5
playstore,097e1981-04cb-46ac-b43e-e92dbc47ff9e,2026-08-19T23:11:37,nice myntra app,0,5
playstore,c1456cf9-bb99-4dc7-8856-000c3db56cb0,2026-08-19T23:03:26,everything branded product ✨️,0,5
playstore,45468760-6192-484e-ab4a-9d6338a26c24,2026-08-19T23:03:24,Best aap for online shopping,0,5
playstore,b327584d-31b0-48fb-8677-13d3a6f19b23,2026-08-19T23:01:36,it's too smooth,0,5
playstore,1796fd0f-08fb-4f16-8273-03c5676a0896,2026-08-19T22:58:21,best platform to go with trend 😍😍💖,0,5
playstore,97de2371-e82b-4b00-9397-488279ae9df2,2026-08-19T22:55:25,Good experience,0,5
playstore,0de19a08-de32-4e1a-9957-ffac0a836d74,2026-08-19T22:53:19,As a young girl it is always best experience to do shopping but if it's myntra shopping naturally becomes a hobby 😍😇 thank you mantra for great shopping experience with numerous choices with latest fashion 🤗,0,5
playstore,da8d9cf7-1157-4358-b27b-2609fc8ee45e,2026-08-19T22:45:29,"Very disappointing customer support experience with Myntra. I’ve been trying to get a resolution for my issue, but the chat support keeps giving irrelevant AI-generated responses and doesn’t actually address the problem. The chat even ends on its own without providing any resolution. When I request a callback, an AI answers the call as well, leaving me with no proper assistance or solution. What kind of customer support is this when there’s no actual human support and no resolution?",0,1
playstore,64201cff-7358-4473-875c-6c02e603119b,2026-08-19T22:38:52,one of the best 🙂,0,5
playstore,fff0bd2c-e959-44ef-bfaf-b671623e0e75,2026-08-19T22:38:27,great app and have good delivery service,0,5
playstore,1bf5bbc9-fdbd-401e-b40e-132dd172e4b0,2026-08-19T22:37:15,Absolutely fraud application. return not processed. Customer care executive hold time 30 min. for absolutely rubbish and no resolution. This is happening in 2026 👎👎,0,1
playstore,09c41f1c-b99f-459e-838f-b78ccc22b63e,2026-08-19T22:34:05,best platform ever😍,0,5
playstore,94d28282-d6bb-4508-9ad0-f932432aef21,2026-08-19T22:31:37,Neet to improve many things special customers support system,0,2
playstore,7326c319-d89b-45da-b0e6-f992864d6ba3,2026-08-19T22:31:11,very good products,0,5
playstore,adf22d96-9a42-4df4-9804-76b4f6570316,2026-08-19T22:17:44,my experience is good with myntra app authentic products good quality of clothes nd unique designs available with reasonable prices nd good offers i m satisfied with all myntra products 😊💫,0,5
playstore,1668c6fe-2d8c-4a75-a94f-7d1a43c2d8c9,2026-08-19T22:16:38,gud app easy to use,0,5
playstore,c6105794-28e6-438a-8283-a05dffe18b3c,2026-08-19T22:09:20,Fantastic Experience..customer friendly..,0,5
playstore,05e6dc8a-9072-41de-ad28-bf7ee69f7b06,2026-08-19T22:07:10,this app was very nice deliever product in less time good offers,0,5
playstore,c73fbe53-5655-45ab-9c1c-f8eb49b9645f,2026-08-19T22:04:09,wonderful experience,0,5
playstore,26a08f13-7c24-4fc5-a067-b482251aece4,2026-08-19T21:57:38,"Good for shopping ... but at times prices are too high, return policy is good",0,5
playstore,6ff5565f-93e0-4344-8eda-b9a58eae5c0b,2026-08-19T21:56:47,good for clothes,0,5
playstore,994469a6-de23-4d93-b4bf-97195e50f19e,2026-08-19T21:56:35,"Delivery dates don't matter to these people at all; they don't care about the customer's plans. They cancel orders on their own and fail to deliver on time. Their customer service is poor, too. Because they cancelled the delivery, I didn't get my shoes, and my Chandrashila trip had to be cancelled. 💔",1,1
playstore,edb4e285-2234-412c-9e51-9feb71667d3c,2026-08-19T21:55:57,"worst delivery service and worst customer care service , I never recommend anyone to purchase from myntra. I order a HRX T-shirt whose delivery date was 8th august and I m writing this review on 19th august after 11 days, I contacted each and every day to the customer support after promised delivery date but I got zero support for my order, every single day they said wait for 24 hrs, you'll get your order. I got so much frustrated so cancelled my order.",1,1
playstore,c18951a9-2adc-4d1b-97ed-76163a9a4e6c,2026-08-19T21:55:07,one of the best shopping apps i have ever used. easy to return or exchange if you have any issue . product quality is top notch.,0,5
playstore,7254eea0-8981-4925-8b1a-0f14bb336eaf,2026-08-19T21:48:01,lovely and adorable application,0,5
playstore,1669a0a3-0f03-4f3c-b27d-12101b997f02,2026-08-19T21:43:25,"Crazy good app for quality shopping.. Love their collection and quality choices.. I got a shirt, a jeans, pair of shoes and a wallet from here and trust me guys it's very very great quality..",0,5
playstore,66be5e42-725a-40d3-ab9c-f5567d8047c7,2026-08-19T21:42:56,delivery delayed for two weeks and cancelled the order without giving a reason and customer support is the same. everyone with automated response.,0,1
playstore,ac449ec9-ff5a-4a9f-b821-28ad53d3933f,2026-08-19T21:35:12,best shopping app,0,5
playstore,ad10a9aa-0ec1-410e-aa81-c07bb17d53d2,2026-08-19T21:33:08,"why do they have all these mnow and express delivery systems, if they cannot adhere to the specified delivery times. Honestly, they cannot guarantee the delivery times, it's just false advertising.",1,1
playstore,1edec2f1-df6e-4a16-9c34-af0f33331c1f,2026-08-19T21:32:45,Very worst experience ever. They can't deliver products within their given timeline and this happened in Delhi. If they can't deliver products in cities like Delhi then guess the standard of this app.,1,1
playstore,19d3e590-65b4-4921-a387-6066cbc1d8ef,2026-08-19T21:29:12,Best Online Delivery Application,0,5
playstore,e9cf63ca-a552-469c-bc54-0c2f1d15859d,2026-08-19T21:27:59,good quality of products is here 😁,0,5
playstore,fb217e8c-0057-444b-9d97-d389b4429ad5,2026-08-19T21:27:30,nice shopping platform,0,5
playstore,6df6c0ea-fa2d-48ff-a50c-baba54a19926,2026-08-19T21:27:01,I purchased two earrings n both r beautiful like in pic.too happy.thanx,0,5
playstore,b9e22ba7-af76-4c9a-8dbc-e146b7ff9f65,2026-08-19T21:24:46,"I ordered so many things so many times, but I didn’t receive anything. Ekart is Myntra’s delivery partner, and the Ekart service operating in Pala, Kottayam district, Kerala, simply does not deliver my orders. I tried so many times, and once I even went and collected the parcel myself, but I can’t keep doing that every time. So I decided to uninstall Myntra and get rid of all this stress. Now I can save my time and have some peace of mind instead.",2,1
playstore,3f52f837-a3f4-4381-ae7a-a28e184212f8,2026-08-19T21:22:46,best of purches,0,5
playstore,3ce98b31-fd0a-45d1-8b00-199f0dc34ddb,2026-08-19T21:22:17,"These people don't deliver on time, and they treat you like a lot of people. They give you their own time and still don't deliver on time.",0,1
playstore,c0e4d68c-7a0e-4d3d-a941-d713852d6582,2026-08-19T21:21:53,Very nice product in this app,0,5
playstore,eadd9b1d-e17e-4134-9931-2c83f93b687b,2026-08-19T21:18:15,worst delivery experience I had faced,0,1
playstore,ff9334f7-b89f-4e74-be21-6404d3cdfbbd,2026-08-19T21:16:56,"Extremely disappointing experience with Myntra. I ordered Plix Jamun Clarifying Fruity Toner, but the product arrived broken and leaking despite the packaging being unopened. This is clearly unacceptable, especially for a skincare product. What’s even more frustrating is that it has now been 3 days since I raised the issue, and there has been no proper resolution or meaningful action from Myntra. I expected much better customer service.",1,1
playstore,89f2fc6a-60a5-4fcd-b970-75ad432b5523,2026-08-19T21:15:18,great products...,0,5
playstore,7032b9f6-810f-4d9e-8ed2-2a30912240c5,2026-08-19T21:12:22,"The product of this application is trustworthy, Flipkart and Amazon fail in front of it, Mantra is the best.good",0,5
playstore,5e1c4d18-caa2-45ed-a586-b8ad37ae8177,2026-08-19T21:11:04,this app is good 👍,0,5
playstore,d372ec71-46a0-4467-a5ab-c38683f084f0,2026-08-19T21:09:18,it's a very nice app just wow offers frequently coming in the app and the products are also genuine loved it,0,5
playstore,3bde7bf1-6c10-4d03-aea8-7674ef71a6c0,2026-08-19T21:08:57,Better than many.,0,5
playstore,ac1be673-c336-4c72-8373-3192e1dd92f9,2026-08-19T21:04:18,experience is good,0,5
playstore,d1dac165-fa5d-4d68-bb58-db18f4e8f29b,2026-08-19T21:03:28,Good Experience,0,5
playstore,82abccde-8466-4d04-8a24-b1c199257b32,2026-08-19T21:03:12,"Products on Myntra are always amazing and of genuine quality, if myntra is selling something then I am assured that it will be a quality material. Services of myntra and policies are matchless in the market. at last...I will say..Leave all, join Myntra.",0,5
playstore,14457992-8d9c-466b-8575-779f36187ef8,2026-08-19T21:01:13,Very useful app,0,5
playstore,1b6191df-5947-4030-8703-b96396365e2b,2026-08-19T21:00:47,it's a good app for online shopping,0,4
playstore,4325ff77-60dd-4407-a5c3-26e740ec39cb,2026-08-19T20:54:08,"1-star experience. I contacted Myntra customer support TWICE about the same issue. The belt I wanted repeatedly showed as non-deliverable to my PIN code in the morning, then suddenly became deliverable in the evening—only for it to go out of stock. I had also previously ordered a belt that took so long to arrive that I had to cancel it, yet Myntra blamed the cancellation on me. Even now, the same belt is showing as deliverable again. Extremely frustrating and poor service.",1,1
playstore,cc991b19-1b4b-43fd-8625-63e76d78f4cb,2026-08-19T20:50:41,this platform good for fashion.i recently ordered bootcut cut jeans pant by roadster brand. so it delivered within 4days .there is a fastest delivery and interface is also good and convenient.mainly customer support is good they respond within 24 hours,0,5
playstore,ea702727-2c2f-4be0-b1fc-a3cb4070a5a0,2026-08-19T20:50:02,this application has very very good app product is original and good quality service is very fast,0,5
playstore,eed824f7-2aa5-4427-98b7-a237a211a287,2026-08-19T20:49:56,good app with best quality,0,5
playstore,8dad2b85-62d0-493e-8465-9ae40141baa8,2026-08-19T20:49:53,verry nice and trusted app and fast delivery I love it Myntra service and product quality are also so good appreciate it ♥️,0,5
playstore,e5c9ab8f-3906-41ce-9804-33446934949e,2026-08-19T20:46:18,true app for shopping,0,5
playstore,b9ee6813-639e-4c58-8434-4943ae72ecf1,2026-08-19T20:45:45,good experience,0,5
playstore,5d6b9c9d-270d-4690-a31a-4d0b4db6cd38,2026-08-19T20:45:19,very very worst,0,1
playstore,ef8078ea-6401-453f-879d-4208709b084e,2026-08-19T20:42:18,affordable price and very nice kajal,0,5
playstore,991b15b1-3c03-4b80-8b1f-3eb4d5f68d5c,2026-08-19T20:37:02,good and the cloth quality was excellent,0,5
playstore,4106f4bb-62c8-4746-96e3-a7aeb1b71f64,2026-08-19T20:34:42,amazing it save my lots of money....💝i love it,0,5
playstore,6227a5fb-a031-4bf4-be5a-70c44ae671b7,2026-08-19T20:26:16,"It is a great shopping app with a wide variety of cloth footwear , and accessories .... The app is easy to use and the product are usually of good quality I am with my shopping experience on Myntra",0,5
playstore,668ce049-c399-44ee-a6c9-0f2d9517886a,2026-08-19T20:22:56,This app is very nice and easy to shop and has easy returns.,0,5
playstore,2651b712-3ddb-439e-82b2-7e41612a9d47,2026-08-19T20:20:23,good customer service and products,0,5
playstore,d5cd90b2-afd1-45e3-ab09-1d17469af1dd,2026-08-19T20:19:11,"The products are excellent.Love the quality,trends going on",0,5
playstore,e885c858-07ad-41cd-a1b1-162ae81f31a9,2026-08-19T20:08:20,good experience,0,5
playstore,36371a06-2302-450c-bd34-a24002e3733b,2026-08-19T20:07:43,worst shopping app.,0,1
playstore,6c72e6d3-3eea-49e6-b31e-f96fb3bda94e,2026-08-19T20:07:39,good app and items,0,5
playstore,d79cfe69-1c55-44d0-9c68-066f3483d3a8,2026-08-19T20:07:33,very nice aap and all the products in this app is so good,0,5
playstore,68ea0347-c57d-4e4c-bb24-3f90062f3433,2026-08-19T20:05:33,"i loved the experience, reasonable price and great quality.also the delivery is also very fast",0,5
playstore,cd159f2c-1b60-4063-88f5-8a4293ce9886,2026-08-19T20:03:04,excellent options and user experience,0,5
playstore,bcebe587-5bd8-4125-895a-b933d30b5be2,2026-08-19T20:02:17,"one of the worst online shopping apps I have ever seen. i ordered something on this aap everything was going right before, I was waiting 4 to 5 days and suddenly one day before the delivery date my order got cancelled.",1,1
playstore,3913360f-d99f-4f9c-9121-8a295dbbdb7c,2026-08-19T19:49:38,fraud Myntra replacing order issue and fraud labelling myntra hot replacement order wrong labelling Myntra helpline is not helpful,0,1
playstore,7be12f85-3049-4cba-9bde-066ce1b627a4,2026-08-19T19:48:49,The prices are expensive but the quality is great and I would love to shop here,0,4
playstore,60c1692a-9017-4a95-bf74-68d3a854ed3e,2026-08-19T19:48:37,best for online shopping,0,5
playstore,0b66e27e-48ea-43bb-ac85-8bc5f45460b5,2026-08-19T19:48:36,"trending clothes options, best app ever to buy clothes because clothes describe your value,",0,5
playstore,eff9ea4d-d975-465c-9880-59c554cef9be,2026-08-19T19:48:27,"when we return the order if we are disappointed, whole amount is not refunded. wheras they split some amount in my encash which we did not receive. It is really disappointing due to which I am discontinuing this application for shopping.",0,1
playstore,13d7b01c-c50e-4568-8e72-85b58d0a21d5,2026-08-19T19:37:45,app is not opening always even after numerios tried.why all the time site maintaince showing me . Fix the problem otherwise i cancel all my orders & uninstall this app . This is so irritating..,0,1
playstore,7f4294d9-92c5-4e7e-be47-04e365229900,2026-08-19T19:36:01,such a nice and easy shopping app,0,5
playstore,f41fe27a-534c-4486-a760-0cf814101d62,2026-08-19T19:35:48,The no way to confirm when the out for delivery order will reach as agent wont pick up and tgere is no help line number to call and get help myntra wants customers to email most other online big shopping sites have a helip lihe to call and speak to in myntra its so difficulty to get help if asked help PMO will respond but myntra is like deaf ears hope less,5,2
playstore,461426c7-2335-4f96-87e9-e5af2a5b913c,2026-08-19T19:34:06,The Shopping Experoence is Great Return And Replacment Polocy is Helpful even Customer Care Service People are Great and Helpful,0,5
playstore,acf823d2-8cb8-45de-965e-e9a572f64f9b,2026-08-19T19:33:08,very nice app helpfull,0,5
playstore,b5ed3951-d29a-405f-a957-3f92cd31ef53,2026-08-19T19:26:21,Excellent in style quality size . Go for it. best app for good quality,0,5
playstore,7b504317-baff-406b-aa5f-798ef43096fa,2026-08-19T19:16:51,very nice and perfect size with comfortable...so beautiful ❤️ ❤️ ❤️ i like it...,0,5
playstore,4eccf293-a114-404c-9167-b939a60f50bb,2026-08-19T19:16:14,app is good with good rates but the platform fees is too high,0,5
playstore,1cc42b94-d16d-43cf-a9e4-219fe7e4eb22,2026-08-19T19:11:46,"​""Extremely disappointed with Myntra's terrible service and policies. I ordered an iron, but they refused to process either a return or an exchange, completely forcing the item on me. To make matters worse, I ordered a pair of trousers from a different account, and the exact same thing happened—they forced me to keep it and refused to take it back. Myntra has become the worst and most unreliable shopping app. I strongly advise everyone to avoid buying anything from here.""",0,1
playstore,a6ac663b-036a-4477-b817-c5f4b0b1e29a,2026-08-19T19:10:34,found it best among all other shopping apps.,0,5
playstore,5add831c-1f52-41be-a781-9d3f99a7aecf,2026-08-19T19:06:46,Unable to cancel order .....,0,4
playstore,ed73c16a-6e76-47a7-831a-3ebaa7b31054,2026-08-19T19:06:02,good product 👍😄,0,5
playstore,89f1ab8f-a181-4893-9184-3258805ed880,2026-08-19T19:05:45,myntra is fraud now a days they are not refunding our money and not even respond calls or messages or e-mail. instead of correct bank details they are showing incorrect and not refunding money.,0,1
playstore,0ce25428-3562-4715-9919-7d913577a2a7,2026-08-19T18:57:56,Good quality products,0,5
playstore,59629c47-04f5-4467-b472-603957a1e8d0,2026-08-19T18:53:10,i have purchase many products on this app all product was awesome I suggest other people for purchase items from myntra app. authentic brands original products and the quality is very good of all products.,0,5
playstore,ce28305b-45b7-44e5-b015-02e80a57ada8,2026-08-19T18:51:48,value for money products.,0,5
playstore,9a62baca-4616-4db1-8dcb-7633a709ec11,2026-08-19T18:41:20,the delivery system is very amazing as ingot the exchange delivered in time .So did the myntra responded to my concerns,0,5
playstore,44fc2703-dee2-48f9-b6b8-c141f04a6228,2026-08-19T18:32:21,very bad Myntra bhai likha kar bata raha hu ki 100 ki chiz ko ye 500 ki dete h aj hi mai ne paint mangai h ek dam bekar quality ki di h Mt lo bhai log Myntra se,0,1
playstore,53f62c17-35b1-4510-bd3f-8bd10b53575c,2026-08-19T18:31:15,fascinating experience,0,5
playstore,df845034-e8a4-41b7-80ef-5b45defba255,2026-08-19T18:27:26,Overall Good Experience,0,5
playstore,dd9efba1-3987-45b9-8c00-9575a2cca41f,2026-08-19T18:23:29,I lovethis app sooo much gives reasonable prices i ordered a pack of aqualogica body mist on its original website and on purple it costs 1000 and I bought it just for 699,0,5
playstore,2683e562-bec5-4dad-94ab-e9308f511862,2026-08-19T18:22:39,extremely poor grievance redressal mechanism there is no contact with the customer care team - its impossible to access people there - i am done with talking to bots no one picks up the customer care no. extremely poor performance - very unsatisfied,0,1
playstore,64c896c4-ba0b-4714-b4b0-90314fbab73b,2026-08-19T18:20:59,easy delivery process.good app,0,5
playstore,49ed4ed0-5e95-48b0-bc25-75348c460b6d,2026-08-19T18:11:35,Myntra ek number ka ghatiya aur froad banane ke liye aaya Hai ek order delivery karne ke liye ine logon ko ek Mahina lagta hai mere ko date by date dete ja raha hai ek number ka ghatiya hai koi bhi inse kuchh nahin Kar dega Flipkart meesho bahut badhiya hai 😡,0,1
playstore,d23130cc-5c33-4046-9aea-5980defbbb17,2026-08-19T18:09:27,"Your filter is not working in the mobile App. Once you select the filters, there is no provision to apply the filters.",0,4
playstore,88dce93c-ce33-4258-9ee0-1a2562b654b7,2026-08-19T18:08:08,This app makes shopping so easy and joyful 🫶🏻,0,5
playstore,d48efece-36b3-4aa5-b844-3df064fe93d7,2026-08-19T18:06:52,I just love this app the fast delivery ooh la laaa😭😭,0,5
playstore,71214de4-8745-4906-8787-134a6f4b1570,2026-08-19T18:04:16,khup sundar aap aahe khup swst n best mal aahe pls sarvani shoping kara,0,5
playstore,b9c3036b-398c-4528-9d0f-1b2c011c7730,2026-08-19T18:01:34,this app is very nice,0,5
playstore,ab6dcd58-dd3f-4880-9345-6df5fc03e5b3,2026-08-19T18:00:42,"Very disappointed.Myntra deactivated my account without any reason and I complained it by calls, emails but no response.Now I am going to file a complaint with the consumer forum.",0,1
playstore,1d74481f-f49a-4fdd-b9c3-031b756aa906,2026-08-19T18:00:39,my experience with myntra is mind blowing very nice products at reasonable price n quality is also top notch. I always shop with myntra only I trust it. happy shopping,0,5
playstore,a8f6075c-3fd5-4e85-a4b7-c5be00586945,2026-08-19T17:52:05,Best for online shopping 🛍 😌 Using this app for more than 5 years.,0,5
playstore,e4bc67c3-8184-4188-95d1-c6f90779024f,2026-08-19T17:50:47,“Absolutely loved these jeans! The fitting is perfect and the fabric feels really comfortable. The quality is also very good and the jeans look exactly like the pictures. The fit is flattering and easy to style with both crop tops and oversized tops. I’ve worn them for long hours and they’re still comfortable. Definitely worth the price and would recommend them! ❤️”,0,5
playstore,755d367e-df31-4c45-b2a1-1cfc34a2b0e0,2026-08-19T17:46:45,"I thought in myntra we get only expensive products, but got best deals which was affordable... cheers",0,5
playstore,184268a1-b58b-4bcd-9d05-a756b1844eec,2026-08-19T17:44:08,best shopping app,0,5
playstore,69e1552a-85aa-4164-964d-6a940b555dbd,2026-08-19T17:42:08,"It's a good app, good clothes in good prize.",0,5
playstore,6a70afdd-51e6-4a5d-ab0c-62e4e35ec602,2026-08-19T17:38:33,"Horrible experience with the delivery, my first order still not delivered",0,1
playstore,7a4f87b2-291f-4c31-a8a3-2528122ce587,2026-08-19T17:34:40,it's good for shopping 🛍️🛒 and it can be purchaseable because myntra have best quality product and dress also so we can easily buy this and make happy.. if we start for shopping then it can be give a discount on your order and make affordable price their quality it best and also it give free coupons when we finished shopping and then we earn award for it .. I aslo earn mainy rewards and cash price on it so don't waste your time and jont with myntra and start to shopping 🛒🛍️ make your day,0,5
playstore,e8603189-e113-45ce-aacd-149c39477be6,2026-08-19T17:32:20,It is a very good app,0,5
playstore,a970ecef-548d-4a9c-bb9e-f58f58759980,2026-08-19T17:31:50,nice bag quality is very good 👍🏻,0,5
playstore,0616ad44-f124-45c5-9b81-d78f0f81046d,2026-08-19T17:28:36,very nice 💯 and genuine,0,5
playstore,82943dde-4b03-4559-9e9d-02ebf6d3fdec,2026-08-19T17:26:24,Best app for shopping 🛍️,0,5
playstore,4d66d9ea-8b9b-41ec-9104-073ec8ab4613,2026-08-19T17:20:48,Nice experience,0,5
playstore,8c2ad67a-75b4-409a-ba16-e7f5117dccf5,2026-08-19T17:19:22,good product available this site ☺️,0,5
playstore,279c9e40-5c7c-4e68-9574-5bde1f11b79f,2026-08-19T17:16:43,quality products,0,5
playstore,263af95c-0e0c-4c04-b025-afb49be6205d,2026-08-19T17:16:23,very good quality products,0,5
playstore,a3dc7b79-c93d-42a5-9fba-aac2155a3997,2026-08-19T17:10:13,Received expired product and after returning it myntra is not giving full refund,0,1
playstore,e9817275-4787-451c-bba3-6c093fd8d3cc,2026-08-19T17:04:05,product of myntra are perfect,0,5
playstore,ad2d6841-69ac-4abb-b01a-02cc26515ff1,2026-08-19T16:42:40,received broken product with no brand tags or price tag on return request their delivery partner just says it could not be quality checked and hence the return is put on hold. told this to their customer care they told me to send photos did the same return was scheduled and the delivery partner did the same. I think I will just have to forget about my money as this problem will persist without any real solution,0,1
playstore,b56d6678-c1d5-417c-8a0d-1e75dea5c30d,2026-08-19T16:38:54,it's a pleasure to use😍,0,5
playstore,e72041a9-76d2-45c6-b068-0b4ae4fcb033,2026-08-19T16:38:39,"very good app for online shopping, i think best in India , it's items are really good quality, and also good policies of payment returns or exchanges or refund",0,5
playstore,1a51f4c9-ba74-4e7b-acd5-604cc9415f51,2026-08-19T16:35:52,very nice service and product,0,5
playstore,ddd4ebe1-9f84-4e67-b0e2-c72337cb312b,2026-08-19T16:34:16,I just love love love myntra,0,5
playstore,43b92019-010a-4ed1-bdc0-a9ed07c41c68,2026-08-19T16:33:30,great application,0,5
playstore,1a632552-fa3d-4a55-b2d8-2130b068c1e8,2026-08-19T16:29:37,Customer support and service at its worst. Wrong products are being sent and there is no quick resolution. The bot always says our agents are always busy,0,1
playstore,87c695fe-6a19-4e5b-b688-5e118507cb5b,2026-08-19T16:18:29,Is better than flipkart,0,5
playstore,5489d211-20be-4cbc-8203-374343b170d2,2026-08-19T16:18:01,"I have been using Mantra for a few years now. Earlier, I used to order only a few things, but now I keep buying something or the other regularly. So far, everything I have ordered has been really good. Especially since they introduced the cashback and daily rewards options, it has been even more beneficial. I’m really happy with the experience. Thank you, Mantra! ❤️",0,5
playstore,fd4b865b-09de-4f33-91cf-6f1caf493766,2026-08-19T16:14:56,excellent products and original brands,0,5
playstore,28c242e5-c0eb-45c8-a57a-7c9055ad540e,2026-08-19T16:12:02,nice app for online shopping.... They give what they show..,0,5
playstore,127f6dfb-7e7f-4c18-ba62-4c10fda3b8cd,2026-08-19T16:08:13,"PATHETIC APP FOR SHOPPING. MY RETURN IS PENDING SINCE A MONTH ALMOST. RECIEVED ON 5 JUNE. RETURN FILED ON 7 . TODAY IS 28 JUNE . LAST DATE FOR RETURN WAS 19. ITS BEEN OVER 9 DAYS STILL IT SHOWING THEY ARE SAYING """" WE ARE LOOKING INTO YUR RETURN. PLEASE WAIT FOR 24 HOURS"""" JUST A PATHETIC SERVICE. YOU GUYS DONT EVEN DESERVE A SINGLE STAR FROM MY POINT OF YOU.",0,1
playstore,b8761c62-fd84-46a1-aa8d-120ee2552963,2026-08-19T16:02:50,very fast and good condition delivery service.,0,5
playstore,0e2974c9-0e20-431e-af23-b7542ab3be38,2026-08-19T16:01:10,myntra is trustable app 🤌 I have purchased from myntra and i received orders in well manner and quality of cloth is awesome 👌,0,5
playstore,749cc4a9-9ad4-468f-9997-34bab1874f2a,2026-08-19T15:58:09,"best app for clothes, affordable",0,5
playstore,0a99d124-0138-4f07-8b46-42aafac1efcd,2026-08-19T15:56:51,mast hai sasta hai,0,5
playstore,348aaa42-cb86-4626-8580-8dd3c3ff3f08,2026-08-19T15:55:57,very bad experience... i ordered a product in a offer and myntra haven't delivered that product instead of delivering the product they are only showing delay and delay... very bad app and support system is also worst... i am unable to make chat or call with the agent.... worst application don't purchase any product from myntra,0,1
playstore,29861749-996b-49ce-99fd-bce5900cd7d4,2026-08-19T15:55:17,good experience recommended it,0,5
playstore,43092993-f826-4793-9327-ff36734cf54d,2026-08-19T15:53:15,best app and myncash back bhi acha deta h 👌👌👌,0,5
playstore,a3f0d9ab-495a-425e-8164-c93796cd028c,2026-08-19T15:49:39,"irrespansible app, and its worst it is not business app reson i asking some thing not accepted",0,1
playstore,51bfdaed-58f2-4715-8c24-ac48867a7993,2026-08-19T15:49:31,I just love how you don't charge a lot on product,0,5
playstore,9d9c737d-c2ce-45ec-89e0-c49057e3f7d2,2026-08-19T15:48:42,super I am happy,0,5
playstore,f494544b-4963-4659-858b-2e6db32456e5,2026-08-19T15:48:05,"the worst app i cancelled my order in August and today is August 18th, but I still haven't received my refund. I really didn't expect this from Myntra. When will my amount be refunded",0,1
playstore,2364ea40-6f8c-4e4a-8f09-ab1bbad30256,2026-08-19T15:42:00,good product as soon as received 👏👌,0,5
playstore,5f0627c3-bd29-452f-99da-d7663451167d,2026-08-19T15:39:39,"A very beautiful dress, perfect stich.But the only thing i was dissatisfied is i thought the gold pattern was embroidery but in reality it's just gold print. Otherwise the fit and outlook is really good. Thank you.",0,5
playstore,ba5c9926-b629-4b9e-810e-1f3d0f79f020,2026-08-19T15:37:47,without seeing my return product they claimed that they have footage of my product. I am using first time Myntra in my life and this is wrost service. Other apps provided better service as compared to this.wrost service of my life delivery agent update status that quality check failed without seeing my return product and the Myntra team saying that they have investigated and find everything okay. send me the footage if you investigated this. Wrost service they don't care about customer value,0,1
playstore,94b363b8-bdc9-4c4b-b5cf-3adeb8b19632,2026-08-19T15:36:10,quality maintain,0,5
playstore,09c41eef-628a-4e75-aae9-59cb20c18a4d,2026-08-19T15:24:54,best experience,0,5
playstore,43ef69b5-5eb2-415b-90e2-eaa7249ea2ae,2026-08-19T15:24:10,very useful and time saving app...,0,5
playstore,ca0b8fb0-8cb0-4f75-910a-256c9f73aeaf,2026-08-19T15:18:00,my best one and only shopping app. go for itt!!!,0,5
playstore,73d10e9f-7e21-4ef1-b7ef-97a10e935a8a,2026-08-19T15:15:17,one of worst service provider and not delivered the item in exact date as mentioned I am this stupid mistake continuously 👎👎,0,1
playstore,41358318-29cc-4b18-82a6-f5f533fb0de0,2026-08-19T15:08:04,myntra app really awesome 👍....I am so glad to use it...,0,5
playstore,b31dcb8b-5140-437a-a656-c7b92352b57c,2026-08-19T15:05:58,fast delivari and good produced,0,5
playstore,ed331217-ac1b-47e6-8301-253eef720461,2026-08-19T15:01:57,"Extremely disappointed with Myntra's service. The product quality is terrible, delivery was heavily delayed, and the customer support is completely unhelpful. Definitely not recommended. 1/5 stars.""",0,1
playstore,d7ab8ac4-f7e6-44ab-862b-c96b19e644b9,2026-08-19T15:01:37,Good to use easy to use and it is trusted also,0,5
playstore,abc0ef45-59cd-4782-bfd3-451b43dfe6ed,2026-08-19T14:58:55,nice app with exciting offers,0,5
playstore,5cae7981-3861-4668-bb8a-001f175c29af,2026-08-19T14:57:43,best shopping app... i am really happy,0,5
playstore,7651c953-0762-4c09-8588-bdcced15dded,2026-08-19T14:36:58,wonderful app for shopping,0,5
playstore,4c0ff5bb-8feb-4ab5-9c07-e8b75b997370,2026-08-19T14:25:59,customer friendly app too good,0,5
playstore,a37d9f15-6944-4f00-94d3-cb9d2add5cb1,2026-08-19T14:22:26,"Fantastic experience in ordering, payment and product detailing",0,5
playstore,d4f52aa8-6126-4bf2-b3a2-dded6b932318,2026-08-19T14:19:07,excellent customer service app 👍 product quality always in good condition and service is good I am always purchasing by this app,0,5
playstore,7c84660d-f780-4ec0-9d14-4b87c640467e,2026-08-19T14:17:54,don't deliver on the said date delivery is always delivered delayed and cancel themselves and say that the order is cancelled for unwanted reasons my multiple orders have been cancelled unwanted reasons most worst thing is that day charge platform fee cash on handling fee which is not refundable if the product is returned,0,1
playstore,8f4a6808-5f92-411d-a1ef-9558dafdcbe8,2026-08-19T14:14:02,very good product,0,5
playstore,93a6b207-e7a4-4d9a-9135-75bcf533e557,2026-08-19T14:12:16,delivery is not faster,0,1
playstore,a9edcf07-5b98-4da1-84da-ee507974ddbb,2026-08-19T14:08:18,i trusted on myntra last five years... original product and fast delivery 💖,0,5
playstore,a793019e-3966-41c5-8037-7f5dbe5a5b9b,2026-08-19T14:04:44,beautiful product,0,5
playstore,9096dea3-0995-4b4f-a95c-45b2966532f9,2026-08-19T14:02:30,good experience,0,4
playstore,6e7d7045-24d7-491e-9e01-a59849122f1d,2026-08-19T13:49:10,it was very much better rakhii,0,5
playstore,3c93ada9-b317-4623-88d1-6cdc74c9cf86,2026-08-19T13:45:52,Myntra app is deactivated and not able to longin,0,1
playstore,d1961c17-1d8f-40ef-bd5a-7704961c4fee,2026-08-19T13:44:01,wow ! fully satisfied,0,5
playstore,8ede650e-999d-412b-a414-92524e52e5a0,2026-08-19T13:43:12,amazing service providers for myntra . i am happy 😁 lowest price get best fashion items provided. thank you 👍🏻😊 myntra,0,5
playstore,14ea0ed0-d611-4dbe-96ed-b2f9630275a4,2026-08-19T13:39:14,"myntra is doing amazing especially it's style exchange is so unique , refund is amazing, go for it",0,5
playstore,fc3fa8f2-ecf7-4ec7-a5a4-39e8129024df,2026-08-19T13:36:01,good experience,0,4
playstore,ff526d45-01ba-418f-9366-44b268f088d1,2026-08-19T13:35:09,osm products are been delivered,0,5
playstore,c4fd0f5c-443d-4ec3-96af-7711cf02df17,2026-08-19T13:30:05,this app is very good 👍,0,5
playstore,18685182-1bf4-41d4-b726-08f790fa253a,2026-08-19T13:22:47,absolutely 100% original quality,0,4
playstore,acd17f58-f3b8-4aa5-bb2f-848b038e5ef2,2026-08-19T13:12:07,very good experience 😃👍,0,5
playstore,ef81aeb8-d6a8-4f12-a34b-f5e22ae9977c,2026-08-19T13:09:03,the product Myntra shows is one of best quality,0,5
playstore,d65c609c-4172-4c07-829e-9e55ae839d0c,2026-08-19T13:07:16,great experience,0,5
playstore,b9950f9a-bc14-4c3f-93b2-beece509000b,2026-08-19T13:00:34,poor experience and A lot of scams happen on Myntra.,0,1
playstore,f834b05c-2aaa-4ce9-9c1e-c8b36162e82f,2026-08-19T13:00:22,very good app....For brand purchase...original and authentic product ... Good for it ....,0,5
playstore,d3b0989b-b95b-4310-8278-9c74bd5c7e5f,2026-08-19T12:57:55,veryyyy veryy6 goodddd 💗🫶🏻,0,5
playstore,8458363a-579c-4744-af6c-a90b5c344b83,2026-08-19T12:55:03,Bakawas service Bakawas App....All Time Delivered Fake and duplicate products.. return option is not visible...1 Monthno one pick up return order .... customer service also disgusting please don't use Myntra app it's very very bad,0,1
playstore,f967a89e-7664-409d-98b0-0b25944e15e4,2026-08-19T12:54:34,Good quality and varieties of products are available at Myntra you must visit and buy accordingly.,0,5
playstore,938a1b7e-3b37-44f3-b065-36a1d31d6492,2026-08-19T12:54:00,been using Myntra for about 12 years. over the years they have improved a lot and gives peace of mind in choosing genuine products. however the platform fee is too high,0,4
playstore,90e46fdc-d7d7-4858-8957-8801ed1ba923,2026-08-19T12:52:26,Myntra is honestly one of my favourite shopping apps! ❤️ The app is very easy to use. the collection is amazing & there are always great discounts & offers. I love how easy it is to search products compare options & check reviews before buying. The product variety is excellent & the overall shopping experience is smooth and convenient. 🛍️ Delivery & packaging have also been good in my experience & the return/exchange process is quite convenient. Thank u Myntra for making online shopping so easy,0,5
playstore,e5973c57-1640-4ae7-900d-b3fe74dca1a1,2026-08-19T12:51:43,nice app and great product take a but longer for deliver products,0,5
playstore,8e507734-7f37-499d-84c6-bd2065015978,2026-08-19T12:50:53,"Good, but not budget friendly for everyone!",0,5
playstore,f550ea2a-ef78-4330-95f4-ed0900093de8,2026-08-19T12:50:13,myntra sarvice sabse bekar hai mara order 14 August ko delivered hona tha or aaj 19 august ho gyi hai aaj tak Oder nhi aaya inki helpline pr baat kro to next time next bolte hai koi kuch bhi help nhi krte sabse bekar platform hai 👎👎👎,0,1
playstore,12a8be28-417f-45a9-b2f2-b759e364ae6c,2026-08-19T12:47:42,Best quality of product,0,5
playstore,299e8818-893e-4de7-9a11-56fd8e20ad8c,2026-08-19T12:45:02,"today 19 Jul 26 almost 70 days passed, I returned a product worth ₹10,999 but have still not received my refund since 8 jun 26 order. Customer support keeps giving different instructions—first chargeback, then bank statement, bank details, and now a bank denial letter. I have submitted every document requested, yet there is no resolution. I have spent weeks following up and visiting my bank. worst ever merchant in my life. please don't buy anything here 🙏. myntra is complete fraud and scam.",2,1
playstore,94d225c5-60b3-4d33-8410-64b62751d708,2026-08-19T12:42:28,Myntra's return policy is complicated when you receive the wrong product. I have been waiting for days and still the issue is not getting resolved. Also their packaging is the worst.,0,1
playstore,68ebe2f1-555e-45f8-8776-7b17a5373150,2026-08-19T12:38:14,Disgusting app it is rascal,0,1
playstore,bb49a699-7c03-44f1-b380-76fa91671906,2026-08-19T12:36:49,Nice App Placed My Placed First Order And My First Delivered Thank You,0,5
playstore,92186647-6e13-47bc-988c-872868b587d9,2026-08-19T12:36:47,Myntra is one of the best shopping app not only for clothes but for everything.,0,5
playstore,18eefa96-93f8-4384-93a6-dae87572635e,2026-08-19T12:36:19,best product and trusted brand,0,5
playstore,2f105247-2af4-40b6-a008-cfae0dea03e1,2026-08-19T12:32:42,This is the worst app customer ki koi help nhi krte jab unki koi complaint hoti h to I am very disappointed with Myntra,0,5
playstore,82e85077-0a4f-4899-a9db-5714f3e4cdb2,2026-08-19T12:30:22,This application is absolutely genuine about original product .,0,5
playstore,240c6a73-26c8-45ed-ac17-1a0fa8cd419d,2026-08-19T12:30:12,bhut hi ghtiya sarvice hai. maltb apne me hi bolte rhate hai ise acha mehso hai kam se kam shai tarike se jabab to deta hai,0,1
playstore,16c64a58-3bc5-4d2d-8c2d-cd87a4dc9529,2026-08-19T12:28:30,Good & prompt service service .,0,5
playstore,c1046120-c3f3-4860-85f6-41947d55da61,2026-08-19T12:22:30,Nice shopping experience,0,4
playstore,72579184-9ba4-44a8-9a71-6deb08d00a85,2026-08-19T12:21:53,worst app ever whenever I order something it gets delay every time for 3-4 days more,0,1
playstore,0e11391d-be74-4864-8f92-cefb7cb47df0,2026-08-19T12:16:26,super 💯 good quality excellent quality,0,5
playstore,3dd1b07d-1360-4a05-b837-9474a30fb980,2026-08-19T12:03:22,best quality cloths and exchange fast,0,5
playstore,7ee4fa3e-a36a-4330-9327-b39b40d828b9,2026-08-19T11:59:55,"good in service, budget friendly and good products",0,5
playstore,36693c74-7433-4c84-9d9b-54d844e2b739,2026-08-19T11:58:15,trusted application,0,5
playstore,31024e7e-f5b2-4c6d-b9dd-024434fcd26e,2026-08-19T11:58:00,Good cloth quality and right in size . so nice,0,5
playstore,70d3b75f-93a2-49c6-9ee8-faf58b0b25c9,2026-08-19T11:54:22,best quality clothes,0,5
playstore,b67e7abc-acce-4cc5-b968-53581019dcab,2026-08-19T11:52:51,"""One of the best shopping apps out there! Huge brand collection, genuine products, fast delivery and super easy returns. The app is smooth, and the sale offers are amazing. Highly recommend Myntra!""",0,5
playstore,a8c6fd81-1677-4732-9412-c4c9fd1643d9,2026-08-19T11:49:24,"Myntra is one of the best shopping apps for fashion and clothing. The app is easy to use, there are plenty of options from different brands, and the product quality is generally very good. Delivery is also fast and the return/exchange process is quite convenient. Overall, I've had a great shopping experience with Myntra and would definitely recommend it to others.",0,5
playstore,8796a556-7bd3-4084-8ba6-b0ba67a771c1,2026-08-19T11:44:23,nice experience,0,4
playstore,7116b5fe-f4dd-4054-b858-7d683a445c59,2026-08-19T11:39:06,I like this app,0,5
playstore,32f8a858-6392-4f1f-89a4-1dcb08a8944a,2026-08-19T11:38:35,I have ordered a short sleeve shirt of mast and harbour brand from myntra but received a shirt from different brand,0,1
playstore,812d9140-dd87-4239-bf43-1ee51ab89130,2026-08-19T11:33:40,Products almost look as good in real life as they do in pictures. The app is fine and somewhat easy to navigate.,0,4
playstore,9d3ee580-1078-4a6c-a3e2-15b61b4cf2fb,2026-08-19T11:32:19,"Very disappointing delivery service from Myntra. Their delivery chain is extremely poorly managed. Deliveries are often delayed without any proper explanation, and the promised delivery dates are not taken seriously. Customers have to keep waiting and following up for their orders. The shopping experience is completely ruined because of such poor logistics. Myntra seriously needs to improve its delivery system and customer service.",0,1
playstore,518e7776-239d-4fb5-a5e4-79194df42c85,2026-08-19T11:27:31,"Horrible service, I would happily give zero stars and won't recommend this app to anyone. The order arrives fast but the return process takes years. no one comes for return pick ups and when you use the ""call me"" option an automated annoying bloody voice gives you replies that are absolutely useless that too in Hindi when you specifically choose ""English"". Very frustrating service when it comes to returns and refunds. I'm uninstalling the app.",0,1
playstore,90e82e21-992c-46d7-8ad7-5c232256a524,2026-08-19T11:17:52,good experience,0,5
playstore,8c1fdffb-c81a-4409-b6b9-57008de92499,2026-08-19T11:17:22,I totally love the fittt❤️,0,5
playstore,057e6178-645c-4f64-8754-21e3b279fd93,2026-08-19T11:16:55,very good experience,0,5
playstore,80806b15-524d-408b-9642-71daa1478abf,2026-08-19T11:13:33,I love to shop in myntra it's always give me a best,0,5
playstore,d9a71366-8727-44e5-8f12-c601579f02f4,2026-08-19T11:13:26,good products 👍,0,5
playstore,31c0b6c0-93de-4738-ae5d-a91674103b1c,2026-08-19T11:12:07,My go-to online shopping platform. The quality of the products is too good. I would recommend everyone to try at least once.,0,5
playstore,8f8c3a8c-aae2-442b-955f-795f20c5488c,2026-08-19T11:11:53,best of the best,0,5
playstore,8aa33448-a8d5-4cf9-8a08-c07dd8045c19,2026-08-19T11:11:34,"useful app from the pov of merchandise, shoes and crazy deals which gives you better products then other apps.",0,5
playstore,058cddcd-f4e9-4ae6-8593-d39f6ea349bd,2026-08-19T11:11:20,very useful app and all products are good quality,0,5
playstore,c9418488-8ad9-4561-bd95-f5742755c3ec,2026-08-19T11:04:59,this is the first time I am using this app for my online purchase i am satisfied.,0,5
playstore,bfbfabb6-ba58-444e-8661-6dd55e2d033a,2026-08-19T11:01:37,best quality material available in this brand,0,5
playstore,4c879ee9-e47f-45e1-9fe0-d94e609c8ed6,2026-08-19T10:53:16,Rates is too higher,0,5
playstore,47b5aa6e-093b-416a-8cd2-1e704675935c,2026-08-19T10:46:49,my fvrt app mai hmesa Myntra se shopping krti hu,0,5
playstore,7595ed20-e9f5-4f7f-9112-4f4b4642dd40,2026-08-19T10:43:56,best online shopping app for cloths,0,5
playstore,3b35ff0d-a141-4b68-b745-93103eb7ee00,2026-08-19T10:39:48,nice app for fashion shopping,0,5
playstore,397ad3e9-6998-48aa-a789-ed2c449db1e1,2026-08-19T10:39:11,what happened with you Myntra! What's wrong with your customer support!!! I ordered on 9th August and it's supposed to delivered on 14th of August but it get delayed which I can understand but then I don't have any update that when it will be delivered!let me know if you would like to deliver the item or not!that was gift for someone you ruined that occasion,0,1
playstore,a8b4751d-1eec-4a30-a8c2-1732191b1755,2026-08-19T10:38:59,it's a fraud company. without any reason my account was deactivated. i have ordered an item there was size issue. i am not unable to use my account for exchange or return. my account is deactivated it is no longer active. such a fraud company 😡,0,1
playstore,6d9be04e-4ce0-46f3-b9be-f82d2f4f249c,2026-08-19T10:33:02,this is perfect platform clothes and beauty k liye,0,5
playstore,de0fe98b-828b-4ebf-a3c3-95c98e38c29f,2026-08-19T10:31:51,good but costly,0,5
playstore,49324b8d-4d8c-481d-a79c-54f57ddd375a,2026-08-19T10:19:29,good quality product,0,5
playstore,492c9d43-bbf7-46c7-89d2-0a644a16263c,2026-08-19T10:19:29,best shopping app,0,5
playstore,6961f302-7de3-4c70-bae8-44beb6968e02,2026-08-19T10:19:14,nice experience,0,5
playstore,4307e587-6f5f-4fd1-8967-a78ac1d84186,2026-08-19T10:18:34,"worst shopping app 6 orders me 5 cancel ho gye and only 1 receive hua , very show app",0,1
playstore,6df58a96-0246-4af8-9b97-61b8d13af95d,2026-08-19T10:07:31,orignal brand you can buy from this,0,4
playstore,bf64f063-8241-47c7-b66c-e7274939dc4f,2026-08-19T09:57:26,All categories available please Make affordable price,0,3
playstore,5785f971-42bb-4253-ae20-5b982b428018,2026-08-19T09:41:43,like me Thish app,0,5
playstore,e572c2fd-9024-46bc-92a1-9b544583a4b5,2026-08-19T09:32:40,Myntra is the best shopping platform.,0,5
playstore,ba4c2867-a08b-4304-939c-c4054d556388,2026-08-19T09:28:01,my account number deactivate how to recovery my account,0,1
playstore,2f836d4f-c5c4-4c6e-9bd4-82ca218304df,2026-08-19T09:19:02,Amezing experience,0,5
playstore,c606fcac-793f-45f8-9524-94cf547822c8,2026-08-19T09:16:22,"nice app , authentic product delivered with early delivery",0,5
playstore,23aa70fa-d653-4b04-a4a4-4d141b86adc7,2026-08-19T09:16:08,perfume fragrance it's osam i like it perfume,0,5
playstore,536475d6-655a-4b27-814c-b67b1830e053,2026-08-19T09:14:35,i ordered a bag and during the delivery date and after the delivery date which is five days apart i havent got a call from the delivery agent.But they said they have attempted multiple delivery but i havent got a single call from the agent and now my order has been cancelled after waiting for three weeks.Im very disappointed with myntra and even when i talk to customer care they're not responding with a proper answer cant get connected to human at all its full of ai,0,1
playstore,d6da9dde-efa8-4b3d-955a-17bfbd8b1a67,2026-08-19T09:02:16,good experience,0,5
playstore,fdfdf058-cec9-44da-9f8f-51c7d8750d3a,2026-08-19T09:00:59,best shopping app,0,5
playstore,335c1a5d-f6a3-4787-a76e-6d19eea7e216,2026-08-19T08:58:01,my order delivery is delayed so many times,0,5
playstore,83122d2a-a0f8-414b-a5f7-941eda44cb96,2026-08-19T08:57:42,This app is really safe,0,5
playstore,42e638da-4975-4404-89b8-74dfc10219c4,2026-08-19T08:52:52,best app for shopping,0,5
playstore,836cc234-629b-46b7-987f-89b07f901b62,2026-08-19T08:42:20,"Bilkul, thoda strong aur detailed review ye rahega: ““Very disappointing experience with Myntra. This was my first order, but I received a defective product. My account has been blocked for 3 days, so I’m unable to return it or contact customer support properly. Please unblock my account and help me with the return and refund.”",0,1
playstore,0befdb38-1018-49f7-b758-7849600549e0,2026-08-19T08:41:58,myntra is easy to use and the myntra myncash feature is very good i love this feature of myntra,0,5
playstore,d8374617-d992-46a4-a1c9-ffdbb6407030,2026-08-19T08:35:42,Amazing delivery experience and genuine products.,0,5
playstore,1f329cb4-946a-4a2a-882d-d80531100e1c,2026-08-19T08:28:02,clothes are good but it takes much more time to verify return request,0,3
playstore,cade6257-4741-41bd-b29a-399ffd2fbca0,2026-08-19T08:16:29,"super app to buy clothes,shoes and many more things",0,5
playstore,192a687d-5a13-4723-a886-0d25d953693b,2026-08-19T08:15:07,"day by day Myntra become Meesho,very poor product in there collection,even it's a worst quality.",1,1
playstore,8a935ee8-5640-4d32-8067-826624c36bf5,2026-08-19T08:07:23,"I really had a great experience using the Myntra app. The app is easy to use, well-designed, and has a wide variety of products to choose from. I especially like the easy search, filters, product details, and smooth shopping experience. The delivery process is also convenient, and the products I received were good in quality. Overall, Myntra makes online shopping simple, comfortable, and enjoyable. I am very satisfied with the app and would definitely recommend it to others. ⭐⭐⭐⭐⭐",0,5
playstore,38ab52e9-53b8-4b39-8b7c-20e129f0bcea,2026-08-19T08:03:03,"very fast,stylish and easy app..always fun to buy from myntra as it has plenty options in affordable range",0,5
playstore,5872ca33-e1b8-46f5-b035-804508cf3e1e,2026-08-19T07:55:55,"Products nowadays are sold by Myntra are of worsts quality. And the best part is that they will reject your return request also, so now end is near for myntra. Lot of other good companies will kick them our like Ajio, Nayka, etc. adding to my last review still Myntra using facing of seasonal sales to sale the defective product to the quality customers still there is a time to change the tactics and provide good quality product.",0,1
playstore,3820bfd1-7a3e-4992-bc26-6b60a6c75a74,2026-08-19T07:53:25,waste I'm unable to login,1,1
playstore,4b25bde6-162a-468d-ad8e-c995160432e4,2026-08-19T07:35:38,this app sooo good,0,5
playstore,7109dac8-3ee4-44bb-a574-64c66fd3a24f,2026-08-19T07:35:07,"not extra charges from "" Cash on delivery 🚚 """,0,4
playstore,1d8ff829-e1eb-4de5-9ea1-eccff5f7e875,2026-08-19T07:15:40,Yai best app hai yaha sab top quality ka product milta hai I love this app,0,5
playstore,ff56ebec-8fb2-4bad-a560-f0c0507cba02,2026-08-19T07:14:16,"Pathetic service and worst customer support experience! I ordered a watch (French Connection) well in advance as a special birthday gift for my wife, which was supposed to be delivered by August 9. However, it got delayed indefinitely. When I contacted customer support, the AI chat and automated calls were useless and just kept wasting my time with robotic responses. Then 18 august automatically cancelled my order without proper reason.",0,1
playstore,d122366e-5a5d-439d-984f-688838d98ad3,2026-08-19T06:57:11,Good experience..Beautiful dress,0,5
playstore,94ba3357-bf2d-4207-b5bc-f4173db5c1bc,2026-08-19T06:45:01,worst experience .....my return order wasn't picked up...myntra automatically cancelled my return request ....fake cheating app,0,1
playstore,4b4b8631-781c-44fd-bed2-073870ea72c4,2026-08-19T05:56:50,"Disappointing Experience with Myntra After 10 Years. I have been shopping with Myntra for the past 10 years and have never faced an issue until now. I received an incorrect, damaged product without a tag, and my return is on hold. Despite repeated calls to Customer Care and emails to the Grievance Team, there has been no resolution even after 24–48 hours. This lack of support is extremely disappointing. I hope senior management takes note and resolves this promptly.",0,2
playstore,8e8e9dc7-ae59-437d-9e5b-e241a99ea990,2026-08-19T05:32:45,worst app the service is very poor return of products cancelling lot of inconvenience caused from this app delivery issues are not solved easily,0,1
playstore,f2a30e17-c2dd-45ed-b1fe-fcb93d80dffe,2026-08-19T05:18:52,Excellent and comfortable.,0,5
playstore,8ffcc7af-a52d-4add-9e21-9692775bca64,2026-08-19T04:51:36,I really appericiate myntra for its good quality products and great pricings.It is my pleasure shopping here everytime and i never get disappointed hope the same in future,0,5
playstore,e1c4513e-aea1-4ea0-8cb1-c07057700f71,2026-08-19T04:19:31,very usefull app bast qwality product available,0,5
playstore,a0af4018-f3bf-4b07-a393-66c2db0f3b47,2026-08-19T02:36:53,very good shopping app best in the world for fasion,0,5
playstore,c923b313-4389-45ee-822d-d71c6d383f66,2026-08-19T02:23:56,awesome products.,0,5
playstore,90830b8d-be1e-4ab4-926c-912ed8f433eb,2026-08-19T01:30:05,I love this app 💯,0,5
playstore,a4d492ce-98d5-450f-8391-56976009934e,2026-08-19T01:24:26,i number quality i like this,0,5
playstore,15b543c4-1ce9-484f-8740-7009bd251830,2026-08-19T01:05:04,Didn't get my myntra credit/earnings for my last approved video on ultimate glam clan program.,0,3
playstore,c2853d97-d463-4d89-8aa2-c39b1afd0449,2026-08-19T01:04:29,"⭐⭐⭐⭐⭐ 10/10! Amazing shopping experience on Myntra! Great collection, good quality products, easy-to-use app, and amazing discounts. Totally loved it! ❤️ Myntra has a great variety of clothes, footwear and beauty products. The app is easy to use, filters are helpful, and there are usually good discounts. Overall, a good shopping app, though customer support and return issues could be improved.",0,5
playstore,6ec80051-7c2a-4f97-a9fc-2e3c9c80f44a,2026-08-19T00:58:59,I just ordered one minimalist serum and face wash from you and haven't received it but still it showed as delivered. And all you can help is tell that acc to your logistics team I shared some Pin and now I can't get my product nor refund woww My other product was a suit that was ordered on 2 nd aug was meant to be delivered on 13 aug and till now it's not be delivered and I am asked to wait for confirmation till 25aug woow what a timing great ....I won't order from you again 🤬🤬😡😡🤬🤬😡🤬,0,1
playstore,006ff3c5-4931-4f8b-9057-571496746710,2026-08-19T00:57:53,this app is very intersting,0,5
playstore,f5d98f85-105d-4754-879e-700b1e0f6809,2026-08-19T00:53:07,"i really like to Shop from here but I don't understand what is their issue ? they always cancel my order without giving any reason just by saying sorry. I mean we are not fool. if we are ordering something again and again that's means we really need that thing and uhh fool your customer like this and their customer care support is so bad they don't even allows uh to type your problems. they gives you specific options to choose your problem, like seriously 😒",0,3
playstore,72951ab1-0cf9-49ad-bfb5-a7f0a2989d00,2026-08-19T00:48:53,review very nice 👍🏻,0,5
playstore,a2730bd3-6f6d-4cd3-b938-aed48cb53d05,2026-08-19T00:48:49,too much gd aap for shopping. easily reliable and convinient to use,0,5
playstore,6085bd35-ec36-4a38-bb83-33cd3fb4359a,2026-08-19T00:47:01,best for fashion & fast delivery,0,5
playstore,bb343bb1-72a6-4f51-87d3-87c697adb67a,2026-08-19T00:43:21,"⭐⭐⭐⭐⭐ Amazing shopping experience with Myntra! The collection is stylish, trendy, and has something for every budget. The quality is great, delivery is quick, and the packaging is neat. I’ve always had a smooth experience shopping on Myntra. Highly recommended for fashion lovers! 🛍️✨",0,5
playstore,23c0c310-67f9-4547-9efd-e58638f7607b,2026-08-19T00:37:11,better than flipkart,0,5
playstore,626765dd-20ac-4a6c-9dfb-95a0ef542437,2026-08-19T00:33:52,very nice app 🫶,0,5
playstore,3601db35-20f5-4d9e-9cea-15b6bb0ad3a2,2026-08-19T00:24:33,you can really get good products here Loved this platform,0,5
playstore,a6416a27-558a-4dc7-a2d2-cda4fb83bdae,2026-08-19T00:23:55,"myntra is too bad yr, i got disappointed by its service like no shopping app does this to me that this app cancel my order everytime by showing that it has come in my town than it shows order got delayed and after more few days they extend the date and after that it cancelled!! like they have no accountability , if I have ordered something and it take half a month to come and then cancelled without any reasons , it is seriously annoying .. and also it happens with me always .",0,1
playstore,ac8309fe-e9ab-43e3-9759-cc3266a51f9a,2026-08-19T00:22:07,it's a very good app with a good interface for people and has a lot of styles and also it,0,5
playstore,3c0aee53-72df-4af6-a77f-56600252f7df,2026-08-19T00:15:04,really bad experience,0,1
playstore,28fadb37-4391-429f-9806-461d9e243e55,2026-08-19T00:04:15,love you myntra 🎉,0,5
playstore,6789949c-8b1d-4084-bd99-af93d553cb8b,2026-08-18T23:53:22,good online shopping app ☺️ 🤗 I like it 👌,0,5
playstore,3b822c39-4647-4d5f-93f1-9ef295715cc1,2026-08-18T23:41:39,delivery time Long and items not delivered no coustomer support myntra not purchase all items not,0,1
playstore,1ba98008-3e18-4463-8b95-622e5514190a,2026-08-18T23:40:59,worst order experience. it I'll take many days more than week . asume if you ordered item on 15 it'll show delivered on between 19-21. on 18 it I'll show delivered on 21,0,1
playstore,0ebc547b-3be2-47b6-8a2f-c281e692b44d,2026-08-18T23:39:28,good experience 😃,0,5
playstore,48fc01d9-daf4-44a9-8a3f-51cec10350fb,2026-08-18T23:35:12,worst support worst service,0,1
playstore,514386ec-1977-4fc0-8e92-dc4980cd7fb4,2026-08-18T23:20:24,Bahat acha hai ye app,0,5
playstore,a6d9c2ee-ecc2-4b8c-8bd3-fc51b8c726e6,2026-08-18T23:19:15,nyc Shopping app,1,4
playstore,7b3799a7-e029-4fc8-ad8d-c2f6749f3525,2026-08-18T23:17:23,apne ap cancel krke refund bhi nhi dia,0,1
playstore,1a7b8fd6-923c-45ba-bf41-cfa1864be8a3,2026-08-18T23:16:24,worst Customer service. First they are not sending product with tag and while returning asking for tag. Customer care team is not responding neither on chat nor on call to discuss on the issue.,0,1
playstore,c19c7479-3a97-4928-bd4c-c283378009e7,2026-08-18T23:05:53,this app is very awesome 👌,0,5
playstore,8aea0b58-f815-4b9f-ad4f-da9b00dea725,2026-08-18T23:03:12,unable to apply filters,0,3
playstore,353d6791-b4b5-486a-a356-bc4a49cb87e7,2026-08-18T23:00:43,"They do not have any support assistant, everything is useless and neither can we get a refund back nor can we talk to the agent through message, they do not give any option and if we call then there is an assistant waiting who is not available. Who doesn't listen to anything and solve our problem, I haven't received refund for the last 8 days and there is no customer support. Firstly, they send old clothes to almost everyone. I have given them proof.",0,1
playstore,26da16f4-496c-4bd8-aad0-acab5b6889d2,2026-08-18T22:54:53,poor customer service,0,1
playstore,61d2d263-9ff9-4a77-bb05-c400912f04e7,2026-08-18T22:52:55,mai ache kapdon ke liye bana hi nahi,0,5
playstore,d938aef2-12c9-4432-b17f-2d76e6fa7f9e,2026-08-18T22:52:36,genuine quality,0,5
playstore,26bfea81-e552-4f52-aade-dfe14b2c832f,2026-08-18T22:51:41,it is the froud app and it's delivery as not well,0,1
playstore,7a44511f-37e8-4670-9ad7-f1a9fd5daee5,2026-08-18T22:50:01,nice app and good quality products,0,5
playstore,2e139c88-0dda-49c4-bb05-e5a7392a6d9c,2026-08-18T22:48:25,"very good in very affordable price,",0,5
playstore,dea37655-8734-46b8-b8f3-734feff03a91,2026-08-18T22:45:27,amazing .. nice collection fast delivery fast return. fast refund... thanku..,0,5
playstore,6f63f2c1-c7ce-4e4a-ba08-face641e6d32,2026-08-18T22:42:38,one of the most trusted online shopping app💗,0,5
playstore,c104a0bc-a807-4d08-abd4-511dcdefdf99,2026-08-18T22:39:18,overall UI is good,0,5
playstore,885ef711-4526-4fbe-b15d-f7f62118cbc7,2026-08-18T22:39:03,worst customer service not connecting to any real agent to solve my issue,0,1
playstore,2d3e4bc3-d8ac-4bac-8df7-daafefcf687e,2026-08-18T22:38:44,my first time is very good product,0,5
playstore,166ee853-8532-4d19-9cde-978fbb2fc732,2026-08-18T22:17:19,"Love this app! Shopping is super easy, delivery is fast and the app is very smooth and responsive. Great collection and amazing deals. Highly recommend!",0,5
playstore,ca63321c-883f-4d83-82ff-b8921087346f,2026-08-18T22:13:51,fraud app.. product picked up by the delivery boy however myntra said that product is not picked up and did not provide refund.. they don't even post your review on product if reviews are negative.. they have moderated the reviews as only positive reviews are being allowed to post,0,1
playstore,fe93c1c0-81c7-4a55-bcce-816c61404b63,2026-08-18T22:05:57,Amazing app for shopping,1,5
playstore,68750ba4-0fbf-471d-ab5d-d42ad91e8bbe,2026-08-18T22:02:51,more collections available.,0,5
playstore,6a870b7d-9c45-4dfb-a099-578a5abf2207,2026-08-18T21:58:07,overall it's very nice 👍,0,5
playstore,64eaf366-bdf8-4243-90a5-210d436329ea,2026-08-18T21:56:04,"Really bad experience with customer executive. My order got cancelled after reaching my nearest delivery hub as my pincode suddenly became non serviceable for them. The same pincode where they were ok to deliver when I placed the order. The customer executive only has one thing to say ""i understand your concern pls place a fresh order"". what is the purpose of that....",0,1
playstore,5b523d75-be20-4c9f-85a3-9afabe0ab4ee,2026-08-18T21:53:15,"Excellent, Fabulous, Mind blowing",0,5
playstore,ce381d53-9c89-4251-a0a6-ea23281e9b49,2026-08-18T21:48:03,one of the best app for order stuffs and the my glam clan offers gives you credit money so you can redeem on the orders,0,5
playstore,985ada8f-d674-4be1-9dbe-cb187a46f3e6,2026-08-18T21:47:20,perfect fit and stylish,0,5
playstore,1fb3672d-5511-4ecb-b2c6-fe633e11cb90,2026-08-18T21:45:58,I just love myntra 🥰,0,5
playstore,77891395-5bc3-482b-9c59-1f67177f195b,2026-08-18T21:40:43,greatest of all time,0,5
playstore,a583913c-636b-4a0c-9b4b-00508da8a8bf,2026-08-18T21:32:53,is app se ghatiya service nahi dekha m kisi ptaleform pe ye Nasha kr ke order confirm lete h .aur jo mn me aye date fix kr dete h aur us dilevery date pe pta nahi kaha mar jate h. 15 ko date diye nhi huwa 18 diye wo bhi nhi huwa to bnd kro na online selling jb tumhe delivery hi nahi deni h to,1,1
playstore,f96d17a5-6379-4d72-b0cc-f73249f29412,2026-08-18T21:30:25,worst application ever I am trying to order something from the app they cancelled after few days bakwas UI bakwas service,0,1
playstore,50809a0c-9ab2-4a2c-899a-e568c62fc07f,2026-08-18T21:25:44,best for original products and great deals,0,5
playstore,a7ad60ba-f74b-4e9d-988e-3fa26bde04c9,2026-08-18T21:15:21,"Amazing and trustworthy platform for makeup, dresses and ethnic wear",0,5
playstore,bfda5137-a2f4-44eb-843a-92e41ce46d64,2026-08-18T21:11:46,"Worst Experience Worst experience with Myntra. My order was supposed to be delivered on 8th August, but it still hasn’t arrived. When I tried to cancel it, the cancellation has been showing “Pending” for the last 5 days with no proper update or resolution. This is extremely frustrating and unacceptable. Customers shouldn’t have to struggle just to cancel an undelivered order. I strongly recommend people not to download this app or use Myntra for purchases. Very poor service.",0,1
playstore,dded942f-25ad-4ff4-8417-a969637bde76,2026-08-18T21:11:14,"Very bad experience. Applied ""No Return"" coupon by mistake and got poor quality product with faded colour. For return, only ""size exchange"" option was there. Requested refund by deducting coupon but ignored. No support. Myntra delivers bad quality and takes no responsibility. Policy is confusing.",0,1
playstore,89a4057c-bfcf-4c4b-9107-5182c01a6e5b,2026-08-18T21:11:04,The Best Ever!!! 🐥,0,5
playstore,cb595598-cd6d-45d0-b03e-6f0510fcc136,2026-08-18T21:10:35,"Extremely Poor Service and Delayed Delivery! My order was scheduled to be delivered by the 8th, but I have not received it yet. There is no clear update regarding the shipment status. Customer support has not been helpful. Very disappointing experience from Myntra.",0,1
playstore,1ea216fb-6427-4ad1-b71a-6acbaae07ed0,2026-08-18T21:09:56,My experience with Myntra was really good. The website is easy to use and offers a wide variety of products. The product I received was of good quality and matched the description.,0,5
playstore,a719a01b-460a-4dc3-bdcf-952fac75e947,2026-08-18T21:09:00,Myntra's service is very bad 😔,0,1
playstore,f089562d-71ff-43bc-9179-2720a049c091,2026-08-18T21:01:21,"myntra is nt giving full refund after returning the whole item dnt buy from myntra wrong product ,issue in size I hve many complaint on myntra there r some resolving sum r igonre",0,1
playstore,0ad3307f-4f3b-4718-964e-55bfcb2643e1,2026-08-18T20:58:17,"the app was incredible,every product is geniune and has good quality",0,5
playstore,71a9ce07-9e45-4406-a631-7fea80b2c8a0,2026-08-18T20:56:02,customer care is just name sake and return policy and the return system is rubbbish,0,1
playstore,ca9b47ae-e505-4503-95ad-1c4e227dd7cc,2026-08-18T20:55:39,my experience is very nice and useful product purchase for me thank you from Myntra,0,5
playstore,de82bcf7-d6fa-4c2b-8540-292d9a0ec34c,2026-08-18T20:54:48,"Very poor support. I received the wrong product and provided evidence. An Ekart agent called me and collected the product on 14 July, but Myntra later claimed it was never picked up and denied my refund. I have contacted support repeatedly, but they keep sending the same automated replies and closing tickets without investigating. I have neither the product nor my refund. Completely unacceptable customer service.",1,1
playstore,d725c63e-0fcd-4b87-9b0b-4047fde7786a,2026-08-18T20:50:01,awesome product .,0,5
playstore,31e85345-2d5c-4981-a00d-11429f555736,2026-08-18T20:48:36,very bad experience worthless delivery agent never deliver the item on time i called them soo many times but they never did anything worst application,0,1
playstore,dd37e2fd-b569-4943-b085-f1f240abe7fb,2026-08-18T20:48:35,Worst experience in last few orders. Tracking details shows order received at nearest delivery location but never received.,0,1
playstore,c70af751-a155-46fc-a04f-5b7e0da7a971,2026-08-18T20:39:32,"amazing dress , great fitting 👌 I loved it❤️❤️",0,5
playstore,ba8f36fb-801c-46fa-974a-bd0618964cc5,2026-08-18T20:39:29,"The services of Myntra were good enough in the past but now it has been downgraded to earth. Products, rates and offers are average but delivery and customer help center are the worst and headache to buyers. Don't buy anything through Myntra if you need timely delivery. Myntra has no control over delivery agents. They reschedule your delivery date without any information. Myntra help center is totally digital based AI. You can't contact a real customer service agent despite repeated efforts.",0,2
playstore,c4638b43-081d-4399-b301-0d53f82755fa,2026-08-18T20:38:02,much better product,0,5
playstore,035e834b-e45c-4670-be39-ffa1b4a5e8e4,2026-08-18T20:35:54,"very bad service was given from Myntra, i placed a order and my EDD was given to me on 12th of Aug but delivery partner wasn't delivered my order,so I raised a complaint and my ticket resolution date was given to me till 17th of Aug everyday i received a message that my order was out for delivery but i didn't receive my order on 18th today I received a message that order was out for delivery i wait for the delivery partner till 7.30 he told me that he will not deliver the order very bad service",0,1
playstore,dfb58fa6-6184-49e1-85db-82257a6b7b05,2026-08-18T20:33:00,"Excellent service and product quality. One of the best shopping app , You needn't think twice before purchasing any product from this app",0,5
playstore,5bd3a014-5984-4d63-82d8-32d40124673b,2026-08-18T20:32:20,quality of clothes,0,5
playstore,1821512c-a588-4c15-ad74-d527761c6650,2026-08-18T20:30:31,Very nice I always shopping with mymtra,0,5
playstore,2241bb23-f8e5-4a1b-ac96-c8ffe7399347,2026-08-18T20:29:21,Horrible experience with Myntra. These people don't value their customers.My App got auto updated .. don't know how I got logged out..and since then I cannot access my account and my orders which were in transit. I want to exchange the product but can't do so. Twice I raised my concern through the help center. The agents close the issue without calling the customer. There is no means to contact them in anyway,0,1
playstore,2b8dd815-253e-4833-a7d2-9b6ae222d7e1,2026-08-18T20:28:47,it's the best app for shopping,0,5
playstore,bd663c7b-8efd-46be-a4df-a157719ab9ae,2026-08-18T20:15:58,authentic genuine products quality shopping app,0,5
playstore,9a159a62-35ca-4f7c-94fe-11ffac2f30ce,2026-08-18T20:14:09,another trustable platform,0,5
playstore,6bc74737-fba0-47de-95be-33e69867dcce,2026-08-18T20:12:09,awesome clothes n,0,5
playstore,50a4c087-f364-463a-98e3-ea04118226c6,2026-08-18T20:10:58,scam canceled my 4 order and even deducted platform fee i did not cancelled my order they did.,0,1
playstore,0ee5f81a-a9a9-4ee2-b74d-405cc1ab1b52,2026-08-18T20:08:43,nice product original quality and make the perfect pair always ty mintra,0,5
playstore,0f030a12-4446-4322-a5ec-32b425551eb0,2026-08-18T20:07:53,yr app and website both are not working,0,1
playstore,e2f98f9f-f514-4014-b2f1-0c738f570b1b,2026-08-18T20:06:32,using myntra since ages n never got disappointed by it living it,0,5
playstore,a9dc6426-64ec-4515-a2f0-556a266dd3b3,2026-08-18T20:05:23,very good experience,0,5
playstore,09d2fb69-fdeb-4c86-b780-68f745b4e5ef,2026-08-18T20:02:54,Duniya ki sbse ghatia customer care team h myntra k paas......ye 1 star bhi majburi me diya zero ka koi option nhi h isliye...,0,1
playstore,c868b4ce-0aa1-4dd4-bd51-4c0fc5a6872b,2026-08-18T19:59:59,each and every order of mine get delayed and cancelled..I hate this app so must disgusting experience...worst app,0,1
playstore,a8962aae-0ae0-4914-a525-9a1844db5a24,2026-08-18T19:59:55,nice.....excellent product,0,5
playstore,ce374807-94ce-4a9f-a294-aa3aa38fe0c5,2026-08-18T19:54:04,superb experience ❤️,0,5
playstore,38c046c0-2de5-475f-9855-0c76fc7fd48c,2026-08-18T19:53:33,bahut Achcha hai application,0,5
playstore,626b86ba-c57a-49af-8ec2-3a05363697a5,2026-08-18T19:52:26,"Disappointing This is extremely frustrating and completely unacceptable. I received a totally different product from what I ordered, and despite already contacting customer care multiple times, Myntra is still refusing to take the wrong product back.Instead of resolving such a basic issue,you are asking me to give feedback. This has caused unnecessary stress and wasted a lot of my time. I expect Myntra to take responsibility, arrange the return immediately, and issue my refund without any delay",0,1
playstore,0e47a573-4506-44dc-b730-a7a6ae3f340d,2026-08-18T19:45:57,best site for shopping guys love all products 😍🥰,0,5
playstore,9482f09e-646e-4481-82d1-2f729722ec92,2026-08-18T19:44:04,ammazing experience,0,5
playstore,609713a3-88a9-4db3-ae3d-c8a4b7502c19,2026-08-18T19:43:34,"bad service,bad products,bad return policy,They don't have enough people to solve your query efficiently.Dont buy from Them.They don't care about customers",0,1
playstore,48068b4a-5960-4979-b371-032d3e95e186,2026-08-18T19:40:57,"I don't know fashion after I installed myntra I know what is old money, gen-z,outfit",0,5
playstore,8a7fd5ae-0c55-4d82-9813-1a942b7ca2bf,2026-08-18T19:36:03,"i don't know how Myntra do this with me i literally contact help center like 6to7 days regular but my problem didn't resolved my refund didn't deliver in my account and i contact help center said that after 24hrs its deliver but 2,3days it's not deliver my refund whats wrong with you myntra please resolve my problem",0,1
playstore,7ccde45d-5007-40ce-90e2-f3f9674835a0,2026-08-18T19:35:34,till now the quality and fabric of cloths are good,0,5
playstore,6982d311-1627-4836-be7c-340ba907a65e,2026-08-18T19:34:29,"exceptional, very good and well",0,5
playstore,b4d856f4-40eb-4119-a34c-cdc461866ed2,2026-08-18T19:34:07,bhut hi ghatiya D gred e commerce platform iski delivery kbhi nhi hoti hai maine khud kayi bar try kiya hai iska costumer support bhi nhi hai I will never use this again in my hole life ................,0,1
playstore,bdbe55fb-cfea-462b-9dc2-dce37858cfb5,2026-08-18T19:32:48,this review is for there customer care which is not reachable at all if you are not logged into system. not able to resolve login issue by doing multiple follow ups on there customer care support email id.,1,1
playstore,3977f57c-64fa-45c3-aea1-9a6f12a35693,2026-08-18T19:31:31,best shopping app for clothes and fashion,0,5
playstore,865a0305-4b61-4d61-b9dc-fad3293f2fdd,2026-08-18T19:30:13,nice osm service very faitfully,0,5
playstore,774cf33c-f710-4ec3-98da-644b6c7e2af3,2026-08-18T19:28:51,very useful app and every product is awesome,0,5
playstore,d4a05ffa-1277-46f4-b7e5-14d2d652772a,2026-08-18T19:28:38,amazing app loving products 😊,0,5
playstore,f766d38e-ab9f-40f7-9b85-3fb6bc6f9b24,2026-08-18T19:27:04,i really trust the quality,0,5
playstore,c89d640a-4d31-49bb-a2c1-033a7aa0ef49,2026-08-18T19:26:07,this facewash helps control oil on face and myntra made it even better by delivering it quickly!!🩷,0,5
playstore,799f4485-4e5e-4723-99ba-4d43fcdbb2f9,2026-08-18T19:21:53,didn't get a refund 1722/- to my account delay I am calling customer care means saying like initiated but I seeing my account no credit to bank account I called my bank and he said that still not received Nowadays myntra is going the worst Sometimes there is a delivery agent cancelling order,0,1
playstore,250c712e-2e35-465e-a668-d1cd6bd5790e,2026-08-18T19:21:51,it is really helpful,0,5
playstore,c8304d1c-84a3-4923-bd27-18b968244ce7,2026-08-18T19:19:16,"Absolutely loving my Myntra experience! ❤️ I recently downloaded the app and I'm really impressed with the variety, easy shopping experience, and especially the fast and smooth delivery. The products arrived in great condition and the overall service has been amazing. Definitely enjoying shopping on Myntra! ✨",0,5
playstore,2e8c2c11-2aae-4732-a536-c85ba7cdf909,2026-08-18T19:18:46,nice collection and perfect prices 👌,0,5
playstore,395c94a5-747c-4801-9559-222950286692,2026-08-18T19:15:01,"very good app affordable rates ,new designs,better quality",0,5
playstore,3cf005c8-5dbe-4e51-ad7e-64aaf6a40919,2026-08-18T19:14:21,"Myntra is one of the best shopping apps for fashion and clothing. The collection is huge, the app is easy to use, and the product quality is generally good. I especially like the variety of brands, offers, and the smooth ordering and delivery experience. Overall, a reliable app for online shopping. Highly recommended! 👍",0,5
playstore,0c8fd125-4ab7-417b-bdb2-034fb382a058,2026-08-18T19:08:03,"it's an amazing app,gives discount on many occasions.",0,5
playstore,45bf25e1-edd1-4857-acb0-4fbc5ddebdb3,2026-08-18T19:01:05,ovesome experience,0,5
playstore,98dc2387-947a-4898-828f-729aac3d17c2,2026-08-18T19:00:17,poor delivery time 14 arrived my good but don't know what already paid,0,1
playstore,91d7e3fc-6c14-4d25-b746-3d1861eb01f3,2026-08-18T18:54:46,great my choice shoes 10/10. and one8 shoes 👟 parfect,0,5
playstore,18bd69ef-99eb-4385-b347-127cae0bde73,2026-08-18T18:54:35,"good Application, Nice First Experience",0,5
playstore,47483a14-c70b-4b93-a774-42eb866777ac,2026-08-18T18:54:03,great experience,0,5
playstore,4f698cb0-3b6e-4f41-809a-4b9612cfdb8e,2026-08-18T18:47:40,Original product from Myntra.I purchased Rayban Sunglass Round and rectangular shape.Both is original from Rayban.Quality is excellent.Delivery fast.Price is low as compared to others .So I always recommend to buy from Myntra.,0,5
playstore,becdd141-8fd4-4fae-8026-4b63a887495d,2026-08-18T18:43:43,Nice app for shopping and understanding better style for the teenagers ++,0,5
playstore,32c8dce7-0e13-4acd-997f-24e73f4295ad,2026-08-18T18:43:39,I am interested with very very nice,0,5
playstore,29d397b1-9ded-4669-a953-1a3ed0773117,2026-08-18T18:40:06,"quality products fashion at amazing prices i buy almost everything from myntra clothes,bags,shoes n jewellery best in quality and amazing custimer service superfast delivery easy exchange n refunds go for it",0,5
playstore,09b238c4-0cdc-45c7-a837-9519fe99db46,2026-08-18T18:37:24,Myntra sales mostly near expiry personal care products if you want fresh products Myntra is not the right platform,0,1
playstore,66c57069-42ec-491c-aa48-7341200a9af7,2026-08-18T18:32:34,very useful platform 💯,0,5
playstore,dfc3e21a-a442-4c1a-8d3a-74d414c8dd4f,2026-08-18T18:24:57,such good product received... myntra is good web side I think fkt original product,0,5
playstore,3adab2d7-cfdb-40ed-9c09-b5fe7a6092bf,2026-08-18T18:23:44,exactly same clothes I see in photos.,0,5
playstore,94c9d8da-97bc-4d21-9387-74dc757349a8,2026-08-18T18:23:18,delivering orders on time,0,4
playstore,1085adc3-fc23-4eea-93d3-4edc9b9f1437,2026-08-18T18:11:44,Best shopping app for branded material,0,5
playstore,8628f8dd-d932-4664-94ea-b9599c2ca475,2026-08-18T18:10:19,worst customer service,0,1
playstore,6b416ebf-71e1-4023-a324-f0da3b13e1d7,2026-08-18T18:05:48,dont buy product this app not quality and proper deliver received broken product and used fabric,0,1
playstore,893c33b4-5432-4f61-88cd-06b65840cfb2,2026-08-18T18:03:59,my order hold please help me,0,1
playstore,7462517d-e6e9-4d69-93be-c3604cbefa91,2026-08-18T17:58:39,very bad app hai yehh mene 3 bar order Kiya mujhe 3 bar hi nhi mera order received hua kabhi delay toh kabhi cancel ense acha toh meesho app hai woh delivery toh tym to tym deta hai mera order mujhe ajj receive hona thaa lekin inka message aya k order delay haii 😡😡😡😡😡😡😡😡😡😡😡😡😡😡 0 rating hai meri ganda app haii yehh,0,1
playstore,19a89791-29b9-4f9f-a7e1-af1173b777a8,2026-08-18T17:58:28,my all time favourite perfume,0,5
playstore,af9d83cb-66b6-46df-a3cc-938cb0a86e7b,2026-08-18T17:55:54,Good platform.. for all in one...,0,5
playstore,c8011159-8a73-467a-b11c-061d1efbe0bf,2026-08-18T17:50:49,How beautiful it is 😍😍😍 Thank u myntra 🔥,0,5
playstore,16ee5cf8-4ee8-4076-9de6-5559bfab8c76,2026-08-18T17:45:55,I don't even want to give one star it was such a horrendous experience I gave order for a kids gown so its quality wasn't good and so I exchanged with something else the product that came was horrendous used product no tags and now the delivery guy said it failed brand match so it can't get return I connected with the costumer service like they said they will again check the product I have no faith that they will refund or exchange with a good product.,0,1
playstore,dc0bc5c8-5431-485e-84f0-51e39e9c56f4,2026-08-18T17:45:06,very trusted app love it 😍,0,5
playstore,fa08811b-2444-4d8c-ae18-2a07ab6599e1,2026-08-18T17:42:13,"poor customer care, my product is missing for 20 days and none of them could resolve the issue. i called 15 times and raised around 10tickets still there is no response from these guys. it's just a fraud app and i had the worst experience. zero stars i would give if I can",0,1
playstore,d04fc873-4a3f-4cbd-a7b1-135ac9136d04,2026-08-18T17:36:28,very nice 👌 product 😍😍😍,0,5
playstore,0d4a8029-c246-4d5e-842a-eb5273ae8b72,2026-08-18T17:34:31,late divlery for parcel,0,1
playstore,4012926d-1ddc-443c-868c-bc9ff53b5d21,2026-08-18T17:33:54,provides good product quality,0,5
playstore,85534c60-2b57-41a7-a9ae-202e1f110c73,2026-08-18T17:33:52,humne bellabloom kei lipstick lei inhone hume damage product dia or humne return krne ko bola to unhone Hume bola yeh return nhi hota exchange hoga or humne exchange ko bola to inhone bola eak hei shade h or inka staff accha h but inhone product return nhi kra na hei hume refund dia . i prefer you to not buy any product from myntra myntra sae better Baki apps hai maine 1 star staff ko dia h is app ko nhi .,0,1
playstore,5b4f2ef2-7715-40ad-88cb-f35fa8b7dbe8,2026-08-18T17:33:09,"very dissatisfied with Myntra. the customer care is waste. the only resolution they have is return the product. they can't handle delivery executives, they just force us to cancel the order so that they can gain platform fee every single time. Very frequent issue of mismatch between the description and actual product. I have raised complaints more than 10 times in this year. Myntra is going to loose lot of customers at this rate. never gonna order from Myntra again.",0,1
playstore,18953641-9ee9-4a95-b20c-77783d598a42,2026-08-18T17:33:05,"They don't deliver order in time and don't give delivery date,they just say your delivery is delayed and waste your time .",0,1
playstore,dc7234d8-af9f-450b-a3e2-8653ec343ed1,2026-08-18T17:31:36,superb platform for shopping any kind of necessaries,0,5
playstore,8860c3d9-a58c-47f8-b9aa-31c91850fec7,2026-08-18T17:26:59,"Very poor customer care service, exchange and refund service very worst.",0,1
playstore,de43fbe9-acb2-402a-8c56-b0333db56b9f,2026-08-18T17:23:35,really nice experience. thank you Myntra.,0,5
playstore,0faf9ae1-55fb-4577-a24f-27e33b9053be,2026-08-18T17:23:09,better app to compare any fashion apps,0,5
playstore,4b2eb744-f3a4-426d-a6c8-f0aadec0b174,2026-08-18T17:07:50,Nice quality of dress,0,5
playstore,5b1bec65-af0d-4fd1-a66a-34d258f70512,2026-08-18T17:07:13,jo product photo me dhikaya jata hai wahi same to same aata hai,0,5
playstore,56e2d150-7304-4025-b1cf-df985b9bac4f,2026-08-18T17:06:03,genuine products. and great quality.,0,5
playstore,28761eed-a86a-4159-80e4-4e06ce292ad6,2026-08-18T16:53:40,fantastic app for fashion,0,5
playstore,6627a36a-a8f1-423c-b039-8628c39f6b10,2026-08-18T16:51:47,"Myntra par return pickup ka bahut kharab experience raha. 2 din se pickup continuously fail ho raha hai, jabki maine return ke liye proper request ki hui hai. Customer support se contact karne ke baad bhi issue solve nahi hua. Return pickup ke liye customer ko baar-baar wait karna pad raha hai aur koi proper resolution nahi mil raha. Agar return request accept karte ho, to pickup time par hona bhi Myntra ki responsibility honi chahiye. Very disappointing experience.",0,1
playstore,5283da23-9086-42d7-a1f3-d675a06f73df,2026-08-18T16:43:49,very beautiful metiriyal,0,5
playstore,68218d2d-fe3d-46a3-9973-309492cbdb35,2026-08-18T16:43:37,"Great shopping experience with Myntra! I’m really happy with my purchase. The product quality was excellent, exactly as shown in the pictures, and the fit was perfect. The ordering process was smooth and delivery was on time. Overall, a convenient and reliable shopping experience.",0,5
playstore,cfca2e91-72b7-4421-8f3d-f8bdd82706ee,2026-08-18T16:42:55,very good lipstick,0,4
playstore,f0a93ee4-f1bf-4000-a929-c9b69367ff6f,2026-08-18T16:42:00,cheater application they didn't deliver my order and placed delivered,0,1
playstore,25e5f308-74f5-45f2-9b26-d1e9fbc159b7,2026-08-18T16:38:48,it's an amazing app.,0,5
playstore,2e99d379-79dc-4a9c-9b4f-22f7fc9f2675,2026-08-18T16:38:36,"Really happy with this purchase! The quality is excellent, the fitting is perfect, and the product looks exactly like the pictures. The material feels premium and comfortable, and the finishing is also very good. Totally worth the price and definitely recommended. Great experience with Myntra! ❤️",0,5
playstore,763e45a8-bb70-4b3a-ab38-8afae8addb6d,2026-08-18T16:32:47,"I had the worst experience, I ordered a product, the date was 17th August, it got cancelled today on 18th August, other shopping apps are better than this 💯 time waste app💯 I'm not change my review first of all your shopping app is not good",0,2
playstore,7a82e189-9a60-4c86-aef4-a08beeed2716,2026-08-18T16:32:41,waste app... order cheithal kittilla. automatic cancel avunnuu. kathirikkunnitte karyamillaaa...,0,1
playstore,1d33add0-49dc-4453-88f1-45f417339c59,2026-08-18T16:30:27,customer satisfaction app 👍,0,5
playstore,ee57ba88-dbe9-4f71-86a4-4368d63bfd8e,2026-08-18T16:23:36,valid app to buy things,0,5
playstore,7cfb6a57-b550-472e-a4f3-394df1685487,2026-08-18T16:18:02,It is a very good platform,0,4
playstore,591d5d10-cfa8-4746-afbd-d0bb7589204f,2026-08-18T16:17:36,service is good,0,4
playstore,fc5be492-89a7-4fe0-83da-fb0854ebbb20,2026-08-18T16:13:57,"Bestttt in Service, Quality, Shopping",0,5
playstore,4fefdae9-911a-4e91-ae3a-bac738622a8f,2026-08-18T16:12:31,Best app for shopping,0,5
playstore,bb188e17-8bc2-489c-b205-d6c9628faf0b,2026-08-18T16:04:12,I am very happy after using this app .thanks you🥰,0,5
playstore,741d8f52-c514-475a-a682-f9ba7b0b598f,2026-08-18T16:03:58,in short very satisfying 😌,0,5
playstore,3dc4c2e1-5277-4d4d-81a8-936c8c13250f,2026-08-18T15:56:48,"Worst and absolutely pathetic experience with Myntra. I ordered a product worth ₹1,300, but the product was missing from the package when delivered. I immediately raised a complaint and clearly explained the issue. Instead of investigating with the warehouse/packing or delivery team, Myntra simply said that nothing could be done. I paid for a product I never received, yet there was no proper resolution. This is not about ₹1,300—it’s about trust and accountability. Very disappointing service.",0,1
playstore,1ad75816-91e8-418c-9071-f95448b483ef,2026-08-18T15:55:43,this app is suddenly not working on my phone. the briefcase locked icon is showing. pls help.,0,4
playstore,0750032b-9aa5-41d9-a94b-5bf8c60ccb9b,2026-08-18T15:53:49,Thanks for Myntra😀,0,5
playstore,b96ff9ed-e88c-4562-b5c4-abceb88d1898,2026-08-18T15:48:33,Nice app With branded companies,0,5
playstore,b010b647-f1e6-4719-b81c-1fc7ef6942a9,2026-08-18T15:40:05,"Myntra is one of my favourite shopping apps! 🛍️✨ The app is easy to use, has a great variety of products, and the offers and discounts are really helpful. I also love the Glam Clan feature—it makes shopping even more fun! Overall, a great experience with Myntra. ❤️",0,5
playstore,930b83fd-2b41-4a8a-be8d-50ca987d3cef,2026-08-18T15:40:04,very good service,0,5
playstore,92ebbb71-a28b-4344-a902-a753923445a9,2026-08-18T15:39:55,excellent quality and fit,0,5
playstore,5d2a173b-7d47-4c92-bd07-8a7b35e98fae,2026-08-18T15:30:31,nice products availability,0,5
playstore,cefd2d8e-58d4-45c6-811b-3e6a356918c1,2026-08-18T15:23:06,this app was fast and responsive,0,5
playstore,5d4f7784-1681-44d0-9eb9-000fd3759dfa,2026-08-18T15:18:44,"myntra is very cheap app, i ordered 2 items from JJ enterprises myntra but they send me only one item in a package when I receive I paid for two items but I get only one item I did not get my second item then I call in myntra and they said we can't, do anything in this, like seriously I paid for two and didn't get my second item then who will give my money and who will responsible for this but they doesn't care about costumer I lost my 1282 rupees don't use myntra",0,1
playstore,8a2f9c97-de10-407f-9a0d-f4aff52a94a7,2026-08-18T15:16:23,I like this platform for shopping 🧿✨💗,0,5
playstore,d9540bd4-7aed-4add-9f72-a389dae686c6,2026-08-18T15:11:00,"The reason is that the delivery guy refused to speak in Hindi during the first call. On the second call, he gave me the nonsense excuse that Ekart does not deliver to my area, even though every other delivery service is allowed here. He even told me, “If Rapido comes here, then order it from Rapido.” Because of this response, I am cancelling my next order as well. Thanks to Myntra for providing such an “excellent” delivery service. also thanks ekart.",0,1
playstore,9c2c93cb-31bb-47aa-bed4-6b1c9f93032b,2026-08-18T15:10:50,good experience,0,5
playstore,3a03bb2e-c732-46cb-ae79-a33874c2db31,2026-08-18T14:57:12,fraud application hai. don't use it. product return ke baad refund amount bejhte nahi hai and farzi ke transaction number share kar dete hai. and bank ko kuch Pata nahi hota hai inke diye transaction number se. don't use it.,0,1
playstore,b8fa31d1-fe7f-4f02-9367-e60114b6a025,2026-08-18T14:56:21,very nice product delivered before expected,0,5
playstore,46a4c006-c7a4-486b-87de-9ab57d85f489,2026-08-18T14:56:15,Good experience,0,4
playstore,45689550-a052-4e12-9dea-76f436bac254,2026-08-18T14:55:43,very nice website,0,5
playstore,610cc95e-b45b-4c7a-8008-05b4183889e5,2026-08-18T14:53:01,my experience with my myntra is mind-blowing,0,5
playstore,56791efc-db01-40e0-af31-a456acca5978,2026-08-18T14:47:52,very good experience and product are brand,0,5
playstore,9a46bddd-b2d0-4a73-a93d-1d9624b303a6,2026-08-18T14:44:30,best and genuine products... no material comprises,0,5
playstore,76ef0f20-9e87-4350-b20d-91a4e7355e51,2026-08-18T14:43:51,great app for shopping 🛍️,0,1
playstore,028f3209-8a98-4ed9-988c-2441bc910aa2,2026-08-18T14:37:31,crazy collections deals and offers they have and the quality of the products is fantastic no doubt!!!!!!!!,0,5
playstore,606d938d-4e94-4ba3-894b-ecce33542dd0,2026-08-18T14:36:14,"easy to find different kinds of clothes, wide variety of brand, overall great",0,5
playstore,18141816-9663-4c1d-b213-2b8223ef0008,2026-08-18T14:35:58,very very nice kurta set,0,5
playstore,60e72676-f748-4285-a84b-746a9d19336d,2026-08-18T14:34:23,Pleasent experience. Easy exchange/returns.,0,5
playstore,12b1e1c7-d7d2-479c-a685-6834a24db7de,2026-08-18T14:34:02,amazing app and amazing products,0,5
playstore,caaf1f5e-7bc4-407e-a4f2-89b3e956716a,2026-08-18T14:33:06,The rewards section doesn't work all the time when I am on the last day. I am a regular customer but they have removed the daily cash reward too..,0,1
playstore,041de29d-2202-462c-92d4-a7c10c94e4b8,2026-08-18T14:32:17,nice product and good Myntra app,0,5
playstore,0305a8f6-dcad-4c0f-8d39-f56559d7d46a,2026-08-18T14:29:29,"very good,easy to use and on time delivery",0,5
playstore,fb602ff0-fcc0-4852-93a8-cf62c7ad95f1,2026-08-18T14:20:54,wonderful app 👏 👌 👍 😊 🙌 ❤️ 👏,0,5
playstore,930d0490-3ebb-4450-83e0-33fbc5e25273,2026-08-18T14:18:50,"shopping on myntra is next level i toh love using myntra top notch quality, unlimited offers, best price, over all is very good",0,5
playstore,86387d8c-a4f6-461a-ac15-10d35072ba83,2026-08-18T14:18:16,excellent service very trustworthy app,0,5
playstore,59fdfee7-a2e5-4fc5-81f4-55bb12381643,2026-08-18T14:12:13,Nice shopping app,0,5
playstore,5a3d5108-d04e-4188-8d4f-97785ceccb55,2026-08-18T14:09:32,best app for shopping,0,5
playstore,f7903db4-3446-4b35-b4dc-5aaf2db85c8a,2026-08-18T14:02:39,very good shoping app and sell trusted brand,0,5
playstore,8c50bf7f-1f83-4f88-818b-ffb452d45c2d,2026-08-18T14:00:56,best App for Shopping 🛍️,1,5
playstore,bf9b7600-a888-4c8b-aeee-7e0e1767b51d,2026-08-18T14:00:32,original products delivered by this app,0,5
playstore,026b26b0-bacb-4cba-b821-7b50f32483a5,2026-08-18T13:54:35,I always prefer myntra for shopping.. super product and customer friendly service.,0,5
playstore,ebd0e502-373c-4f79-a386-632d1522aeea,2026-08-18T13:45:29,Products are too good.... Quick delivery.... Affordable prices and some products are not in affordable prices... Thank you Myntra,0,5
playstore,f0336f7b-f770-4ff9-aebb-9f1a31e87d20,2026-08-18T13:44:54,are bhai first order 300 ka 88 rs may milgaya 😄,0,5
playstore,6fe4e07a-94af-4b8d-9446-8af700477698,2026-08-18T13:43:47,our trust myntra is the best,0,5
playstore,37c6ac6f-623e-4280-9777-c3e510ff27de,2026-08-18T13:40:54,"Such pathetic customer service, customers can't even chat to support. Even after the call I haven't been given a solution. Even the delivery boy was rude.",0,1
playstore,5d5a6c96-1714-41d1-ad68-e1deb8b67f2c,2026-08-18T13:36:16,very good app and affordable,0,5
playstore,95f86255-1785-4a82-bfaf-077e705f2cfd,2026-08-18T13:34:01,I am so happy this app is amazingly,0,5
playstore,c059c1cd-12b2-46f6-8d8e-10b6fd1cb8c8,2026-08-18T13:32:45,every product I ordered is really good and worth buying,0,5
playstore,297727f6-d66b-4c56-916d-cecf9e30f54d,2026-08-18T13:32:27,very nice product,0,5
playstore,bc3aacb6-e00b-4835-95d0-7ae423f1583b,2026-08-18T13:32:12,nice experience on Myntra,0,5
playstore,4924227c-d940-4bf3-b878-c042b0052976,2026-08-18T13:31:44,"One of the best online shopping apps for fashion and lifestyle products. It offers a wide range of clothing, footwear, accessories, and beauty products from popular brands. The app is user-friendly, with easy navigation and secure payment options. Delivery is usually fast, and the return/exchange process is simple and hassle-free. Regular discounts and sales make shopping more affordable. Overall, Myntra provides a convenient and enjoyable shopping experience. ⭐⭐⭐⭐⭐",0,5
playstore,20c74afd-4cdd-471c-a940-9eba61cbd0f3,2026-08-18T13:30:03,very good experience,0,5
playstore,d5e89f7c-abd6-40df-9d1a-37f46bfd7f79,2026-08-18T13:29:29,"very bad app they delayed my order and I want to go urgently and customer care is also very bad delivery date was 17 aug today is 18aug and they are telling me that we can't deliver it today we will deliver it tomorrow , worst app I won't use it again that was my last order😭 I have sended u the order no.",0,1
playstore,1707a854-66ec-4d61-ad72-a80d22b11f51,2026-08-18T13:22:56,"It's just an awesome one for all. Though I am not very fluent with window shopping, because of product quality issues and pricing, but when I want something for me, I have one window shopping stop naming MYNTRA. I love MYNTRA.",0,4
playstore,f1d14c42-0d89-4fd6-bce1-088d70118a94,2026-08-18T13:20:58,exceptional and good quality product,0,5
playstore,f41fe3f7-165e-4e16-81b4-3a7f89f23cf2,2026-08-18T13:15:28,bestest experience,0,5
playstore,7714c45a-1ad2-44bf-a69e-95d20a924751,2026-08-18T13:12:12,only genuine products and a lot of discount,1,5
playstore,541a2ecb-985f-4793-83c3-22cab43b781f,2026-08-18T13:11:29,wrong product everytime,0,1
playstore,e2b82e5b-b241-4bc7-b6eb-314925ba3d02,2026-08-18T13:09:35,best app for branded products,0,5
playstore,46678728-2f5a-4de4-8d4a-fa8060352b44,2026-08-18T13:03:36,very good give many cupon code,0,5
playstore,fc810f6e-ebf8-429d-b5ca-0e5c506bc3fb,2026-08-18T12:59:14,good and premium products,0,5
playstore,7225260e-9059-4ca7-a828-02cdf884b3e6,2026-08-18T12:59:06,fast and good delivery,0,5
playstore,f8badb76-a292-46c8-9422-a236779b14da,2026-08-18T12:58:30,very bad & disappointed service Orders keep getting delayed without a valid reason and no proper update 👎,0,1
playstore,489641ed-5e5f-4da5-b4e4-68dd17ab2e7d,2026-08-18T12:56:15,Best shopping app,0,4
playstore,eb9a2eec-b296-4336-a897-6650ed99d63d,2026-08-18T12:55:51,"What is wrong with Myntra’s refund process? The app shows that my refund was credited on 14 August, but I still haven’t received it in my bank account, and it’s already 18 August. I contacted my bank, and they confirmed that no credit has been received. I’ve also been trying to contact Myntra support since yesterday, but the AI assistant keeps saying it’ll connect me to an agent, after which it says all lines are busy. Please resolve this urgently.",0,1
playstore,ce1bff34-5266-48a5-a9d9-18be33c14086,2026-08-18T12:54:15,extra charge kar rahe hain,0,5
playstore,ccf8ef5a-dc1b-4ed3-8a45-34d590be6558,2026-08-18T12:49:51,whole platform is designed to fraud with small innocent perons. sellers intentionally not giving brand tags & thereafter myntra keeps rejecting return request because brand tags is missing. so basically whole system is fraud. commitment of 14 days return & exchange is totally fake and baseless. I am struggling to return one product since 1 week. fed up with customer team.,0,1
playstore,8422ce44-c7d1-40c2-8135-1c6201dcf414,2026-08-18T12:45:41,"Poor delivery service, Always do COD with them",0,1
playstore,82512eb0-7d34-42c6-aa83-0a55db8df181,2026-08-18T12:41:55,myntra is doing scam. they have delivered only one unit out of two to me on 9th Aug. since then I have been following up with them on all platforms but their logistics partner ekart logistics is doing fake delivery attempts and myntra is just giving me false assurances. I have even written to grievance cell with no result. my money is stuck..I would not recommend to buy anything from them,0,1
playstore,8987309c-7639-473c-9bb4-79ffa5f49f8a,2026-08-18T12:40:49,"best one , genuinely aap",0,5
playstore,f898b50b-0b7a-412c-916e-2a90dba5fbe5,2026-08-18T12:40:08,jo ap myntra cradit ka paise dete the payment krne ke liye us pr limit Mt lagaye plz uski limit hata denge to 5star rate dungi,0,1
playstore,f84dbccd-ca97-46ef-a02f-da63e38c6812,2026-08-18T12:35:10,nice offers on the app,0,4
playstore,1e984dd2-e197-4511-b8d9-8db1491afbb6,2026-08-18T12:34:55,excellent and very good,0,5
playstore,fe648852-1405-4bc7-8c31-2393511345c6,2026-08-18T12:32:17,the quality and prices are too good in myntra,0,5
playstore,c35d9d9e-f247-465c-9baa-7c8dfe5ae0e0,2026-08-18T12:28:22,too much useful for shopping 🛍️,0,5
playstore,fd6fff02-23a7-4ea7-8225-ec89016f2dd2,2026-08-18T12:24:56,Best Shopping Platform.,0,5
playstore,8a8c9416-45a9-48e7-a41e-98675437cfb2,2026-08-18T12:23:53,Great quality of products,0,5
playstore,2cd718ff-bfe6-4092-91b4-a2a32ddd47f1,2026-08-18T12:19:23,"cera,ve face wash is amezing",1,5
playstore,19ba9351-3fb7-4bc4-bc3a-90cfe294b3a5,2026-08-18T12:18:19,best shopping app ..,0,5
playstore,f653612a-8ec7-4765-9994-cc1cd452eeec,2026-08-18T12:13:00,wrost service don't order in this app and don't use this app very bad experience,0,1
playstore,46422f7e-970a-4ef9-95c2-610b0eb50c5f,2026-08-18T12:06:19,very good delivery,0,5
playstore,5948b5a7-378a-4c96-9485-e45743aec42b,2026-08-18T12:04:11,Not trusted app......worst app,0,1
playstore,4cd5615d-1cdc-4089-a76c-3007042ccd0c,2026-08-18T11:58:47,Excellent collection and the quality,0,5
playstore,3ffe8760-4f77-4377-af8f-44adad4c320e,2026-08-18T11:55:14,nice app for everything type of dress nd everything,0,5
playstore,bbf9cfed-0af2-45e3-a404-0b500cd885ec,2026-08-18T11:48:39,best for shopping anything,0,5
playstore,ff502bb4-03be-49c4-9fec-99edb4bc7752,2026-08-18T11:46:17,good quality product provide 👍,0,5
playstore,ab9d0834-bcc8-4476-8912-c695a446f5aa,2026-08-18T11:44:25,love every product from Myntra ❤️❤️,0,5
playstore,14ccc22f-9e94-418c-a54d-ba073e2dfeea,2026-08-18T11:30:51,very amazing app,0,5
playstore,60d23487-2bd8-4173-acfc-dda3eed34a68,2026-08-18T11:30:08,the product was good and comfy,0,5
playstore,46ffb992-6320-4110-82cc-37e060f2fb8d,2026-08-18T11:27:39,"placed an order of luxury bag. first they failed to deliver it on given date. when reached to customer support literally zero support was provided. next they I saw myntra falsely marked that they attempted to deliver it and it failed. when I tried reaching out to delivery agent even after putting registered mobile number and pin my call didn't go through.basically I paid huge amount and they have lied in every way possible. I'm planning to move consumer forum now.worst part,it was gift for rakhi",0,1
playstore,bbe3f981-1448-4f65-b3e3-7abc711355d8,2026-08-18T11:17:29,"“Myntra par shopping experience bahut achha raha. Products ki variety achhi hai, quality bhi good hai aur delivery fast milti hai. App use karna bhi easy hai. Overall great experience! ❤️⭐⭐⭐⭐⭐”",0,5
playstore,04e709f0-c704-4ecb-b9a9-cf306f412e5d,2026-08-18T11:12:40,very good app for shopping according to trend,0,5
playstore,eb61e5fd-cb38-449c-949b-ed02e277d844,2026-08-18T11:11:06,"Myntra claims to provide original products but I am observing from last few shopping experiences that the products are not original here, either they are first copies or defective products which are discarded by their manufacturers. Myntra has now started fraud in terms of return as well, I ordered a pair of animal shaped drop earrings from myntra, I received the product without brand name and of bad quality, I requested for a return, the pickup person refused because the product doesn't match.",0,1
playstore,5b7b18fa-9f4b-456c-8db5-0d1db1f45d22,2026-08-18T11:08:27,loved the app Myntra rewards cashback on every purchase...there products are also good 👍,0,5
playstore,16657f68-eb91-4097-a80f-04151815cd7e,2026-08-18T11:05:45,I ordered something from Myntra but received different product without tags and when applied for return they declined my request saying I received the correct item. I also tried contacting the customer helpline but they have the worst customer service and here I'm stuck with the different product as well...my money is wasted.,0,1
playstore,764676ff-058b-454c-873f-c4d565722089,2026-08-18T11:01:06,nice product nice price,0,5
playstore,a8232ac3-286a-422b-9d16-57e5824816e6,2026-08-18T10:58:49,Nice experience with this shopping app,0,5
playstore,114dc21e-90b5-42c9-91da-5c0299637fb9,2026-08-18T10:58:17,super Quality brand s,0,5
playstore,7d1e5a04-a2a7-41c5-98d9-5d64762c9016,2026-08-18T10:56:03,Myntra app ka jo product hai wo 100% precent bhadiya milta hai,0,5
playstore,8ef51384-9f22-40a9-8859-a6792cfb8d8a,2026-08-18T10:52:01,good quality and best offers discount by myntra fashion shopping,0,5
playstore,f44f3015-fc98-417f-b3ba-115e8e65e7ad,2026-08-18T10:44:44,original product app,0,5
playstore,cc4de91f-e640-4fb5-a333-8b4bf9ec6032,2026-08-18T10:30:33,one of the best app. quality is also looking like a wow 🥰,0,5
playstore,e362a095-75c3-491c-9996-a8e5e6320085,2026-08-18T10:23:13,worst e cart service,0,1
playstore,e3c19576-4387-4c38-ad76-1ef8a2add6d6,2026-08-18T10:22:28,Good experience,0,5
playstore,ed95ebc5-43b4-4f37-b43d-0fb89a8adee3,2026-08-18T10:05:15,myntra fashion shopping app is the best fashion app.,0,5
playstore,f2e65b7f-6b0b-4a26-a26a-c06bc5bc4069,2026-08-18T10:02:45,bad customer service reply to exchange took 50 min and not processed the exchange,0,1
playstore,8dd92662-c372-448a-937b-ffd7183c8cf3,2026-08-18T09:51:57,worst app very bad,0,1
playstore,9a155722-e383-45b0-97b8-144a2681c0f3,2026-08-18T09:47:51,"Extremely disappointing experience with Myntra. My order was confirmed and even shipped, but it was later cancelled automatically citing a “technical issue”. I contacted customer support for a proper resolution, but they refused to honour the original offer or provide any meaningful compensation. Instead, I was offered a ₹100 coupon as a goodwill gesture, which does not address the issue at all. This kind of arbitrary order cancellation and poor resolution is unacceptable.",0,1
playstore,40095901-4b9d-4565-af36-98aa09a7b9f9,2026-08-18T09:46:26,very good experience,0,5
playstore,654f3bdd-dc13-4682-b005-d0d29f14b3d3,2026-08-18T09:44:54,"Nice app to do online shopping, has always found the attire i wanted",0,5
playstore,ada0fe1f-d589-462c-b1be-67fcb8e1d6c9,2026-08-18T09:43:26,"BAD EXPERIENCE!!worst app, has no accountability about it's products after booking very bad delivery service as well .Issue gets raised and no one to solve ...zero customer service.",0,1
playstore,32a739f4-a2c2-4d8e-b4a7-c07bb033bf79,2026-08-18T09:40:23,My favourite clothing store👌👌✌️,0,5
playstore,7be20fe8-1520-42c0-97ce-4bdc5ad7f659,2026-08-18T09:25:22,worst app ever promised to be delivered with gift taken amount to,1,1
playstore,abb0e5b9-c52e-47f8-a0df-4edb2a2b42da,2026-08-18T09:24:02,very very helpful app☺️☺️,0,5
playstore,f399bd5a-4c47-437a-913e-3827ef9ae352,2026-08-18T09:23:13,Good app for the shopping,0,5
playstore,48aa29c4-56ec-47f9-a759-4f07005d1fe4,2026-08-18T09:21:57,Superb experience,0,5
playstore,6b2f05d4-0395-466e-bea8-fc158e82fb05,2026-08-18T09:16:13,"very good service, product quality.It is the best platform to buy things.I love it",0,5
playstore,22d3f6ea-0661-42f4-bf1e-fd770ee45251,2026-08-18T09:10:36,Very good app and product is also genuine and fast delivery.,0,5
playstore,a34d86c8-2990-4d22-96fc-bd50b17e587a,2026-08-18T09:09:57,worst experience delivery is delayed it has been one month a product has not been delivered,0,1
playstore,57ff83d6-ca31-4386-a746-7900192a32cb,2026-08-18T09:05:46,good products available in myntra,0,5
playstore,0da5e0a1-a529-423e-9cc3-90be72d65b18,2026-08-18T09:03:43,the customer care executive are not the real agents they are (Ai) when ever I request a call the same voice of all agents talk and in same format they talk,0,1
playstore,8ccef084-7ed5-4e14-9772-8aceffaf8c94,2026-08-18T09:00:37,"I wish there was an option for zero review, would have given that only. I was delivered a wrong product and when i tried returning, myntra refused to process the same. I even wrote an email to them attaching the video of me opening the product that was delivered to me, still nothing from their end, their customer support is useless. Such a waste of time and money this was.",0,1
playstore,b09c9e70-2010-4e19-9fc9-03c6f5a91196,2026-08-18T09:00:05,bhul k bhi yah apps use mat karna guy's mere paise kha gye or na call receive karte he na Gmail ka reply karte he bhai request he mat karna use Fake apps he yah mere pass poor bhi he,0,1
playstore,bbfd7a69-4d23-4f93-92d4-2b0bc2e8d689,2026-08-18T08:59:53,It was a good and nice experience the products and quality are the best,0,5
playstore,a62dcba2-beb4-4d06-a481-18e9b75fa80a,2026-08-18T08:59:46,i have an exchange order and when the delivery person tries to give me the exchange. there is an issue that the number on the tag is not verified. i still have the tag intact from the jeans. have tried to contact myntra but whenever I call answered by an AI assistant which has repeated questions. And no information about my exchange.,0,1
playstore,17e8eb94-dc7b-41d1-a863-a6973ec1f22e,2026-08-18T08:36:53,it is awesome aap for clothing,0,5
playstore,bb4357d3-2d59-4a02-a731-e7431c9ca128,2026-08-18T08:26:58,Varieties to choose from,0,5
playstore,5170e219-3d26-4000-98e9-a3b3d81557ad,2026-08-18T08:01:11,excellent app for trendy shopping,0,5
playstore,f7a544f8-b38f-4a01-89af-9a9a92cff146,2026-08-18T07:52:08,the quality of the products of Myntra are super and genuine coupons are incredible and arrive on time,0,5
playstore,8ebd77c5-0676-452c-8c41-72f6362e9116,2026-08-18T07:45:13,one of the best online shopping app,0,5
playstore,c097486b-c4f7-42b7-bfe4-60372b2e7db9,2026-08-18T07:43:45,he take rs 23 as platform fee. item cost is higher than other app. I would love to give him negative star,0,1
playstore,39b64d4d-739d-48dd-b814-cafe603d57a8,2026-08-18T07:36:04,"Great offers, excellent collection, superfast.",0,5
playstore,46a9aeaf-d3e6-42ba-8e49-814f27a6c54b,2026-08-18T07:14:31,good and trusted platform,0,5
playstore,6b64f173-aefe-4e9b-9532-79739cf9c672,2026-08-18T07:04:58,"Absolutely love shopping on Myntra! The app is super smooth, easy to navigate, and offers a huge collection of authentic brands... Delivery experience is good.. packaging is neat, and whenever there's a sizing issue, the exchange and return process is completely hassle-free.. Definitely my go-to app for fashion!",0,5
playstore,9b6a2847-3268-46a6-add2-59f471f73335,2026-08-18T06:58:45,best shopping app in myntra,0,5
playstore,adf8d2a1-b850-4a1c-8993-33fe579cd21e,2026-08-18T06:36:09,i Like the Reasonable price,0,5
playstore,c3acc51e-8953-40f3-bd54-f6f0216dda8c,2026-08-18T05:40:30,This app Product advertisement coming discount on this app when I'm booking the product it's confirmed same offer at the booking time after 2 days it's getting ato cancelled without any issue I'm seeing worst application.,0,1
playstore,876b29ca-c617-472e-9f15-8c46752ed647,2026-08-18T04:37:58,great service with best costumer support team always responsible and all goods are branded 💯👍,0,5
playstore,f50807f7-9efd-4363-b201-649f40b20726,2026-08-18T03:58:11,Best fits for genzzz,0,5
playstore,498caffd-6f72-47c8-85ce-c62face8a3a2,2026-08-18T03:50:36,worst delivery experience delevery partner cancel the order without permission bad experience with myntra @ekart👎,0,1
playstore,87e4a1c0-0290-4185-a704-c6e529666fa3,2026-08-18T03:24:22,amazing experience with myntra and Myntra has given a best opportunity to explore my beauty in different ways,0,5
playstore,613c9392-4b2f-4748-877d-45893d08db40,2026-08-18T03:21:22,good but high price,0,4
playstore,62b58c15-8274-4ee0-954e-b683cae461d3,2026-08-18T02:31:54,"Absolute fraud app They censor genuine reviews for some fake rejection reason and ensure they only publish good ones. the products received are always damaged, broken or pre-used. they seem to be the most unethical of ask e- commerce platform.",0,1
playstore,bb01b032-3908-453d-ad3c-bc6a9ad57153,2026-08-18T02:02:33,best for clothing,0,5
playstore,f9a99d69-e35a-453e-9c0b-0632afff35f2,2026-08-18T01:49:03,1star service my orders was deley nd customer service not supported,0,1
playstore,7f2e4d0e-333f-46b0-ab75-350142b46628,2026-08-18T01:40:14,I have been using Myntra for 5 years.Wandarful apps good service I m happy,0,4
playstore,f0d77126-8130-4e79-95fd-d7a3d7eb0761,2026-08-18T01:39:12,"one of the best shopping apps, the return and exchange policy is best out there",0,5
playstore,401b801e-c875-4117-a499-3331107fd184,2026-08-18T01:32:59,sizes r not available for many liked products,0,4
playstore,79adf648-2ea7-4c10-a4d3-5dbd812ad981,2026-08-18T01:23:45,best app for shopping,0,5
playstore,3a917bd6-bdd6-475b-a6ad-7b9e0b478a24,2026-08-18T01:18:55,appreciate quality and product are trustful,0,5
playstore,fb6ab313-f839-46b0-abe3-dc41a4758441,2026-08-18T01:16:53,very nice app this app is providing nice clothes and beauties product and giving to offers in every clothes,0,5
playstore,0ee110cc-0f92-4152-a719-d02dd90e6d12,2026-08-18T01:02:40,very nice app I love this aap bhut hi achhi sarvice hai samaan ki quality bhi bhut achi hoti hai time se saaman bhi aa jata hai i love this app maine jitni baar bhi samaan magaya hai mujhe aaj tak nirasha nhi hui hai so mai aage bhi es app se shopping karte rahna chaungi aur sabse achhi baat ye hai ki fasion up to date hota hai sarvice bhi achhi hoti hai return policy bhi achhi hoti hai koi bhi chiz aap return karna chaho bahut hi aasani se ho jata hai isi liye ye app mujhe achha lgta hai thanku,0,5
playstore,2b1f34cd-8fe9-485b-8c99-5cc7a0432850,2026-08-18T00:54:09,"⭐⭐⭐⭐⭐ Myntra is one of my favourite shopping apps. The collection is really good, prices and offers are attractive, and ordering is easy. Delivery is also quite convenient. Overall, I have had a good shopping experience with Myntra and would definitely recommend it. ❤️",0,5
playstore,0d42bcee-3962-4f7b-a6a3-8181370746e2,2026-08-18T00:51:41,this app very helpful,0,5
playstore,98a106b4-7b12-4991-a7c4-af7c65786371,2026-08-18T00:38:37,"Very disappointing experience with Myntra. I ordered 5 Libas sarees at an offer price, and all 5 were confirmed and shipped. Later, Myntra automatically cancelled them citing a “technical issue”. I requested the same offer/price or compensation for the price difference, but no proper solution was provided. Cancelling shipped orders and refusing to honour the offer is unfair and feels like arbitrary handling of customer orders. Myntra should take responsibility and provide a genuine resolution.",0,1
playstore,8efda6a9-494e-4b2f-8e44-16f6ac82a5f8,2026-08-18T00:32:25,good app for family reasons Shoping i m impressed 👍🏻❤️,0,5
playstore,34bc8771-f079-40a7-8fbf-ff07f56a8476,2026-08-18T00:28:15,best online shopping app 👌,0,5
playstore,d9328ef5-cc14-40aa-94db-5992ded8c105,2026-08-18T00:27:53,Very good experience,0,5
playstore,c6837123-4cf2-4361-8930-1df7b785d707,2026-08-18T00:24:27,very useful app,0,5
playstore,356aa78f-fa84-4e9b-aee6-7acc392a1284,2026-08-18T00:17:34,amazing app authentic products 😁,1,5
playstore,4f4bf6f8-917d-4586-92a5-da71451667ce,2026-08-18T00:15:53,"excellent app , good customer service best quality product",0,5
playstore,60783e64-d6fb-4fc2-9d43-604a993c8b7f,2026-08-18T00:11:50,it's a very good app i am really for it,0,5
playstore,866d9df3-0f09-4d5f-9700-3b6a3c0f0074,2026-08-18T00:04:12,very good quality dresses...,0,5
playstore,256c71e7-67c9-4514-b8b3-eb30b775406c,2026-08-18T00:03:07,myntra means trust,0,5
playstore,0b526540-345b-49e3-a862-25ebd8ebd4d0,2026-08-17T23:50:21,"It's been a week since I've ordered a few items I received some and other status remains in the packed stage, when I tried to reach the help centre it asked me to click call me now and I've been trying and trying but no response 😭 i didn't expect such poor service from myntra i hate it honestly",0,1
playstore,39587ba4-7fb0-4d88-9c89-d288ff6d0825,2026-08-17T23:50:09,"I received the wrong shade of the compact powder, and unfortunately, it is much darker than my skin tone. I tried contacting Myntra customer service and also tried several ways to request an exchange, but my issue was not resolved. I’m disappointed because the product itself may be good, but receiving an unsuitable shade without an exchange option makes the experience frustrating. Myntra should provide better support for genuine shade-related issues.",1,1
playstore,5e423ea9-437c-4b34-8a75-a34ba389d78a,2026-08-17T23:49:55,nice experience,0,4
playstore,7f63b698-330b-4550-adf6-ca67ad3ba652,2026-08-17T23:48:42,Not sure why but most of the items are not deliverable to Gujarat,0,1
playstore,c23a1987-6baf-489a-a364-786a76bc04c5,2026-08-17T23:46:03,love it genz cloths r best,0,5
playstore,8b01e334-8341-49ca-828e-ef01d6c8d218,2026-08-17T23:37:30,such a nice and helpful experience 🫶🏻,0,5
playstore,9c189ad4-eb18-4387-b661-3dbc25b40958,2026-08-17T23:27:21,It is a good app and the delivery is also fast. One of the best app for shopping,0,5
playstore,9d3e937e-2e30-4e2b-8449-c9318adea9c3,2026-08-17T23:22:33,"lovev it , acha hai ,quality provide by this app , go for it , bhot achi sarvice hai myntra ki , maza aa gaya",0,5
playstore,ac07c9e4-4ca2-40aa-ac9b-65119bed1dff,2026-08-17T23:17:41,"Myntra is a very convenient and user-friendly shopping app. The collection is great, the app is easy to use, and the overall shopping experience is smooth. I’m happy with the service and would definitely recommend Myntra to others. 😊",0,5
playstore,552a4c10-59ad-467e-b58a-033c938329dd,2026-08-17T23:13:43,amazing appreciate,0,5
playstore,9e267fca-ebf6-41c1-b2d4-30745747ce47,2026-08-17T23:13:41,this app is very good I'm very happy for this app real brand products 💖💖💖🥰🥰🥰🤗🤗🤗🤗🤗,0,5
playstore,ceb476f6-d431-4493-b617-ce345e57d57a,2026-08-17T23:13:01,it is good app for latest fashion,0,5
playstore,06ce7841-ff57-4455-8e51-ccddb3038fec,2026-08-17T23:12:43,"excellent, myntra is good , product quality is also good, thank you myntra",0,5
playstore,33802748-3cc9-4e1e-bc25-d24518a1d285,2026-08-17T23:12:05,I love almost everything about the app. Only improvement I would suggest is to add more elaborate product descriptions.,0,5
playstore,b7a16c7a-7ac8-489c-a3b7-5e9384ee8ed4,2026-08-17T22:56:40,"You were supposed to answer my query by August 17th, yet now you are asking for another 48 hours. Please do not harass the customer to the point where they stop shopping on the app (Myntra) altogether. Issues should be resolved promptly. Please provide a solution to my problem by August 18th. Why is it taking so long to resolve such a minor issue? I purchased a product, and it was of poor quality—everything is clearly visible in the photos. What are you deliberating on? After this, I will never",0,1
playstore,8a1189cc-5c7a-46b6-9989-77ea43ea20ce,2026-08-17T22:55:37,myntra is one of the best fashion clothing and reasonable price of the offers,0,5
playstore,44d588f4-175b-4c61-9c6c-903b1f4cb0b7,2026-08-17T22:55:29,Best shopping app,0,5
playstore,bfe1e843-6c36-4a4e-bbd6-be825c87c3b0,2026-08-17T22:51:13,"Products are of avg quality and they didn't even replace shoes which was not fitting well, saying I have used it. The policies need improvement. Thanks for now, uninstalling the app for now.",0,1
playstore,145656d3-0521-41fe-8166-eafdb1a298a5,2026-08-17T22:49:56,Very useful app to order branded clothes.,0,5
playstore,5fda471d-fae6-45dc-99a3-9a69b65a3856,2026-08-17T22:49:23,ye sabse gatiya wahiyat app hai ye isse kuch order mt kro,0,1
playstore,1b1608af-6a79-4d46-bb9b-88a5b3482fd7,2026-08-17T22:49:21,"worst app , return experience was worst than any other app . not going to buy any product ever.. I repeat EVER",0,1
playstore,9c87a3e5-b67f-4dd9-8c8d-2314c3cb71d4,2026-08-17T22:39:18,the best quality cloth really found here only,0,5
playstore,608e5695-2d2b-48cc-8411-d80d0b392cdc,2026-08-17T22:37:15,it's t shirt quality is mind blowing. I loved all the products 😇,0,5
playstore,8ecf3cee-6267-4c8d-ae96-eea6a5dcbda5,2026-08-17T22:34:25,top quality available in myntra,0,5
playstore,ff516583-371a-459f-be0b-d9e4b8636e14,2026-08-17T22:33:14,I love this platform very much. It exclusively supply the best product ever. Have a very great experience by buying products in Myntra lovable app💞💞,0,5
playstore,db59a8fe-f20d-4753-b3e0-b34d8f16a4eb,2026-08-17T22:28:06,"Don't know what's wrong with Myntra, for no reason account blocked. Atleast have the decency to mail me the reason.",0,1
playstore,e1cbdaa9-e64a-4880-8717-e5ee6f59ec32,2026-08-17T22:23:03,they actually give worthy and quality products,0,5
playstore,db0a9e40-fe67-4642-bdd8-ed60ca88e45c,2026-08-17T22:15:08,best aap hai. best quality ke product milta hai,0,5
playstore,eb721100-95db-478d-8516-75b5f7292472,2026-08-17T22:15:07,"poor customer service hard to reach real agent Extremely disappointing customer service. My issue is still not resolved, and no actual customer care executive has contacted me. I am only getting automated/bot responses, which is not a solution. Despite paying a platform fee, if customers cannot even get proper human support or resolution for a genuine delivery issue, then what is the point of the fee?I have already explained the issue multiple times, yet I am still being asked for feedback",0,1
playstore,7d231870-752d-4bdf-ada8-6dbcad569d0c,2026-08-17T22:13:42,I like shopping with mantra because myntra product are good,0,5
playstore,72260d57-bffc-410e-8053-4e98fb15349d,2026-08-17T22:11:27,this is very amazing app 🤩,0,5
playstore,e58f08b6-0407-44a1-9670-c00a9f75585a,2026-08-17T22:10:46,useless delivery system,0,2
playstore,545bcddf-4648-4619-93ab-dc05d8b3b20e,2026-08-17T22:10:29,"This is the third time I've faced an issue with them. I have been refused an exchange delivery because the delivery partner said that the dress does not have a brand tag intact with it. The brand is only mentioned on the MRP tag. Also I'm getting a dm from an unknown customer service account on Instagram that claims to be a part of their team and is asking to fill out a compensation form. The customer service is simply hopeless! i tried calling, but my call isn't being transferred.",0,1
playstore,3ba8dd02-dd0d-4420-91c8-a4f79df131ae,2026-08-17T22:06:13,Thanks for best deals,0,5
playstore,5650a302-33ba-45f1-9083-fb8f43af3289,2026-08-17T22:04:18,best for online shooping,0,5
playstore,59f5855e-600b-43f0-88f6-be60c6bbb734,2026-08-17T21:59:42,"it's a very you's full shopping 🛒 aap much supported app ,✨💝👍",0,5
playstore,5e86a338-6ca7-4d99-9e6f-6ff21644a594,2026-08-17T21:58:47,super quality 👌,0,5
playstore,bea3829f-3b08-42c5-b096-4c30d4945f0e,2026-08-17T21:54:06,excellent app 👍 good for everyone uses matram echipadesindhi ga,0,5
playstore,4cd56bf6-29cd-49ed-918f-9bfe7c02bc2c,2026-08-17T21:50:21,The delivery process is extremely slow . There are no proper options to contact or escalate your grievances. The delivery partners are irresponsible and taking their own time to deliver items and do false claims on delivery attempts made. Such an unprofessional approach from a famous platform where customer concern is highly pathetic.,0,1
playstore,00f2b853-717b-42b7-8141-72857aca4ae1,2026-08-17T21:46:25,"this app was good before now if the exchange item has not been given to the delivery boy it marked as quantity failed , no support system only predefined bots are there , if we try to call the delivery agent it asks for the pin provided in app and when we enter it , it says pin is wrong, I don't know what is wrong with this app",0,1
playstore,8f1f7120-d63f-40f2-96be-95008ea3a590,2026-08-17T21:43:34,nice app for shopping.,0,5
playstore,029d8c8e-abce-4320-b1c8-7d8eec81ef1f,2026-08-17T21:41:25,always delay all orders for more then 15 days to 1 month.,0,1
playstore,0a4bdb9b-ed2f-486b-8034-012ef682e179,2026-08-17T21:22:13,"**“Really happy with the purchase! The quality is good, fitting is perfect, and the product looks exactly like the pictures. Definitely worth the price. Loved it! ❤️”**",0,5
playstore,e76c65e9-04eb-4862-8f0f-3fc9de62773b,2026-08-17T21:20:24,"Myntra is nice, trustworthy and pocket friendly aap",0,4
playstore,d276bd6c-abec-4899-a793-405fd5aefe43,2026-08-17T21:18:31,"This app is good but Myntra now service is very bogus. Since the morning I have ordered 2 items first order has to cancel due to till afternoon no delivery updates. 2nd order I placed for which also no delivery executives have assigned yet. Additionally there is no direct contact available for customer representatives, we have to complaint through chat boat only so no good response.",0,2
playstore,8a817f3a-287c-46d7-90fb-e5205036faf3,2026-08-17T21:16:36,it recently has sucha good collection like the products are literally as it is,0,5
playstore,2ea5a324-151f-498e-9685-dccdfe2b6a5f,2026-08-17T21:14:31,good products nice delivery,0,5
playstore,50e0b1a6-419b-47c6-bd8a-57f08d075318,2026-08-17T21:12:38,last 4 year i have been using this app. all the products on this site are amazing.with genuine quality and reliable price you can go for anything which is available on this platform.if anything happened all the customers executive team help you in a better way. all those who go for shopping can choose this app upon another app. return and exchange option are very reliable for anyone.... i have a great experience with this app... i genuinely appreciate all the things about this .. yogesh verma,0,5
playstore,13d13384-5c18-4952-9984-a56fc695209f,2026-08-17T21:01:34,"very good shopping app ever ,I like it",0,5
playstore,a39c85b3-0fdf-4273-bc5b-524369faf2da,2026-08-17T20:58:18,myntra is a scam app. You guys are fruad.. You didn't provide me the refund I am complaining on consumer forum after this. I had an order by 9 th august. I have return the product with in 20 min of delivery today is 17 th august not got the refund And over all your customer support are useless they does not response over call or sms Or gmail anywhere. 2 times I got connected they're just asking wait and then they got disappear . this is about scam u guys are scammer,0,1
playstore,8f5efec4-4ffd-4f4b-a82d-7ddd31c5556a,2026-08-17T20:55:08,"Poor customer support from Myntra.I had ordered for a t shirt on 08.08.2026 and done the payment.Delivery date was showing 16 -18 Aug.The seller cancelled the order by themselves on 16th August citing some technical issues.Cancelletion after waiting for 8 days is unbearable.They were showing the status as packed from the second day itself.Eventhough I got the refund,how can we order things from myntra for a pre-planned function.",0,2
playstore,c96aeb39-5234-4ecd-8ac8-d03c102630c1,2026-08-17T20:53:29,Great shopping experience.,0,5
playstore,c416e580-7e1a-4f58-a1b7-f5387bd648ce,2026-08-17T20:52:52,mera experience achha raha Myntra pr,0,5
playstore,1b5e0178-5e88-48ca-a855-5145c80f53c4,2026-08-17T20:41:47,best quality clothes,0,5
playstore,e3ce6918-02b8-4dc6-b4f3-6cdd660123bf,2026-08-17T20:30:19,very good app and product 👌,0,5
playstore,751b03f3-ac72-492b-9936-c9039b1a09a0,2026-08-17T20:23:29,orginal products only no fake products,0,5
playstore,a54eaa53-d90a-4a77-9f3a-682a8948ba0f,2026-08-17T20:17:24,exprees delivery in 2 day but too costly,0,4
playstore,e6262b71-a7c3-446d-9060-0e2306c6c149,2026-08-17T20:12:43,I haven't received my parcel yet I have also made an online payment it shows that i have received my parcel i have completely lost my trust in this app i have been scammed badly,0,5
playstore,f7c474a2-6322-4c86-af24-a303b4d5c529,2026-08-17T20:11:53,myntra never disappoint me,0,5
playstore,aa80366d-e70a-4c8e-81d2-286c5932b7e7,2026-08-17T20:10:40,worst experience you can't connect customer care and their service is horrible,0,1
playstore,c13dc2c3-0081-40d8-9e59-72e196466bf2,2026-08-17T20:10:37,"good user experience, was able to exchange and reorder with ease",0,5
playstore,04e96ebf-5d5d-45f8-90b1-c75a8bf94e34,2026-08-17T20:09:29,what a great service by myntra.,0,5
playstore,622cbb40-72fc-4ae3-8801-36ca2c3fd587,2026-08-17T20:01:58,good shopping app,0,5
playstore,3cdfad89-eb17-4f26-b3d8-bcd669224ce3,2026-08-17T20:00:48,"""Very happy with the stainless steel lunch box from Myntra. Leak-proof and durable. Great shopping experience!""",0,5
playstore,b4060b69-28af-4976-ba3d-a6bfca8ea506,2026-08-17T19:58:31,Best Experience👍🏻,0,5
playstore,0cc6395b-4247-4aa0-a039-27c628bd7a1a,2026-08-17T19:57:27,myntra is my first preference,0,5
playstore,6ff6f4e0-24ac-4da9-b69c-964b8de839e0,2026-08-17T19:50:14,I am satisfied with this online shopping app,0,4
playstore,156a0dd7-d297-4350-bb04-ff3b77ce4261,2026-08-17T19:39:06,worth for that prize,0,4
playstore,c0e8fd26-aed5-4051-9614-b8acd6e260f9,2026-08-17T19:35:27,best app for shopping shoes and clothes,0,5
playstore,98332439-155c-4aa2-b857-8bd387705209,2026-08-17T19:33:09,"Really i find fabulous fashion here, fasion hub ka baap",0,5
playstore,f26f022a-1796-43b3-b205-4309207ce004,2026-08-17T19:29:23,very trustable app ever।।,0,5
playstore,ae7f58d6-2611-4ba0-9274-ad14224b2a25,2026-08-17T19:29:03,worth Varma worth 🤩🤩🤩🤩,0,5
playstore,fca83def-1578-4fae-ab91-bc548e765469,2026-08-17T19:27:51,good experience,0,5
playstore,4cad6e7b-6a3f-4928-ae2e-83d253ebb672,2026-08-17T19:23:04,Myntra has a very nice service,0,3
playstore,3ea03cfd-cd92-40ca-90bf-f4aa2abaef6a,2026-08-17T19:10:56,very good and smooth apk,0,5
playstore,b3fee1cb-29e5-4c6b-974d-9692cea399f1,2026-08-17T19:07:40,"Myntra has become such a terrible shopping app. I ordered a pair of jeans, but the size didn’t fit me, so I placed a return request. However, the delivery person failed the product during the quality check, and now my return is on hold. What is my fault in this? I returned the exact same product that I received. I don’t understand how or why the quality check was failed. Myntra seems to be becoming fraudulent these days. We shop from Myntra trusting the platform please look into this issue.",0,1
playstore,cc4ee550-c16b-4661-ab1e-b9775e4c6dc4,2026-08-17T19:02:25,All the delivery was working till now .I ordered 2 products last month and it was supposed to be delivered on aug 1st and aug 10th almost 17 days delayed...eventhough i raised a complaint nothing,0,1
playstore,5bea6de1-0cdb-4aa2-842d-0dd702f29336,2026-08-17T19:02:21,"low price, better quality.",0,5
playstore,f4f3bcf8-16d3-422e-a2ed-5f965d216970,2026-08-17T18:58:45,I enjoy shopping from Myntra and the quality is very good. Thank you so much Myntra🤠🤗🤗🤗🤗🤗,0,5
playstore,799b1add-5910-4c11-98f9-5e74f497b455,2026-08-17T18:44:51,"Worst... can't even contact a customer care agent.. and my order was supposed to be delivered on 14th of Aug but till date i.e, 17th Aug I have no update on my order other than the comment order delayed. It's never a user friendly app if we can't even contact the customer care agent.",0,1
playstore,a9b4d217-a509-409f-8f95-afbaad2e60ae,2026-08-17T18:44:00,always received the best quality in the app.,0,5
playstore,1a3860bd-38cc-45c0-b4aa-5babda384854,2026-08-17T18:39:55,"⭐ 1/5 Very disappointing experience. I requested an exchange due to a fitting issue, but as I was not available at home during pickup, the exchange was cancelled. Now I’m stuck with the old product despite the fitting issue. Customer care is also not helping—no proper response on call or chat. Very poor service. I won’t be using this app again. I will rate zero",0,1
playstore,01827e68-7e62-4421-b1a8-cb39bdf4dd89,2026-08-17T18:38:48,"The service is very slow. I have placed three orders recently, The three Myntra has cancelled the order and is unable to deliver the order as per the order delivery date mentioned",0,1
playstore,eebd2116-f520-4999-ad4d-f986b1fbdc5d,2026-08-17T18:38:09,it's really awesome 😎😎,0,5
playstore,3c69f62c-82c8-4e0a-a12f-53e20e1f7e88,2026-08-17T18:37:07,good experience,0,5
playstore,67057e34-2f39-466d-adc7-d0db807b76a4,2026-08-17T18:19:46,"Your sellers, SCM team and delivery process are getting worse. Incomplete and wrong orders are being delivered. No help from useless and brainless customer service team. Myntra is snatching their customer's money. This platform has gone to the worst level. I suggest everyone not to place prepaid orders.",0,1
playstore,802d7683-e2ec-4c56-940f-5e88b8ba6384,2026-08-17T18:15:29,was good products,0,4
playstore,a7687b87-e8c1-4c2b-9be6-896212755ac3,2026-08-17T18:11:09,Very Good and I am so happy😊❤️,0,5
playstore,4d82191b-bd72-4141-b738-c85e99e3c857,2026-08-17T18:10:15,myntra new AI assistant is pathetic. it keeps on repeating same thing without understanding customer problem. it can't even understand simple email id pronounced during call. it is useless assistance by myntra customer care,0,1
playstore,bf14190c-0280-4d1d-b188-955ff96f2b0c,2026-08-17T18:06:48,Good place to buy fashion,0,4
playstore,ff3aebad-bc77-4e12-8b58-2bd504522206,2026-08-17T18:06:17,my favourite shopping app,0,4
playstore,03ffa5c7-4843-4534-8cf3-185224e57991,2026-08-17T17:59:40,"Hands down the best shopping interface. The 'Liquid Glass' update is super smooth, and the personalized suggestions are actually helpu l.",0,5
playstore,2eae73ca-8ecb-4808-ad2d-2bb414a07f76,2026-08-17T17:50:35,had a very good experience,0,5
playstore,ce004b54-509e-4307-a85d-4f2f843b9a89,2026-08-17T17:50:20,amazing experience with myntra it gives very amazing offers ❤️,0,5
playstore,31e7dfd6-670b-4490-94eb-2d8f7822dbd0,2026-08-17T17:45:51,Myntra's service is very good and the products I order are of the best quality.,0,5
playstore,643d1dd7-087f-4684-bd78-8a85d4607471,2026-08-17T17:45:02,"Although the parcel was received one day late, it was without any reminder from me. The quality of the product is very good.",0,5
playstore,5b4101c3-01f8-48d5-aa23-78b92cff7aed,2026-08-17T17:42:31,"Now days myntra is selling fake products or low quality products. Stop buying things from this application. now this is the high time for offline shopping. these applications are not convenient or provide any services instead they are just selling fake products. Recently I ordered a black comfy shirt from this app brand here&now and I received a fake cheap quality shirt brand name is ""urban buccachi"" and this is not the single case there are multiple incidents in a row.",0,1
playstore,196cdf21-0e63-4ef0-86b0-dd9595bf52ad,2026-08-17T17:42:03,good experience,0,5
playstore,fc2a8a01-c07b-4491-8015-29e3de7d0857,2026-08-17T17:33:38,"fast delivery, easy returns, nice quality.",0,5
playstore,85ab27a4-caee-4bb9-a48c-61bfa56e62f9,2026-08-17T17:32:21,No other app is as good as MYNTRA regarding fashion,0,5
playstore,6b727faa-25b6-4d04-8517-b43035e4e561,2026-08-17T17:26:05,Good experience,0,4
playstore,94ae9426-8069-4eb9-83ae-545efe74e518,2026-08-17T17:24:34,worst experience bad customer support,0,1
playstore,6404b924-52e3-4813-a497-e8b43efd424c,2026-08-17T17:24:17,"Awesome Experience of shopping, once my product was showing problem in delivery, but when I raised an issues to the customer service I got the product within 1 day",0,5
playstore,b565f11c-83e2-4d49-addd-a25996f2258d,2026-08-17T17:22:58,First time purchase nice experience thank you Mantra I'm very happy 😊,0,5
playstore,85b0452f-b93b-4588-bccb-3890fb9848ca,2026-08-17T17:22:28,fast time order keli tyath pan let ani ata maje cash parth karth nahi ani tyan cha helping no. pan nahi lagth ya pakhsha meesho 10 pattin chagal aap ahe 3rd class app😡😡😡😡😡,0,1
playstore,7ef34ff1-b635-4c22-bb5c-07894d7d96f1,2026-08-17T17:16:37,great collection,0,5
playstore,9a0e97b2-c60e-4018-ba4c-c0edd70c5aac,2026-08-17T17:10:18,nice experience,0,4
playstore,e1888dd3-e04e-4aa1-987b-285d24cd5271,2026-08-17T17:06:48,nice for fashion,0,5
playstore,0f1f7f06-df62-4e79-80e6-d96bb055e47b,2026-08-17T17:04:02,cannot even return an item,0,1
playstore,0a398e41-2a4d-4962-988d-e235e8175622,2026-08-17T17:01:17,I am use this app last 6 month this is a very best app for online shopping for you a I will always use this app for shopping,0,5
playstore,e99936e7-ac4b-492f-ab70-1ea62114de06,2026-08-17T16:50:49,very nice quality and first of all delevery time is best,1,5
playstore,5dcd43df-a6b1-4693-b85e-758ea362d354,2026-08-17T16:27:04,myntra has no customer grievance policy. I have ordered a product and it has been sent by vendor without brand tag. And now delivery man has refused to take the return parcel coz of missing brand tag..i tried to contact customer care but it's call is going on waiting only and no return call recieved...what should I do now. how do I return my parcel.,0,1
playstore,30eda2fd-c406-44cc-93b8-53fa5bc057e8,2026-08-17T16:24:31,Myntra is superb,0,5
playstore,140e8187-0934-4e84-b84b-4a4bfd807cb3,2026-08-17T16:23:51,Myntra castomar care is very bad no one can connect with castomar care person they delivered different product & not returning Myntra delivery partner ar too rude they don't deliver my product perpously,0,1
playstore,5b1bec69-77af-48b8-9bb5-5f439e8b1e2a,2026-08-17T16:21:54,very interesting,1,5
playstore,8376e9d2-8e01-4d13-81c7-22af03184594,2026-08-17T16:21:40,very good product,0,5
playstore,1b8f2c10-070b-42f3-93b8-ea1a676bcc80,2026-08-17T16:16:12,bestttt shopping app🥰💗💗,0,5
playstore,5e7b9a51-9311-4a9f-84ae-d544f0125769,2026-08-17T16:15:07,excellent shopping app,0,5
playstore,274c3de7-4ed3-4409-8ff0-035df1f7108a,2026-08-17T16:14:49,product quality are always good,0,5
playstore,2059a78a-cb33-44e7-9160-379f9fa30422,2026-08-17T16:13:34,"there's room for optimization in the app, it network related",0,4
playstore,b99f9426-d889-4e02-bf46-6e639ba5a6b3,2026-08-17T16:12:19,good product delievery best,0,5
playstore,acde0640-d7be-4cd2-81d7-00486c12845a,2026-08-17T16:12:00,wonderfull app I am using for 2 years,0,5
playstore,5888a3c4-dab2-41db-9e0d-9382c710e63c,2026-08-17T16:11:24,Great experience,0,5
playstore,96cafdb7-6fe1-41fe-bd19-b6bc59a4302d,2026-08-17T16:09:28,very good product 🤩😘,0,5
playstore,1238db9a-cf80-4b4c-8faa-b34de0a32a76,2026-08-17T16:07:19,It shoping is very good 😊,0,5
playstore,6dc6d219-2dab-49bc-9b50-708cdbf591e1,2026-08-17T16:03:46,"Myntra is one of the best apps for online clothes shopping. It has a huge collection of clothes, shoes, accessories, and fashion brands for men, women, and kids. The app is easy to use, prices and offers are attractive, and delivery is generally convenient. Overall, Myntra is a great choice for anyone looking for stylish and affordable fashion online.",0,5
playstore,1b55e2d9-b0aa-4673-a6ac-fad8fb6d3c67,2026-08-17T15:58:06,good experience with myntra it deliveres best clothes,0,5
playstore,000ae349-f678-4ecc-98aa-943a61c3bfdd,2026-08-17T15:56:07,product was so Nice,0,5
playstore,ef30862d-30fc-4ac8-b04d-3c90b8105c2e,2026-08-17T15:51:05,my favourite online shopping store ❤️💝 Myntra 😍🙂,0,5
playstore,bcc1ea9e-c58d-4705-af69-b6df68ab5307,2026-08-17T15:50:02,The amount of internal server errors on this app is insane. I can just never see the items in my bag or check the orders. It always shows 'try again later'. fix it!,0,1
playstore,fd8b245f-3487-42c2-8a7b-50d286ac5e62,2026-08-17T15:46:08,"Very disappointed with my order. I received a completely different product, and the product was old/used and had no tag attached. I have already uploaded the photos as proof. Please look into this issue and resolve my return request as soon as possible.",0,1
playstore,2a58806e-8ff9-416c-870b-bcddec932606,2026-08-17T15:44:06,"very good experience, amazing!!!",0,5
playstore,a6eeec16-2bc1-4ca5-b4be-ea190bab6e9a,2026-08-17T15:42:31,sandeep super 👌,0,5
playstore,cfc08169-2f17-4b78-83e3-472ed336bb41,2026-08-17T15:39:35,very nice product,0,5
playstore,647ea21c-937a-4054-936e-c38d6487f61e,2026-08-17T15:37:54,"very disappointed with the service of myntra receiving completely different product n different size not once but multiple times, even my friend also facing same issues, being the oldest customer i never faced such issues before.",0,1
playstore,37e0b096-c264-4995-95ce-286a6495e381,2026-08-17T15:33:47,"I’m disappointed with Myntra’s return order policy. I was charged ₹23 as a platform fee, and I don’t think this fee should be deducted when I’m returning an order. I would like Myntra to refund the ₹23 platform fee as well. Please review this policy and provide a fair resolution to customers.",0,1
playstore,c96d42b5-3255-4cae-a2c7-ef68730efa3a,2026-08-17T15:28:10,nyc one thanks myntra 😊😊😊👍🏻,0,5
playstore,277d4126-7e48-4f04-99b0-4f66a40b97b9,2026-08-17T15:26:59,India's Quality E Commerce app,0,5
playstore,c2d74aee-76a6-42bb-9892-1e469db11f22,2026-08-17T15:20:19,bahut asha oil ha or hair growth v hota mene khud mangwaya good product...,0,5
playstore,e8b8cee0-62ff-4e52-9968-39e8152aefa1,2026-08-17T15:19:56,best app for Clothes,0,5
playstore,e469f231-8a67-4d0d-827b-e00daec870d6,2026-08-17T15:19:18,"Easy to use and has a great variety of products. The search, filters, reviews, and delivery tracking are really helpful. Overall, a convenient and reliable shopping app.👌🏻",0,5
playstore,7c1266ff-35ea-4371-b2fe-7cce14a997a2,2026-08-17T15:16:02,Every time delay delivery and delivery agents refuse to deliver order. Customer service just only want feedback they do not care about customer delivery experience,0,1
playstore,29ce8004-9c12-4321-9b05-ca2c5dfeb419,2026-08-17T15:11:14,"the product looks good but the quality is not good, fabric is too stretchable",0,3
playstore,ebc8dfda-a908-4b77-8692-b63036891e78,2026-08-17T15:09:22,very good app for purchasing items but the worst part is myntra after sales support Not able to contact customer care support and talk to them even chatting with customer care is also not available The only thing available after delivery othe item is chatting with bot worst aftersale support,0,4
playstore,811a3885-7787-44be-ae05-67d066a467dc,2026-08-17T15:09:02,I love shopping from myntra and the product quality are great 😃,0,5
playstore,c8b6379e-8563-41df-8578-ff2ce9c0c669,2026-08-17T15:05:03,all products are too good and original .,0,5
playstore,75cd1b7e-012e-443f-b0ab-2e4e33caed9b,2026-08-17T15:00:26,Ordered Dresses and they are superb.,0,5
playstore,f6a928a7-8d70-422e-8b5e-29d8b63a8063,2026-08-17T14:55:27,most quality product this app,0,5
playstore,5c686d1d-5339-4e07-9018-5bea5a5b45c5,2026-08-17T14:54:59,The quality is top notch 👍,0,5
playstore,4d2df781-9815-4eb7-bf3d-d2ec317796dc,2026-08-17T14:46:14,app ui experience is awesome,0,5
playstore,f4d04457-eb4f-4bb8-a172-cb83369c24c8,2026-08-17T14:43:50,The quality of clothes Myntra provides is unbeatable...,0,5
playstore,c4df13dd-cc85-4f9b-9c18-d1997d3e0df7,2026-08-17T14:38:47,its app doesn't have a good customer service i didn't received my payment for the product which I have returned i tried to contact myntra policy service but they didn't reached out its literally very disappointing to keep someone payments on hold,0,1
playstore,38051fc9-d8dd-4fa8-9fff-f498bebd00bd,2026-08-17T14:30:59,why there is forceful recharge of myntracash. If i m issuing my refund to my original account then why r u forcing some amount to myntracash with an expire date. u r putting my money forceful to wallent and giving me a deadline. R u kidding? whts wrong with u guyz. I hv been customer for a long time but this policies r not acceptable. will stop using ur app for sure,0,1
playstore,bf209d5f-6234-47e5-843b-c9d81f1748f9,2026-08-17T14:29:03,"i have been using this application from past many years but recently the app got updated and got the new function for using my cash option, before this update we can easily used my cash option with any orders but since the update has happend is start saying that add more amount of product to use your mycash.. it is completely unfair, i request you to start the old method for spending mycash options.",0,1
playstore,36268541-7748-4c75-a26b-87f7125f6485,2026-08-17T14:24:13,this is such a good app it has many dresses i love myntra,0,5
playstore,579bfbb0-2c59-4c85-af4e-7ac40d686e44,2026-08-17T14:19:57,nice e commerce app perfect time to delivery,0,5
playstore,5eb82d39-1c83-4fce-9aad-2240bae542bf,2026-08-17T14:14:44,good better best,0,5
playstore,b7d27a46-8b2e-4272-b685-849a567c0812,2026-08-17T14:14:14,good nice application,0,5
playstore,1b4b872e-c462-4530-8350-e7a0766f65f5,2026-08-17T14:12:43,plz stop sending messege,0,4
playstore,8d02c1d4-1201-4409-ae78-ea28a89a6b8f,2026-08-17T14:11:51,myntra is very good for shopping,0,5
playstore,592c9171-b5a5-4820-8cbe-4c1428c07856,2026-08-17T14:09:36,amazing experience towards with myntra,0,5
playstore,25b2221c-a3c9-4937-a921-8c655b038fe5,2026-08-17T14:09:02,I got an amazing product deal and quality products on time.,0,5
playstore,08532a58-c045-4166-a2ab-d14cfa4c650f,2026-08-17T14:01:15,"Horrible experience with the delivery, always getting delivered delayed then order gets cancelled on its own, same order, same address if placed from a different account works. there's nothing wrong with my account but I often get this issue, I don't even have any returns or anything and I'm one of the so-called ""Insider"" who has spent a lot on the app. And don't even get me started on the Support, the Al chatbot is useless, can't get in touch with a human at all. Extremely unprofessional.",0,1
playstore,2c970f5f-aff0-46a2-ad29-0c85211cbeb5,2026-08-17T13:58:37,very reliable app,0,5
playstore,ec593d8e-90de-46ba-99de-cfcede788b76,2026-08-17T13:54:44,best app have coupons on every order,0,5
playstore,8d76bd3a-134b-4bf2-b75f-c945d72ea9df,2026-08-17T13:53:37,"good , nice app",0,5
playstore,b0f85bd2-94fb-4e7c-9955-51848bf5fc2e,2026-08-17T13:51:31,"it is a good application , assets on this application is good and affordable , products whom I purchased was good quality so i just saying my experience on this application is nice , I like ittt",0,5
playstore,1832b5e7-50f2-4d83-8d29-bb18d2506669,2026-08-17T13:50:58,fantastic app and quality wise very good,0,5
playstore,c6d21f2c-f496-40f9-8dc7-c79a96fbd163,2026-08-17T13:45:28,latest fashion with affordable prices.,1,5
playstore,90033271-fc67-47bf-b95e-f83f83a81ed8,2026-08-17T13:39:28,Experience was very good 👍🏻 amazing quality received,0,5
playstore,2fedf5ff-94e1-4729-bc6c-a590648a5cbc,2026-08-17T13:36:19,ish ne mera 100 rs liya job dunga bola aur fraud kiya aur mera 100rs mai wapas kiya,0,1
playstore,3a1c465a-f961-4fc7-a0d2-121af4e9fcb9,2026-08-17T13:34:08,NICE AAP 1ST TIME USE,0,5
playstore,05f9bb60-5a03-4996-afb6-5a1c76aae602,2026-08-17T13:29:25,v nice product 👌 go for it,0,5
playstore,f336df48-e580-438b-af11-35ea037dcb6c,2026-08-17T13:27:14,"The app shows Express Delivery, but the item is still getting delivered very late. I’ve had the same experience with multiple products, which is extremely disappointing. The express delivery promise doesn’t seem reliable at all. If you need an item urgently, I would not recommend trusting the express delivery option. Very bad experience.",0,1
playstore,afec030b-732f-44b7-a600-e2aca4522db6,2026-08-17T13:23:33,very good service 👍,0,5
playstore,cc7491e3-9b44-4dac-9ef1-facc3114165c,2026-08-17T13:23:06,fast delivery and value for money products,0,5
playstore,02dfa590-aff5-411b-87e3-256dffccb0ed,2026-08-17T13:14:55,Received the same item & quality as specified.,0,5
playstore,18d098e8-d08f-4501-88bc-54423ca88993,2026-08-17T13:12:02,very bad service,0,1
playstore,cae0baca-95a9-4bfe-b6ab-8f0be011446e,2026-08-17T13:10:31,A good choice!!,0,5
playstore,fb21d0e5-1d99-4bde-8a97-2d4467131083,2026-08-17T13:08:29,"Trusted app for shopping , genuine brands and on time delivery. Never faced any issue. love shopping from myntra easy interface to use",0,5
playstore,1ce5bd26-6a01-435d-a97c-f6e5c15bc085,2026-08-17T13:07:01,easiest way to shop,0,5
playstore,725ae0ad-23b7-4b95-824a-b331b43c82a6,2026-08-17T12:58:31,Thank you for your lovely product.,0,5
playstore,2ab7940b-9d56-454e-9ce4-d0b7a74e2128,2026-08-17T12:58:10,"Whatever I purchase from Myntra is always of very good quality, and I’ve consistently had a great experience with their products. The materials feel premium, the stitching is neat, and everything looks exactly as shown in the pictures.",1,5
playstore,5ad7a13a-75ed-4840-826c-898fdc0f29cf,2026-08-17T12:54:36,good quality and very comfortable,0,5
playstore,c4a250fb-5b0b-4173-89aa-78ea5508ef90,2026-08-17T12:52:23,great app for shopping,0,5
playstore,df69a380-7756-4bba-a89b-00cc0ca2e2ca,2026-08-17T12:44:47,easy returns and good communication and quick response better deals,0,5
playstore,ea041810-0634-4d3a-b97a-45d671b513d3,2026-08-17T12:44:33,worst experience with this people till now they kept canceling orders with no reason while trying to reach their customer service that is more pathic...,0,1
playstore,302d9460-a7c6-4e1b-868c-d2a48da14da0,2026-08-17T12:40:26,i love myntra for shopping,0,5
playstore,742a495f-257c-4053-a650-0591271c2941,2026-08-17T12:31:38,my favorite online shopping portal for all.my favorite things,0,5
playstore,1ebc200f-163c-4c12-94d3-efee63e7bcb1,2026-08-17T12:28:24,"Very poor service. Ordered Levi’s thermal innerwear but received a completely different product. Exchange was cancelled twice, and even after return approval, the pickup was not done. The pickup partner refused doorstep pickup and asked me to travel 3 km to return the product. Multiple complaints to customer care, but still no proper resolution. Extremely disappointing experience with Myntra.",0,1
playstore,51206652-c374-443a-95f0-530c1de0ff8c,2026-08-17T12:25:00,the product are good and affordable,0,4
playstore,0d81043f-94a6-42fc-a982-cdc43db31d9e,2026-08-17T12:21:08,all products are original in maytra,0,5
playstore,1e4c1bff-a4b6-457b-ac9f-8878cb552773,2026-08-17T12:11:47,still a trusted store,0,5
playstore,165aa57d-0e3c-468f-ad63-ff0553382bd7,2026-08-17T12:07:17,"Great shopping experience with Myntra! The products are genuine, good quality, and exactly as described. The delivery was quick, packaging was neat, and the overall experience was smooth. Highly recommended for a reliable and convenient online shopping experience! ⭐⭐⭐⭐⭐",0,5
playstore,2bfff389-ab2b-4b2a-96c7-2d0737afa00b,2026-08-17T12:06:38,worst delivery experience everytime they delay and then cancel the order,0,1
playstore,4bf6c708-13e8-48f1-9092-4dfa95d03731,2026-08-17T12:02:22,"customer service are very bad, Instead of helping us, these people give us 24 hours, and again after 24 hours they give us 24 hours, and in this way, it has been more than 20 days since they kept saying 24 hours, 24 hours. And till now I have not received any response from their side.After buying a smartwatch for Rs 3699, I took the money but did not receive the watch.",0,1
playstore,e5b0ed3f-f18e-4b2c-aebb-8f3819497000,2026-08-17T12:02:08,this is very Useful,0,5
playstore,8d42d7be-c0fb-46a2-a007-30ef3a507ddb,2026-08-17T11:58:39,best shoping app,0,5
playstore,49e76a17-6d51-4527-8c60-b5b61ae8d92c,2026-08-17T11:57:58,best quality products.,0,5
playstore,feb51fb8-78ba-4908-8c0d-1ad23a3a06dc,2026-08-17T11:42:31,Amazing products at reasonable prices..great experience 👍👍,0,5
playstore,0a3dfccb-5c6c-4296-8108-e729282bbf17,2026-08-17T11:34:40,"very nice i love it,,,",0,5
playstore,0ee6474b-6144-44cd-b1e2-ea53206d0343,2026-08-17T11:32:35,nice pants and fashion accessories,0,4
playstore,3788e425-7ae0-41b0-a584-d7be0d852924,2026-08-17T11:32:21,it's a very good platform for purchase any product at good prices,0,5
playstore,365a0a9c-bce2-4b45-bc94-ccc9d4f0b989,2026-08-17T11:28:25,Services are good,0,5
playstore,e6445f7a-20af-478e-9604-68c056263f3e,2026-08-17T11:27:23,best app for shopping,0,5
playstore,81ff8c91-f11b-49fa-8707-ac93f7868a5c,2026-08-17T11:25:02,it's a very amazing and great shopping experience from myntra,0,5
playstore,2a5e8bc0-8a63-4120-9e44-370032202329,2026-08-17T11:22:59,fast delivery...very good,0,5
playstore,aa475450-8677-490a-90d8-17e9ae11ab37,2026-08-17T11:21:58,I loved the productsss,0,5
playstore,0c2f5761-d38c-4e95-8059-dfe5245125ab,2026-08-17T11:18:17,luv to shop my desired items through this platform,0,4
playstore,c9863d88-965f-48fe-9a56-3d33827535cf,2026-08-17T11:12:01,good experience in myntra shopping,0,4
playstore,c459cba5-993d-4a79-a5a9-35d9e0e96ed5,2026-08-17T11:09:29,This app is very helpful for shopping 🛒 and I am very happy to use .it gives original products. thank you mantra.,0,5
playstore,cbef34dc-9580-479b-9cc8-7eb9b2b265ed,2026-08-17T11:06:41,nice app! loved it❤‍🔥,0,5
playstore,ab7b22e2-b3a0-4415-af4b-aea23af879c9,2026-08-17T11:05:56,fabulous app for shopping 🛍️🛍️,0,5
playstore,78980a62-653c-4578-b593-5e93be2e6df8,2026-08-17T11:05:51,till now is ok ok but let's see more and more.,0,5
playstore,782788d1-0c9c-4ad5-9527-9eda784525b4,2026-08-17T11:03:40,. best quality per product Myntra,0,5
playstore,427a2c92-36b8-4469-ae52-ed70465d6ee6,2026-08-17T10:55:37,Best app for best quality products😍,0,5
playstore,b6d7bd9d-99ca-4e3b-b973-ace19f7d0cac,2026-08-17T10:51:06,ye bhi nhi de rha h kapda acha,0,2
playstore,b390bf2d-3dee-4648-a454-d4998f305d3e,2026-08-17T10:50:03,Earlier we used to able to redeem MN cash irrespective of minimum order value. but now they have made minimum amount to withdraw the MN cash which is waste. we can't even order a single product or less quantity product with MN cash. we have to add more or additional product and make a minimum fixed amount of cart value then MN cash can be used. Uninstalling the app as there are no coupons which can be used nor MN cash can be redeemed. pay the MRP price only without discounts.,0,1
playstore,08976e78-6d08-4be6-b1fd-97eeaa3a51ff,2026-08-17T10:48:21,i really like to shop on myntra,0,5
playstore,41486c77-5180-45d8-b2a5-d71e02442921,2026-08-17T10:45:47,poor customer service . noone give you resolution here . if I select chat option then ai generated msg said all customer agent busy now you can use call me option when I select call me option then a Ai agent talking to me and again no resolution . I will escalated this issue to consumer forum .,0,1
playstore,cc9c2301-d487-4b54-8f50-eaded978b6e7,2026-08-17T10:33:05,I like this app,0,5
playstore,9779595b-2fb8-4823-9ba7-2e57102a2883,2026-08-17T10:32:24,"Don't buy from Myntra...These guys are fraud, out n out. Last order came with all products minus one. It was in the sealed envelop. When I complained about it, they said ""from our end all the products were delivered"". Happend the same fraud with my brother also...Choose a trusted seller like TATA and they are cheaper also.",0,1
playstore,0005df0d-f52f-467d-a184-243abfa4a4cf,2026-08-17T10:31:21,"original product, can buy without doubt",0,5
playstore,704f5fd8-d175-46f3-9cac-d1a6a160e41b,2026-08-17T10:30:37,you have a pathetic customer care service now.. I'm trying reaching you since 2 days but your customer care team is always busy,0,1
playstore,1199b6b3-bf8f-4593-a8fd-e3f09053fed9,2026-08-17T10:28:33,excellent quality. Reasonable price. I m fully satisfied,0,5
playstore,93bb107a-39ed-40cc-8030-19f449f0c41f,2026-08-17T10:28:23,sab dubliket Saman milta hai dusra plateform par sam company ka saman sasta hai,0,1
playstore,3443f092-5912-405d-bdb5-eeffd0e9b11e,2026-08-17T10:27:11,Myntra is my all time favourite Thank you Myntra,0,5
playstore,32fb2a07-af7f-4b78-bf88-61f7dc75fd14,2026-08-17T10:23:55,Great Service but Price Are Slightly Higher than other platforms,0,4
playstore,605ba91b-0e32-4c92-9f51-8a75521f9313,2026-08-17T10:21:11,"Great experience and great product options, hope all will genuinely good",0,5
playstore,e2395b75-3ffa-4043-9169-a07f3d0eea1d,2026-08-17T10:18:24,this is good and I am daily clams rupee,0,5
playstore,39e5cd81-e015-4749-b88b-08869691ede5,2026-08-17T10:15:51,great experience,0,5
playstore,081b6ba7-72ae-4783-bf43-c5bc15ba2546,2026-08-17T09:59:36,the quality of the products is outstanding,0,5
playstore,0477e047-a47f-4efb-868d-ab40fd6ae16d,2026-08-17T09:57:29,very bad experience. my first order is very delayed. they're delivery team is very poor,0,1
playstore,fd1ca33c-d8ee-48d4-85fa-76bc488f079a,2026-08-17T09:56:46,not many good options in shoes otherwise good app,0,4
playstore,8a37dc22-4d91-42d5-85ec-e50f68f7573a,2026-08-17T09:53:55,it was nice shopping app,0,5
playstore,1d4360af-d102-4a1a-8e10-ce2111511887,2026-08-17T09:52:26,worst app....zero customer service no response one tickets no option to connect with real person for support,0,1
playstore,3430a153-c083-43eb-992d-360562b7c89b,2026-08-17T09:52:17,This is a worst app I have ever seen . this app looted my 1500 rupees . I have ordered something and then I cancelled my order now they are not refunding my money . and they also removed help option in the app for my phone . now where should I go . this is a very bad app . I will never suggest my ones to be with this app . it's have been 25 days but they are not responding,0,1
playstore,1badd93e-5ab4-40e2-8075-66eb577cb738,2026-08-17T09:51:24,Misleading - ask to write reviews for orders to only say better luck next time,5,1
playstore,40c7a227-4f8e-449c-8572-021cd57c5cd9,2026-08-17T09:49:48,best app where you can get quality product and also at cheap rate compare to other platforms,0,5
playstore,6928f974-9093-4ac7-b870-42f520db48ab,2026-08-17T09:48:19,this face wash is totally friendly with sensetive and normal skin,0,5
playstore,ebdf9eb7-8977-4e0a-a453-b8b633f9c7bd,2026-08-17T09:40:53,material good 👍..Worth buying 👌,0,5
playstore,0f777ff4-f23f-402c-a8bf-84ab5bcebfac,2026-08-17T09:40:25,I really enjoy shopping from Myntra ....,0,5
playstore,a6bb5bb9-67f8-432e-afd1-b443814a5b30,2026-08-17T09:34:27,very good experience,0,4
playstore,551b20e4-760a-40dc-a3c9-af33d4ff08a8,2026-08-17T09:34:12,best app for clothes 👌,0,5
playstore,1835d36f-a469-4891-802d-9438d34ca6d4,2026-08-17T09:33:58,it has good products worth buying,0,5
playstore,990552ca-ec73-4813-96d5-0bc137dfeb9b,2026-08-17T09:32:05,"very good for shoping and offer, quality",0,4
playstore,c387ef82-d374-462e-bdef-30de0b9884df,2026-08-17T09:27:48,just Awesome....,0,5
playstore,52f3e350-b96c-433b-aa27-7bccc1c24caa,2026-08-17T09:27:33,better then the competitiors,0,4
playstore,606f5d62-b251-44ff-8e03-637143df4130,2026-08-17T09:16:39,amazing place to find your outfit and aesthetic home decor 🙌🏻🤌🏻✨,0,5
playstore,76d6783c-62ed-4089-b48d-c43359a86c89,2026-08-17T09:15:17,Good to see someone coming in and taking over the entire apparel clothing market.,0,5
playstore,6e11034a-a9dd-4f3b-b6fc-182659510ec4,2026-08-17T09:13:26,very slow dilivery partner,0,1
playstore,1ed38ebc-0a6d-4a77-a415-1dc54d39a05d,2026-08-17T09:10:03,delivery delayed,0,1
playstore,89ffa30f-c071-474a-9470-8bc1886ac4ad,2026-08-17T09:09:44,it is a fake app and it support fake brands. I am saying that because when I ordered a jeans indeliver a fake brand and when I said my problem they are doing nothing,0,1
playstore,aaa40b28-01c3-4e0f-a69e-ae7bb741e640,2026-08-17T09:08:18,service has improved,1,3
playstore,9d8075a0-a55c-4c3c-94b7-56ac7562c0b5,2026-08-17T08:52:15,good app for shopping,0,5
playstore,8798d803-34cd-44d1-82e5-1c6177d75d25,2026-08-17T08:51:21,should reduce handling charges,0,4
playstore,e0d2f5d5-0180-4bcc-a1f2-381bb166f13a,2026-08-17T08:43:56,"never order with myntra they never take returns or exchange, they always have some reason to reject your claim, so that they make money and loot from you by sharing some dubious products to you.",0,1
playstore,778bf672-2949-4d63-8548-efc9478e1e3d,2026-08-17T08:40:03,very much trusted app and brands,0,5
playstore,cb269399-06c3-4d14-9b36-b8ed18d1702e,2026-08-17T08:36:48,thanks to myntraaa,0,5
playstore,8f971bb4-5818-4d8d-a378-95b377b186f3,2026-08-17T08:27:54,evrything is ok...but ye system glt h platform fee itna jyada lete h ki agr br br return kro koi chiz psnd na aane pr to apka adha paisa to ussi mei nikal jayega,1,3
playstore,7e3cd0d8-f08d-4203-bb0f-6b37f92af945,2026-08-17T08:19:10,this app is very useful,0,4
playstore,32446ddd-4532-42cd-b018-3e923ee61dba,2026-08-17T08:16:51,nice & good experiance,0,5
playstore,2b2efb1d-2f96-487d-a5b3-1cc1313aea42,2026-08-17T08:15:44,delivery of product is genuine ☺️,0,5
playstore,b787d947-cabf-4e48-9e54-17e9d786cbd8,2026-08-17T08:14:45,nice product have a give it,0,2
playstore,7194d94d-28c0-49e3-ba2d-e7124866fb52,2026-08-17T08:14:45,Branded clothes on good price.,0,5
playstore,c4fb5554-610d-4844-96c8-81f00ffe32e4,2026-08-17T08:10:19,best shoping AAP good product every time,0,5
playstore,8ac1bc5a-ae84-4d65-b489-f229c4fc87ae,2026-08-17T08:02:09,this is a froud app,0,1
playstore,e8e0fc9f-4f69-46e3-8d8c-11b52d283200,2026-08-17T07:57:40,right place to buy your own products on right price,0,5
playstore,0cb40d10-3fd9-4813-8862-4bd8f5cf3cbe,2026-08-17T07:40:18,Quality purchase,0,5
playstore,ea41182c-975e-4ef3-b91b-6ba9a99cf6ff,2026-08-17T07:37:52,awesome quality,0,5
playstore,eda92a2b-1231-401a-a479-f6ca23ed3762,2026-08-17T07:30:46,My overall connection with Myntra is just owesome and I just love all the product and their quality 💫Thank you myntra 💖,0,5
playstore,fed8db07-a2c3-42c1-89aa-7426a59cf620,2026-08-17T07:29:16,very nice experience with Myntra Fashion,0,5
playstore,55ef84be-5c99-4cb3-bc83-b4fc29567239,2026-08-17T07:25:56,the best shopping app ever.,0,5
playstore,2605f3b2-0878-4929-bd87-6fe83eec023d,2026-08-17T06:59:24,So nice product 👌 100% Satisfied,0,5
playstore,819d7e26-3c9f-40cd-bb1f-f34b39071e2d,2026-08-17T06:55:05,About the quality of products it's amazing but if you have to return or replace the product it's a nuisance. I had to replace the product due to it being small in size but it failed the quality check because there were the tags but the logo was not given there which is totally their fault but who suffers? it's me. I never expected this from myntra and I'm really disappointed coz till now it is the worst returning experience I've received from literally any app!,0,2
playstore,1daa821a-0f7d-461b-b215-45a63cbef452,2026-08-17T06:46:17,myntra is undoubtedly one of the best online shopping apps.,0,4
playstore,60c381a2-2088-4353-bb71-32f3e996b437,2026-08-17T06:43:28,batter product quality ❣️,0,4
playstore,1a92f3fa-708e-478d-8164-dfaf22365dc2,2026-08-17T06:42:35,Bought Fbella satin night dress via myntra. Its quality is like amazing. Fully satisfied with the quality I ordered and it's worth to buy.,0,5
playstore,5cef8c5c-a388-4e85-9fcc-803ac63917fd,2026-08-17T05:30:29,very useful app good quality products delivered,0,5
playstore,c3735bc2-e469-4a08-ac44-38d71a438c97,2026-08-17T03:33:28,good app but sometimes delivery let and delivery person behavior is not good,0,2
playstore,2e440c8f-ab7a-4842-b083-684c4fc8f659,2026-08-17T02:49:28,Always my choice for online shopping 🛍️ 💕,0,5
playstore,e9b35418-f88f-41cd-8652-353feecfacd2,2026-08-17T02:26:25,Too Much AI Slop! Small Brands that make poor quality clothing are posting unrealistic images of their products and it turns out to be nothing like the picture in reality. It's hurting Myntra as a brand because I've stopped buying from such Fraud Companies.,0,1
playstore,92467b02-5d24-42b3-a2d6-702176ccb4f0,2026-08-17T01:52:42,hmm ok bht acha h,0,5
playstore,ff1cb0fd-36ed-41b4-8fc6-888151e2ed88,2026-08-17T01:39:37,osm product.....with *****,0,5
playstore,5400b64e-28e3-41ef-b4ae-0f8dbc225a16,2026-08-17T01:21:38,products are very good than other application. all meterial are original Myntra maintained good policy. really thankful to Myntra.,0,5
playstore,73cb860e-2ee8-47cf-aa6a-12a739c6ad73,2026-08-17T01:19:02,"Very disappointing experience. My issue has been going on for almost a month. I received the wrong product and provided the product tag/code and invoice as evidence, but Myntra kept giving generic responses saying the correct product was dispatched. After repeated complaints, they agreed to take the product back, but pickup failed 3–4 times. The agent is either busy or doesn't answer. Still waiting for a proper resolution. Very poor customer support and return experience.",2,1
playstore,b41c3fab-a3f5-4944-84bd-d57a27b9f23e,2026-08-17T01:06:00,"I recently ordered a formal shirt from Myntra, and it exceeded my expectations. The fabric quality is top-notch—soft, breathable, and premium to touch. The fit is true to size, giving a clean, tailored look, while the color matches the product photos online. Stitching and details are well-crafted with no loose threads. It handles washing well without shrinking or fading. Myntra's delivery was fast, and the packaging kept everything in perfect shape. Great",0,5
playstore,e8d4fefd-bf7e-4145-98c5-d71a4b6bbcee,2026-08-17T01:05:55,myntra is one of the best shopping apps for fashion and clothes. thank you kindness ☺️.,0,4
playstore,b7ba463a-657b-47bd-8b37-3af9e12097ff,2026-08-17T00:58:00,like the suggestion from this app,0,5
playstore,d1f2eca5-8385-4286-965b-0dfbd1b5ff31,2026-08-17T00:46:24,One of the best platform to buy clothes. I like Myntra collection and purchasing experience. Thank you,0,5
playstore,2bcbd039-ccaf-4d89-88f8-f772ec33db03,2026-08-17T00:41:44,"NEVER USE THIS APP WITHOUT A BODYGUARD. Felt unsafe due to their rudest delivery staff ever. Greater Noida delivery agent Robin Singh came at 6 am, started yelling in my phone and at me aggressively, talking like a psychopath. I felt unsafe in my own home. I almost called the police over his behaviour. Everyone pls be safe",0,1
playstore,2841418b-d7fe-4f4e-a1c0-a421baaff707,2026-08-17T00:35:28,really good and real product in myntra compair the flipkart and ajio,0,5
playstore,5f27317c-5f96-493e-a965-f9202e2c24ca,2026-08-17T00:34:02,"Very disappointed with Myntra’s customer service. My account has been deactivated since 13 August, and I’m unable to log in. It shows, “Your account is deactivated for security reasons.” I have sent multiple emails to customer support but have received no proper response or assistance. There is no explanation for why my account was deactivated. Please look into this issue, reactivate my account, and provide proper support as soon as possible.",0,1
playstore,91706166-e404-42b5-a6f2-c3c2cce5b406,2026-08-17T00:29:40,The material was so good and comfortable.,0,5
playstore,ac61aa1b-cd0b-476c-96a0-98eea303bb8a,2026-08-17T00:26:08,Good service and customer support,0,5
playstore,f8d31a04-63da-46fe-8571-a29d5302815c,2026-08-17T00:23:25,bad experience with myntra im customer last 3 year but Ac Automatically is deactivated I wait last 7 days no customer care Response no process my exchanged is pending i lost my 1500 rupees,0,1
playstore,a1312fe5-670d-4afa-bf75-8e37431d6b7c,2026-08-17T00:18:14,Best experience 😄,0,5
playstore,971ad85e-3bff-48f0-84b1-78ca5e0d0370,2026-08-17T00:09:14,Easy to use app,0,5
playstore,74b3ea23-719c-4bc1-8294-7c1b36163231,2026-08-17T00:09:05,awesome service,0,5
playstore,fc826019-3642-45f0-b559-f0a02c35d977,2026-08-17T00:08:43,it's amazing....,0,5
playstore,85798673-d007-48cd-bb2f-f1db89e154dd,2026-08-16T23:38:42,Best for clothing,0,5
playstore,5918a718-b66d-4639-b75b-01689c4e186d,2026-08-16T23:35:31,a good app for shopping.,0,5
playstore,9bdca054-4a0b-422d-9006-8e877fef30c5,2026-08-16T23:29:36,user friendly app,0,5
playstore,40e40d09-0b23-4b0c-b093-7ff09b4c3d76,2026-08-16T23:26:24,this app provides an easy and convenient shopping experience with many brands and offers. With simple navigation and secure payment options. thank you 😊,0,5
playstore,61946f54-5eed-4879-96a0-9ee079924f94,2026-08-16T23:17:23,it doesn't show order history,0,1
playstore,462b34cf-861d-4f2e-9058-9799063a908a,2026-08-16T23:17:19,"Absolutely loved my experience with Myntra! The app is easy to use, the collection is amazing, and there are plenty of options to choose from. The product quality was excellent, delivery was quick, and everything arrived well-packed. Overall, a smooth and satisfying shopping experience. Definitely recommend Myntra!",1,5
playstore,bc884455-40bd-4b78-81a0-b65ce03ce96f,2026-08-16T23:09:24,good experience,0,5
playstore,7876a485-9b6c-499a-ad74-d710c3266b8e,2026-08-16T23:08:11,best shopping apps,0,5
playstore,7e6e3071-3d8a-4520-8305-0826c834aba1,2026-08-16T23:01:02,This is the best shopping app I ever witnessed .,0,5
playstore,cdd7ded4-b054-4438-aa00-c231d5886eaa,2026-08-16T22:55:37,dress is good good offers,0,5
playstore,fdf8b93e-d59a-47f0-8cc3-9a1827558ed7,2026-08-16T22:52:07,brilliant trusted product and shopping,0,5
playstore,69a88fa7-29b2-4e5c-9809-7932779854a9,2026-08-16T22:41:53,"shipping is very late and recorded customer care calls for help, never seen any shipping delay in other apps.also got two dameged product with in 10 order's and deleted my review for saying truth with photos worst app for online shopping",1,1
playstore,069cee77-dff6-4e69-98ff-94b8d080faa5,2026-08-16T22:38:15,nice collection,0,5
playstore,41dac27c-4351-4125-8df7-14e0f5feacb5,2026-08-16T22:33:50,"product ko exchnge ni karte customer care vale check n krte delivery boy bad behaviour myntra sbse bakwas h.... meesho , ajio , flipkart , amazon , naykaa sb best h myntra ko ban kro",1,1
playstore,56a3583d-c630-4df5-8fc3-6236d404b551,2026-08-16T22:33:06,Best for Fashion,0,5
playstore,1b371199-fc0c-4479-a6f3-f85c1bc3514d,2026-08-16T22:27:48,"very good app,supportive customer care . first delivery",0,5
playstore,d8b7789b-3292-46e3-beb1-9dc364202045,2026-08-16T22:10:59,good premium quality products,0,5
playstore,79b41757-6829-4eb0-9de7-b9b6d7042f6f,2026-08-16T22:05:16,"बहुत ही बेहतरीन ऐप है। कपड़ों की क्वालिटी और कलेक्शन बहुत अच्छा है। डिलीवरी हमेशा समय पर होती है और रिटर्न करना भी बहुत आसान है। शॉपिंग के लिए यह मेरा पसंदीदा ऐप है।""",0,5
playstore,210a5314-1b91-4d39-9e1d-058ef91aa2dd,2026-08-16T21:56:20,best for shopping,0,5
playstore,d931790f-9cda-4d44-a056-8f6ee36b9c3e,2026-08-16T21:52:27,best app but a little bit laggy,0,5
playstore,e17c233d-26e1-45e2-9448-9afafb34a88a,2026-08-16T21:52:14,endless amazing collection,0,5
playstore,2651368d-e7b8-434a-8849-ca6431c5388b,2026-08-16T21:52:02,"Bahut hi pyaari shirt hai! Iska green rang bilkul waisa hi hai jaisa photo mein dikh raha tha. Fabric kaafi soft aur comfortable hai. Fitting bhi perfect aayi. Highly recommended!""",0,5
playstore,5129ad32-4d05-4914-85eb-c924dbe183fa,2026-08-16T21:42:14,Best Shopping Site,0,5
playstore,086f6f6a-b355-4023-85a4-6d9059c83ca1,2026-08-16T21:41:33,lovely shopping site,0,5
playstore,7bfe1317-7408-4459-af47-9310d20ffd34,2026-08-16T21:38:12,delivery is quite quick for myntra now,0,5
playstore,10bf64a8-2e29-4335-84ae-177df5a17c6d,2026-08-16T21:32:34,this app is very good we can believe on it without any doubt. I recommend this app.,0,5
playstore,c47887a4-dbb0-40f6-9221-16db175ada3c,2026-08-16T21:28:12,"One of the best Shopping app i loved the sale and offers, Delivery is so good",0,5
playstore,21760cf5-ca5a-4fbc-9de7-2396d296e485,2026-08-16T21:24:22,"⭐⭐⭐⭐⭐ Waahh, Myntra! 🛍️🔥 Super discounts and amazing offers! 😍 Really happy with the deals on Myntra. Keep bringing more exciting discounts and offers—we’d love to shop even more! ❤️🛒",0,5
playstore,e32be62c-1298-44d1-968e-f1a358d26feb,2026-08-16T21:24:00,Super Selection,0,4
playstore,6a621301-98eb-4fae-8a27-ed4441147bbf,2026-08-16T21:23:41,Genuine products.,0,5
playstore,8b9564bc-f516-49dd-b3cc-1c22d213213e,2026-08-16T21:18:22,very smooth experience,0,5
playstore,0ea009d8-09ef-4dff-bc76-b09015507bc5,2026-08-16T21:17:04,mynta ne wrong product send kiya h .. scam kiya h problem resolved v nhi kiya h .. return request send krne pr v koi response nhi kiya or customer care se bat krne pr bola ki camera check kiya gya h apka product sahi package h but totally wrong h ... I'm very disappointed this app..refund v nhi kiya h.,0,1
playstore,43612c51-342a-437c-9330-df623e1a2d4d,2026-08-16T21:16:14,not good app it's a High money product,0,1
playstore,2eb1268e-45b4-437d-a9d0-5ff15f2384cc,2026-08-16T21:07:54,"variety of stuff to buy from, different brands are available. However, the platform fees keeps on rising with each passing day which isn’t likeable.",0,4
playstore,689e8c81-d47f-474e-bad6-0c117d0c035d,2026-08-16T21:06:17,Myntra my all time favourite place to shop🥰,0,5
playstore,84f3c25a-dccc-4d62-a7f7-f3221ba71b21,2026-08-16T20:54:47,India's number one online app 👍🏻,0,5
playstore,7b272d35-7876-4e6f-9fb7-cfb973cdbf4d,2026-08-16T20:36:53,"Myntra has variety of different products. good quality, fashionable and trendy but little bit High price..",0,4
playstore,d4757fab-9d1d-4b8e-bb42-af584c8e0d1e,2026-08-16T20:34:15,worst customer service ever you cancelled my product without my consent and remove the discounts too,0,1
playstore,e3a229f6-aaa4-4b49-b447-95b6b7d717c5,2026-08-16T20:32:14,orginal brands mention in Myntra app i 👍,0,5
playstore,32cbc881-6f67-4894-bb85-d31afe112ad8,2026-08-16T20:31:44,I used myntra for the first time to buy some clothes and when I ordered the clothes I got scammed by delivery where I got only half my items and I complained myntra about how this matter should be resolved and they took like 5 days and told me forget you refund we won't even give you your item back .... that's so unprofessionalism by myntra and it's team so from now on I will never buy product from myntra ..... EDIT:- I mailed them but I am not getting response,1,1
playstore,db7d6618-2479-4fc2-ab2e-79d2648f9ef9,2026-08-16T20:28:47,best way for online purchasing,0,5
playstore,7b0d14f9-fba6-4269-82b7-380aa580bbff,2026-08-16T20:25:13,best app for clothes and beauty products,0,5
playstore,92558dc2-54c1-4448-a64b-4be2ac7eb2ab,2026-08-16T20:22:55,Very much Satisfied,0,5
playstore,96ab7a75-b909-43a0-b8ff-309a55e9e2d2,2026-08-16T20:21:38,bohot hi maza aata hai jab order karte hain,0,5
playstore,317ebc41-cb8c-4a45-b179-494879aedc17,2026-08-16T20:19:25,"Whenever I need something, I use the myntra for it, and I really like everything about the myntra.",0,5
playstore,ce675731-cee4-4fcd-ae90-b61bdccdf0d9,2026-08-16T20:19:17,really good products.. myntra always amaze me with quality..,0,5
playstore,ba7be46d-b7d9-4845-9430-d460017024e1,2026-08-16T20:17:45,is a good shopping app..i like this this app..,0,5
playstore,feb77eeb-94b6-4754-9fbb-ecf7b231dd1f,2026-08-16T20:10:40,such a good app for shopping 🤩 100℅ original brand clothes material,0,5
playstore,e1440994-344c-4216-888e-b0eea3a5954d,2026-08-16T20:04:25,"MYNTRA is my favourite app. because it has many good things and a very good return policy, branded products which leads to customer satisfaction. so, I'm happy with my myntra.💕💕💕",0,5
playstore,b007a85d-a3a9-4d49-b989-a07b923021f7,2026-08-16T19:55:58,excellent. never disappointed,0,5
playstore,fd2ea6eb-0dd1-400a-a84e-7bbbf59752b2,2026-08-16T19:51:25,Super quick delivery & quality of products are good 😊,0,5
playstore,9aefaf49-27b5-4cb2-9877-59be99c044c6,2026-08-16T19:49:07,quite good improvement,0,4
playstore,87d8d7a5-ed57-4f55-a4df-2df2162b5d1e,2026-08-16T19:47:14,nice satisfaction happy always satisfied,0,5
playstore,b6b42d70-52a7-45b4-82ef-d8af1b35398c,2026-08-16T19:41:46,"“Excellent quality and performance. The shocks provide smooth damping, good stability, and noticeably better ride comfort. Strong build quality and good value for money. Highly recommended",0,5
playstore,5082924b-30ff-4ce6-8aa0-f9cacb5cbedb,2026-08-16T19:41:40,Adbhut ... Avishvasaniya..... Akalpaniya...... means Superb app to use....,0,5
playstore,38b6d2cc-d69d-40f1-a1d0-e4b35963a517,2026-08-16T19:40:17,very good quality,0,5
playstore,8b07e214-daed-48fd-8f3c-3e8366c1aa9b,2026-08-16T19:35:48,Good experience,0,5
playstore,b69df2b4-1833-43fc-9a5c-cf0f8ab515cc,2026-08-16T19:29:22,Myntra is love. Using Myntra since I even know the name of shopping. my go to online market. I just love it. so real so simple so authentic,0,5
playstore,1c1a9a84-8f0b-4fe5-8af9-bf23e9e59944,2026-08-16T19:23:45,"myntra is one of the best platform to shop,evey items are here and no duplicate products unlike other shopping apps, and in myntra we can get items at low price than other shopping apps, I've been using myntra for quite some time and it has never disappointed me, so i insist that you guys to use myntra , one of the best app for shopping...",0,5
playstore,39a96a0b-2b08-41a0-97df-2557fb080b94,2026-08-16T19:23:22,love you 😍 myntra,0,5
playstore,db3f9e03-fa77-4be9-9e3c-b549b39ac8a3,2026-08-16T19:20:09,nice for first order,0,5
playstore,24030376-8fbf-4149-822c-894208aa66b0,2026-08-16T19:13:58,"I love it. The application navigation experience is smooth, and quite often, there are discounts live on the platform.",0,5
playstore,727a35d0-8d4f-474e-b542-c3a8aca8a9c7,2026-08-16T19:13:38,"I’m really happy with my experience on Myntra. The app is easy to use, the collection is amazing, and the products are trendy and good quality. Delivery was also smooth. Overall, a great app for online fashion shopping. Highly recommended!”",0,5
playstore,0ee9ca11-a7bd-455a-b198-5e49e72d272c,2026-08-16T19:13:07,"Ultimate fashion holy grail and a mind-blowing, one-stop style universe.Every single browse feels like a VIP shopping spree with an endless selection of gorgeous styles and unbelievable deals. The flawless experience and lightning-fast delivery make it pure shopping bliss.",0,5
playstore,c9c4bf4a-74d7-4fe9-a14b-1eed82b77e1e,2026-08-16T19:12:58,Worst app ever.. Have been shopping here for more than 4 years and first time have faced such a terrible experience... Ordered 2 shirts for ₹1300 and received None of the 2 shirts and a totally wrong product (ponds cream ₹150).. Been following up for my refund for more than 15 days now but still not received the amount..customer care is also useless everytime they give a new timeline...Worst experience ever.... Will never recommend to anyone.,1,1
playstore,0efe9654-ae51-43e6-acab-640f4606c293,2026-08-16T19:09:38,awesome app for fashion,0,5
playstore,f1891af1-b942-4258-a757-547d479f5bab,2026-08-16T19:08:11,Best shopping App ever ❤️,0,5
playstore,cdc2bc20-16bd-4679-825a-cc8fc91f264b,2026-08-16T19:04:47,good app for clothing,0,5
playstore,1820d57b-430c-4045-b892-e506b5f76e6f,2026-08-16T19:04:11,authentic products with reasonable price 🥰,0,5
playstore,e5200dec-9345-403f-9589-b2e59fb356d1,2026-08-16T18:55:22,"excellent, mujhe Myntra par buy karke bahut achcha Laga good experience, colour quality delivery abhi tak sab kuchh bahut achcha rha Hai sabhi to isse buy karne chahiye everything is too good but cost bhi shai honi chahiye thaki sabhi is par apni shoping kar sakte ha baby boy y girl ke liye bhi acche acche offer aane chahie thaki buy kar sake",0,5
playstore,cbe0a896-bffb-4833-9655-fb356debd535,2026-08-16T18:53:28,very good experience.. quality of clothes is top notch,0,5
playstore,3d3a9329-1e4c-4db3-abf5-57e25fd77ff4,2026-08-16T18:45:03,good application,0,5
playstore,252707bb-7725-45c5-a2b7-71b23d99cfc6,2026-08-16T18:43:33,faster delever. 👍😊 product is best 💯👍 myntra is best shopping app,0,4
playstore,78acdaf8-a3ba-49b2-908e-e192695ff4f0,2026-08-16T18:41:33,BEST EXPERIENCE EVER.,0,5
playstore,393350b7-e50a-4753-b6bd-da249e9bb92b,2026-08-16T18:37:19,great product and brand,0,5
playstore,ec665027-5604-481a-a42e-867ad60460d3,2026-08-16T18:34:46,customer care of this app doesn't work. you can't even return or exchange products once bought.,0,1
playstore,2d6a6f17-23b3-4758-88ea-26021ac5ab6f,2026-08-16T18:30:23,Very poor delivery service. My order has been delayed for one month and is still not delivered. No proper update or resolution from customer support. Very disappointing experience!,0,1
playstore,d1a9640a-7157-4af7-b575-3f4207e589ca,2026-08-16T18:28:42,"Value for money, Good Quality, Quick Delivery, Excellent",0,5
playstore,0168a873-b044-40f1-880e-2b41471d4799,2026-08-16T18:28:32,I had the worst customer experience. I have been contacting customer care for the past 1week and they canceled my return without my concern. No new request raised and gave me the wrong product and brand. Disappointed.,1,1
playstore,ce9f2885-9c2a-48ee-8a92-4cccde4ed160,2026-08-16T18:26:48,Awesome Product buy from Myntra Mindblowing experience,0,5
playstore,7becca88-22f5-4b6a-ae20-a13a91c6529e,2026-08-16T18:19:49,love the app freat experience,0,5
playstore,ff1a6e22-09bd-4673-8a72-01a2c3d1d296,2026-08-16T18:17:21,best online shopping app,0,5
playstore,962f8585-cd91-4b17-8091-6a630be96569,2026-08-16T18:17:19,nice way too see product best is quality and matrial maintain very well that helps choose product what I want,0,5
playstore,56aacad9-1a6b-4787-bfb7-a50b0057dc38,2026-08-16T18:14:43,"great experience, faster deliveries and best product quality.",0,5
playstore,74e98bb1-f70b-4b67-99bb-77bba90e5567,2026-08-16T18:14:21,amazing product 👏🏻,0,5
playstore,141292c1-77cd-49c5-afa7-fdc6c11dd2c5,2026-08-16T18:13:09,"⭐⭐⭐⭐⭐ Myntra app ka experience kaafi achha hai. App use karna easy hai aur products ki variety bhi bahut achhi hai. Search aur order karna simple hai, aur product details bhi clearly mil jaati hain. Offers aur discounts bhi kaafi useful hote hain. Overall shopping experience smooth aur convenient hai. 😊🛍️",0,5
playstore,4212b7a1-e546-49a9-aa69-d9d895815726,2026-08-16T18:11:24,Amazing app delivery on time best quality products!!!! love myntraaa❤️,0,5
playstore,21a47d8e-8338-4a7b-8349-45f2479c2007,2026-08-16T18:10:33,"bhut hi accha h , जैसा चाहते हैं वो मिल जाता है",0,5
playstore,f371e3f6-8a04-48b4-84d9-4f1724b43fe5,2026-08-16T18:08:18,it's a helpful app,0,5
playstore,20a55497-4bd6-4438-a29f-778e055391f0,2026-08-16T18:07:53,send low quality clothes at a time of return do not receive call or call you send me do not order anything from myntra,0,1
playstore,3279318d-d915-410b-aeeb-77672baadfc1,2026-08-16T18:07:15,very nice and colour also expected the same as shawn in the picture,0,5
playstore,d7246f68-408c-46f7-8358-55536a08e926,2026-08-16T18:05:17,besttttt app for purchase any products.. quality of the products is quite good.. please guys go for it,0,5
playstore,1a4c497d-e8b3-4ffb-9cca-9e07d2d70a52,2026-08-16T18:04:17,its amazing 🤩....,0,5
playstore,b30051df-c593-48ed-99c4-a2c3a729e44e,2026-08-16T18:01:54,best shopping site,0,5
playstore,4b6c3b5d-e854-4da5-9221-113d8cd35fbf,2026-08-16T18:01:16,best experience and best customer support,0,5
playstore,9b286cc4-2e2f-46fe-9fce-5361e77bba7a,2026-08-16T18:00:18,nice and very easy for all offers,0,5
playstore,6268e2c5-75a4-4c9e-b204-971390b84b0e,2026-08-16T17:55:48,Worst shopping experience. The customer executive is unable to give any solution. All my money is gone. Never going to buy from Myntra again.,0,1
playstore,9ac9ea8f-3f84-4086-89a9-3e25e8daca34,2026-08-16T17:50:23,good experience,0,5
playstore,03059549-d361-4556-b2a7-7f57a06c9968,2026-08-16T17:45:21,Fabulous app Shirt and shoe very good product,0,5
playstore,2138d97a-112f-48ba-b722-f9de90c9459c,2026-08-16T17:39:13,very good app easy returns and services,0,4
playstore,fc242dca-fd11-4118-ad62-5af174ce25a1,2026-08-16T17:26:58,it is one of the best E-Commerce app,0,5
playstore,722b11f2-74ef-4703-92a2-292c9eb94a6b,2026-08-16T17:25:48,"I ordered an item five days ago and it will be delivered by tomorrow and still it is not shipped and if I call customer care executive they reply same that ""please be patient and your order is delivered in given timeline"" how is that even possible ?",0,1
playstore,95c67d6c-ee6d-4aa4-8cec-4424cc67a3d7,2026-08-16T17:25:21,"worst app. don't buy anything from myntra. there is no return, no refund, nothing. fraud company of scammers. please don't download..... boycott myntra",0,1
playstore,fe6b8e86-1638-4b4e-b4d8-d527a1d554f9,2026-08-16T17:22:49,"myntra is my Go-to app for almost everything since 9-10 years now...the quality , quantity and even the fit n the design is top notch! prices r always reasonable.. never had I ever faced any trouble or issues in returning or exchanging anything if there was a need. myntra is the best!",0,5
playstore,ef9fa2fa-6196-4d5e-a627-ea52afa59505,2026-08-16T17:21:18,good quality product .,0,5
playstore,533029bb-4be7-434e-9a8b-6e859c7a1873,2026-08-16T17:19:47,very well experience,0,5
playstore,8cdd32b1-c786-4a24-9f02-883461ba0ab0,2026-08-16T17:19:17,good application 😃,0,5
playstore,2902e10e-4de2-4b01-b58c-52e7301e6622,2026-08-16T17:18:53,The overall service is nice.deliver premium quality product.Return and exchange service is also nice,0,4
playstore,9756ef65-24a7-495e-824f-f391205da0e0,2026-08-16T17:16:21,The products are highly appreciated and recommended 👌,0,5
playstore,ff6e33f3-6103-42ae-a539-8a9f0a5c8bfa,2026-08-16T17:15:07,"very third class app ,delivery boy didn't exchange a product and show delivered, regarding that we complain,they investigate and then they dont do exchange , product returned ,same delivery boy picked up return , although they didn't created amount ,everytime again and again they ask every details , when you inform they say aapki aawaj sahi se nahi aa rahi, they don't have proper sytem which show costomer complain for and they accept return was happed on 10 august,so why not creadited",0,1
playstore,e5d54a13-6805-4fdb-8780-92f6681bba13,2026-08-16T17:14:56,great shopping app,0,5
playstore,30cb7e18-238f-4edc-afae-11ca53b83e7d,2026-08-16T17:13:52,ohk i think myntra is the best platform for buying clothes or accessories the quality is best 😄,0,5
playstore,bfddfd5c-0ea1-4f7a-a87e-bb212aa7e99e,2026-08-16T17:12:40,Myntra is one of the app i used most and it was really very good shopping platform.,0,5
playstore,ae37b5c8-a0a8-4454-9e6e-4f68d8de8d2d,2026-08-16T17:08:46,👌app best and original quality and pure product,0,5
playstore,debbd2e9-8c1c-4fb8-9865-115f989b140f,2026-08-16T17:07:13,one of the best shoping aap in india,0,5
playstore,c833a1f3-ec9f-429c-9261-47d711235470,2026-08-16T16:59:35,very very useful app..,0,5
playstore,9ed3028f-43b1-4fa1-bef1-6919f908887e,2026-08-16T16:51:14,politely good 👍🏻,0,5
playstore,87e324c7-1cbf-46bc-b96f-60e1cf231a87,2026-08-16T16:49:21,"Really happy with my purchase from Myntra! The pants are very good quality, and the size fits me perfectly. The material and fitting are great. Definitely happy with my purchase! 💕",0,5
playstore,d3bc9d0f-92c5-4aab-85ca-496e5d82d090,2026-08-16T16:42:56,good app but prices are higher of products as compared to flipkart and amazon..,0,4
playstore,b9f90c42-5eb1-486f-a4cc-549546130fab,2026-08-16T16:40:23,Best Clothing Shopping App 🔥,0,5
playstore,ad0cd149-fcd9-4f0b-a17d-ad8d2bfb8a7d,2026-08-16T16:33:20,this app is amazing for shoping,0,5
playstore,019c19c9-27b7-4333-979e-63cd3b8b8a2d,2026-08-16T16:24:25,good for Branded products,0,5
playstore,8d099afc-290e-4080-bc55-7611a46f4e94,2026-08-16T16:21:10,nice application,0,5
playstore,5a5d09e6-6311-425d-b48e-9a4dceed1b16,2026-08-16T16:19:31,myntra shoping app products are very wonderful and satisfying items. my four years experience and uses experience .,0,5
playstore,09e3e450-8cc5-4601-9732-69a697d4dd9c,2026-08-16T16:18:49,variety of products are available. rate is competitive. easy return in 7/10 days.,0,5
playstore,4a794f42-688c-4686-8308-70e502caaec4,2026-08-16T16:16:23,timely delivering... and item is so soft and beautiful,0,5
playstore,6e30f502-2a81-4e7e-8339-7cbd81be1956,2026-08-16T16:15:32,best app forever,0,5
playstore,c6b74d9f-f2f3-49de-8c95-c096805e5664,2026-08-16T16:13:56,Very bad experience,0,2
playstore,c57fa374-c8e3-498c-bd30-e608ff8033ec,2026-08-16T16:12:03,it's an amazing,0,5
playstore,791b7b8d-dda9-4305-8772-e75687e0856f,2026-08-16T16:06:57,sometimes they say order is delayed but it actually comes faster than expected,0,5
playstore,3b2137a4-21fa-43d6-8665-d3f6dcd887e5,2026-08-16T16:04:07,"it was my first time shopping on myntra,and i am felling really happy and excited .tq ❤️🙏",0,5
playstore,84eff2da-fed4-4eeb-b27b-dc2d094f5977,2026-08-16T16:00:04,value for money..,0,5
playstore,3afbd423-15c2-46bc-948c-6e55ccb69a5f,2026-08-16T15:59:53,first time I am very happy,0,5
playstore,e799d81f-d503-492f-b29e-037560f602c2,2026-08-16T15:50:55,"A lot of improvement is expected, specifically in delivery time.",0,2
playstore,51247b06-07ac-435c-8eca-9e203af1ab66,2026-08-16T15:37:38,don't buy from the myntra i have been using myntra for the last 5 years this time I placed a prepaid order& instead of a 2 kurta set I received a used jogger when I'm trying to exchange it i couldn't either I'm getting refunded it really sucks,0,1
playstore,ac916125-4246-45da-8152-100e496556df,2026-08-16T15:35:03,i loved myntra app😍,0,5
playstore,1119b873-8cf5-448f-83ef-f2ea26707b75,2026-08-16T15:33:36,best app for everything,0,5
playstore,6f4841a5-546c-48e0-92d6-f166b01ba136,2026-08-16T15:32:54,"This app is very good, it has good quality clothes, shirts, sarees, everything, you must buy it from here.",0,5
playstore,34f813ce-0985-4e80-a379-917891ee2a37,2026-08-16T15:29:56,first time Order from myntra 🫵,0,2
playstore,d8718982-854f-4755-9d6f-a0f5b07ab18c,2026-08-16T15:26:31,the worst possible app. products come without brand tagn poor quality. delivery guys refuse pick up. then customer care does not co-operate.,0,1
playstore,8ccc19e1-1378-4280-a1bf-25c965ac3de0,2026-08-16T15:25:28,I didn't receive any paytm cashback?,0,2
playstore,a514763e-78b8-48e0-a727-e07c2a4401e1,2026-08-16T15:23:45,"I am happy with myntra shopping ..the . dresses 👗 and other makeup kits accessary are too good 👍🏿..kids items are also very nice and my daughter feels very happy... shoes, bally, sleepers are good... the colour and size are perfect .. all the things they showed are same delivered 😍 I am glad ... myntra but my one item is missing.. and I completed it but .. they ignored.. it's not good.. so my experience with this is mixed feelings .. some times good and some time uuuuuffffff shhhhhhaaaaa ...",0,5
playstore,c2698334-e92c-4e9a-934b-1fd8bd5b3125,2026-08-16T15:22:43,best aap for genuine shopping!,0,5
playstore,8db555f8-4db0-4615-9793-4f55b82d01cb,2026-08-16T15:21:44,Myntra Dress are too good,0,5
playstore,1ea7ed4a-affb-44ef-9277-664bbc245802,2026-08-16T15:14:17,"great app for online shopping. It has a wide range of fashion products, good discounts, easy navigation, and reliable delivery. Overall, a convenient and user-friendly shopping app.",0,5
playstore,dbc2bffd-53f1-4009-8dc0-686f0b371b09,2026-08-16T15:09:55,very rich quality products. budget frndly too,0,5
playstore,9b95b329-f7f4-4422-aa1a-45e197636bd9,2026-08-16T15:09:53,best app ever!! Availablity of original brands so far!,0,5
playstore,49a83cd2-665e-455a-9904-3b1d07ca8cca,2026-08-16T15:09:13,This app is really good and helpful.,0,5
playstore,0192887f-9248-4016-9777-c7e8c8f9709e,2026-08-16T15:06:39,good experience,0,5
playstore,3015b6ec-f139-4018-87b3-83aae18ea5fb,2026-08-16T15:04:05,very good app no frod,0,5
playstore,93ec2471-1e39-4185-bde5-f63f102a06a3,2026-08-16T15:00:50,best shopping app,0,5
playstore,ce10b2e4-f5ad-4f3f-abde-ffe369e39946,2026-08-16T15:00:24,"the app is really good. you can purchase branded clothes on this platform,",0,5
playstore,5157dc0c-b684-4ebd-a734-8c1ac0e6ed68,2026-08-16T14:58:26,experiencing good,0,5
playstore,79554f53-13a4-4781-a8d3-aae7b2abd275,2026-08-16T14:57:06,"I had a wonderful experience shopping with Myntra! The delivery was quick, and the discounts and offers were amazing. They have a huge collection with plenty of options to choose from. Overall, a great shopping experience! ⭐⭐⭐⭐⭐",0,5
playstore,8b7b76a5-ecd6-4b67-b1e5-446b1d9db6ed,2026-08-16T14:55:58,good service best price I have got,0,5
playstore,ca631202-a037-490e-8a2d-dae449ee3870,2026-08-16T14:50:39,Good App for shopping,0,5
playstore,7a05fb86-f7b3-477a-8687-7e2e690623a2,2026-08-16T14:49:13,Most decent and good items,0,5
playstore,85f368e4-b792-4ba3-8068-6f65fe304a30,2026-08-16T14:49:04,good app and very good products,0,5
playstore,b4b1948c-276e-4ace-b93e-e4159e702492,2026-08-16T14:39:38,Myntra is the best for online shopping,1,4
playstore,f6ec7109-ed9d-4f4d-a422-65293ed749ad,2026-08-16T14:38:16,fake application don't use this application 😡😡😡,0,1
playstore,1b393245-0ea0-4230-8262-13e99109443d,2026-08-16T14:35:46,worst app maine ek bedsheet order kii thi jo kii mujhe different color kii mili thi 1 week ho gya return request raise kiye 5 baar customer care pe baat kri abhi tak return nhi hua I am highly disappointed ☹️ isse achha flipkart hai wrong product delivered hone pe return ho jaata hai myntra what is this behaviour 😡 I am ur insider member why u are not returning my product,0,1
playstore,26b32588-d136-4744-9d0e-f5502f73b9ad,2026-08-16T14:31:26,very nice app and products,0,5
playstore,32c8ac16-7084-4518-958f-7b4f9ab5b087,2026-08-16T14:31:16,Great quality product,0,5
playstore,f206eeb6-2aee-455b-81bc-473a8f9d8d44,2026-08-16T14:29:59,best app for fashions,0,5
playstore,ecefa1f5-947c-426b-8e2e-a773ca29a552,2026-08-16T14:24:38,good experience to buy and product quality was so good,0,5
playstore,63a598e8-9dfa-4030-b5d4-3846d8e7f15b,2026-08-16T14:24:08,awesome & secure,0,5
playstore,98e2b9ba-8b68-44e2-a26c-bac6c12aaf55,2026-08-16T14:22:25,best quality clothes,0,5
playstore,1e57d83a-2ae8-45d9-85a4-c15068bebe0c,2026-08-16T14:18:42,more collection for all,0,5
playstore,e5a3d223-4e3b-42d9-b7ba-b596b7964383,2026-08-16T14:17:06,मैने 3k sleeper buy lkkya myntra se only 10 dino mein uska chamda upar se nikal gaya hai ekdum khrab product diya hai aab wapas nhi kr rhee hi koi yahan se product na le anyta fas sakte hai,0,1
playstore,b4b9b1b5-1703-4bf3-a5b6-e6a38dbcfef7,2026-08-16T14:15:19,"very bad experience about refund. Abnormal delay in pickup and using customer's money illigally. Please look into it. ordered for Brownish colour shirt , delivered black shirt. Its truly unprofessional.",0,1
playstore,8cf58495-9519-461d-b566-7e24ed37fd72,2026-08-16T14:15:08,very nice experience of mine,0,5
playstore,3636e8de-c84b-46d1-a0ff-4853d1d7db45,2026-08-16T14:14:05,Genuine Original items delivered with same quality as shown,0,5
playstore,48545b9f-a79b-4219-a7df-2546b14c5592,2026-08-16T14:08:07,nice shopping app,0,5
playstore,7fc2d3fa-d38f-4fa9-9308-c93894134223,2026-08-16T14:03:24,trusted myntra loves myntra .hii,0,5
playstore,ca2b09a7-049c-4feb-96d5-b16df6430e9e,2026-08-16T14:02:11,very fast delivery,0,5
playstore,2e3ba761-70ad-4199-8443-b1cf38f256f9,2026-08-16T14:01:18,beat app and best quality products are resnanable here,0,5
playstore,cb9f9463-d52f-44ed-95d3-7437aa389261,2026-08-16T13:54:28,great opportunity,0,5
playstore,65c2103d-d0d1-4fcc-9b17-b7ad67f8b933,2026-08-16T13:53:29,myntra is the best shopping plateform.,0,5
playstore,76508d15-48b0-4cdc-a85a-2bda95cc2550,2026-08-16T13:49:52,wow....very good product and delivery 🚚 fast,0,5
playstore,958acda8-4abe-4ed3-8983-50ae91c0ceb5,2026-08-16T13:49:10,isse accha aur bharosemand koi app nhi hai,0,5
playstore,42739b35-9e9f-4658-890d-fdce75b46446,2026-08-16T13:49:05,feel free fabric 👍 fitting is good,0,5
playstore,956e444f-5ea3-4845-8e79-a97f9d8a9f15,2026-08-16T13:43:16,awesome app for shopping,0,5
playstore,8b0a2773-0ccb-4654-8d1a-ed247ef0ca19,2026-08-16T13:37:40,it shows good quality products and best in budget,0,5
playstore,27554d66-eedf-4e0e-9fa4-f2e8f9c687b5,2026-08-16T13:34:58,good for clothes,0,5
playstore,8bf23220-4a9c-470e-bc98-6bf41ce3d978,2026-08-16T13:32:22,Myntra made shopping awesome,0,5
playstore,6bd3e260-b1f4-4b2f-85d5-6fface4d039e,2026-08-16T13:32:05,best quality ever,0,5
playstore,43403f15-7460-44d2-adf0-7b77fa165de2,2026-08-16T13:30:58,product is so good and reasonable for price 😄,0,4
playstore,d205ebdf-2a4f-420d-b081-0470506adad6,2026-08-16T13:29:29,good experience myntra fast delivery,0,5
playstore,21b79beb-e7b4-4835-97ff-5047bd7a60da,2026-08-16T13:25:25,"Looks pretty good, but should cross-check the prices first.",0,4
playstore,0a5bd4e6-e476-42e5-800c-f9a78f195a39,2026-08-16T13:22:09,very nice shopping app,0,5
playstore,79dfa5b4-fcd5-40e8-9489-8a81a65ca932,2026-08-16T13:21:27,nice experience,0,5
playstore,d8c10f95-e348-464a-bad2-5934860e4899,2026-08-16T13:19:02,very good experience 👌 👏 thank you soooo much 🙏,0,5
playstore,6d175f89-af33-4441-b656-52fe643e8412,2026-08-16T13:07:30,very good platform,0,5
playstore,0748e3d7-0dc4-42aa-aba8-3ef831f73834,2026-08-16T13:04:55,use too much AI pictures,0,4
playstore,2197e555-c53d-4b70-b45d-59bd0d702b38,2026-08-16T13:03:54,super productss,0,5
playstore,31ce432e-0868-4188-bd8e-164f0c61d472,2026-08-16T13:03:11,very trust full App.,0,5
playstore,71a2249e-c0b2-4508-b5fa-d3651975fa97,2026-08-16T13:02:35,Myntra is now turning into a very pathetic e-commerce platform. Had ordered footwear and was supposed to be delivered by Aug 12th. Then again it got rescheduled to Aug 15th. Both times it showed as out for delivery but the product was not delivered. Tried calling the agent but no response from the other end. Still have not received my order and it is showing out for delivery again. But the agent is not answering. Tried raising the issue twice but no help. Myntra customer care number is not wrkn,1,1
playstore,fa2ab709-9e38-4437-8e15-97fa0563dcb4,2026-08-16T12:56:12,best app for quality clothes,1,5
playstore,9085dcfe-a992-4aec-a2dd-f121c72f6f3a,2026-08-16T12:55:09,smooth like butter,0,5
playstore,04df8c2d-ae9a-4252-a885-815b83798d6d,2026-08-16T12:52:34,worth the price and top notch quality and its hub of different brands,0,5
playstore,64d62b2a-f920-4018-a31c-87e50a26a911,2026-08-16T12:49:30,nice products and there quality llm,0,5
playstore,b1a0c504-2a2a-4a0a-977f-59512deb1412,2026-08-16T12:48:33,"myntra sucks now a days, stop your AI agents right away",0,1
playstore,ff585f38-b087-4c1b-8c37-cd3cd6ad5855,2026-08-16T12:47:48,Best Cloth shopping app. I regularly Using.,1,5
playstore,5d42d34c-1d29-4c9f-9096-a026d2b0b660,2026-08-16T12:46:31,myntra doesn't give your payment back once order is returned I've faced this issue my money is sent in other bank and myntra is not taking responsibility and myntra is not solving issues and there is no option to change bank details separately,0,1
playstore,492d2d0b-aa73-49e0-8648-45e96198e214,2026-08-16T12:44:14,very great experience,0,5
playstore,80bc52c0-3f33-4254-b0f1-d4a244722993,2026-08-16T12:42:17,Sometimes the order gets delayed but overall it's a good app,0,4
playstore,0a97aac0-d316-4c68-b3db-bca3ac4c3538,2026-08-16T12:40:59,"Overpriced & No Return Very disappointing experience with Myntra. The product has an MRP of only ₹2,899, but I paid ₹700+ more than the MRP. On top of that, there is no return or exchange option available for this product. Customers should be clearly informed about such pricing and return restrictions before purchasing. Definitely not a satisfactory experience",0,1
playstore,468ccc5c-e6a7-4686-a190-311420b46314,2026-08-16T12:33:31,it was nice and easy for me to shop and look for items i needed,0,5
playstore,e8c06115-6bc9-4186-bd8a-99aad38a1277,2026-08-16T12:26:03,nice aap and service,0,5
playstore,79166d9b-4eb7-4e01-8007-505e2a9a5898,2026-08-16T12:24:52,very nice experience,0,5
playstore,ed5ac60c-2662-48c7-b4fb-3ed8036beae2,2026-08-16T12:21:54,the delivery atleast on my location always comes early products are good. app is minimal yet helpfull.,0,5
playstore,ca85c1e8-2de4-4a86-b27f-b2f0e81336f0,2026-08-16T12:21:52,Great app for clothing and footwear ❤️,0,5
appstore,14452412223,2026-08-20T14:52:34-07:00,"Received what ordered

Ordered 5 shirts and glad to receive what the quality was shown",0,5
appstore,14452268424,2026-08-20T13:56:56-07:00,"What a downfall of service

They have closed all the ways to reach customer care agents and you must deal with the AI responses until they feel you are worth it…. What a pathetic downgrade to save money. The worst part is they are paying people to give hyped reviews.",0,1
appstore,14452233991,2026-08-20T13:44:03-07:00,"Best website

Thank you for a great shopping experience .. You’ve added so much happiness to my life by delivering products before time..😊🌸",0,5
appstore,14452119416,2026-08-20T13:02:00-07:00,"Best

I bought all my shopping only from Myntra. Great variety brands offers exchange return on time refund policy awesome",0,5
appstore,14452077406,2026-08-20T12:47:07-07:00,"Nice

Best one not like other brands",0,4
appstore,14452056477,2026-08-20T12:39:41-07:00,"Scary

Most of the reviews photos are Ai images so how we go with this app",0,2
appstore,14451912300,2026-08-20T11:49:54-07:00,"Worst experience with myntra

Placing an order with them and returning items is such a big hassle. The order is always delayed and the customer care is unprofessional. They neither make a refund nor exchange items. Don’t use myntra",0,1
appstore,14451892772,2026-08-20T11:43:15-07:00,"Nice product

Very nice but price high overall nice product",0,5
appstore,14451887275,2026-08-20T11:41:21-07:00,"Awesome

Many many options i love shopping on mytra",0,5
appstore,14451818772,2026-08-20T11:18:25-07:00,"Worst Myntra

I ordered a puma sneaker and returned it but still they haven’t received it and also didn’t refunded me one of the worst online shopping experience",0,1
appstore,14451741676,2026-08-20T10:53:34-07:00,"Best App

Its the best app for clothing. Very affordable and pocket friendly.",0,5
appstore,14451728062,2026-08-20T10:49:12-07:00,"Taking platform fee and Aldo other fees

Taking platform fee and other fees and price is high according to cloth material and day to day order quality is degrading",0,1
appstore,14451714398,2026-08-20T10:44:50-07:00,"Lalit

Best for prewinter, cotton but thick",0,5
appstore,14451702371,2026-08-20T10:40:57-07:00,"Decent Morden outfit for me

Love it",0,5
appstore,14451612152,2026-08-20T10:12:11-07:00,"win

Alwz 5 star",0,5
appstore,14451577590,2026-08-20T10:01:20-07:00,"Pathetic

Pathetic",0,1
appstore,14451553720,2026-08-20T09:53:57-07:00,"Hi

Excellent …. as expected",0,5
appstore,14451547178,2026-08-20T09:51:56-07:00,"nice

it’s very good",0,5
appstore,14451528558,2026-08-20T09:46:11-07:00,"Service quality

Myntra is providing the worst quality of everything with poorest delivery and pickup services. Meesho is far better than Myntra. Better opt for meesho than Myntra",0,1
appstore,14451505587,2026-08-20T09:39:11-07:00,"product

products was so good good quality",0,5
appstore,14451498089,2026-08-20T09:36:53-07:00,"Review

Very nice products",0,5
appstore,14451488346,2026-08-20T09:33:57-07:00,"Delivery patner are terrible

Delivery patner are terrible",0,1
appstore,14451482084,2026-08-20T09:32:03-07:00,"Feedback

Good quality",0,5
appstore,14451458062,2026-08-20T09:24:47-07:00,"Perfect

Very nice",0,5
appstore,14451428729,2026-08-20T09:16:02-07:00,"bhari

ek number",0,5
appstore,14451396848,2026-08-20T09:06:31-07:00,"Good

Very good as prefer cotton products",0,5
appstore,14451365360,2026-08-20T08:57:11-07:00,"I had bought a addidas bag pack

Great bagpack",0,5
appstore,14451362931,2026-08-20T08:56:28-07:00,"Top review

Just love it ❤️",0,5
appstore,14451352598,2026-08-20T08:53:27-07:00,"Pathetic service

M delivery is worse",0,1
appstore,14451274700,2026-08-20T08:30:57-07:00,"Genuine Product and affordable price

Wonderful",0,5
appstore,14451229435,2026-08-20T08:18:02-07:00,"Trendy

Trendy clothes",0,5
appstore,14451178697,2026-08-20T08:03:45-07:00,"Amazing Fit and comfortable

One of the best high impact sports bra❤️",0,5
appstore,14451120516,2026-08-20T07:47:19-07:00,"Worth buying

Quality is sooo good",0,5
appstore,14451081581,2026-08-20T07:36:24-07:00,"Kurta set for boys

Good looking kurta set",0,5
appstore,14451061747,2026-08-20T07:30:50-07:00,"RED TAPE

Great Sneakers",0,5
appstore,14450936477,2026-08-20T06:55:43-07:00,"Best shopping app

Absolutely love shopping from myntra ❤️",0,5
appstore,14450915409,2026-08-20T06:49:44-07:00,"Very good

Overall good",0,5
appstore,14450878590,2026-08-20T06:39:17-07:00,"Best bag ever..

Multi purpose bag..that you can use every where…top notch quality..you can go for it",0,5
appstore,14450869812,2026-08-20T06:36:46-07:00,"Disgusting app

They’re literally selling reused stuff like if someone has returned a product they won’t discard it but sell it other customers. Also I ordered a different size product and still they send me smaller size product so annoying.",0,1
appstore,14450841384,2026-08-20T06:28:36-07:00,"Delivery issues

I don't know what happened to myntra, earlier they have smooth delivery, nowadays deliveries not has promised or deliveries are not happening and delivery timing is horrible, one day their delivery agent calling me at 11'O clock night, I have a healthy habit of sleeping at 10, please fix the issue.",0,3
appstore,14450834294,2026-08-20T06:26:34-07:00,"Denim Bermuda

Material is not that comfortable, but I like the fit 👍
So I kept it.",0,5
appstore,14450789536,2026-08-20T06:13:40-07:00,"Great experience

Great experience",0,5
appstore,14450785021,2026-08-20T06:12:22-07:00,"Good

Verry nice",0,5
appstore,14450778155,2026-08-20T06:10:20-07:00,"Best

Best app for shopping",0,5
appstore,14450778030,2026-08-20T06:10:17-07:00,"puma glat

very comfortable",0,5
appstore,14450729001,2026-08-20T05:55:52-07:00,"उत्पाद के बारे में कोई सुनवाई नहीं होती है

उत्पाद के बारे में कोई सुनवाई नहीं होती है",0,1
appstore,14450601032,2026-08-20T05:17:04-07:00,"Myntra AI 🤦🏻‍♀️

Myntra looks fake these days, images are blurry and some customer reviews are AI generated, images shared by the customers are also AI generated, not able to understand which one is AI and which one is original",0,2
appstore,14450600554,2026-08-20T05:16:55-07:00,"Code word dress

Awesome collection can’t underestimate Myntra fashion so cool collection",0,5
appstore,14450584749,2026-08-20T05:12:00-07:00,"Top

Very nice product super comfortable and looking nice",0,5
appstore,14450559156,2026-08-20T05:03:58-07:00,"Very nice app

Top ui experience",0,5
appstore,14450534197,2026-08-20T04:55:59-07:00,"Empty packet, no refund, denial of the uploaded image

Myntra delivered empty packet for ordered Bitterlime women grey and coffee brown solid top and skirt. Then on request to guide on how to request product as the parcel was empty. They asked me to upload the image in the exchange section. Then they cancelled the exchange. And said no refund. To top it on call they are mentioning there was no image that was uploaded. Now they deny the refund and even the dress",0,1
appstore,14450531115,2026-08-20T04:55:00-07:00,"Osm

Bhutt jdaaaa achaa h nd comfert bi h",0,5
appstore,14450478977,2026-08-20T04:38:09-07:00,"Best quality of product

best quality of product",0,5
appstore,14450451791,2026-08-20T04:29:09-07:00,"delivery

the delivery was smooth",0,5
appstore,14450418512,2026-08-20T04:17:57-07:00,"Suit review

such a nice fabric and it looks so beautiful",0,5
appstore,14450414584,2026-08-20T04:16:39-07:00,"Best app

Best app delivers on time best products u can search for any product any will get with the best quality",0,5
appstore,14450392167,2026-08-20T04:09:06-07:00,"Wow

Great for its price",0,5
appstore,14450373090,2026-08-20T04:02:24-07:00,"Products quality

Satisfactory",0,5
appstore,14450354274,2026-08-20T03:55:51-07:00,"Lip n chick tint

Very nice product",0,5
appstore,14450335856,2026-08-20T03:49:19-07:00,"Wallet

Product is Good",0,5
appstore,14450324160,2026-08-20T03:45:11-07:00,"3 time hua hai.

Order kiya hua products myntra shipping hone ke bad cancel karta hai",0,1
appstore,14450306118,2026-08-20T03:38:37-07:00,"Nice

Good quailty",0,5
appstore,14450299924,2026-08-20T03:36:23-07:00,"Beautiful Rakhi

Beautiful",0,5
appstore,14450289668,2026-08-20T03:32:35-07:00,"Very good quity

Very good quality",0,5
appstore,14450289252,2026-08-20T03:32:26-07:00,"Been Ordering Since 2016. Today, I’m Done.

I’ve been ordering from Myntra since 2016–17, and after what happened with my latest order, I genuinely cannot believe how badly this platform has deteriorated.

I ordered a pair of Roadster shoes. It took ages to arrive, and when I finally went to the shipment warehouse at my university mall to collect it, the staff were completely inattentive and acted like they couldn’t care less.

But the real shock came when I got back to my room and opened the package.

Instead of the Roadster shoes I ordered, I received some cheap-looking knockoffs from a completely different brand called “Amico.”

I immediately contacted customer support, only to be greeted by an absolutely useless chatbot. There was no straightforward option to speak to a real person. I had to click through an absurd number of menus just to reach an actual support agent.

And then, when I finally got there, the app itself started glitching. I couldn’t even upload a photo of the product I received. It just sat there endlessly saying “Uploading…”

This is not what you expect from a platform I’ve been trusting with my orders for nearly a decade.

Wrong product. Poor delivery experience. Unhelpful staff. A frustrating support system. And then an app that doesn’t even let you submit the evidence needed to resolve the issue.

Myntra, this is absolutely unacceptable.

After almost 10 years of ordering from you, this is the last time I’m using Myntra. You’ve completely lost my trust.",0,1
appstore,14450282300,2026-08-20T03:29:51-07:00,"Goods

Trustworthy",0,5
appstore,14450252942,2026-08-20T03:18:58-07:00,"It’s very nice

Good",0,4
appstore,14450241598,2026-08-20T03:14:44-07:00,"Fabulous

I had really very good shopping experience",0,5
appstore,14450228382,2026-08-20T03:09:41-07:00,"Amazing Shopping Experience ❤️✨

Absolutely love shopping on Myntra! ❤️ The collection is amazing and there are so many stylish options to choose from. The app is easy to use, product variety is great, and the overall shopping experience is really smooth. I also love the discounts and offers available on different brands. Delivery and packaging have been good too. Overall, Myntra is one of my favourite fashion shopping apps. Highly recommended! ⭐⭐⭐⭐⭐",0,5
appstore,14450180499,2026-08-20T02:51:06-07:00,"Cool and vibrant

Very nice color, perfect fit for me",0,5
appstore,14450160328,2026-08-20T02:43:13-07:00,"Very good

Nice product",0,5
appstore,14450155006,2026-08-20T02:41:08-07:00,"Gorgeous

Very beautiful dresses always",0,5
appstore,14450112735,2026-08-20T02:24:22-07:00,"Perfect fragrance

Best perfume ever you could go for. Lasts about 4-5hours for sure. My fav so far.",0,5
appstore,14450108425,2026-08-20T02:22:36-07:00,"Fondue set

Good product. Amazing quality",0,5
appstore,14450108072,2026-08-20T02:22:29-07:00,"Carlton London watch

Amazing watch beautiful loved it",0,5
appstore,14450083292,2026-08-20T02:12:31-07:00,"Shopping

Very nice app very useful",0,5
appstore,14450070737,2026-08-20T02:07:26-07:00,"Easy shopping

Easy shopping good stuff",0,5
appstore,14450064278,2026-08-20T02:04:49-07:00,"Suit

Amazing experience",0,5
appstore,14450016611,2026-08-20T01:45:15-07:00,"Anouk

Nice kurta",0,5
appstore,14449987492,2026-08-20T01:33:16-07:00,"Good product

Good product",0,5
appstore,14449947882,2026-08-20T01:17:01-07:00,"Love love

Love",0,5
appstore,14449945867,2026-08-20T01:16:12-07:00,"Fantastic

Great app for all your fashion needs",0,5
appstore,14449908803,2026-08-20T01:00:47-07:00,"Super🫶🏼

Its very beautiful kurti 🥰 thank you Myntra",0,5
appstore,14449884466,2026-08-20T00:50:33-07:00,"Kurta

Beautiful kurta must buy piece best for casual outings",0,4
appstore,14449875556,2026-08-20T00:46:44-07:00,"Excellent

Good",0,5
appstore,14449833280,2026-08-20T00:28:46-07:00,"Good fit and soft material

fabric is very nice, and also a good fit",0,5
appstore,14449823766,2026-08-20T00:24:43-07:00,"Many variety options

Awesome service, and great replacement options",0,5
appstore,14449810940,2026-08-20T00:19:16-07:00,"Jockey

Amazing quality",0,4
appstore,14449776160,2026-08-20T00:04:42-07:00,"Venkat

This product is worth to money. Impressed",0,5
appstore,14449764593,2026-08-19T23:59:49-07:00,"Wonderful experience

I love using this app, so affordable products w best quality be it skincare,bodycare, haircare or clothes everything is just bestttt",0,5
appstore,14449759654,2026-08-19T23:57:45-07:00,"Beautiful soft fabric

Loved the Tshirt, its very comfortable to wear",0,5
appstore,14449752935,2026-08-19T23:54:50-07:00,"Best fragrance

Very good quality & must buy perfume 
Especially Nirvana & Oud Rocks",0,5
appstore,14449752840,2026-08-19T23:54:47-07:00,"Shirt

Amazing fabric,nice colour",0,5
appstore,14449746968,2026-08-19T23:52:16-07:00,"Review

Excellent",0,4
appstore,14449718030,2026-08-19T23:39:56-07:00,"Myntra review

I am using this app from ages and this is kinda always my go to place .. so comfortable from purchase to return everything ❤️",0,5
appstore,14449709089,2026-08-19T23:36:02-07:00,"OnePlus4Pro

These are really good headphones, and the sound quality is also very good.",0,5
appstore,14449685106,2026-08-19T23:25:44-07:00,"Zit care ance gel

Very good gel for acne prone skin 👍🏻 recommended by my dermatologist 🙌🏻",0,5
appstore,14449669663,2026-08-19T23:19:07-07:00,"Happy with product

Fabric is too good and very comfortable",0,5
appstore,14449663867,2026-08-19T23:16:35-07:00,"Earrings

Very good",0,5
appstore,14449644541,2026-08-19T23:08:10-07:00,"Excellent

Been using for years now so good",0,5
appstore,14449640634,2026-08-19T23:06:26-07:00,"Loved it!!!

Best for shopping",0,5
appstore,14449614920,2026-08-19T22:55:06-07:00,"Genuine products

This site is best for collection and price and all above brand for genuine products",0,5
appstore,14449612060,2026-08-19T22:53:51-07:00,"Thank you team Myntra

Very nice and best fabric",0,5
appstore,14449604259,2026-08-19T22:50:24-07:00,"Delivery not get on time

This delay has caused me significant inconvenience. I have already checked with my neighbours and reviewed the tracking information, but there are no helpful updates.

Since your company failed to deliver the product within the promised timeframe, I no longer require the item.",0,1
appstore,14449585485,2026-08-19T22:41:57-07:00,"Best app for shopping

Track pant is very comfortable and fabric is best",0,5
appstore,14449582231,2026-08-19T22:40:29-07:00,"Complain

Sabse bekar  app h jb koi return krna hota h to delevry boy apne aap write kr deta h ke coustmer not available 
Ager help line pe ph kro to agent busy hote h naa wapis ph krte naa cunct krte koi subhidha nhi h 
Myntra se achha to messo or flipcart h",0,1
appstore,14449575953,2026-08-19T22:37:39-07:00,"Owsome

Very cool and very well done product and very good quality product",0,5
appstore,14449507971,2026-08-19T22:07:50-07:00,"Love it

I really like the product its very comfortable
I just love it",0,5
appstore,14449494717,2026-08-19T22:02:01-07:00,"Best

Best for online shopping",0,5
appstore,14449494250,2026-08-19T22:01:48-07:00,"Gud product

Nyc and original brand",0,4
appstore,14449477798,2026-08-19T21:54:39-07:00,"Good

The blazer has awesome fitting and breathable material 😍",0,5
appstore,14449438404,2026-08-19T21:37:21-07:00,"Very good

Very good",0,5
appstore,14449427703,2026-08-19T21:32:40-07:00,"Good gesture

Its a better app for mycash earnings and purchasing in budget things and useful things are available in deals and earn daily my cash i loved this app i hope always maintain your own speciality",0,5
appstore,14449416087,2026-08-19T21:27:34-07:00,"Very poor customer service

My account log out without any reason",0,1
appstore,14449375316,2026-08-19T21:09:56-07:00,"Myntra selling fake brand product

Please do not buy anything from Myntra, as they are selling fake products and refusing to take accountability. I ordered an H&M pair of jeans that turned out to be ill-fitted, but when the delivery agent arrived for the pickup, he outright refused the return, claiming that the brand name ""H&M"" was not engraved on the button. How is an everyday consumer supposed to inspect microscopic details like button engravings when all the original tags and packaging were completely intact?
Myntra delivered a counterfeit item in the first place, and now their customer support has trapped me in a loop of empty promises. Since August 14th—nearly a week now—they have repeatedly delayed resolving the issue with false assurances of ""24 to 48 hours."" Their callback service fails to connect, customer care lines are perpetually busy, and no one has initiated the pickup or processed my refund. This is not merely about the cost of the jeans; it is a breach of consumer trust. If Myntra delivers a fake product, penalizing the customer and refusing a legitimate return is unacceptable. Avoid shopping on Myntra unless you are willing to risk losing your money on counterfeit items with zero customer support.",0,1
appstore,14449349192,2026-08-19T20:58:50-07:00,"nice experience

vast variety of clothing along with quality checks.",0,4
appstore,14449346813,2026-08-19T20:57:48-07:00,"Best app

Four Myntra to be the best fashion app",0,5
appstore,14449273013,2026-08-19T20:27:16-07:00,"Aruna Dhanapaul

Quality is nice . I like it.",0,5
appstore,14449241046,2026-08-19T20:14:23-07:00,"Cancelling the order at the date of delivery

After placing the order they give the delivery date 20 days after.and on the date of delivery they cancel the order.i m an icon customer and this has happened to me twice.and when u call the customer care they ask u to wait for the sale and place the order again.pathetic service.never expected this from Myntra",0,1
appstore,14449227637,2026-08-19T20:09:05-07:00,"Awwsm

Bahut hi bdhiya hai mast mast mast",0,5
appstore,14449203715,2026-08-19T19:59:41-07:00,"excellent

Approx all product are good quality",0,5
appstore,14449172445,2026-08-19T19:47:29-07:00,"Cream white pant

This pant is soo nice and wear comfortably i think for casual office look it will give a good outfit look.",0,4
appstore,14449117301,2026-08-19T19:26:19-07:00,"Blessed to Have Myntra App

One of the most convenient way to shop online with discounts offers and seamless delivery. The 30mins delivery is eye candy",0,5
appstore,14449114194,2026-08-19T19:25:06-07:00,"Minu

Excellent offers !",0,4
appstore,14449071607,2026-08-19T19:09:05-07:00,"Vishnu

Best T-shirt",0,5
appstore,14449051066,2026-08-19T19:01:26-07:00,"Hear now shirt

Good quality and good service",0,5
appstore,14448889511,2026-08-19T18:00:54-07:00,"Rakhi

Wonderful rakhi, been purchasing rakhi every year from myntra always on time delivery",0,5
appstore,14448818829,2026-08-19T17:33:55-07:00,"Good

Very nive app",0,5
appstore,14448803673,2026-08-19T17:28:01-07:00,"Good response

They have responded very quickly",0,4
appstore,14448598986,2026-08-19T16:07:30-07:00,"Very good

Excellent",0,5
appstore,14448082297,2026-08-19T12:53:48-07:00,"A Customer Service Nightmare — Money and Returns Left Unresolved..deactivated account blocked  money

At present, I no longer consider Myntra a trustworthy shopping platform based on my experience. Customers may receive incomplete, incorrect, or entirely different products from what they ordered, and even when valid return requests are raised with supporting evidence, they can face unnecessary rejection or delays.
In my experience, the situation becomes even more frustrating when the logistics partner allegedly makes no genuine attempt to collect the return, yet the return is marked as cancelled or failed based on the pickup agent’s own status update. What is even more concerning is the suspension or deactivation of a customer’s account while valid returns, refunds, and the customer’s money remain unresolved. This leaves customers feeling helpless and raises serious concerns about the transparency and accountability of the platform’s return, logistics, and account-management processes. Myntra should prioritize customer protection, transparent investigations, genuine pickup attempts, timely refunds, and fair treatment instead of leaving customers to struggle to recover money for products they did not receive correctly. New Income source of income for Myntra...😒",0,1
appstore,14448063116,2026-08-19T12:47:04-07:00,"Good for discount

Good app for purchasing branded clothes in discounted price",0,5
appstore,14447991336,2026-08-19T12:22:19-07:00,"TRUSTED APP

The app watch i can trust and buy branded product without fear of fake one.",0,5
appstore,14447989453,2026-08-19T12:21:38-07:00,"Best app

One of my favourite app best shopping app thanks Myntra",0,5
appstore,14447985865,2026-08-19T12:20:24-07:00,"Good shirt

Very nice fit very stylish a d comfortable",0,5
appstore,14447975979,2026-08-19T12:16:58-07:00,"Pants

Amazing products …… as seen on pictures received the same …. Must try",0,5
appstore,14447944191,2026-08-19T12:06:09-07:00,"T shirt

Good quality Bt not every cloths and plz improve uhr delivery packaging",0,5
appstore,14447934705,2026-08-19T12:02:59-07:00,"Good

Iam very happy to use Myntra offers",0,5
appstore,14447912707,2026-08-19T11:55:35-07:00,"Nice app

Excellent platform for shopping",0,5
appstore,14447887884,2026-08-19T11:47:06-07:00,"Superb product

Product was nice
I luv this fabric",0,5
appstore,14447872470,2026-08-19T11:41:57-07:00,"Faltu app

Dumbest delivery app I ever scene i want to gave 0 star but",0,1
appstore,14447807337,2026-08-19T11:20:14-07:00,"Osum aap

Excellent",0,5
appstore,14447789409,2026-08-19T11:14:19-07:00,"Super comfortable

I loved this super comfortable trouser",0,5
appstore,14447739560,2026-08-19T10:57:57-07:00,"Awesome cap

Love it",0,5
appstore,14447707708,2026-08-19T10:47:40-07:00,"Everyday chic

Excellent",0,5
appstore,14447654641,2026-08-19T10:30:31-07:00,"Not worth it

I occasionally use myntra i don’t prefer it. Whenever i have used I have got cheap product or it get cancelled after waiting for more than expected delivery. After all these repeated experiences I uninstalled the app.",0,1
appstore,14447649531,2026-08-19T10:28:52-07:00,"Love with Myntra

Very useful App I’m very satisfied 🥰❤️",0,5
appstore,14447492509,2026-08-19T09:40:05-07:00,"Good app

Great discount",0,5
appstore,14447466204,2026-08-19T09:32:04-07:00,"App

Perfect app for shopping",0,5
appstore,14447386561,2026-08-19T09:08:13-07:00,"BEST FASHION SHOPPING APP

Myntra has always been the best shopping app for authentic branded product.",0,5
appstore,14447364226,2026-08-19T09:01:33-07:00,"Amazing fit

Must recommend",0,5
appstore,14447354000,2026-08-19T08:58:33-07:00,"Wonderful collection

Over all collection of every thing is very nice 
You get all the thing in your budget",0,5
appstore,14447318058,2026-08-19T08:48:00-07:00,"Nice

Nice  good cloth",0,5
appstore,14447306290,2026-08-19T08:44:31-07:00,"Amazing

Mytra as a trusted online shop",0,5
appstore,14447291997,2026-08-19T08:40:24-07:00,"😊😊

To cutest & comfortable T-shirt",0,5
appstore,14447227586,2026-08-19T08:21:56-07:00,"Product vry gud quality

Goood",0,5
appstore,14447218178,2026-08-19T08:19:16-07:00,"Awesome

Wonderful user experience and search",0,5
appstore,14447163094,2026-08-19T08:03:35-07:00,"Customer service needs to be improved.

You can get anything best on myntra at its best price , but when it comes to customer service , it sucks a lot. So please try to fix it and make it easy for people who try resolve their problems .",0,4
appstore,14447152611,2026-08-19T08:00:37-07:00,"Louie Philippe

Loved it perfect size fit",0,5
appstore,14447138360,2026-08-19T07:56:34-07:00,"Daniel hechter watch

Best quality product",0,5
appstore,14447111411,2026-08-19T07:48:55-07:00,"I love it

⭐⭐⭐⭐⭐

Really happy with this purchase! The jeans fit perfectly and are very comfortable to wear. The fabric quality is good, and the color looks exactly like the pictures. The fitting is stylish and flattering, and the length is also perfect. Overall, a good-quality jeans at a reasonable price. Definitely worth buying! 👖✨",0,5
appstore,14447079865,2026-08-19T07:40:02-07:00,"Excellent Services

Amazing choice, great delivery experience",0,5
appstore,14447046346,2026-08-19T07:30:34-07:00,"Trusted shopping App

Best online shopping experience",0,5
appstore,14447021402,2026-08-19T07:23:32-07:00,"Very nice

Always excilent products",0,5
appstore,14446915790,2026-08-19T06:53:54-07:00,"Just love it

Amazing product",0,5
appstore,14446892327,2026-08-19T06:47:11-07:00,"👏

Fabulous 😍😍😍",0,5
appstore,14446845477,2026-08-19T06:33:50-07:00,"Myntra

So amazing great offers and great product",0,5
appstore,14446841000,2026-08-19T06:32:32-07:00,"Excellent

Superb variety, user friendly app",0,5
appstore,14446819924,2026-08-19T06:26:28-07:00,"Super se bhi uper

Excellent quality suprab",0,5
appstore,14446783011,2026-08-19T06:15:36-07:00,"Good product

Excellent
Product",0,5
appstore,14446753924,2026-08-19T06:07:04-07:00,"Fake products

I ordered the suit bt recieved completely different product and customer care also do nothing about this matter didn’t expect this from myntra worst customecare service ever they didnt do anything about your complain",0,1
appstore,14446724848,2026-08-19T05:58:23-07:00,"My Review

Good Quality products. Timely delivery. Easy shopping experience. MynCash offer is super good.",0,5
appstore,14446721892,2026-08-19T05:57:30-07:00,"Superbbb

Nice App. I loved it",0,5
appstore,14446710510,2026-08-19T05:54:05-07:00,"Good Platform to buy garments from Myntra

Recently I was ordered clothes from Myntra , overall good experience",0,5
appstore,14446644349,2026-08-19T05:34:05-07:00,"Envy Perfume

I loved this perfume, sweet and mild smell",0,5
appstore,14446626665,2026-08-19T05:28:38-07:00,"Lee T-shirt

Good quality product",0,5
appstore,14446619967,2026-08-19T05:26:36-07:00,"Pink tank top

Cute colour. Snug fit. Good material",0,5
appstore,14446591436,2026-08-19T05:17:46-07:00,"regular customer of mynta

good product",0,4
appstore,14446565985,2026-08-19T05:09:47-07:00,"Very good

Looked very nice on me. Even my husband noticed it. Loved it",0,5
appstore,14446544052,2026-08-19T05:02:48-07:00,"Shopping

Always provide best service on time . I blindly trust on Myntra. 
They repost very fast always provide polite reply to their customers.",0,5
appstore,14446536653,2026-08-19T05:00:27-07:00,"Good platform

Good deals , good and genuine product",0,4
appstore,14446504420,2026-08-19T04:50:03-07:00,"Thanks for signup coupons

Bhai redtape ke shoes mst mile",0,5
appstore,14446496174,2026-08-19T04:47:23-07:00,"Nice

Ek nombar bahot accha aya hai",0,5
appstore,14446458250,2026-08-19T04:34:57-07:00,"Just wow

Beautiful work 
Awesome application 😅",0,5
appstore,14446429896,2026-08-19T04:25:35-07:00,"...

Unbeatable",0,5
appstore,14446388732,2026-08-19T04:11:39-07:00,"Nice collection

Nice collection and great experience",0,5
appstore,14446345057,2026-08-19T03:56:30-07:00,"Beautiful saree

Soft clothe",0,5
appstore,14446271704,2026-08-19T03:29:43-07:00,"Best website

Always good experience",0,4
appstore,14446242973,2026-08-19T03:18:59-07:00,"Service

Excellent 👌",0,5
appstore,14446182416,2026-08-19T02:55:41-07:00,"Very bad customer care service

Very bad customer care service. I had cancelled my order and till now there is no refund. In order status it is showing refund initiated but when called customer care team they have no ideas and just keep transferring the calls which are never received",0,1
appstore,14446173608,2026-08-19T02:52:15-07:00,"Cartoon London

It’s an amazing perfume. Fragrance is Osmmm and budget friendly too.",0,5
appstore,14446170222,2026-08-19T02:50:57-07:00,"Awesome app

Amazing shopping experience, i have stopped going to malls 👍🙂",0,5
appstore,14446162563,2026-08-19T02:47:59-07:00,"Fav app

One of my fav. Shopping app..",0,5
appstore,14446129985,2026-08-19T02:35:04-07:00,"Awesome

Wonderful experience",0,5
appstore,14446100876,2026-08-19T02:23:39-07:00,"Best shopping app

Always best to",0,5
appstore,14446056827,2026-08-19T02:06:02-07:00,"Great product

A lovely product value for money",0,5
appstore,14446041764,2026-08-19T01:59:54-07:00,"Amazing shopping experience

⭐⭐⭐⭐⭐
Amazing shopping experience with Myntra! The app is easy to use, has a great variety of products, and the delivery is quick and reliable. I’m very happy with the quality and overall service. Highly recommended! 🛍️✨",0,5
appstore,14446037435,2026-08-19T01:58:09-07:00,"Perfect

Perfect fitting with exact colour tone",0,5
appstore,14446033198,2026-08-19T01:56:23-07:00,"Vatsal

Best and Safe Place for shopping",0,5
appstore,14446028950,2026-08-19T01:54:40-07:00,"great

user friendly",0,4
appstore,14446011176,2026-08-19T01:47:22-07:00,"Super

Best shopping app 
For all",0,4
appstore,14445971667,2026-08-19T01:31:07-07:00,"Very good

Good",0,5
appstore,14445934177,2026-08-19T01:15:34-07:00,"order not received

maine 15/07/2026 ko order kiya tha aaj 19/08/2026 hai aaj 35 days ho gaye mera order abhi tak mujhe mila nahi, 👎🏻👎🏻👎🏻👎🏻",0,1
appstore,14445917365,2026-08-19T01:08:35-07:00,"Very good

Good",0,5
appstore,14445908952,2026-08-19T01:05:05-07:00,"Beautiful dress

Love the product quality n fit",0,5
appstore,14445888784,2026-08-19T00:56:50-07:00,"Always super

It’s always best way to purchase the best products",0,5
appstore,14445885818,2026-08-19T00:55:36-07:00,"Fabric

Excellent",0,5
appstore,14445884866,2026-08-19T00:55:13-07:00,"Fraudulent and disgusting experience with Myntra

Ordered jeans, received absolute garbage. Raised a complaint with evidence, yet Myntra simply closed the ticket claiming the “correct product” was delivered.

Taking customers’ money and refusing to take responsibility is unacceptable. I will escalate this through the consumer grievance authorities. Avoid Myntra unless you’re prepared to fight for your money.",0,1
appstore,14445881022,2026-08-19T00:53:36-07:00,"Dams

Multiple reason I I like Myntra",0,5
appstore,14445880356,2026-08-19T00:53:19-07:00,"1% Glycolic Acid Advanced face wash gel 200g

I especially like that a small amount is enough for the whole face. It's a good option if you're looking for a face wash that gives a gentle exfoliating effect while keeping your skin feeling clean and fresh.
 rating 5/5 *****",0,5
appstore,14445879222,2026-08-19T00:52:50-07:00,"Good prodcts

Good clothes with lots of varieties",0,5
appstore,14445874420,2026-08-19T00:50:49-07:00,"Nice

Delivery is fast",0,5
appstore,14445865210,2026-08-19T00:46:58-07:00,"Long Gown

So beautiful",0,5
appstore,14445839151,2026-08-19T00:35:56-07:00,"Trend

Great shopping app",0,5
appstore,14445835885,2026-08-19T00:34:34-07:00,"Disappointment

Dear Myntra ,

I am writing to raise a formal complaint regarding the delayed delivery of two HRX products that I ordered from Myntra. The promised delivery date was 18 August, but the products have still not been delivered. Moreover, there has been no proper update showing the order as delayed or explaining the reason for the delay.

I have already contacted Myntra Customer Care two to three times regarding this issue. Even before today, there was no proper delivery attempt made for my order. Today was the promised delivery date, yet the delivery was again not attempted.

When I contacted Customer Care earlier, I was asked to wait until 9 PM for the delivery. After 9 PM, when I contacted Customer Care again, I was told to wait for another 72 hours.

I would like to understand why I should be asked to wait for an additional 72 hours when the product was promised to me for delivery on 18 August. I placed the order based on the delivery date provided by Myntra, and I expect the product to be delivered within the committed timeline.

I am a loyal Myntra customer and have always trusted Myntra for reliable service. Therefore, I do not expect such a delay without any proper communication or resolution.

I request you to please look into this matter urgently, provide me with a clear explanation for the delay, and ensure that my products are delivered at the earliest without asking me to wait indefinitely.

Please treat this as a formal grievance and provide me with a proper resolution.

Regards,
Yogendra Kumar Sharma",0,1
appstore,14445827111,2026-08-19T00:30:53-07:00,"Good online shopping platform

Have been using it for long time",0,4
appstore,14445824068,2026-08-19T00:29:37-07:00,"Nice quality

Nice quality",0,5
appstore,14445802978,2026-08-19T00:20:41-07:00,"I like it

Good",0,5
appstore,14445793446,2026-08-19T00:16:40-07:00,"Complicated return Policy

When the mistake is in their part, The return policy is complicated. It’s been days, Countless requests with customer support and grievance officer but issue is not getting resolved.",0,1
appstore,14445783569,2026-08-19T00:12:28-07:00,"Very impressive

Best platform",0,5
appstore,14445771907,2026-08-19T00:07:31-07:00,"Amazing

5stars",0,5
appstore,14445748381,2026-08-18T23:57:31-07:00,"Awesome

Suit is very pretty, if you are thinking to purchase this kurta set then go for it",0,5
appstore,14445742980,2026-08-18T23:55:11-07:00,"Shopping

App is good I ordered a shoes product was good I’ll continue shopping from this this",0,4
appstore,14445712955,2026-08-18T23:42:21-07:00,"Best shopping aap ever

Easy to use .. very friendly.. and my favourite clothes shopping aap ever",0,5
appstore,14445694762,2026-08-18T23:34:27-07:00,"Perfect

Fitting - as expected 
Fabric - soft and good quality 
Feel - good
Look - elegance 
Overall perfect.",0,5
appstore,14445687478,2026-08-18T23:31:16-07:00,"Boys best cloths store in tha world 😘😘😘😘😘

10 out of 10",0,5
appstore,14445687053,2026-08-18T23:31:06-07:00,"Worth money

Very nice outfit..and soft fabric",0,5
appstore,14445664240,2026-08-18T23:21:05-07:00,"Awesome

Myntra is the best app for cloth shopping.",0,5
appstore,14445643258,2026-08-18T23:11:50-07:00,"Manisha

Product is really nice and as per my expectation.",0,5
appstore,14445642109,2026-08-18T23:11:20-07:00,"Inner

Good quality",0,5
appstore,14445640705,2026-08-18T23:10:42-07:00,"Very beautiful

This lumba rakhi is nice",0,5
appstore,14445638122,2026-08-18T23:09:32-07:00,"My fav app

Best app for shopping",0,5
appstore,14445611619,2026-08-18T22:57:55-07:00,"Dress

Best one",0,5
appstore,14445596562,2026-08-18T22:51:11-07:00,"Tandul maxi dress

Very preety must buy it",0,5
appstore,14445574165,2026-08-18T22:41:16-07:00,"Good product

Good product, high quality",0,5
appstore,14445558713,2026-08-18T22:34:30-07:00,"Excellent products

Product of quality is really good ✨♥️",0,5
appstore,14445554345,2026-08-18T22:32:35-07:00,"Best app

Best for shopping",0,5
appstore,14445527077,2026-08-18T22:20:29-07:00,"Wow

The best product ever",0,5
appstore,14445470942,2026-08-18T21:55:53-07:00,"Title: Worth Buying!

Very nice product. The quality is good, fitting is perfect, and the color looks exactly like the picture. Totally satisfied with the purchase.",0,5
appstore,14445431356,2026-08-18T21:38:10-07:00,"Best quality

Product is real",0,5
appstore,14445419812,2026-08-18T21:33:12-07:00,"Myntra Tshirt

Awsm fir and quality",0,5
appstore,14445403995,2026-08-18T21:26:09-07:00,"Nice

Nice app fr shopping",0,5
appstore,14445349158,2026-08-18T21:02:37-07:00,"Great response

Great response",0,5
appstore,14445345978,2026-08-18T21:01:18-07:00,"Saree

The quality of saree is soo beautiful",0,5
appstore,14445345531,2026-08-18T21:01:07-07:00,"Myntra

What an amazing app",0,5
appstore,14445326576,2026-08-18T20:53:06-07:00,"Review

Myntra itself is a good platform with a wide range of products and generally good service. However, I had a disappointing experience with their delivery partner serving the Kottukkal P.O., Anchal, Kollam area.

The delivery was not made within the expected time, which caused me to miss the purpose for which I had purchased the dress. After contacting Myntra customer support, I came to understand that the delay was due to an issue with their delivery partner.

I hope Myntra takes this matter seriously and improves the delivery service in this area. Timely delivery is especially important when customers purchase items for specific occasions or purposes. Myntra is good, but the delivery partner’s service in this location definitely needs improvement.",0,4
appstore,14445295893,2026-08-18T20:40:19-07:00,"Dresss

Nice cloths material 😍❤️🥰🥰🥰❤️",0,5
appstore,14445293464,2026-08-18T20:39:21-07:00,"Payment option

Myntra is getting worst day by day as they are not even allowing upi payment also . No COD no most usable UPI. Worst experience ever.",0,1
appstore,14445292616,2026-08-18T20:38:59-07:00,"Good products

Best product",0,5
appstore,14445235316,2026-08-18T20:15:30-07:00,"Good choice

👍👍👍",0,5
appstore,14445229515,2026-08-18T20:13:10-07:00,"Value for money

So far so good, loving Myntra- highly recommended 👌👌👌",0,5
appstore,14445228352,2026-08-18T20:12:42-07:00,"Good service

Great ap",0,5
appstore,14445226234,2026-08-18T20:11:48-07:00,"Amazing quality

The quality of the bag was amazing and i got the bag in just 2 days .",0,5
appstore,14445183738,2026-08-18T19:54:51-07:00,"Myntra

Good products happy wali felling 😊",0,5
appstore,14445139672,2026-08-18T19:37:30-07:00,"As a shopper

I love Myntra amazing way of selling and giving comfort to every purchasers.  No risk of money no risk of cloth
No risk of change. 
Lovely 
No one can give this type of comfort ❤️",0,5
appstore,14445133024,2026-08-18T19:34:56-07:00,"Return policy

To be honest i never expect the good return policy from myntra its so good i have recently purchase a something from it and its like i got the bigger size but its exchange within a minutes i know its very strange but i like the policy",0,5
appstore,14445128699,2026-08-18T19:33:21-07:00,"Saviour

Myntra, for me is not just an app, it is my companion, for me, my kids, anything I have looked for, whether clothes ,woollen clothes,accessories,
Myntra has been my best friend in my life journey. It takes away any worries I have regarding buying anything, especially for my kids. God bless MYNTRA.",0,5
appstore,14445086059,2026-08-18T19:17:05-07:00,"Bond street shoes

The shoes is awesome the fitting is great and shoes finishing is also good must buy them.",0,5
appstore,14445003898,2026-08-18T18:46:16-07:00,"Satisfied with the app

Thanks for delivery speed and parcel delivery service 
Parcel packaging is well and 100% recyclable pack
Item is as same size and quality as description",0,5
appstore,14444984015,2026-08-18T18:38:53-07:00,"Best app ever

They sell the original product with very good offers compared to other websites",0,5
appstore,14444938152,2026-08-18T18:21:57-07:00,"Zeel rain coat

Excellent quality",0,5
appstore,14444908891,2026-08-18T18:11:03-07:00,"Fast service

By sending faster than others",0,5
appstore,14444760367,2026-08-18T17:14:29-07:00,"Nice App

I have been using Myntra foe the last few months and I'm loving it and im shopping on a regular basis",0,5
appstore,14444002423,2026-08-18T12:27:55-07:00,"It’s amazing app

It’s so good and quitly💗💗",0,5
appstore,14443871817,2026-08-18T11:43:46-07:00,"Best app

Best fashion app ever. Myntra never disappoints",0,5
appstore,14443814800,2026-08-18T11:24:56-07:00,"Good quality

Best quality and fitting",0,5
appstore,14443759211,2026-08-18T11:06:51-07:00,"Reliable & excellent UI

Been using it since 2014, and this is the best online fashion shopping app so far.",0,5
appstore,14443705408,2026-08-18T10:49:32-07:00,"Too good

Very soft and good material",0,5
appstore,14443684680,2026-08-18T10:42:51-07:00,"Super

Amazing😍",0,5
appstore,14443638251,2026-08-18T10:28:06-07:00,"Muslin

Kurta shrug",0,5
appstore,14443613427,2026-08-18T10:20:19-07:00,"Kurti

Wonder full",0,5
appstore,14443579688,2026-08-18T10:09:51-07:00,"Top

Nice fabric",0,5
appstore,14443563062,2026-08-18T10:04:43-07:00,"One shopping app for all

It’s a best shopping app for each and every type of fashionable yet trendy outfits",0,5
appstore,14443546415,2026-08-18T09:59:39-07:00,"Products and delivery

Very good products and timely delivery and returns",0,5
appstore,14443512455,2026-08-18T09:49:18-07:00,"Decent

Elegant outfit , fits in all
Occasions",0,5
appstore,14443347858,2026-08-18T09:00:18-07:00,"Very good

Extra",0,5
appstore,14443329578,2026-08-18T08:54:55-07:00,"Product is very good

Product is as good as picture. Absolutely fine quality of clothes are used.",0,5
appstore,14443300099,2026-08-18T08:46:19-07:00,"Excellent and user friendly interface

Good",0,5
appstore,14443280480,2026-08-18T08:40:34-07:00,"Not bad

Not bad sweatshirt this Myntra peoples before taking order they make user friendly to order after that delivery will be very late and irresponsible peoples",0,2
appstore,14443247801,2026-08-18T08:30:58-07:00,"Go for it

Birkenstock needs no introduction",0,5
appstore,14443225615,2026-08-18T08:24:30-07:00,"Great Product

Great product with reasonable price.",0,5
appstore,14443134836,2026-08-18T07:58:37-07:00,"Indo Era kurta set

Info era is my favourite kurta set brand ❤️❤️ 
Luvd the stuff and colour combination…. Full size Duptta 
True to size … you can definitely purchase this without any second thought ❤️❤️👍🏻👍🏻",0,4
appstore,14443102520,2026-08-18T07:49:23-07:00,"PK

Best deals every i buy my dream luxury products on very good discounts",0,5
appstore,14443085729,2026-08-18T07:44:35-07:00,"Fashion style , Deals

This app is very genuine and  the products are 100 original and discounts are always great on season .",0,5
appstore,14443032160,2026-08-18T07:29:21-07:00,"Nice app and support

I’ve been shopping on Myntra for 12–13 years, since it first launched. The app, products, and customer support have been great.

The only reason I’m giving 4 stars instead of 5 is that international cards aren’t accepted for payment. It would be great if you could add support for international cards.",0,4
appstore,14443013858,2026-08-18T07:24:09-07:00,"S

Please myntra bring your that update back where one can see amount of articles you have for the specific search",0,3
appstore,14443013608,2026-08-18T07:24:05-07:00,"About refundable

Usse pehle bi mene ek metro flats mgvai thi use money refund nai hue to can just update me when I get my money",0,5
appstore,14443011073,2026-08-18T07:23:22-07:00,"Dove shampoo

Nice product Maine dove shampoo mangaya tha bhut achha hai or bhut khud hu",0,5
appstore,14442992901,2026-08-18T07:18:11-07:00,"Awesome

Beautiful colour fantastic fabric awesome fitting",0,5
appstore,14442963504,2026-08-18T07:09:56-07:00,"Gap trouser

The price, material, fit and finish is just awesome. Thanks Myntra.",0,5
appstore,14442957043,2026-08-18T07:08:06-07:00,"Dress

I just loved this dress",0,5
appstore,14442954955,2026-08-18T07:07:31-07:00,"Excellent App

Excellent",0,5
appstore,14442952440,2026-08-18T07:06:47-07:00,"Skinn by titam

🫠⭐️⭐️⭐️⭐️⭐️",0,5
appstore,14442927782,2026-08-18T06:59:50-07:00,"Rider

Best app gor shopping",0,5
appstore,14442926273,2026-08-18T06:59:25-07:00,"Disappointment With Myntra’s Recent Service

I have been a loyal Myntra customer for a long time, but over the past few months I’ve been facing issues with almost every order—either with the product or the service. Once, I requested an exchange for a bigger size and was sent an even smaller one.

On top of that, there have been at least three instances where I had to contact customer care because the return pickup didn’t happen on the scheduled date.

This has been extremely disappointing, and as a result, I’m planning to uninstall the app once my current return is completed.",0,1
appstore,14442913654,2026-08-18T06:55:52-07:00,"Fabulous

Fabulous",0,5
appstore,14442882618,2026-08-18T06:47:00-07:00,"Nice

This side is amazing",0,5
appstore,14442858641,2026-08-18T06:40:06-07:00,"Shopping

Best app for shopping",0,5
appstore,14442806864,2026-08-18T06:25:39-07:00,"Minimalist product

I always use myntra for my skin care clothing my baby s clothing and all its perfect preference of mine behind all other shopping apps",0,5
appstore,14442784949,2026-08-18T06:19:18-07:00,"Exact fit, must have this for office wear or casual wear

Have tried many brands even the expensive ones, this gives complete neat look from top to bottom. Gives a fabulous look",0,5
appstore,14442754022,2026-08-18T06:10:21-07:00,"❤️

Best online shopping application ❤️",0,5
appstore,14442734834,2026-08-18T06:04:40-07:00,"Myntra shopping app

This has been long time since I’m doing online shopping from myntra. I find the products of original brand and top quality. I am very much satisfied with the services. I would love to shop in future and recommend to my friends.",0,5
appstore,14442730553,2026-08-18T06:03:23-07:00,"Good

Outstanding",0,5
appstore,14442702608,2026-08-18T05:55:04-07:00,"Worthy app

All the thibgs i have ordered from here were always good.",0,5
appstore,14442662160,2026-08-18T05:42:55-07:00,"Very good quality

❤️❤️❤️",0,5
appstore,14442657605,2026-08-18T05:41:31-07:00,"Kurta

Short kurta was amazing . Quality was best",0,5
appstore,14442612296,2026-08-18T05:27:34-07:00,"Good app

Quite a good service , ship to our area when no other services are available, can trust with different brands on it",0,5
appstore,14442574208,2026-08-18T05:15:47-07:00,"Nice product

Nice",0,5
appstore,14442525756,2026-08-18T05:00:29-07:00,"Comfortable

Febric and colour is good & comfortable.",0,4
appstore,14442523229,2026-08-18T04:59:39-07:00,"Super

Did my wedding shopping in Myntra it’s absolutely super",0,5
appstore,14442505106,2026-08-18T04:53:49-07:00,"Adipoli

Great app than Amazon Flipkart ( for dress )",0,5
appstore,14442499484,2026-08-18T04:51:59-07:00,"Nice  self textured shirt.. I love it.. bought this for my father..

Good",0,5
appstore,14442486765,2026-08-18T04:47:50-07:00,"Rare rabbit

Superb quality,smooth texture of T-shirt and fitting perfect",0,5
appstore,14442399869,2026-08-18T04:18:50-07:00,"Beautiful dress

Very beautiful and comfortable",0,5
appstore,14442369259,2026-08-18T04:08:19-07:00,"Service sucks

Your customer care champions and service deserve only one word …. Thu…",0,1
appstore,14442361770,2026-08-18T04:05:43-07:00,"Appreciation

Great app been using it for many years and great service.",0,5
appstore,14442355519,2026-08-18T04:03:31-07:00,"Tshirt

Simply awesome",0,5
appstore,14442320571,2026-08-18T03:51:09-07:00,"Rakhi lumba

Excellent quality with great value for money",0,5
appstore,14442299011,2026-08-18T03:43:18-07:00,"Best service

Best service",0,5
appstore,14442269240,2026-08-18T03:32:25-07:00,"Good app with easy return n refund

Nice product",0,5
appstore,14442261968,2026-08-18T03:29:43-07:00,"Good product

Good quality and well designed maxi dress
Colour was so good
And light weight
It gave a bright impact",0,5
appstore,14442248466,2026-08-18T03:24:39-07:00,"Pundekar

As compare to other platform Myntra product quality is up to mark , and mobile application equivalent to Amazon.",0,5
appstore,14442244396,2026-08-18T03:23:07-07:00,"nice

good products",0,5
appstore,14442243398,2026-08-18T03:22:44-07:00,"Repeated order cancellation without reasons

Myntra, this is extremely frustrating and honestly unacceptable.

Your app keeps cancelling my orders without any prior information or even a phone call. Four of my orders have been cancelled to date, and not once have I received a proper call before the cancellation.

What exactly does “cancelled under some circumstances” mean? If there is an issue with the order, inventory, delivery, or anything else, the customer deserves to be informed clearly before you cancel it. This is not a fair way to treat customers, especially from a brand like Myntra.

Thank God I don’t usually make prepaid orders on this app, because after this experience, I have very little confidence that my order will actually be delivered.

Please look into this issue seriously and provide a proper explanation for these repeated cancellations. This experience is extremely disappointing and unacceptable.",0,1
appstore,14442243275,2026-08-18T03:22:42-07:00,"Awesome product

Im very happy for shopping by myntra. It is valuable platform for shopping.",0,5
appstore,14442240835,2026-08-18T03:21:47-07:00,"Scammers

They send u items of their own choice and when you try to tell them that u got the wrong item they waste your time and koney",0,1
appstore,14442195821,2026-08-18T03:04:53-07:00,"Very good

Very happy with the ap and quality of items is always great, really in love with this app",0,5
appstore,14442193224,2026-08-18T03:03:54-07:00,"jeans

nice product",0,5
appstore,14442174344,2026-08-18T02:56:46-07:00,"best app

some people selling fraud product so checking",0,5
appstore,14442147946,2026-08-18T02:46:36-07:00,"Good for shopping

PTA chlega shoes melne per",0,5
appstore,14442134737,2026-08-18T02:41:25-07:00,"Review

Smooth and beautiful colors",0,4
appstore,14442119608,2026-08-18T02:35:22-07:00,"Amazing product

Great work myntra",0,5
appstore,14442104283,2026-08-18T02:29:22-07:00,"Nice collection of belts

Good design",0,5
appstore,14442093654,2026-08-18T02:25:08-07:00,"Excellent product thanks myntra ❤️🫡🤩

Very good online shopping experience with myntra ❤️🥰🫡🤩",0,5
appstore,14442092483,2026-08-18T02:24:38-07:00,"Pretty

So chic. So pretty. I just loved it. Its so clasyyy✨",0,5
appstore,14442058592,2026-08-18T02:11:02-07:00,"T shirt

Good quality",0,5
appstore,14442035297,2026-08-18T02:01:33-07:00,"Easy returns

Very good",0,5
appstore,14442022459,2026-08-18T01:56:20-07:00,"Fabulous Shopping App

Very good service. Easy exchange and returns. And the products are also very genuine and of superior quality",0,5
appstore,14442007600,2026-08-18T01:50:20-07:00,"Awesome material and quality

Good quality and comfortable to wear",0,5
appstore,14442004199,2026-08-18T01:48:56-07:00,"₹9)8

Hi golbjvgvv cc luv",0,5
appstore,14442000845,2026-08-18T01:47:33-07:00,"Good product

The product is amazing give good fittings go for it",0,5
appstore,14441961266,2026-08-18T01:31:21-07:00,"Always love Myntra

Perfect place for shopping and ease free returns.",0,5
appstore,14441949146,2026-08-18T01:26:17-07:00,"Good Service

You guys can improve your Application. At many places the product varies from the copy. Which is misleading to the customers",0,5
appstore,14441942176,2026-08-18T01:23:25-07:00,"So good

So good",0,5
appstore,14441939191,2026-08-18T01:22:11-07:00,"Shopping

Ultimate Platform for Shopping",0,5
appstore,14441924675,2026-08-18T01:16:11-07:00,"Skort

It is very comfortable! Just size issue",0,5
appstore,14441897689,2026-08-18T01:05:01-07:00,"App is not working

My Myntra app is not working and it’s showing something went wrong again and again. Due to this issue. I’m not able to purchase anything and also returned my products because my Myntra app is not opening. Please resolve this issue as soon as possible.",0,1
appstore,14441888888,2026-08-18T01:01:20-07:00,"Quality products at reasonable price

Im happy with all my purchases from Myntra",0,5
appstore,14441875538,2026-08-18T00:55:40-07:00,"😍

Wow wow wow🥰👍",0,5
appstore,14441840874,2026-08-18T00:40:59-07:00,"Leave in cream

Worth it awesome result i love the texture.",0,4
appstore,14441839112,2026-08-18T00:40:14-07:00,"Butter yellow kurta

The dress is very soft perfect if you are expecting mom the quality is pure cotton soft material.
Colour is also good trending butter yellow.
Most amazing part the dress have pockets which I personally loved. 
The design on the dress is also minimal overall the dress is giving the classy look.

Go for it if you like minimal along with comfort and class.",0,5
appstore,14441829110,2026-08-18T00:35:56-07:00,"App it’s showing my account is blocked

App it’s showing my account is blocked",0,1
appstore,14441811136,2026-08-18T00:28:12-07:00,"H & M DRESS

best",0,5
appstore,14441805783,2026-08-18T00:25:57-07:00,"Great Shopping Experience

Good quality products, easy ordering and fast delivery. Overall, a great shopping experience.",0,5
appstore,14441795620,2026-08-18T00:21:36-07:00,"Good

Very nice",0,5
appstore,14441791269,2026-08-18T00:19:46-07:00,"Formal shirt

Very good quality and attractive colour",0,5
appstore,14441776125,2026-08-18T00:13:20-07:00,"Gd quality

We can expect good quality products from Myntra",0,5
appstore,14441723688,2026-08-17T23:50:28-07:00,"black satin shirt

Amazing quality soft satin fabric.... Totally approved",0,5
appstore,14441722168,2026-08-17T23:49:46-07:00,"Worst service

No need to download this app buy product from Flipkart and Amazon only if get wrong product they don’t return it or you can’t connect with customer care",0,1
appstore,14441710079,2026-08-17T23:44:30-07:00,"Gud quality

Awesome products",0,5
appstore,14441697732,2026-08-17T23:39:09-07:00,"shoes

good quality",0,5
appstore,14441691942,2026-08-17T23:36:40-07:00,"Good quality

Must purchase",0,5
appstore,14441682281,2026-08-17T23:32:28-07:00,"Best

Bestest, i love u myntra",0,5
appstore,14441677824,2026-08-17T23:30:32-07:00,"Best for men’s looks

Fitting look fabric are fabulous",0,5
appstore,14441670577,2026-08-17T23:27:22-07:00,"Amazing

Best place to",0,5
appstore,14441670538,2026-08-17T23:27:21-07:00,"Review

I love myntra for making my life beautiful",0,5
appstore,14441627853,2026-08-17T23:08:32-07:00,"Great

Great experience",0,5
appstore,14441605366,2026-08-17T22:58:34-07:00,"Worth

Quality is good",0,5
appstore,14441586016,2026-08-17T22:50:04-07:00,"Broadster korean pants

Very good quality i love it",0,5
appstore,14441573347,2026-08-17T22:44:22-07:00,"Poor customer support 😡

This is the first time i am giving any review to any application. Extremely frustrating experience with Myntra's customer service. I ordered two suits and received the wrong items. I initiated a return, but it wasn't picked up, forcing me to re-file the return on August 7th. It was approved, but despite calling multiple times over ten days, I've received nothing but empty promises and automated tickets. My return is still uncollected, and I'm stuck in a loop of zero resolution.


Please check this matter and resolve my issue.

Where is Myntra developers and Myntra backend team??",0,1
appstore,14441566048,2026-08-17T22:41:09-07:00,"Wrogn Jeans

Good fabric and relaxed fit felt good but at the bottom of the pant i could see some scratches and little toren",0,3
appstore,14441549853,2026-08-17T22:33:53-07:00,"Nice shirt must buy

Nice shirt",0,4
appstore,14441520541,2026-08-17T22:20:49-07:00,"Love it

Amazing products on time",0,5
appstore,14441474046,2026-08-17T22:00:06-07:00,"Super

It’s nice fabric and nice print",0,5
appstore,14441433023,2026-08-17T21:42:02-07:00,"Quality

Awesome shopping experience",0,5
appstore,14441426114,2026-08-17T21:38:56-07:00,"Great shopping

I’ve had a really good experience with Myntra so far. There’s a great variety of brands and styles, and I find the app easy to browse and use. The product descriptions and reviews are helpful when deciding what to buy, and the delivery has been smooth for me. Overall, one of my go-to apps for fashion shopping. ⭐⭐⭐⭐⭐",0,5
appstore,14441421106,2026-08-17T21:36:43-07:00,"Love shopping on Myntra

Amazing collections & super early deliveries. Love you Myntra",0,5
appstore,14441357626,2026-08-17T21:09:02-07:00,"Don’t like their costumer care services so irritating and frustrating

They don’t cancelling the order or neither accept the cancellation, so frustrating app ,",0,1
appstore,14441342920,2026-08-17T21:02:45-07:00,"Love it

Loveddd ittttttt",0,5
appstore,14441333863,2026-08-17T20:58:51-07:00,"Love Myntra

Great customer service",0,5
appstore,14441276337,2026-08-17T20:34:57-07:00,"😍😍

Its to good cloth quality is soft 
😍😍",0,5
appstore,14441272823,2026-08-17T20:33:32-07:00,"Good quality

I like this with fitting and quality",0,5
appstore,14441269225,2026-08-17T20:32:01-07:00,"super

ek dum sandar",0,4
appstore,14441236587,2026-08-17T20:18:50-07:00,"Love it

My feb app",0,5
appstore,14441214086,2026-08-17T20:09:50-07:00,"Excellent

Best site",0,5
appstore,14441189947,2026-08-17T20:00:19-07:00,"Best shopping app for clothing and other stuff

Best shopping app for clothing and other stuff",0,5
appstore,14441179857,2026-08-17T19:56:22-07:00,"Superb app

Excellent",0,5
appstore,14441159746,2026-08-17T19:48:27-07:00,"Good one must buy

Must try",0,5
appstore,14441137251,2026-08-17T19:39:49-07:00,"Mother’s Day gift 🌸

I ordered the suit for Mother’s Day . Thank you so much for the perfect suit the quality is worth the price .",0,5
appstore,14441102910,2026-08-17T19:26:44-07:00,"Delivery Issues

Very Poor service from MYNTRA orders are canceled automatically by the MYNTRA itself , it’s a very disappointing customer Customer service .",0,1
appstore,14441006207,2026-08-17T18:50:19-07:00,"Great shopping app

Myntra is always helpful for all kind of brand outfits and easy delivery and returns",0,5
appstore,14440997572,2026-08-17T18:47:06-07:00,"nice app❤️

yeah it’s a very nice app to tryy ❤️",0,5
appstore,14440989819,2026-08-17T18:44:14-07:00,"awesome

awesome",0,5
appstore,14440987922,2026-08-17T18:43:33-07:00,"Nice

Very comfortable product",0,4
appstore,14440812346,2026-08-17T17:37:44-07:00,"Excellent 💫 Shopping App

Best Brands Best Products Best Price 💎💎",0,5
appstore,14440794210,2026-08-17T17:30:45-07:00,"Myntra I love you❤️

So nice Shoue 🥰🥰🥰🥰",0,5
appstore,14440767712,2026-08-17T17:20:37-07:00,"Good

Excellent",0,4
appstore,14440703705,2026-08-17T16:56:06-07:00,"Ramesh Kumar

Nice 👌🏼",0,5
appstore,14440505975,2026-08-17T15:38:40-07:00,"Lovely App to Shop thru

Lovely App to Shop thru",0,5
appstore,14440293456,2026-08-17T14:18:16-07:00,"My favourite app

My favourite app for shopping, genuine products",0,5
appstore,14440257991,2026-08-17T14:05:10-07:00,"Vinod

Great products",0,5
appstore,14440252237,2026-08-17T14:03:07-07:00,"Nice app

Incredibly addictive",0,5
appstore,14440042804,2026-08-17T12:48:38-07:00,"Shopping

Good and trustworthy online shopping site",0,5
appstore,14439976260,2026-08-17T12:25:58-07:00,"Nice offers

❤️❤️❤️❤️",0,5
appstore,14439917526,2026-08-17T12:06:08-07:00,"Just amazing app

Loved the app and all products",0,5
appstore,14439886293,2026-08-17T11:55:38-07:00,"Superb se v upper

Fabulous watch",0,5
appstore,14439879731,2026-08-17T11:53:24-07:00,"Amazing

Excellent experience",0,5
appstore,14439877123,2026-08-17T11:52:31-07:00,"Best shopping app😍🫰🏻

I didn’t use this app much before because I used to think that it had very expensive clothes. But Myntra has launched so many amazing products at such reasonable prices, and the quality is also so good. Since then, I don’t order anything from any other app. Myntra is the best shopping app for me!",0,5
appstore,14439874464,2026-08-17T11:51:38-07:00,"Products as shown

Quick delivery and and accurate products. No lies and no fake products",0,5
appstore,14439831925,2026-08-17T11:37:40-07:00,"Jadu

I am happy shopping with Myntra 😍",0,5
appstore,14439773777,2026-08-17T11:18:31-07:00,"Love it

Excellent quality",0,5
appstore,14439742807,2026-08-17T11:08:31-07:00,"Good product

Never disappoint",0,5
appstore,14439662209,2026-08-17T10:42:50-07:00,"Great app

Great app. Refund processes instantly. Size and style exchange options offer convenience.",0,5
appstore,14439652972,2026-08-17T10:39:54-07:00,"Review

Nice product availability and nice app to shop",0,5
appstore,14439622038,2026-08-17T10:30:10-07:00,"I love this app bcoz dresses was amazing 👌🏻

Fall in love with this dresses 👗",0,5
appstore,14439587649,2026-08-17T10:19:27-07:00,"Best for shopping clothes

Trusted app",0,5
appstore,14439559828,2026-08-17T10:10:54-07:00,"Myntra

Myntra is genuinely one of the best shopping apps I’ve ever used! The quality of the clothes is excellent, the reviews are authentic and helpful, and the products are exactly as described. I’ve had a great shopping experience so far and truly appreciate the quality and reliability. Highly recommended! ⭐⭐⭐⭐⭐",0,5
appstore,14439501548,2026-08-17T09:53:21-07:00,"Best shopping app

My favourite shopping app Myntra 100% original quality",0,5
appstore,14439474599,2026-08-17T09:45:09-07:00,"Great collection

Nice",0,5
appstore,14439469801,2026-08-17T09:43:44-07:00,"Addidas grey shoes

Amazing one",0,5
appstore,14439469660,2026-08-17T09:43:42-07:00,"timing delivery

Good",0,5
appstore,14439452662,2026-08-17T09:38:32-07:00,"Lakmé

Best for skin",0,5
appstore,14439449580,2026-08-17T09:37:37-07:00,"Good

Good quality",0,5
appstore,14439448259,2026-08-17T09:37:13-07:00,"Nice product

Loved the colour and overall it was amazing❤️",0,5
appstore,14439444794,2026-08-17T09:36:11-07:00,"Anita jaan

Excellent ✨😍",0,5
appstore,14439431729,2026-08-17T09:32:18-07:00,"Akhi

Great deals loved it",0,5
appstore,14439416180,2026-08-17T09:27:41-07:00,"Excellent

Value for money",0,5
appstore,14439415580,2026-08-17T09:27:29-07:00,"Shopping experience

Best and wonderful experience",0,5
appstore,14439315800,2026-08-17T08:58:00-07:00,"Very good

Nice",0,5
appstore,14439307707,2026-08-17T08:55:37-07:00,"Lip balm

Very nice product 👌",0,5
appstore,14439289113,2026-08-17T08:50:08-07:00,"good service 👍good products. 👌I’m so happy.

wowwwww. so beautiful👌👌",0,5
appstore,14439142486,2026-08-17T08:07:51-07:00,"Alok Rajveer

Nice platform to travel in a journey called fashion",0,5
appstore,14439107780,2026-08-17T07:58:01-07:00,"Best Service

Thank you for giving us original Product 🤩",0,5
appstore,14439058711,2026-08-17T07:44:09-07:00,"Best online shop for fashion shopping

Every brand is available and authentic. Lot of variety to select.",0,5
appstore,14439011788,2026-08-17T07:30:51-07:00,"Awesome

Best Shopping App in India",0,5
appstore,14439009018,2026-08-17T07:30:05-07:00,"Myntra on top

Products are good and at great prices",0,5
youtube,Ugy7xmtPYo6BknkIoG14AaABAg,2026-08-20T12:41:00Z,Hsul bshut accha h loved it❤❤,0,
youtube,UgyBe37TSymPffe0Qat4AaABAg,2026-08-20T14:26:48Z,Thanks di❤ for this video,1,
youtube,UgyVGfXrb-QMaQTjrT54AaABAg,2026-08-20T15:06:47Z,Always a time saviour your videos plus tips plus ideas plus motivation stay very blessed dear always🙏🙏🙏,0,
youtube,Ugwy36GOm_6C_sEiEtF4AaABAg,2026-08-20T12:06:26Z,Love the haul ❤,0,
youtube,UgxcH5EpznbF0wNmupB4AaABAg,2026-08-20T14:31:47Z,I've already ordered beige Kurtha before your video only❤❤ your drawback one,0,
youtube,Ugy8a8MWGm6YEK3W9454AaABAg,2026-08-20T19:18:55Z,"Mujhe aapka kurta styling ka tareeqa bht achchha laga, har ek outfit aap par bahut  kar raha hai.❤",1,
youtube,Ugzl6dWOfETI1YBKuGF4AaABAg,2026-08-20T17:21:19Z,Very beautiful collection sharing dear ❤❤,1,
youtube,UgxQQifDhK10OG_quxN4AaABAg,2026-08-21T20:00:35Z,Very good collection ❤,0,
youtube,UgzCddBv-6IRam3ZS1B4AaABAg,2026-08-20T16:30:50Z,I like ur funny words...❤❤😊😊,0,
youtube,UgzB7s_sUJXFA1DgjEx4AaABAg,2026-08-21T06:14:14Z,First one and the black one you wear is so beautiful😍✨ and you looking so beautiful also ❤❤,0,
youtube,UgxH-6K_qAoQtb10kgt4AaABAg,2026-08-20T16:13:53Z,The only thing which I didn't like was the dupattas. Why can't they print on both sides....,6,
youtube,UgwyydW7NPnmMfk4Ym14AaABAg,2026-08-20T14:35:54Z,Cotton party wear Kurta set ka haul lao,1,
youtube,UgwoC_z3bkPMWl54nk54AaABAg,2026-08-20T18:56:12Z,Body whiting ka batuo,0,
youtube,Ugx8dLeWwtLDBbHvsat4AaABAg,2026-08-20T15:17:55Z,1st earrings link,0,
youtube,UgwQ85DpxZcgLrAgitR4AaABAg,2026-08-20T12:06:33Z,Dii auto dubbed mat kiya karo..aapki awaj jyada achi lgti hai😊,0,
youtube,Ugyj5Uw6JZTLHMWMNlV4AaABAg,2026-08-20T12:40:18Z,U luk like kusha kapila,0,
youtube,Ugx2Z0CyphTi-WNLHg54AaABAg,2026-08-20T14:18:53Z,What u apply in hair to get sleek look,2,
youtube,UgzYj1LTkE7unsnM6gJ4AaABAg,2026-08-20T21:22:28Z,All are looking amazing on u but those blacks & dark shades are really 10 on 10😊,2,
youtube,Ugw8Q6WBWR-lbaef9fp4AaABAg,2026-08-20T19:43:25Z,Aai Podi mental case,0,
youtube,UgzDTpvaugbdOOtuJJB4AaABAg,2026-08-20T19:04:05Z,"The contents which u make are same since long and the kurta sets u are showing looks very old fashion with no style statement. I think u should try making videos of different topics too like other YouTubers rather than only sponsored or these type of old fashion contents . 


Every suits looks bad with poor fabric and no style statement. Very outdated honestly.
And Rakhi has already arrived , Abhi yeh video dalke kya faida ? Order karne se delivery will happen before Rakhi ? And even it it does , if exchange karna pare toh ? We have no time . Tora toh logic ho apke videos mei 😂.",0,
youtube,Ugweug0nMjflq-Gpm1x4AaABAg,2025-09-26T10:30:09Z,Lastwala frock best hai❤❤❤,11,
youtube,Ugwwq_7QHa9BUywaZUp4AaABAg,2025-11-25T12:50:02Z,All videos are outstanding mai regular dekhati hu aapke video aapki youtube friend hu aapke lots of products buy karti hu,1,
youtube,UgxuuoXvABaElKQHMxN4AaABAg,2025-10-12T06:46:17Z,First white dress ka link please di kr dijiye send,20,
youtube,UgwfgAuyFgWg6Quztp54AaABAg,2025-08-25T17:38:47Z,You are looking very preety and it seems u reduced weight also,13,
youtube,UgzNAJ8dKXQQt4KHgNV4AaABAg,2025-12-01T15:17:30Z,2nd pink dress was awesome,1,
youtube,UgwklrZ2jnToLYutHZV4AaABAg,2026-06-16T15:34:34Z,Please silver dress ka link share kr dijiye,0,
youtube,UgyaQD39O1JPTay3rMt4AaABAg,2026-03-29T11:44:37Z,Blue white wala achsha he please link,0,
youtube,UgyMO2klrw4u8D-pYQV4AaABAg,2026-01-06T10:33:42Z,Link white dress first one,0,
youtube,UgwGMaboNA8QLyglblN4AaABAg,2025-08-26T11:45:48Z,Awesome 💯 collections,2,
youtube,UgxN9R90g2dhEXzWjPl4AaABAg,2025-11-14T16:49:50Z,Dark blue link please 😭,1,
youtube,UgxHFJsBVVhuCOY4o2p4AaABAg,2026-07-08T16:24:57Z,Link for 1st white dress plz,0,
youtube,UgxUkiYkPo2FeKNZy3d4AaABAg,2026-01-16T10:00:44Z,Jo phni h uska link bhejo,0,
youtube,UgwlDiJjcx3yge6JBaV4AaABAg,2026-07-24T08:26:55Z,2nd pink dress ki link dijiye,0,
youtube,UgxKtScR3lnI7BZ7Yuh4AaABAg,2025-10-31T05:27:15Z,White dress ka Link,1,
youtube,UgwDAIBCrnpzLVIqzTR4AaABAg,2026-06-17T09:26:30Z,Link for first white dress,0,
youtube,UgwUVex8o0KDNl52zqx4AaABAg,2026-05-25T08:26:26Z,Link for first dress,0,
youtube,Ugyjcha_MlzxU7phOc54AaABAg,2025-11-04T17:19:22Z,Link kaise milega,1,
youtube,UgyPGgBDqzDmgRX7uaF4AaABAg,2025-12-27T18:50:18Z,First front cover priperly okay,0,
youtube,UgxllhgZKtDnt8VfB0d4AaABAg,2026-06-29T07:32:30Z,Silver dress link,0,
youtube,UgyzT93P-ymCu-oCNep4AaABAg,2025-08-25T13:48:44Z,My sweet baby 👌👌,1,
youtube,UgwTFJqOUZS3_BZRiNN4AaABAg,2025-09-17T15:30:00Z,2nd pink colour dress nahi hai didi 😢,1,
youtube,UgwFM9QwNLBo1wtfs5J4AaABAg,2026-06-19T08:41:09Z,Ma'am ur height plz,0,
youtube,UgwenbnmG_1alhlXW9N4AaABAg,2026-07-09T06:02:22Z,Pink is not showing,0,
youtube,UgzXSL_eoz7Y2wuOQQh4AaABAg,2025-11-21T03:09:38Z,They are sending just wrong product and when you exchange they will not send your order back they will not refund your money also,2,
youtube,Ugzha2WBSDqrXZtGOoV4AaABAg,2025-11-21T03:10:46Z,It’s advise be careful there is better platforms where you can shop like Nayka and all but Myntra just fraud,1,
youtube,Ugywwhd3beLFl6BWfBF4AaABAg,2026-07-02T13:43:22Z,Nice and you can see my account for beautiful frocks like this,0,
youtube,UgzDtqvM4pgkZ5YrG1Z4AaABAg,2025-11-21T03:08:42Z,Myntra is fraud don’t shop from this,1,
youtube,Ugx7gF-aT4q7TIlIPTt4AaABAg,2026-08-07T10:07:29Z,Ye bilkul v sahi aps nhi h myntra pe ada adhura saman bhejta h Or jb missing k cmpln karo to ye log bekuf bnata h 2 august ko mene odr mgaya myntra ne ada adura products bheja lekin abhi tak ye log mera products vaps nhi kie vry bd myntra,0,
youtube,UgzUdZKPzT_4f8zHHJ54AaABAg,2026-01-15T12:45:17Z,इनको एडवर्टाइज करने के पैसे मिले हैं इनके बहकावे में मतआना कोई बहुत बड़ा फ्रॉड चल रहा है mintra पर,0,
youtube,UgwNIh3w6ZMNZwLqljJ4AaABAg,2026-01-15T12:44:05Z,"Mintra फ्रॉड है mintra फ्रॉड है mintra फ्रॉड है mintra फ्रॉड है mintra फ्रॉड है mintra फ्रॉड है mintra फ्रॉड है mintra फ्रॉड है mintra फ्रॉड है mintra फ्रॉड है 
मेरा पैसा खा गया खाली डब्बा भेजा था मुझे  न तो समान भेजा न मेरा पैसा वापस किया 😢😢",0,
youtube,UgwIsX5g7_oQho4CyG94AaABAg,2025-12-09T13:41:18Z,https://youtube.com/shorts/eoStb-KHB9o?si=fmLJhelWlvFmVUpP,1,
youtube,Ugx5tmXZ4KTwVKdLFHl4AaABAg,2026-02-26T17:20:13Z,https://www.wishlink.com/share/naaan3,80,
youtube,Ugz-GKTDYHEAyOl3_td4AaABAg,2025-11-21T05:59:26Z,Ak pal k liye lga Alakh panday sir ki wife h😂,37,
youtube,UgzmuR2zRGAj8gXZUxZ4AaABAg,2026-05-19T20:11:14Z,Is this for summer ?,2,
youtube,Ugx8XYuzpwXfM16VeK14AaABAg,2026-05-11T12:00:35Z,What's her full name?,0,
youtube,UgwFUMh-vv1e5UHKO4R4AaABAg,2025-10-22T05:02:27Z,You didn't posted link for this top on telegram or whatsapp😢,12,
youtube,Ugzpv-BzZ9I8GCnmygx4AaABAg,2025-09-01T07:57:13Z,❣beautiful ❤️😘🔥💞💖,2,
youtube,Ugwx9PoyCWJ5Xj3OW054AaABAg,2025-12-04T11:58:38Z,"Hi nikita, Can you please resend the link as i cant find it on whatsapp channel?",2,
youtube,Ugx0_mGS-Ewoj7qlJVB4AaABAg,2026-01-15T14:04:32Z,"so much problem to get the link, i mean u can just put it in the description, then we can say thats a helpful video",4,
youtube,UgyL8NwPO5OHXzrQeDt4AaABAg,2026-02-26T17:16:46Z,"Pls share link in pinned comment 
I couldn't find it anywhere bcz there's nothing posted",1,
youtube,UgxAXd_LstxvwS-1SO94AaABAg,2026-08-01T18:07:13Z,Yrr ye top available hai kahi to yrr help kro guys meri 😭 meri bestie ko cahiye,0,
youtube,UgwiLC5Zl7lB1ysfgeh4AaABAg,2026-05-02T15:05:12Z,Ye messho par rs150 ki mil jayegi 😅,1,
youtube,UgyH5yst7--L1Yj1JyB4AaABAg,2025-11-19T15:25:49Z,Is it from h&m??,2,
youtube,UgzORUL8-0rmr286Ux94AaABAg,2026-04-17T13:24:47Z,What size of this top?,1,
youtube,Ugz6WeD8-T1M8cQq8L14AaABAg,2026-01-06T12:47:24Z,Didn't find the linkk?????,2,
youtube,Ugw-JEH9vW6VMK0kpBp4AaABAg,2026-03-05T04:02:26Z,Plz recommend tops for chubby people,1,
youtube,UgzvrTVs6-Cd_MLJYsB4AaABAg,2026-06-08T18:30:14Z,Where will I get the link,0,
youtube,UgyZQB5NU4CWjfGcQ7J4AaABAg,2026-05-30T07:34:16Z,Gives the link of the top,1,
youtube,Ugz2NYgf6IF1BQp16pZ4AaABAg,2026-01-05T03:03:02Z,Coupen code provide please,1,
youtube,Ugy5DCjioK7bDS3WNqp4AaABAg,2026-01-15T12:39:26Z,Checked all telegram post this top is nowhere,0,
youtube,Ugw8PbbUwxE1A11ALKh4AaABAg,2026-02-22T16:56:28Z,Di please Link share kr dijiye n,0,
youtube,Ugx7K452GUuSWvM6vK14AaABAg,2026-05-10T16:35:09Z,Dude just tell the search code,1,
youtube,UgyAgdVQsOK3d03JBvl4AaABAg,2026-01-01T09:58:01Z,WhatsApp channel where?,1,
youtube,UgxztwBb56bhBOaXacV4AaABAg,2026-07-05T03:09:14Z,50 rs nu mali jay evu chhe😂,0,
youtube,UgzJWtqCWoVbnROTFhJ4AaABAg,2025-09-14T18:55:58Z,Link please can't find,1,
youtube,UgyonLeX_DAL9tX4jsV4AaABAg,2026-03-16T14:42:46Z,Plz share the link the pin comment link is not opening,1,
youtube,UgyREA02i8ePpdeL0HB4AaABAg,2025-11-20T12:12:03Z,What is your telegram channel???,1,
youtube,Ugw02if0IThgxt9BjGF4AaABAg,2026-07-19T14:22:16Z,🩵🩵🩵🩵🩵🩵🩵🩵🩵🩵🩵🩵🩵🩵🫂🤜🏼🤛🏼🤜🏼🤛🏼,0,
youtube,UgwLVay7hXgaE8qi8fN4AaABAg,2026-06-12T04:52:38Z,This top is very bad because  this was very tight,2,
youtube,Ugyn0bDUtBW_vuPJGc94AaABAg,2026-08-22T04:47:41Z,"✨ *All products featured in this video are tagged for your convenience.*
You can find them in the product section below the video or in the description or on the screen.
Simply click on any link to view or shop the product.

✨ *इस वीडियो में दिखाए गए सभी प्रोडक्ट्स आपकी सुविधा के लिए टैग किए गए हैं।*
आप इन्हें वीडियो के नीचे दिए गए प्रोडक्ट सेक्शन, डिस्क्रिप्शन या स्क्रीन पर देख सकते हैं।
किसी भी लिंक पर क्लिक करके आप प्रोडक्ट देख या खरीद सकते हैं।

📌My Measurements (Inches) 37:30:38
📌My height 5'4""
📌My weight 60 Kgs",1,
youtube,UgyaOKCkgjsjfzvFjmF4AaABAg,2026-08-22T06:10:45Z,Every single outfit is beau ❤,0,
youtube,UgzxqD4hg-_g0xkD1uZ4AaABAg,2026-08-22T05:03:39Z,All wooooo anu ji beautiful ❤️❤️❤️,0,
youtube,UgxPSdmtkuarFFCmxS54AaABAg,2026-08-22T05:30:45Z,Aap itne kapdo ka karti kya h?,0,
youtube,UgxsG-ox9DTtNyndMgZ4AaABAg,2026-08-16T16:24:46Z,"Looking so beautiful Aditi dii 💗 
Superb collection ❤❤✨",0,
youtube,UgzicECKBRmAGlcUQtR4AaABAg,2026-08-17T08:47:30Z,Amazing sets! 👏🏻❤,0,
youtube,UgwaklADggKKA2DADG94AaABAg,2026-08-16T20:14:11Z,Wow amazing collection ❤,0,
youtube,UgxYERUUkAWEu5jAzOd4AaABAg,2026-08-17T07:37:45Z,Apke bolne ka style bahot hi acha h apka video dekh kr hi dil khus ho jata h 😊,0,
youtube,Ugx_p8qsEpbTKBmbmZx4AaABAg,2026-08-17T06:51:44Z,Awesome collection... 😊,0,
youtube,UgwtLL16fgchhKaUWvh4AaABAg,2026-08-16T16:32:21Z,Aditi My Sunday is Incomplete Without Seeing your New Videos And I Really Really Love your Each And Every Single Haul Videos on Every Sundays And you are Looking So So Beautiful in White Kurti ♥️♥️🥹✨,1,
youtube,Ugwp1wqi_WVLiDukIRh4AaABAg,2026-08-16T17:05:19Z,Lipstick collection v lye aaj ka lipstick mst hai,1,
youtube,UgyiR_s9WUaedOAqJUp4AaABAg,2026-08-16T16:15:39Z,I have the white one ❤,0,
youtube,Ugyd6tSOY3hAkn4cRN54AaABAg,2026-08-18T17:27:32Z,Aapka makeup tutorial deso,0,
youtube,Ugz8Uv8W3h5Y9lnAGoN4AaABAg,2026-08-16T16:15:08Z,nice collection haul dii...dii please footwear try on haul long form video mein banao na ek please dii lao na try on haul,1,
youtube,UgwGF57ov6zXSy26XTh4AaABAg,2026-08-19T09:45:47Z,Aapki height kitini hai or whight kitna hai oh bhi batao to jara idia ati,0,
youtube,Ugz_9ywwzDFcqQkTp-Z4AaABAg,2026-08-20T02:32:51Z,Where can i find the link,0,
youtube,UgxuHqBJDhQWGmrycLx4AaABAg,2026-08-18T08:14:06Z,Aapki sister bhi bnaati h video background aue face aur kapde dono milte h😅😅😅😅,0,
youtube,UgzE4YAcRE0s20Yldyd4AaABAg,2026-08-17T04:08:01Z,"All the kurta sets are to expensive all are 2000+ how can every one buy 

Make videos under 1500 rupes everyone is not like you Rich madam ji 🙍🫡",0,
youtube,Ugy50MbzutD9mmaZ3m94AaABAg,2026-06-26T09:27:20Z,"Check community post for link 

If Links are not clickable please copy and paste anywhere and click them it will work .",5,
youtube,UgwJSHS3Ud1Oen76pvB4AaABAg,2026-07-31T19:09:52Z,Isme kuch bhi vulgar nhi h phir bhi ghrwale nhi pehnne denge🥲 kitne cute tops h 😭🎀,5,
youtube,Ugw7BsAYqc08CTC6EVx4AaABAg,2026-06-27T01:15:22Z,"i am a guy 
but loved the outfits😂❤

girls love shopping so much😂
cute cute 
keep going❤",34,
youtube,UgxTBh7-CYX6aVnFavJ4AaABAg,2026-07-20T04:42:44Z,I love your jeans ❤❤,2,
youtube,UgyAXFhFQyJ2NMY5HRh4AaABAg,2026-06-27T18:35:37Z,This video is clear and easy to follow It deserves more views.,1,
youtube,UgxiMNWQOXkehn14Kwx4AaABAg,2026-07-19T14:41:43Z,What a choice mam❤❤,0,
youtube,UgzgKMZR9d2b5eAr0Ml4AaABAg,2026-07-12T18:27:14Z,Jeans like plss dii,0,
youtube,UgzqVyy_49lc8ohLi6d4AaABAg,2026-07-05T06:10:27Z,Jeans is so pretty how can i get this one,0,
youtube,UgynmN4flm8fjk7NIQ94AaABAg,2026-06-27T04:53:38Z,I am also Yogita,2,
youtube,Ugw68zolWRZ7ezeaull4AaABAg,2026-06-26T12:20:23Z,Please tell me ur haircut name,1,
youtube,UgybiWkJ7N_hW5TkQBZ4AaABAg,2026-07-07T20:35:01Z,Darun❤❤❤❤❤❤❤❤❤❤,0,
youtube,Ugyy5HkDTFMHuDS73qF4AaABAg,2026-07-17T09:19:55Z,Make a hail of shirts,0,
youtube,UgyCcvTHnGcTlT2LE3l4AaABAg,2026-07-05T10:17:04Z,Jeans Link 🖇️ please 😅,2,
youtube,UgwWztoI015NOO7NCXl4AaABAg,2026-06-26T10:14:19Z,Birthday dresses haul plssss di my birthday is coming plsss,2,
youtube,UgxTlAL6EBY6G1Xkzdd4AaABAg,2026-07-20T00:15:07Z,I want the jeans link,0,
youtube,Ugz-60Mcn0adMlUP4kt4AaABAg,2026-07-09T15:23:58Z,Height for refrence?,0,
youtube,UgxneZSbac4K9KrIgSx4AaABAg,2026-07-23T17:17:03Z,Fully covered some stylish (😂) tops please😅,1,
youtube,Ugz1tSvGTMxT0kYQhYF4AaABAg,2026-06-28T06:18:24Z,She’s giving kitty from XO kitty ❤,0,
youtube,UgyOua5JZGHCixUq5_J4AaABAg,2026-08-04T15:43:27Z,height kitni h apkki,0,
youtube,Ugw-l4U4wLiDKzmrJ3t4AaABAg,2026-06-29T03:39:22Z,Mere gharwale inme se koi nahi pahnane denge😢,0,
youtube,UgzACPClLNSTwQggDHd4AaABAg,2026-06-27T03:22:23Z,Jeans link plss,2,
youtube,UgxMHlk1EJS4g4234CN4AaABAg,2026-06-26T11:50:48Z,Wow beautiful jeans pls share the link ❤,2,
youtube,Ugx70T4YtwpR9oB56Dd4AaABAg,2026-06-30T11:53:08Z,Give the jeans link,0,
youtube,UgyeyHpb18kHOI95snl4AaABAg,2026-06-27T04:49:35Z,Your weight and height details for reference,0,
youtube,UgwyL_cBjK6nmDLRG5F4AaABAg,2026-06-28T16:50:18Z,Hyy pls reply di mne aapk yha link s ek jeans order kri muje vo fit ni aa rhi m exchange ya return kese kru,1,
youtube,UgxyFc-4m6VHqwi8p3R4AaABAg,2026-07-03T09:11:11Z,Jeans ka link dedo yaar,1,
youtube,Ugw4A9t_tmSjT55ZcUN4AaABAg,2026-06-28T14:17:46Z,ye jeans ka link de dijiye mam,0,
youtube,Ugw_d_9Lxby70NgwTkR4AaABAg,2026-06-30T14:45:30Z,The jeans u are wearing please 🖇️ Link dedo,0,
youtube,Ugx_PMYFdgv2uBuPC8h4AaABAg,2026-06-28T07:00:55Z,Jeans link broo😭,1,
youtube,Ugyf2dEi8rDqWfFYxiF4AaABAg,2026-08-05T08:46:56Z,Jeans Link please ❤,0,
youtube,UgwAhCZaJlMzyE5rMal4AaABAg,2026-06-30T15:53:46Z,Whats her height,0,
youtube,UgzRJ2QuBn4FsFd-NsR4AaABAg,2026-08-03T16:25:46Z,"I think myntra is delivering only for haul....
Otherwise they cannot deliver at all...either it is delayed delivery, or delayed delivery n finally order cancel...",0,
youtube,UgyiPz1b44cFj-I22Jl4AaABAg,2026-07-10T15:22:12Z,Jeans link plss,0,
youtube,Ugx3CKqeCW9wD8FDGgN4AaABAg,2026-04-13T08:27:01Z,Whites and blue kurti is so nice .,16,
youtube,UgyZ8UURIbaiOGrng9N4AaABAg,2026-04-11T02:48:42Z,"Amazing choice, I see your content and you really bring high quality clothes recommendations",9,
youtube,UgxJwb4u33rqRS3SMfV4AaABAg,2026-06-06T13:39:32Z,U didn't give link which one u wearing in starting yellow one,7,
youtube,UgwCM0ULfHQXDfSz3e94AaABAg,2026-04-08T18:29:51Z,Your explanation is exactly what I needed It deserves more views.,0,
youtube,UgzYIP4a0ocksXAqdIV4AaABAg,2026-04-13T15:27:27Z,Looking so pretty and comfortable ❣️❣️,3,
youtube,UgwNDvA1bzPeD8pm5_14AaABAg,2026-04-17T16:06:52Z,Your all choices are soo good❤❤❤❤,0,
youtube,UgyP3Fma4fbYOTxXDtJ4AaABAg,2026-04-11T21:06:30Z,Manifesting 1k soon ✨🙏,3,
youtube,UgwkekfhIvCTsyIC0M94AaABAg,2026-04-13T07:32:39Z,This channel is outstanding I will definitely recommend this.,1,
youtube,UgxlDaS5z5KjWTBhpYV4AaABAg,2026-06-07T12:42:55Z,Sari dresses bhut sunder h and affordable b h thank you ❤,1,
youtube,Ugy6fVxYTevfzU_W8ph4AaABAg,2026-05-02T19:16:06Z,"No drama, nothing... Pure style and  good collections",2,
youtube,Ugw2bM3NsM-QmcSvRmJ4AaABAg,2026-04-11T18:13:52Z,I want to knw which hair colour shade did u used?,1,
youtube,UgxK9xydVB6PcP-Ni8Z4AaABAg,2026-05-31T17:29:14Z,Is there any way to buy it from these beautiful dresses from Dhaka?,0,
youtube,UgxUuzkIXE4hlR36iUp4AaABAg,2026-04-18T14:54:02Z,Maine aapko subscribe Kiya hai kyunki aap bilkul mere pasand wale kurti lete ho full length wale like wrist length pakistani style,0,
youtube,Ugx_atTKP04LBY9LJqZ4AaABAg,2026-04-30T20:53:35Z,Those are beautiful ❤,0,
youtube,UgxpEtpnOmKLwh0ZaVJ4AaABAg,2026-04-21T21:26:27Z,blue is amazing ❤,1,
youtube,UgxNw1UCYs-7wJLdAHp4AaABAg,2026-08-12T10:14:52Z,Which hair colour you have its looking stunning,0,
youtube,UgzpfsFS2GB5NBONHDF4AaABAg,2026-07-27T07:58:28Z,Loved the yellow kurti😊,0,
youtube,UgwqoKjSx48y-vfLvkp4AaABAg,2026-04-09T07:51:01Z,Aapke yt video ki category kya hai,2,
youtube,Ugyj3_hR3Uc2q8Gdf0B4AaABAg,2026-04-28T12:26:09Z,Imm boy but first white 🐻‍❄️🤍 colour are very chummmmi 😘🥰,0,
youtube,UgypnIeKXf3XSIjBteV4AaABAg,2026-07-06T02:03:37Z,"Hello 
Please give me last cord-set link please",0,
youtube,UgzeWvpAyiGXb4W4uit4AaABAg,2026-06-30T03:36:40Z,"What inners you wear for white, butter,beige do make a video on inners to wear",1,
youtube,Ugy_loZ_X3qp21WZMfV4AaABAg,2026-04-08T15:56:56Z,"What is the link for these co ord sets , very beautiful",1,
youtube,UgzOM9FmG0lChyBpZ9d4AaABAg,2026-06-01T15:57:21Z,Where is the first yellow one link,0,
youtube,Ugwq-8AD9c40l-v3VTt4AaABAg,2026-08-21T20:36:51Z,Yellow dress link??,0,
youtube,UgwEtaOhP9Hppori6QR4AaABAg,2026-07-08T06:01:13Z,Aap jo Co ord set wear ki hai sabhi ka link nahi di hai,0,
youtube,UgywkNqUB8ddIMcRwdx4AaABAg,2026-06-02T00:13:16Z,สวยหวานจากไทยแลนด์,0,
youtube,Ugwm-cwe1vdPZ-aQJJJ4AaABAg,2026-04-08T18:30:23Z,"Hi, 
Pls tell from where you get your white plazo in meeso 14 kurti haul its not in description link also not in any other video haul link pls tell❤",4,
youtube,Ugwpt7UtyQx043BN5h14AaABAg,2026-06-30T10:02:04Z,Yellow and white 🥰,2,
youtube,UgzRZJ04Ya3Laur6JUt4AaABAg,2026-06-07T15:52:58Z,Nice collection subscribe done di ❤✅,1,
youtube,UgxfV7D-MSnJK0tT0394AaABAg,2026-04-22T17:25:12Z,"hey can i have the link for the 2nd last??
can’t find it in the description",1,
youtube,Ugx77l1ZF2qrFbxG0Q94AaABAg,2026-04-14T11:02:22Z,"I like the blue.
Link please",2,
youtube,Ugw27bSe2ltbAJhBPuV4AaABAg,2026-05-10T16:33:30Z,Nice collection,1,
youtube,UgztOFRM_jwEFaMleol4AaABAg,2026-04-09T11:43:15Z,Too expensive 😢,3,
youtube,UgyFls6pq7FWcA6_suV4AaABAg,2026-06-01T08:11:21Z,Myntra par nhi h,0,
youtube,Ugw0i-4w3BE8A4-5Elx4AaABAg,2026-04-09T02:54:31Z,These are too expensive 😂😂,29,
youtube,Ugw_ltqHanLMkFBxiXh4AaABAg,2026-08-09T14:16:23Z,With and yellow kurti is so good please provide that link too di❤,1,
youtube,Ugwq-pynhjDBTIa0CvF4AaABAg,2026-08-12T18:24:22Z,I have black and beige,0,
youtube,UgzNaAITay156AKwG394AaABAg,2026-07-19T14:43:05Z,What's ur hight,0,
youtube,UgzqnD8A-vw_YAJIfEJ4AaABAg,2026-04-11T13:42:14Z,Dresses to sunder hai per price to auur bhi sunder 😅,3,
youtube,UgyGRcYmgUlZIemlA3Z4AaABAg,2026-06-09T00:36:55Z,"White laal ,blàck",0,
youtube,UgwmumswKBj-dYoXVEl4AaABAg,2026-06-01T09:02:44Z,Isme yellow dress nhi hai,0,
youtube,UgzEbWAPClFR2Lw0JOJ4AaABAg,2026-04-08T14:35:14Z,They're so expensive 😭🤌🏻,3,
youtube,UgxzltH486o_Lw5_8-R4AaABAg,2026-05-06T10:21:49Z,Link for yellow kurti pls,0,
youtube,UgxF7x6mRmoo_rsiz294AaABAg,2026-05-03T17:46:52Z,खूप छान आहेत खरेदी करायचे आहेत,0,
youtube,Ugy9_ztNXX-W_XBD0Lx4AaABAg,2026-06-10T02:54:39Z,All are very beautiful but dear tagged links are not working,0,
youtube,Ugy26NnSaZdB-_dvEm54AaABAg,2026-05-07T06:39:37Z,Yellow and white link please,1,
youtube,Ugwm3HJOfCFNPCqZAAZ4AaABAg,2026-04-26T14:20:47Z,Which size you are wearing?,1,
youtube,UgzwsH5YyLPYjvqurwZ4AaABAg,2026-05-11T14:26:43Z,Last white dress link?,1,
youtube,Ugz3CaKfudYYGsniB8Z4AaABAg,2026-08-09T18:28:28Z,Pliz jo aapne wear kiya uska link 🔗🖇️ please yellow and white wala,1,
youtube,Ugy_tYAxJiCIYSMWXJZ4AaABAg,2026-05-07T08:48:14Z,Jo yellow starting me pahna hai uska link bheje,1,
youtube,Ugzmt1mHn95adnRftDh4AaABAg,2026-08-08T15:22:46Z,Pls link for yellow one,1,
youtube,Ugy-5QRRuHEPveEuMPB4AaABAg,2026-06-28T13:52:30Z,"Where is the yellow one
First coord? 
Cant find link",0,
youtube,UgwSj3LVuKlIbP8eTZt4AaABAg,2026-08-19T16:37:26Z,No link for yellow one,1,
youtube,Ugy3xxlq-ypzfheJ1eF4AaABAg,2026-04-17T12:58:01Z,3rd ka link nhi h,1,
youtube,Ugw9dZ7EET3Dy1_dvlZ4AaABAg,2026-04-29T16:10:56Z,What is ur height?,0,
youtube,UgzhYzJZ58lsl-Lrhih4AaABAg,2026-08-06T03:43:31Z,❤❤❤❤❤❤❤❤❤❤❤❤❤❤❤❤❤❤❤❤❤❤❤❤,0,
youtube,UgxP89oaSYRlu4yZ37B4AaABAg,2026-04-08T09:35:20Z,"Check community post for link 

If Links are not clickable please copy and paste anywhere and click them it will work .",3,
youtube,UgzpkBVFNvuzwLvvBTR4AaABAg,2026-08-08T15:22:36Z,Yellow one is not theirrr😭😭😭,1,
youtube,UgxFylQeMg2_I7atdvx4AaABAg,2026-06-26T13:31:36Z,AP ke hight bth achi he,0,
youtube,UgwPgkp1AtC0hXLwOIV4AaABAg,2026-05-24T14:15:37Z,Do you know you look like Sharad Kelkar's wife?!,0,
youtube,Ugyd1lJFb9QbNOj4cKJ4AaABAg,2026-04-16T10:56:04Z,Now I subscribe you,0,
youtube,UgyTE2rlakBYWdig9o94AaABAg,2026-06-09T00:36:55Z,"White laal ,blàck",0,
youtube,UgzcgkjsCltiiLMeID14AaABAg,2026-05-07T06:40:54Z,Yellow and white link please,1,
youtube,UgzAfSxsDLy91PfMPHh4AaABAg,2026-05-22T16:53:58Z,Yellow and white link plzzz,0,
youtube,Ugyyl6EZZLKTYfJRlwR4AaABAg,2025-07-15T08:18:40Z,Hey guys🌺 Check ‘community posts’ for the links🎀,24,
youtube,UgzOrUH9akRIF3Ara4h4AaABAg,2025-10-13T18:15:28Z,2nd one is just ❤❤❤❤,8,
youtube,UgzbgTd_VhpIlCglVJV4AaABAg,2025-07-15T10:03:58Z,thank you so muchh❤,3,
youtube,Ugz8CyqPvAmCq-omMhl4AaABAg,2025-07-16T17:52:47Z,First one took my heart .and I was in awe watching the rest of blankly...lost in thoughts of the first one ..❤,23,
youtube,Ugy-l3ckWvUqUMY8HuF4AaABAg,2025-08-18T10:25:51Z,Long gown please ☺️,1,
youtube,UgwktEqJFX4QfEIPfqZ4AaABAg,2025-07-20T19:11:10Z,"Thank you so much link please 
❤❤❤",2,
youtube,UgwTmNcRt2u2T7DZ21Z4AaABAg,2025-07-17T16:33:19Z,Long skirt with top ethnic ideas share kijiye please di😢,1,
youtube,UgwbxKWcMzv2SEXu1o14AaABAg,2025-10-30T11:27:05Z,White dress  link plzzz...the starting one,0,
youtube,Ugwx0bRROrvpwRcYz1F4AaABAg,2025-10-12T10:36:45Z,Didi white dress lovely dress 👗👗👗👗👗💮💮💮💮💮🌹🌹🌹🌺🌺🌺🌷🌷🌷💐💐💐😊😊,0,
youtube,UgyfpOlMO8OFdL2MBIx4AaABAg,2026-03-01T06:40:07Z,Yellow drees ka Link please❤❤,0,
youtube,UgzYPhlFH27q8T-b_sF4AaABAg,2025-10-28T04:31:44Z,1st ka link plzz,0,
youtube,Ugw5RDLE0BeQXXLb6Fx4AaABAg,2025-08-05T09:03:13Z,Green suit link,2,
youtube,Ugy18tOBIlyRR-LC42Z4AaABAg,2025-07-31T16:11:13Z,This kurti want,0,
youtube,Ugx5oH4eGAEOcbA1ml94AaABAg,2026-04-15T04:23:15Z,Wow ek se badkr ek 👌,0,
youtube,UgxD0vLHDCEB3UIGvL54AaABAg,2025-10-24T05:27:37Z,Link please. nhi mil lga h post me,0,
youtube,Ugy2ifzlALQxe4X5ivd4AaABAg,2025-07-20T16:53:45Z,Apne sbhi dresses ki link to share ki hi nhi 😢,0,
youtube,UgwTran2G3tYuwtBZwB4AaABAg,2025-11-29T11:30:55Z,Finger is just  wow,0,
youtube,Ugw41djBIHLPtVgqqaV4AaABAg,2025-10-29T08:22:05Z,First dress link 🖇️,0,
youtube,UgzVg-5Cc71oJB5oiE14AaABAg,2025-11-28T01:14:38Z,Didi please link share kar dijiye kijiye,0,
youtube,UgwknRu_SXc1SP07nuZ4AaABAg,2026-05-12T06:23:06Z,Community post kaha milta hai please please batao agale vlog Mai sister birthday gift,0,
youtube,Ugx-dZgU15EOfB-0SJt4AaABAg,2025-07-17T14:10:29Z,Got kurti from meesho but its quality is not good,0,
youtube,UgyC9I5zdzEJoi5Al9R4AaABAg,2026-07-10T14:10:28Z,Where is Community post,0,
youtube,Ugzo6Kli5l-CtyZvSzB4AaABAg,2025-10-29T07:54:45Z,Ham bhi order karte hai par same nhi aata hai didi esa aata hai ki vo pahne layak hi nhi hota hai,0,
youtube,UgwJcjPKoV3TTaoqFCJ4AaABAg,2026-08-03T14:26:18Z,So much and biutiful,0,
youtube,Ugw35EC4w_jcuSPoaRJ4AaABAg,2025-07-15T09:49:18Z,Didi kapde ke sath name bhi likh kar daal deti mein search karti hu toh pata nahi chalta hai 😊,0,
youtube,Ugza3YP9VxE-NoKT-OF4AaABAg,2025-09-19T18:33:52Z,Tooo fast video,0,
youtube,Ugw7bR3YkQw1hXb65HR4AaABAg,2025-07-15T10:20:10Z,1ѕt 3rd 4th 8th 9th 10th,0,
youtube,UgxgcAbfWrOqBbIKG-t4AaABAg,2025-10-18T14:54:46Z,Where is the blue one that is kept on the top in your han,0,
youtube,UgzCOwIpAEblYz6Foax4AaABAg,2025-07-18T18:14:58Z,Rate jyada hai😢,11,
youtube,UgwsxPYAWa_EbPm6yPZ4AaABAg,2026-08-07T10:09:01Z,Dikhata h sets lekin bhejta h missing products,0,
youtube,Ugz8VawBmF3oaUCigGJ4AaABAg,2025-10-01T18:32:37Z,Hath me kuch aur bady pr kuch aur,0,
youtube,UgwzU9x1chtfBROiDtR4AaABAg,2025-10-03T16:08:09Z,Green suit link,0,
youtube,UgzoemHwqe5gDxzIYgZ4AaABAg,2026-08-21T06:24:31Z,Thank you didi aaj aapne single link provide krdya😅,0,
youtube,UgyFil7tMRs3FV5CjoR4AaABAg,2026-08-21T08:27:25Z,"Please include tops, short kurtis, and shirts in your hauls as well. For the past few weeks, all the hauls have been kurta sets.😊",2,
youtube,UgyZHslSsFfQdnMIYox4AaABAg,2026-08-21T11:29:18Z,Best collection ❤❤❤❤❤❤,0,
youtube,UgxNnGr0pLSXfFbi9pd4AaABAg,2026-08-21T07:18:10Z,superb collection 👌🏻❤ love you mam ❤,0,
youtube,UgxV903D3gzI-navT2d4AaABAg,2026-08-21T11:28:53Z,Didi black kurta set houl laeye n,0,
youtube,UgxlzBG8b8q1Nvrlxs94AaABAg,2026-08-21T09:11:49Z,Aaj ka collection not bad ..but expectations thodi ar th 😊😊,0,
youtube,UgzfzRhc89ZlhHVoMER4AaABAg,2026-08-21T06:40:26Z,Height kitni h apki,0,
youtube,Ugxobpi5qLydKpFoALd4AaABAg,2025-06-12T13:03:25Z,"PRODUCTS ARE TAGGED 🤍

Shirts Size: S
Jeans Size: S (waist 28)",43,
youtube,UgxMTQJfgo6pcWssHBl4AaABAg,2026-01-09T05:13:45Z,Last wala hit different 😊,18,
youtube,UgzQJobVVCcrgc6flfZ4AaABAg,2025-06-13T08:30:47Z,Loved all the crop shirts🫶The styling is on point💕🤍Your fashion sense is always top-notch🤌🩷🩷,12,
youtube,UgwsTuXPrIXhInHUbtR4AaABAg,2025-10-05T04:18:46Z,You look better than the model of these shirts itself ❤❤❤❤,5,
youtube,UgxfjVfm3ZVG4NabnUF4AaABAg,2025-06-12T17:04:48Z,Hayeee your aura is so positive ✨🤌💕,2,
youtube,UgznmdJTeOIHQj3K5cV4AaABAg,2025-06-13T08:34:53Z,How do you always find the cutest stuff?💖🍒✨,1,
youtube,UgyMM9I-HdxyJe0bLVp4AaABAg,2025-06-12T13:42:18Z,Your collection 😍💘,1,
youtube,UgycZBzScV3EBhmFvBt4AaABAg,2026-06-14T14:06:08Z,3rd and last  hits different 😅❤❤❤,0,
youtube,UgwZkp1OAb8TZvl6QMN4AaABAg,2025-06-12T16:30:14Z,Summer trousers or any set in cotton please❤,0,
youtube,UgzaNvpIbBW2qrz5OtR4AaABAg,2026-05-24T17:03:15Z,I liked this last one ❤,1,
youtube,UgzEAr5bGjGr0K8Jv1x4AaABAg,2025-06-12T17:23:38Z,Denim skirts plssss❤❤❤❤,1,
youtube,UgzCMcBGB0QXg5Q_jGV4AaABAg,2025-06-12T14:06:27Z,2nd one wow ❤️❤️,1,
youtube,UgxXiXQnB7C791e_JZh4AaABAg,2025-06-12T13:45:30Z,Crops shirts are very pretty naa🙌💗💜🍂,2,
youtube,UgzqC5u5kMEKwQiw8aB4AaABAg,2025-08-05T16:01:48Z,"U kinda look like shanaya kapoor
Pretty❤",0,
youtube,UgyOtNzL_Ig1CtNijql4AaABAg,2026-01-07T05:09:44Z,"Amazing gurl ❤..i just got addicted to ur  elegant look ✨️ ...
Could u please let me know ur height and weight approx.....so that i could order those perfectly in sizes.....",1,
youtube,UgywGC_Kc1CLs6Ic2UZ4AaABAg,2025-06-13T08:31:49Z,And di I have received my giveaway gifts✨💙thanku sooo much🫶💕I really liked them🩷,1,
youtube,Ugy8qTmn_JlJ4oJJ65h4AaABAg,2025-06-12T13:16:10Z,1st and 2nd are ❤❤❤,2,
youtube,UgyfWQOMH8R2AVgW4aZ4AaABAg,2026-01-04T04:54:44Z,Do you have a longer version? Cause not everybody likes crop??,0,
youtube,UgyuqWcid2ahr_c6rLJ4AaABAg,2025-09-11T14:39:59Z,Pls give 2nd shirt link....,1,
youtube,UgzubjAb6U-f01LgwEp4AaABAg,2025-06-13T14:50:58Z,Collections 🫶🏼💥,1,
youtube,UgydCuS2UZvjfORSBS94AaABAg,2025-06-12T16:26:58Z,"Diiiii aap itne sundar sundar clothes dikhate ho vo honestly review dete ho ya fir promotion karte ho I am confused because aap intniiì sundar sundar kaha se dund late ho very pretyyyy ...
I watch your videos and I have your subscriber alsoooo
❤🎉",0,
youtube,UgwRdeakyacuQditbDd4AaABAg,2025-12-30T12:27:51Z,Mam 2nd top link is not clearly shown,22,
youtube,Ugwbf2rZatOK8E71zhN4AaABAg,2025-11-05T05:36:05Z,The link of the second one isnt there pls give the link,0,
youtube,UgwrmDoHlKRvkQdRbG14AaABAg,2025-06-17T17:13:29Z,Please brings stylish blouses,0,
youtube,UgxoUoFmFBAOjnMfDzN4AaABAg,2025-08-08T14:02:35Z,Link bhej do 4 vali shirt ka please...,0,
youtube,UgwFTfSINIKpUSHTWfh4AaABAg,2026-02-17T11:37:08Z,Last wala ka link plz,0,
youtube,UgzTS0xVqidgHiW6Jg14AaABAg,2025-07-31T18:43:42Z,Olive shirt link please,0,
youtube,UgyWRdS5p1qR38VVout4AaABAg,2025-10-09T16:06:27Z,Diiii myntra pr open ni ho rha search krne k bd b,0,
youtube,Ugz3kmMM5ShkTj3CLuJ4AaABAg,2026-01-04T14:02:39Z,2nd top link please,0,
youtube,Ugzg_dhd0NLhUDvNvwN4AaABAg,2026-05-07T12:45:46Z,Yellow vala accha hai,0,
youtube,Ugygdcby4Fc3avtWtlF4AaABAg,2025-06-12T14:33:33Z,Myntra  teeshirt  please,1,
youtube,UgyvhfhsCBDsiOaVNMZ4AaABAg,2026-02-26T09:56:49Z,@abhipsajoshi plz give link of 2nd top plz plz 🙏❤,0,
youtube,UgyqAWtTU3OwKjjsZZN4AaABAg,2025-06-13T09:14:02Z,Diii aap itne aache clothes btate ho jo hum afford hi ni kr payenge 1 top 500 ka,0,
youtube,UgznIQR1Pm5SMsZUR1d4AaABAg,2026-01-30T09:37:29Z,Di jeans ki link 🔗 de di jiye plsss,0,
youtube,UgzvKganRkewXiIp8ct4AaABAg,2025-06-13T06:05:01Z,2nd i have in lavendra coour,1,
youtube,UgwvIwcIRAAmXH_abNh4AaABAg,2025-06-27T15:04:09Z,Shirt linkk please,0,
youtube,UgzafhvlREAAYNrCu-J4AaABAg,2026-06-09T10:33:44Z,you wear that shirt link,0,
youtube,Ugx4COh5p7rUCki05wV4AaABAg,2026-02-22T13:31:10Z,Didi link send Karo,0,
youtube,Ugy1AYWkKx7AG0mof554AaABAg,2026-08-03T15:27:09Z,Top ka link de do please,0,
youtube,Ugx2iJym8IOPkM218fx4AaABAg,2026-04-27T14:34:25Z,Product where found,0,
youtube,UgxIGOYAJHwzy-v_rPx4AaABAg,2026-07-04T13:52:01Z,kaha se liya मीशो se,0,
youtube,UgzlaHHZ5lkP2dmYV7p4AaABAg,2026-08-10T21:33:50Z,3rd shirt link please,0,
youtube,UgzFRkLnfw_jHNH_Aut4AaABAg,2026-02-14T10:52:59Z,Hello girl's how are you??☺️,0,
youtube,UgweD9Dur3xHbkiwuLB4AaABAg,2025-07-26T16:01:06Z,Aaone jo white wala shirt pehena h uska 🔗,0,
youtube,Ugz0LOZ3BhRA6GDW0t94AaABAg,2026-06-25T08:51:14Z,Art and craft ideas laou cuch Naya bhi ho ga plzzzzzzzzzzzzzzzzzzzzzzzzzzzzzzzzzzzzzzzzzzzzzzzzz,0,
youtube,UgyLoNLciXdJUi-L-nB4AaABAg,2026-03-04T16:26:40Z,"First one is too good but too crop for me bcz of my height 😢😢😢
Why I'm so long 
Sometime I hate my height. 
Can't wear crop and high heels 😢😢",0,
youtube,Ugz623i4fl3Fw5aELJh4AaABAg,2026-02-07T07:34:06Z,Kon kon meri trh comment padne aaya haii 😂😂😂😂,0,
youtube,UgyfYeBDqdM-4VVCPeh4AaABAg,2026-05-31T13:44:41Z,Kaldi kami hove,0,
youtube,Ugxn05h9OYb9R_em2wN4AaABAg,2025-06-12T16:02:34Z,"I am your subscriber ❤please corset haul ❤because i want, and i don't know how it is ❤ so please corset hual ❤
Please❤
Please❤
Please❤
Please❤
Please❤
Please❤
Please❤
Please❤
Please❤
Please❤
Please❤
Please❤
Please❤
Please❤
Please❤
Please❤
Please❤
Please❤
Please❤
❤❤❤",2,
youtube,UgzCYwd7UzwLH7kLRnV4AaABAg,2025-08-08T14:13:06Z,Myntra online are super thiefs.....They book order take money & do not deliver .....BE AWARE & NEVER ORDER ON MYNTRA,0,
youtube,UgxTQKxrQpSGMcXlBUZ4AaABAg,2025-06-16T06:06:23Z,".   🗯 so after all you learned how to 
🤵 smile I'm proud of you .
 You look amazing and stylish like always 
My comment is friendly 
I probably won't comment again 
But  I'am happy for you 
Stay safe and many blessings. 🫵🤵👌"" 1💙💙%",0,
youtube,Ugwqk_uZoyPMvp30Qp14AaABAg,2026-08-10T10:11:42Z,"Check community post for link 
If Links are not clickable please copy and paste anywhere and click them it will work .",3,
youtube,Ugzz408pXJvSZ34XuKR4AaABAg,2026-08-11T13:03:09Z,Didi your look like a doll....❤,0,
youtube,Ugz0RESgfxMNjWjBSEl4AaABAg,2026-08-20T05:48:30Z,"Searching jeans and this shorts entered in my feed  😍
✨ wow such amazing collection hope will receive as a want",1,
youtube,UgwvHZZ0vjtArj8dwjh4AaABAg,2026-08-11T13:15:45Z,Didi aapke outfit jeans ho ya top ya fir suit me kya hi bolu ❤❤ etne achhe ki puchho hi mat❤,0,
youtube,UgxUj9ahNNe22S_RYMJ4AaABAg,2026-08-14T09:41:32Z,Bags haul please?,1,
youtube,Ugz8yHDl5pB3MnrIF9B4AaABAg,2026-08-10T11:36:16Z,Your look like a doll,1,
youtube,Ugw4O2XShlKbr0g8M014AaABAg,2026-08-13T06:35:53Z,First top ka link please ❤,0,
youtube,UgyaoJ_pn7fp0Eowb754AaABAg,2026-08-20T19:30:42Z,"Dii give the tops link also 
They are super cute",0,
youtube,Ugz3DtRzeRkB-EmfwWF4AaABAg,2026-08-13T08:20:29Z,What's ur height?!,1,
youtube,UgyifR5-EhSuubEF9wt4AaABAg,2026-08-13T20:59:12Z,She’s looking like kitty from ox kitty,0,
youtube,UgzaYMRU6swmdeerh554AaABAg,2026-08-10T13:19:55Z,Disney Princess came. In real world,1,
youtube,UgxXCOe8xVPeD-nCCJt4AaABAg,2026-08-11T05:22:50Z,Please suggest outfit fit for tracking at vaishno devi,1,
youtube,UgzVxfGm9-MOzscWgel4AaABAg,2026-08-13T08:04:57Z,Bhyi ye ldki itta kyu aari mere feed mein ...wo bhi issi song k sath 🙄🙄,0,
youtube,Ugz1C1ICJzVMEQjbQap4AaABAg,2026-08-11T09:53:27Z,Didi sneakers haul kro please,2,
youtube,Ugyvh_kTn0VX7ZeWbZh4AaABAg,2026-08-10T12:03:08Z,Isme se ek mujhe bhi dedo 😢😅😊,1,
youtube,UgyM9f3CkYzIIB2qeml4AaABAg,2026-08-21T15:18:30Z,What's ur weight,0,
youtube,Ugy5zgXGLwSqlUUJ9l54AaABAg,2026-08-21T15:47:26Z,Didi your height ? And which size have u ordered....?❤,0,
youtube,UgwFQPeWQADzB7rt07x4AaABAg,2026-08-11T10:03:50Z,What is your waist size,2,
youtube,UgwBkjUC4XqjUlXFI0p4AaABAg,2026-08-10T13:15:02Z,What's your height,3,
youtube,UgzVyaf2RGHG6Vw4II14AaABAg,2026-08-10T18:06:11Z,Which size do u wear ?,1,
youtube,UgxfcLs-N2hhb-8CJFF4AaABAg,2026-08-17T13:01:07Z,"Hi, pls let me know your height, it would be easy for me to buy",1,
youtube,Ugxc3Or4R3vS0qJxNOJ4AaABAg,2026-08-16T11:46:57Z,First one top link,0,
youtube,Ugx0LOZTdyRGuSxFsqd4AaABAg,2026-08-13T05:30:10Z,What is your height,1,
youtube,Ugx6viORiBGHLkfLSqR4AaABAg,2026-08-13T10:27:48Z,Beautiful collection dii 🎉❤🎉,0,
youtube,UgwqgkNXqbuQyNTX1ax4AaABAg,2026-08-13T08:08:34Z,Very beautiful collection ❤❤❤,0,
youtube,UgyPfJ-w_2x7DXv8EJ54AaABAg,2026-08-13T06:59:23Z,Superb collection didu ❤❤,0,
youtube,UgxDpfFXmyP53ZCU_Pd4AaABAg,2026-08-13T07:13:10Z,Amazing collection dear 🎉🎉,1,
youtube,UgwtNskQLqzUlb_kQIZ4AaABAg,2026-08-13T08:51:23Z,Black kurta set bhut acha laga 🫶 aur app bhi bahut ache lag rhe ho blue kurta set mein 💙🌝,1,
youtube,UgxCXzk0gj67H6a7uwx4AaABAg,2026-08-13T06:35:36Z,Bhut pyari lg rhi h aaj ap shikha di❤❤,0,
youtube,Ugwr0A0IxzWhKzmkPYt4AaABAg,2026-08-13T14:34:09Z,Beautiful collection sharing ❤❤,0,
youtube,UgwzoDe_Pxrz42oKAXF4AaABAg,2026-08-13T17:01:56Z,"Lovely collection, dear❤❤❤😂😂",0,
youtube,UgxpEwN-IAER3r4k88h4AaABAg,2026-08-13T08:58:54Z,Di plz bright orange colour ki saree houl kijiye plz,0,
youtube,Ugxlk0i_G0pg8cD6sqZ4AaABAg,2026-08-13T16:25:04Z,Sam m b solid kurta sets lover hu,0,
youtube,UgxGo3xG_v5-n_jGrqN4AaABAg,2026-08-13T07:46:04Z,Ek ready to wear saree haul kijiye please,0,
youtube,UgwUYXHOtOlfchFuYRt4AaABAg,2026-08-13T09:00:49Z,Upload haul video for footwear and trouser daily use,0,
youtube,UgzpZslurAfpxsLP-pB4AaABAg,2026-08-13T13:44:36Z,Beautiful collection Shikha mam p bracelet ka link plz is video me tha  ♥️🙏,0,
youtube,UgwdbxJuMOpRNuiOuYx4AaABAg,2026-08-13T10:38:30Z,Plz review kurta sets from All about you,0,
youtube,UgxMUnVgjkt4_TspBIt4AaABAg,2026-08-13T06:37:02Z,Aapke kurta set sare beautiful hote Hain Ham confuse ho jaate Hain Kaun Sa le❤😢,0,
youtube,Ugy69hUIhVhHnDnXwvd4AaABAg,2026-08-14T09:43:21Z,Shikha jii aap Bags ke bhi links dijiyega . Jo aapne video me carry kiye hai 😘,0,
youtube,Ugw5JHpUOSLYAehK4ll4AaABAg,2026-08-13T06:34:21Z,Hi Poonam Dhillon🎉,0,
youtube,UgzvM0BGsDHlahplAWR4AaABAg,2026-08-13T15:50:32Z,"Hello shika ji
Red sui ka link show nai ho raha h please provide link",0,
youtube,Ugzc6serNQQhnkV5inJ4AaABAg,2026-08-13T16:02:06Z,Di watch review,0,
youtube,UgxTv_c_di8bA3Rc9at4AaABAg,2026-08-19T03:23:06Z,Shikha mam aap jo kajal lgate ho daily makeup k liye uska link dijiye na please😊,0,
youtube,Ugy7XcXeiB0w5rm7VOV4AaABAg,2026-08-13T06:33:55Z,Main to Kahti hoon Din mein Do video dala kariye mujhe Bahut acha Lagta hai video,1,
youtube,UgzKu4a_CU4WHB4DfSR4AaABAg,2026-08-17T12:15:05Z,Mene indus ka red 🔴kurta set liya... Very nice👍,0,
youtube,UgxALqCDCoSSlUn1hy54AaABAg,2026-08-13T13:56:50Z,Shikha red wale kurta set k link share kro isme attach nahi hai,0,
youtube,UgzJ8-d4uclZXiFKJFp4AaABAg,2026-08-13T11:10:27Z,Apka link work nhi kr rha hai share the link of jump suit ya fr ap single link diya kijye wo open hojata hai,0,
youtube,Ugw1k2_tQQFNbrgmi9Z4AaABAg,2026-08-13T07:05:38Z,Didu us yellow wale kurta set ka after wash bataye please,0,
youtube,Ugz6HaY2soCpRSFJ4wB4AaABAg,2026-08-13T11:40:54Z,Red Wale suit ka to Link hi nh h,1,
youtube,UgxxZoVbIdhJ9cLxXC14AaABAg,2026-08-13T08:02:33Z,Apke trust se hi order kiya buz ap bolte trust page h but abhi tk koi bhi reply de rahe saree bol rahe the 12 aug ko received ho jayegi but abhi tk kuch nhi aya h,0,
youtube,UgyO4dvobQkPlmQ4udN4AaABAg,2026-08-13T19:54:24Z,Didi red suit ka link de do,0,
youtube,UgzZ0n1gOuhijTFxlXZ4AaABAg,2026-08-13T19:51:24Z,Didi pants houl kro teshirt or top v dikhna or plz abhi bahut sare fastival h myntra se julri houl kro plz,0,
youtube,UgzcwvBwV1dzcmQ12Il4AaABAg,2026-08-13T17:14:17Z,Red kurta ki link nhi di h aap,0,
youtube,UgzxHy9uppJf8kT4Rop4AaABAg,2026-08-13T09:45:20Z,Jump suits me thodi problem hotihe mem,0,
youtube,Ugy2PPfrl2l66t47OgB4AaABAg,2026-08-13T07:33:00Z,But nhi kr rha h,0,
youtube,UgzbPo4yTve_KAZFbTd4AaABAg,2026-08-13T15:49:09Z,Solid kurta set office were k liye daily wear shi rhenga????,0,
youtube,UgwBgYWVIuac8yFWREp4AaABAg,2026-08-13T16:58:57Z,"Shikha ek bat btao ye jo blue suit apne pehna hai uska jo silver work hai wo dehati types ya phi chamak toh nhi rha
Kuu ki vedio me bhi ye bat smjhnhi arhe hai ,but colour bhot sundrr hai  mjhe lena hai",0,
youtube,UgwsMKzfvank7DTRLqJ4AaABAg,2026-08-13T06:54:19Z,Solid kurta set dikhya vo office me daily wear shi rhenga?????,0,
youtube,Ugy63ouw5of3bjFbPa54AaABAg,2026-08-13T06:37:11Z,Shikha mam kindly share the link of red suit there’s not showing red suit link,4,
youtube,Ugzb-fPCsUqEZsHlbU94AaABAg,2026-08-13T07:09:54Z,Di red vale suit mein small size ni dikha rha,0,
youtube,UgxbwpfF5X3GortioEh4AaABAg,2026-08-13T06:50:22Z,Shikha mam red wala link please,0,
youtube,UgzXuZ60jbCz9yFuQXx4AaABAg,2026-08-13T06:56:18Z,"Haan, red suit ka link nhi dikha mujhe bhi",0,
youtube,Ugz5ume3CM1gXBDjNOR4AaABAg,2026-08-13T12:10:14Z,Aap jo khud pahne rahti h uski link kyon nahi deti?,0,
youtube,Ugzg_IHaEYERSMTE1SZ4AaABAg,2026-08-13T10:23:28Z,Red suit ka link nhi hai ....pls share kare,0,
youtube,UgxNwUs9s4NN8j-ziK54AaABAg,2026-08-13T09:34:41Z,Di please necklace link digiye,0,
youtube,UgxgXRtNQQHibajZi6x4AaABAg,2026-08-13T08:47:04Z,Mam red suit ka link  de dijiye,0,
youtube,UgxF1XRQjxX27mUGGmN4AaABAg,2026-08-13T06:40:57Z,Hi shikha Red kurta set ka link nhi diya aap ne,0,
youtube,UgzxjpB0apA8QmtxFNR4AaABAg,2026-08-13T06:44:55Z,Red kurta sets link. Dijiye,0,
youtube,Ugw32S2z96TceP0dvlh4AaABAg,2026-08-13T06:46:06Z,Sabse Sundar red wala hai uska link aapne dya he nhi hai😮,1,
youtube,UgzZC4qtIqjAt02DDmZ4AaABAg,2026-08-13T09:02:34Z,Red kurta set ka link nahi description me,0,
youtube,Ugwpqf7j91gA1vKHtzB4AaABAg,2026-08-13T07:51:20Z,Di red vale ka link please,0,
youtube,UgycCLcSlxDEwXqvKMR4AaABAg,2026-08-13T07:43:20Z,Red wale ka link ni h di,0,
youtube,UgxlB6EloXXrgehAxfx4AaABAg,2026-08-13T07:43:38Z,Red kurta link nhi di aapne,0,
youtube,UgxbvzcBdqIt80hH0mh4AaABAg,2026-08-13T06:38:17Z,Red vale ka Link kha h,1,
youtube,UgwADdiqhq94ubx0RsN4AaABAg,2026-08-13T06:43:47Z,Red suit ka link nhi hai,0,
youtube,UgxfBdylF3-E5kaiGPF4AaABAg,2026-08-13T08:43:46Z,No link for red colour dress,0,
youtube,UgzzBodbw1rTHgBFxeF4AaABAg,2026-08-13T06:38:11Z,Red kurta set ka link please,1,
youtube,UgyrCsEWQ_DyskRcyfF4AaABAg,2026-08-13T08:10:09Z,Red ka link nhi hai,0,
youtube,UgyJkoEI85HvFDaasZx4AaABAg,2026-08-13T08:10:32Z,View products mei bhi nhi show ho raha,0,
youtube,UgzDDteLxPF-6IEX6u54AaABAg,2026-08-13T06:47:24Z,Ek Indus suit ka link nhi hai,0,
youtube,UgymmtClMWmRfUTZGNF4AaABAg,2026-08-13T06:43:07Z,Red wala suit ka link Nai Hai,0,
youtube,UgxzgR_xm5fHGhoKFdd4AaABAg,2026-08-13T06:44:13Z,Red vala to hai hi nhi,0,
youtube,UgyopzkjMGDnOo5YuJZ4AaABAg,2026-08-13T08:41:08Z,Red ka link send Karo,0,
youtube,UgxEBW_mvSpMACfib2x4AaABAg,2026-08-13T10:41:38Z,Red suit no link,0,
youtube,UgzpOxmNqOR5tV6pk7R4AaABAg,2026-08-13T08:00:28Z,Pakhi collection bale bolte 7 se 9 din m received ho jayega but 20 days tk koi tracking id no bhi nhi na koi msg ka reply dete na call received karte h kya ye fake page h kya mam,0,
youtube,Ugy-dky0OEHcrFETBXF4AaABAg,2026-08-13T15:34:23Z,Bechare bachon ko bhi tv mute me dekhna pad ra 😅😅,0,
youtube,UgxT8HTdeNh0ljEMvzh4AaABAg,2026-08-18T11:55:30Z,Shikha ji Maine red suit mangwaya lekin jaisa aapane dikhaya vaisa nahin aaya yah company wale Dhokha karte hain ya aap hamare sath,0,
youtube,Ugy7iDB0iuvMDIQUiNF4AaABAg,2026-08-13T07:05:45Z,Aap kaise ho sikha please red wale kurta set kar link share karo,0,
youtube,Ugz9AbISz3s-RixcEdZ4AaABAg,2026-08-13T09:25:51Z,Link for red kurta set,0,
youtube,Ugz9LY2aCWCoJMQVPEt4AaABAg,2026-08-13T06:49:35Z,Red Wale suit ka link nhi hai,0,
youtube,UgyRnkBOjFPnz9I8O-Z4AaABAg,2026-08-13T08:59:44Z,Red suit link is not there,0,
youtube,UgyHBJOCteWjeadGOhN4AaABAg,2026-08-13T06:55:20Z,Red wale suit ka link nhi hai,0,
youtube,UgxHfR_gnQ1btqCtmhR4AaABAg,2026-08-13T18:08:59Z,Red wale ka link nhi hai,0,
youtube,Ugy7jyRnAmxCKkxYfF54AaABAg,2026-08-18T09:41:34Z,"Check community post for link 
If Links are not clickable please copy and paste anywhere and click them it will work .",2,
youtube,UgyzCZmBLYJuUDjCLjN4AaABAg,2026-08-18T16:42:58Z,Dii Can you please tell me what haircut is yours ..and how did you styled it 🤞 .It suits you so much 😭Please tell me 🥹 ..This is my first time commenting in any video,0,
youtube,UgxyeKgq8L7agl_Wc-l4AaABAg,2026-08-18T13:05:55Z,Mera naam bhi yogita hi hai 😊,2,
youtube,UgxMopRHAcL5pTWhpAp4AaABAg,2026-08-18T15:44:02Z,Brand ambassador of this song 😁,4,
youtube,UgzGj8XjXIx50de2ZzR4AaABAg,2026-08-18T10:41:00Z,"Which jeans are you wearing, been looking for this shade and style",0,
youtube,UgyTv5EndcRGzTS1Tkx4AaABAg,2026-08-18T10:47:26Z,Give away publically at 100k?,2,
youtube,Ugxl4BKjY4BZZxE2Apx4AaABAg,2026-08-18T16:05:08Z,link of the olive green top please i can't find it,1,
youtube,UgzuJe81rIg_-hzX2at4AaABAg,2026-08-18T16:15:03Z,Black heels link please,1,
youtube,Ugxsr4EpFFgu_bBukud4AaABAg,2026-08-18T11:17:58Z,What’s your height,1,
youtube,Ugz-wr41IR3RWEsN27R4AaABAg,2026-08-18T16:54:00Z,Green top link?,1,
youtube,UgyKv_T2M7Mha1h947V4AaABAg,2026-08-22T02:52:41Z,Jeans 👖 like please,0,
youtube,Ugys9gI25DW14xLuMbl4AaABAg,2026-08-21T19:09:47Z,I just love it ❤,0,
youtube,UgzUXNcYImFYlL-SAnB4AaABAg,2026-08-20T17:01:15Z,Didi ka favorites song h shayad😭🤌🏻,0,
youtube,UgzHh8R2mnvMWmauE-l4AaABAg,2026-08-21T15:40:40Z,She somehow resembles manisha rani  didi,0,
youtube,UgwmBcApYJFqLnAyPKh4AaABAg,2026-08-21T13:31:30Z,Brown kurta link,0,
youtube,Ugy_e6ML3q5IbyhvJVB4AaABAg,2025-09-10T10:55:59Z,Plss make a tutorial on how do u edit ur videos,0,
youtube,Ugwkl98cByTZxboK7BN4AaABAg,2026-07-15T15:15:24Z,I also have red top ❤,1,
youtube,Ugz9kKdOpKrmJw8wO_54AaABAg,2025-09-10T03:12:18Z,Please di community post par link share karo apke sare video ka kyunki tag Kara product link open nahi hota hain,0,
youtube,UgzOLns62mi1EaEVHqt4AaABAg,2026-07-11T17:00:10Z,Waaooo so preetyyyy can u please provide the link of trouser❤❤I like it❤️,1,
youtube,Ugw_5Fx2JrgwKHR_mGt4AaABAg,2026-07-23T03:01:17Z,pants links please which brand?,0,
youtube,UgzmQ5o05toa69EmdV54AaABAg,2026-05-09T15:51:21Z,2 re top ki link dedo please,3,
youtube,Ugxg0TBNuPQfbQU7sB54AaABAg,2026-07-12T11:24:04Z,Please send the link,0,
youtube,UgxxvjVoHdQWFyElpnJ4AaABAg,2026-05-31T12:57:24Z,2 nd top 🔗 link,0,
youtube,Ugzgk4HTwO5r4tQOu7x4AaABAg,2026-06-01T16:56:43Z,2nd top ki link,1,
youtube,UgwpOXYSowWx9n_tTUZ4AaABAg,2025-09-10T00:51:03Z,Jiji please messho se batvo ye to bohot mahnga hai 😢,2,
youtube,UgxFCTzKSaJgnlCfoL94AaABAg,2026-04-08T12:06:17Z,White valya mene lla,0,
reddit,Endofyearsale,2024-11-27,"[{""kind"": ""Listing"", ""data"": {""after"": null, ""dist"": 1, ""modhash"": ""s4o2i1782i8e2828ef7b0d43ef9f9e9510bd77c529a40e8c9d"", ""geo_filter"": """", ""children"": [{""kind"": ""t3"", ""data"": {""approved_at_utc"": null, ""subreddit"": ""IndianBeautyDeals"", ""selftext"": ""Same as title. "", ""user_reports"": [], ""saved"": false, ""mod_reason_title"": null, ""gilded"": 0, ""clicked"": false, ""title"": ""Anything worth buying on myntra now that their sale is on? "", ""link_flair_richtext"": [], ""subreddit_name_prefixed"": ""r/IndianBeautyDeals"", ""hidden"": false, ""pwls"": 6, ""link_flair_css_class"": """", ""downs"": 0, ""thumbnail_height"": null, ""top_awarded_type"": null, ""hide_score"": false, ""name"": ""t3_1h0vrhe"", ""quarantine"": false, ""link_flair_text_color"": ""dark"", ""upvote_ratio"": 0.89, ""author_flair_background_color"": null, ""subreddit_type"": ""public"", ""ups"": 19, ""total_awards_received"": 0, ""media_embed"": {}, ""thumbnail_width"": null, ""author_flair_template_id"": null, ""is_original_content"": false, ""author_fullname"": ""t2_p7t9q3aj"", ""secure_media"": null, ""is_reddit_media_domain"": false, ""is_meta"": false, ""category"": null, ""secure_media_embed"": {}, ""link_flair_text"": ""Sale/Discount Inquiry "", ""can_mod_post"": false, ""score"": 19, ""approved_by"": null, ""is_created_from_ads_ui"": false, ""author_premium"": false, ""thumbnail"": ""self"", ""edited"": false, ""author_flair_css_class"": null, ""author_flair_richtext"": [], ""gildings"": {}, ""content_categories"": null, ""is_self"": true, ""mod_note"": null, ""created"": 1732680794.0, ""link_flair_type"": ""text"", ""wls"": 6, ""removed_by_category"": null, ""banned_by"": null, ""author_flair_type"": ""text"", ""domain"": ""self.IndianBeautyDeals"", ""allow_live_comments"": false, ""selftext_html"": ""&lt;!-- SC_OFF --&gt;&lt;div class=\""md\""&gt;&lt;p&gt;Same as title. &lt;/p&gt;\n&lt;/div&gt;&lt;!-- SC_ON --&gt;"", ""likes"": null, ""suggested_sort"": null, ""banned_at_utc"": null, ""view_count"": null, ""archived"": false, ""no_follow"": false, ""is_crosspostable"": true, ""pinned"": false, ""over_18"": false, ""all_awardings"": [], ""awarders"": [], ""media_only"": false, ""link_flair_template_id"": ""3616167c-a0eb-11ed-9688-22765f7f2d48"", ""can_gild"": false, ""spoiler"": false, ""locked"": false, ""author_flair_text"": null, ""treatment_tags"": [], ""visited"": false, ""removed_by"": null, ""num_reports"": null, ""distinguished"": null, ""subreddit_id"": ""t5_39dg2c"", ""author_is_blocked"": false, ""mod_reason_by"": null, ""removal_reason"": null, ""link_flair_background_color"": ""#bbbdbf"", ""id"": ""1h0vrhe"", ""is_robot_indexable"": true, ""num_duplicates"": 0, ""report_reasons"": null, ""author"": ""purple_posaincs"", ""discussion_type"": null, ""num_comments"": 55, ""send_replies"": true, ""media"": null, ""contest_mode"": false, ""author_patreon_flair"": false, ""author_flair_text_color"": null, ""permalink"": ""/r/IndianBeautyDeals/comments/1h0vrhe/anything_worth_buying_on_myntra_now_that_their/"", ""stickied"": false, ""url"": ""https://www.reddit.com/r/IndianBeautyDeals/comments/1h0vrhe/anything_worth_buying_on_myntra_now_that_their/"", ""subreddit_subscribers"": 157137, ""created_utc"": 1732680794.0, ""num_crossposts"": 0, ""mod_reports"": [], ""is_video"": false}}], ""before"": null}}, {""kind"": ""Listing"", ""data"": {""after"": null, ""dist"": null, ""modhash"": ""s4o2i1782i8e2828ef7b0d43ef9f9e9510bd77c529a40e8c9d"", ""geo_filter"": """", ""children"": [{""kind"": ""t1"", ""data"": {""subreddit_id"": ""t5_39dg2c"", ""approved_at_utc"": null, ""author_is_blocked"": false, ""comment_type"": null, ""awarders"": [], ""mod_reason_by"": null, ""banned_by"": null, ""author_flair_type"": ""text"", ""total_awards_received"": 0, ""subreddit"": ""IndianBeautyDeals"", ""author_flair_template_id"": null, ""likes"": null, ""replies"": {""kind"": ""Listing"", ""data"": {""after"": null, ""dist"": null, ""modhash"": ""s4o2i1782i8e2828ef7b0d43ef9f9e9510bd77c529a40e8c9d"", ""geo_filter"": """", ""children"": [{""kind"": ""t1"", ""data"": {""total_awards_received"": 0, ""approved_at_utc"": null, ""author_is_blocked"": false, ""comment_type"": null, ""awarders"": [], ""mod_reason_by"": null, ""banned_by"": null, ""ups"": 1, ""removal_reason"": null, ""link_id"": ""t3_1h0vrhe"", ""author_flair_template_id"": null, ""likes"": null, ""replies"": {""kind"": ""Listing"", ""data"": {""after"": null, ""dist"": null, ""modhash"": ""s4o2i1782i8e2828ef7b0d43ef9f9e9510bd77c529a40e8c9d"", ""geo_filter"": """", ""children"": [{""kind"": ""t1"", ""data"": {""subreddit_id"": ""t5_39dg2c"", ""approved_at_utc"": null, ""author_is_blocked"": false, ""comment_type"": null, ""awarders"": [], ""mod_reason_by"": null, ""banned_by"": null, ""author_flair_type"": ""text"", ""total_awards_received"": 0, ""subreddit"": ""IndianBeautyDeals"", ""author_flair_template_id"": null, ""likes"": null, ""replies"": """", ""user_reports"": [], ""saved"": false, ""id"": ""lz7arya"", ""banned_at_utc"": null, ""mod_reason_title"": null, ""gilded"": 0, ""archived"": false, ""collapsed_reason_code"": null, ""no_follow"": false, ""author"": ""LazyPanda2211"", ""can_mod_post"": false, ""send_replies"": true, ""parent_id"": ""t1_lz79l84"", ""score"": 9, ""author_fullname"": ""t2_v9ha5jxv"", ""removal_reason"": null, ""approved_by"": null, ""mod_note"": null, ""all_awardings"": [], ""body"": ""From 7th or 8th Dec"", ""edited"": false, ""top_awarded_type"": null, ""downs"": 0, ""author_flair_css_class"": null, ""name"": ""t1_lz7arya"", ""is_submitter"": false, ""collapsed"": false, ""author_flair_richtext"": [], ""author_patreon_flair"": false, ""body_html"": ""&lt;div class=\""md\""&gt;&lt;p&gt;From 7th or 8th Dec&lt;/p&gt;\n&lt;/div&gt;"", ""gildings"": {}, ""collapsed_reason"": null, ""distinguished"": null, ""associated_award"": null, ""stickied"": false, ""author_premium"": false, ""can_gild"": false, ""link_id"": ""t3_1h0vrhe"", ""unrepliable_reason"": null, ""author_flair_text_color"": null, ""score_hidden"": false, ""permalink"": ""/r/IndianBeautyDeals/comments/1h0vrhe/anything_worth_buying_on_myntra_now_that_their/lz7arya/"", ""subreddit_type"": ""public"", ""locked"": false, ""report_reasons"": null, ""created"": 1732686942.0, ""author_flair_text"": null, ""treatment_tags"": [], ""created_utc"": 1732686942.0, ""subreddit_name_prefixed"": ""r/IndianBeautyDeals"", ""controversiality"": 0, ""depth"": 2, ""author_flair_background_color"": null, ""collapsed_because_crowd_control"": null, ""mod_reports"": [], ""num_reports"": null, ""ups"": 9}}, {""kind"": ""t1"", ""data"": {""subreddit_id"": ""t5_39dg2c"", ""approved_at_utc"": null, ""author_is_blocked"": false, ""comment_type"": null, ""awarders"": [], ""mod_reason_by"": null, ""banned_by"": null, ""author_flair_type"": ""text"", ""total_awards_received"": 0, ""subreddit"": ""IndianBeautyDeals"", ""author_flair_template_id"": null, ""likes"": null, ""replies"": """", ""user_reports"": [], ""saved"": false, ""id"": ""lz7dkvr"", ""banned_at_utc"": null, ""mod_reason_title"": null, ""gilded"": 0, ""archived"": false, ""collapsed_reason_code"": null, ""no_follow"": true, ""author"": ""Nearby-Turn1391"", ""can_mod_post"": false, ""send_replies"": true, ""parent_id"": ""t1_lz79l84"", ""score"": 3, ""author_fullname"": ""t2_fir4peal"", ""removal_reason"": null, ""approved_by"": null, ""mod_note"": null, ""all_awardings"": [], ""body"": ""![gif](giphy|nGwUR2miMBY4lXfLkt)"", ""edited"": false, ""top_awarded_type"": null, ""downs"": 0, ""author_flair_css_class"": null, ""name"": ""t1_lz7dkvr"", ""is_submitter"": false, ""collapsed"": false, ""author_flair_richtext"": [], ""author_patreon_flair"": false, ""body_html"": ""&lt;div class=\""md\""&gt;&lt;p&gt;&lt;a href=\""https://giphy.com/gifs/nGwUR2miMBY4lXfLkt\"" target=\""_blank\""&gt;&lt;img src=\""https://external-preview.redd.it/5ILgga0aaLrLVFZ5rBMa8iraSapzlF994uh0Wdwqo0M.gif?width=215&amp;height=200&amp;s=9f59d59c8070786c5072716f485f348c40080704\"" width=\""215\"" height=\""200\""&gt;&lt;/a&gt;&lt;/p&gt;\n&lt;/div&gt;"", ""gildings"": {}, ""collapsed_reason"": null, ""distinguished"": null, ""associated_award"": null, ""stickied"": false, ""author_premium"": false, ""can_gild"": false, ""link_id"": ""t3_1h0vrhe"", ""unrepliable_reason"": null, ""author_flair_text_color"": null, ""score_hidden"": false, ""permalink"": ""/r/IndianBeautyDeals/comments/1h0vrhe/anything_worth_buying_on_myntra_now_that_their/lz7dkvr/"", ""subreddit_type"": ""public"", ""locked"": false, ""report_reasons"": null, ""created"": 1732688468.0, ""media_metadata"": {""giphy|nGwUR2miMBY4lXfLkt"": {""status"": ""valid"", ""e"": ""AnimatedImage"", ""m"": ""image/gif"", ""ext"": ""https://giphy.com/gifs/nGwUR2miMBY4lXfLkt"", ""p"": [{""y"": 130, ""x"": 140, ""u"": ""https://b.thumbs.redditmedia.com/tN6I-WTe3s1j10o-MDuXt4cIGxkg9AKPohAc4jM7lfQ.jpg""}], ""s"": {""y"": 200, ""gif"": ""https://external-preview.redd.it/5ILgga0aaLrLVFZ5rBMa8iraSapzlF994uh0Wdwqo0M.gif?width=215&amp;height=200&amp;s=9f59d59c8070786c5072716f485f348c40080704"", ""mp4"": ""https://external-preview.redd.it/5ILgga0aaLrLVFZ5rBMa8iraSapzlF994uh0Wdwqo0M.gif?width=215&amp;height=200&amp;format=mp4&amp;s=16428ba26df8d21a329504df14bdf5ea77d01ef8"", ""x"": 215}, ""t"": ""giphy"", ""id"": ""giphy|nGwUR2miMBY4lXfLkt""}}, ""author_flair_text"": null, ""treatment_tags"": [], ""created_utc"": 1732688468.0, ""subreddit_name_prefixed"": ""r/IndianBeautyDeals"", ""controversiality"": 0, ""depth"": 2, ""author_flair_background_color"": null, ""collapsed_because_crowd_control"": null, ""mod_reports"": [], ""num_reports"": null, ""ups"": 3}}], ""before"": null}}, ""user_reports"": [], ""saved"": false, ""id"": ""lz79l84"", ""banned_at_utc"": null, ""mod_reason_title"": null, ""gilded"": 0, ""archived"": false, ""collapsed_reason_code"": null, ""no_follow"": true, ""author"": ""[deleted]"", ""can_mod_post"": false, ""send_replies"": true, ""parent_id"": ""t1_lz775ru"", ""score"": 1, ""approved_by"": null, ""report_reasons"": null, ""all_awardings"": [], ""subreddit_id"": ""t5_39dg2c"", ""body"": ""[deleted]"", ""edited"": false, ""author_flair_css_class"": null, ""collapsed"": false, ""downs"": 0, ""is_submitter"": false, ""body_html"": ""&lt;div class=\""md\""&gt;&lt;p&gt;[deleted]&lt;/p&gt;\n&lt;/div&gt;"", ""gildings"": {}, ""collapsed_reason"": null, ""associated_award"": null, ""stickied"": false, ""subreddit_type"": ""public"", ""can_gild"": false, ""top_awarded_type"": null, ""unrepliable_reason"": null, ""author_flair_text_color"": ""dark"", ""score_hidden"": false, ""permalink"": ""/r/IndianBeautyDeals/comments/1h0vrhe/anything_worth_buying_on_myntra_now_that_their/lz79l84/"", ""num_reports"": null, ""locked"": false, ""name"": ""t1_lz79l84"", ""created"": 1732686324.0, ""subreddit"": ""IndianBeautyDeals"", ""author_flair_text"": null, ""treatment_tags"": [], ""created_utc"": 1732686324.0, ""subreddit_name_prefixed"": ""r/IndianBeautyDeals"", ""controversiality"": 0, ""depth"": 1, ""author_flair_background_color"": """", ""collapsed_because_crowd_control"": null, ""mod_reports"": [], ""mod_note"": null, ""distinguished"": null}}], ""before"": null}}, ""user_reports"": [], ""saved"": false, ""id"": ""lz775ru"", ""banned_at_utc"": null, ""mod_reason_title"": null, ""gilded"": 0, ""archived"": false, ""collapsed_reason_code"": null, ""no_follow"": false, ""author"": ""whispersinside"", ""can_mod_post"": false, ""created_utc"": 1732685088.0, ""send_replies"": true, ""parent_id"": ""t3_1h0vrhe"", ""score"": 28, ""author_fullname"": ""t2_z3u2k0aap"", ""approved_by"": null, ""mod_note"": null, ""all_awardings"": [], ""collapsed"": false, ""body"": ""Things i wanted are not even on any discount. Will wait for dec eors for sure"", ""edited"": false, ""top_awarded_type"": null, ""author_flair_css_class"": null, ""name"": ""t1_lz775ru"", ""is_submitter"": false, ""downs"": 0, ""author_flair_richtext"": [], ""author_patreon_flair"": false, ""body_html"": ""&lt;div class=\""md\""&gt;&lt;p&gt;Things i wanted are not even on any discount. Will wait for dec eors for sure&lt;/p&gt;\n&lt;/div&gt;"", ""removal_reason"": null, ""collapsed_reason"": null, ""distinguished"": null, ""associated_award"": null, ""stickied"": false, ""author_premium"": false, ""can_gild"": false, ""gildings"": {}, ""unrepliable_reason"": null, ""author_flair_text_color"": null, ""score_hidden"": false, ""permalink"": ""/r/IndianBeautyDeals/comments/1h0vrhe/anything_worth_buying_on_myntra_now_that_their/lz775ru/"", ""subreddit_type"": ""public"", ""locked"": false, ""report_reasons"": null, ""created"": 1732685088.0, ""author_flair_text"": null, ""treatment_tags"": [], ""link_id"": ""t3_1h0vrhe"", ""subreddit_name_prefixed"": ""r/IndianBeautyDeals"", ""controversiality"": 0, ""depth"": 0, ""author_flair_background_color"": null, ""collapsed_because_crowd_control"": null, ""mod_reports"": [], ""num_reports"": null, ""ups"": 28}}, {""kind"": ""t1"", ""data"": {""subreddit_id"": ""t5_39dg2c"", ""approved_at_utc"": null, ""author_is_blocked"": false, ""comment_type"": null, ""awarders"": [], ""mod_reason_by"": null, ""banned_by"": null, ""author_flair_type"": ""text"", ""total_awards_received"": 0, ""subreddit"": ""IndianBeautyDeals"", ""author_flair_template_id"": null, ""likes"": null, ""replies"": {""kind"": ""Listing"", ""data"": {""after"": null, ""dist"": null, ""modhash"": ""s4o2i1782i8e2828ef7b0d43ef9f9e9510bd77c529a40e8c9d"", ""geo_filter"": """", ""children"": [{""kind"": ""t1"", ""data"": {""subreddit_id"": ""t5_39dg2c"", ""approved_at_utc"": null, ""author_is_blocked"": false, ""comment_type"": null, ""awarders"": [], ""mod_reason_by"": null, ""banned_by"": null, ""author_flair_type"": ""text"", ""total_awards_received"": 0, ""subreddit"": ""IndianBeautyDeals"", ""author_flair_template_id"": null, ""likes"": null, ""replies"": {""kind"": ""Listing"", ""data"": {""after"": null, ""dist"": null, ""modhash"": ""s4o2i1782i8e2828ef7b0d43ef9f9e9510bd77c529a40e8c9d"", ""geo_filter"": """", ""children"": [{""kind"": ""t1"", ""data"": {""subreddit_id"": ""t5_39dg2c"", ""approved_at_utc"": null, ""author_is_blocked"": false, ""comment_type"": null, ""awarders"": [], ""mod_reason_by"": null, ""banned_by"": null, ""author_flair_type"": ""text"", ""total_awards_received"": 0, ""subreddit"": ""IndianBeautyDeals"", ""author_flair_template_id"": null, ""likes"": null, ""replies"": {""kind"": ""Listing"", ""data"": {""after"": null, ""dist"": null, ""modhash"": ""s4o2i1782i8e2828ef7b0d43ef9f9e9510bd77c529a40e8c9d"", ""geo_filter"": """", ""children"": [{""kind"": ""t1"", ""data"": {""subreddit_id"": ""t5_39dg2c"", ""approved_at_utc"": null, ""author_is_blocked"": false, ""comment_type"": null, ""awarders"": [], ""mod_reason_by"": null, ""banned_by"": null, ""author_flair_type"": ""text"", ""total_awards_received"": 0, ""subreddit"": ""IndianBeautyDeals"", ""author_flair_template_id"": null, ""likes"": null, ""replies"": {""kind"": ""Listing"", ""data"": {""after"": null, ""dist"": null, ""modhash"": ""s4o2i1782i8e2828ef7b0d43ef9f9e9510bd77c529a40e8c9d"", ""geo_filter"": """", ""children"": [{""kind"": ""t1"", ""data"": {""subreddit_id"": ""t5_39dg2c"", ""approved_at_utc"": null, ""author_is_blocked"": false, ""comment_type"": null, ""awarders"": [], ""mod_reason_by"": null, ""banned_by"": null, ""author_flair_type"": ""text"", ""total_awards_received"": 0, ""subreddit"": ""IndianBeautyDeals"", ""author_flair_template_id"": null, ""distinguished"": null, ""likes"": null, ""replies"": {""kind"": ""Listing"", ""data"": {""after"": null, ""dist"": null, ""modhash"": ""s4o2i1782i8e2828ef7b0d43ef9f9e9510bd77c529a40e8c9d"", ""geo_filter"": """", ""children"": [{""kind"": ""t1"", ""data"": {""subreddit_id"": ""t5_39dg2c"", ""approved_at_utc"": null, ""author_is_blocked"": false, ""comment_type"": null, ""awarders"": [], ""mod_reason_by"": null, ""banned_by"": null, ""author_flair_type"": ""text"", ""total_awards_received"": 0, ""subreddit"": ""IndianBeautyDeals"", ""author_flair_template_id"": null, ""distinguished"": null, ""likes"": null, ""replies"": {""kind"": ""Listing"", ""data"": {""after"": null, ""dist"": null, ""modhash"": ""s4o2i1782i8e2828ef7b0d43ef9f9e9510bd77c529a40e8c9d"", ""geo_filter"": """", ""children"": [{""kind"": ""t1"", ""data"": {""subreddit_id"": ""t5_39dg2c"", ""approved_at_utc"": null, ""author_is_blocked"": false, ""comment_type"": null, ""awarders"": [], ""mod_reason_by"": null, ""banned_by"": null, ""author_flair_type"": ""text"", ""total_awards_received"": 0, ""subreddit"": ""IndianBeautyDeals"", ""author_flair_template_id"": null, ""distinguished"": null, ""likes"": null, ""replies"": """", ""user_reports"": [], ""saved"": false, ""id"": ""lz7bipd"", ""banned_at_utc"": null, ""mod_reason_title"": null, ""gilded"": 0, ""archived"": false, ""collapsed_reason_code"": null, ""no_follow"": true, ""author"": ""zampy911"", ""can_mod_post"": false, ""send_replies"": true, ""parent_id"": ""t1_lz7bfig"", ""score"": 1, ""author_fullname"": ""t2_7g2pipbgx"", ""approved_by"": null, ""mod_note"": null, ""all_awardings"": [], ""collapsed"": false, ""body"": ""Ohh got it. Thanks for the heads up"", ""edited"": false, ""gildings"": {}, ""author_flair_css_class"": null, ""name"": ""t1_lz7bipd"", ""is_submitter"": false, ""downs"": 0, ""author_flair_richtext"": [], ""author_patreon_flair"": false, ""body_html"": ""&lt;div class=\""md\""&gt;&lt;p&gt;Ohh got it. Thanks for the heads up&lt;/p&gt;\n&lt;/div&gt;"", ""removal_reason"": null, ""collapsed_reason"": null, ""link_id"": ""t3_1h0vrhe"", ""associated_award"": null, ""stickied"": false, ""author_premium"": false, ""can_gild"": false, ""top_awarded_type"": null, ""unrepliable_reason"": null, ""author_flair_text_color"": null, ""score_hidden"": false, ""permalink"": ""/r/IndianBeautyDeals/comments/1h0vrhe/anything_worth_buying_on_myntra_now_that_their/lz7bipd/"", ""subreddit_type"": ""public"", ""locked"": false, ""report_reasons"": null, ""created"": 1732687338.0, ""author_flair_text"": null, ""treatment_tags"": [], ""created_utc"": 1732687338.0, ""subreddit_name_prefixed"": ""r/IndianBeautyDeals"", ""controversiality"": 0, ""depth"": 6, ""author_flair_background_color"": null, ""collapsed_because_crowd_control"": null, ""mod_reports"": [], ""num_reports"": null, ""ups"": 1}}], ""before"": null}}, ""user_reports"": [], ""saved"": false, ""id"": ""lz7bfig"", ""banned_at_utc"": null, ""mod_reason_title"": null, ""gilded"": 0, ""archived"": false, ""collapsed_reason_code"": null, ""no_follow"": true, ""author"": ""Responsible-Trade752"", ""can_mod_post"": false, ""send_replies"": true, ""parent_id"": ""t1_lz7aibb"", ""score"": 2, ""author_fullname"": ""t2_lqtfgtb2"", ""approved_by"": null, ""mod_note"": null, ""all_awardings"": [], ""body"": ""It's the same one you've linked. The second one specifically."", ""edited"": false, ""gildings"": {}, ""downs"": 0, ""author_flair_css_class"": null, ""name"": ""t1_lz7bfig"", ""is_submitter"": false, ""collapsed"": false, ""author_flair_richtext"": [], ""author_patreon_flair"": false, ""body_html"": ""&lt;div class=\""md\""&gt;&lt;p&gt;It&amp;#39;s the same one you&amp;#39;ve linked. The second one specifically.&lt;/p&gt;\n&lt;/div&gt;"", ""removal_reason"": null, ""collapsed_reason"": null, ""link_id"": ""t3_1h0vrhe"", ""associated_award"": null, ""stickied"": false, ""author_premium"": false, ""can_gild"": false, ""top_awarded_type"": null, ""unrepliable_reason"": null, ""author_flair_text_color"": null, ""score_hidden"": false, ""permalink"": ""/r/IndianBeautyDeals/comments/1h0vrhe/anything_worth_buying_on_myntra_now_that_their/lz7bfig/"", ""subreddit_type"": ""public"", ""locked"": false, ""report_reasons"": null, ""created"": 1732687291.0, ""author_flair_text"": null, ""treatment_tags"": [], ""created_utc"": 1732687291.0, ""subreddit_name_prefixed"": ""r/IndianBeautyDeals"", ""controversiality"": 0, ""depth"": 5, ""author_flair_background_color"": null, ""collapsed_because_crowd_control"": null, ""mod_reports"": [], ""num_reports"": null, ""ups"": 2}}], ""before"": null}}, ""user_reports"": [], ""saved"": false, ""id"": ""lz7aibb"", ""banned_at_utc"": null, ""mod_reason_title"": null, ""gilded"": 0, ""archived"": false, ""collapsed_reason_code"": null, ""no_follow"": true, ""author"": ""zampy911"", ""can_mod_post"": false, ""send_replies"": true, ""parent_id"": ""t1_lz7acjx"", ""score"": 1, ""author_fullname"": ""t2_7g2pipbgx"", ""removal_reason"": null, ""approved_by"": null, ""mod_note"": null, ""all_awardings"": [], ""body"": ""Ohh.. Which one did you got? Cuz I have used one of the variants previously and quite liked the quality"", ""edited"": false, ""author_flair_css_class"": null, ""name"": ""t1_lz7aibb"", ""is_submitter"": false, ""downs"": 0, ""author_flair_richtext"": [], ""author_patreon_flair"": false, ""body_html"": ""&lt;div class=\""md\""&gt;&lt;p&gt;Ohh.. Which one did you got? Cuz I have used one of the variants previously and quite liked the quality&lt;/p&gt;\n&lt;/div&gt;"", ""gildings"": {}, ""collapsed_reason"": null, ""link_id"": ""t3_1h0vrhe"", ""associated_award"": null, ""stickied"": false, ""author_premium"": false, ""can_gild"": false, ""top_awarded_type"": null, ""unrepliable_reason"": null, ""author_flair_text_color"": null, ""treatment_tags"": [], ""score_hidden"": false, ""permalink"": ""/r/IndianBeautyDeals/comments/1h0vrhe/anything_worth_buying_on_myntra_now_that_their/lz7aibb/"", ""subreddit_type"": ""public"", ""locked"": false, ""report_reasons"": null, ""created"": 1732686801.0, ""author_flair_text"": null, ""collapsed"": false, ""created_utc"": 1732686801.0, ""subreddit_name_prefixed"": ""r/IndianBeautyDeals"", ""controversiality"": 0, ""depth"": 4, ""author_flair_background_color"": null, ""collapsed_because_crowd_control"": null, ""mod_reports"": [], ""num_reports"": null, ""ups"": 1}}], ""before"": null}}, ""user_reports"": [], ""saved"": false, ""id"": ""lz7acjx"", ""banned_at_utc"": null, ""mod_reason_title"": null, ""gilded"": 0, ""archived"": false, ""collapsed_reason_code"": null, ""no_follow"": false, ""author"": ""Responsible-Trade752"", ""can_mod_post"": false, ""send_replies"": true, ""parent_id"": ""t1_lz79x3m"", ""score"": 24, ""author_fullname"": ""t2_lqtfgtb2"", ""removal_reason"": null, ""approved_by"": null, ""mod_note"": null, ""all_awardings"": [], ""collapsed"": false, ""body"": ""DO NOT BUY THESE TEDDY JACKETS. I bought them a month ago and was sooo disappointed by the quality. It looked like it has been picked up from rag. I felt if I had to buy such bad quality I could easily find it in flee market at cheaper prices ew"", ""edited"": false, ""top_awarded_type"": null, ""author_flair_css_class"": null, ""name"": ""t1_lz7acjx"", ""is_submitter"": false, ""downs"": 0, ""author_flair_richtext"": [], ""author_patreon_flair"": false, ""body_html"": ""&lt;div class=\""md\""&gt;&lt;p&gt;DO NOT BUY THESE TEDDY JACKETS. I bought them a month ago and was sooo disappointed by the quality. It looked like it has been picked up from rag. I felt if I had to buy such bad quality I could easily find it in flee market at cheaper prices ew&lt;/p&gt;\n&lt;/div&gt;"", ""gildings"": {}, ""collapsed_reason"": null, ""distinguished"": null, ""associated_award"": null, ""stickied"": false, ""author_premium"": false, ""can_gild"": false, ""link_id"": ""t3_1h0vrhe"", ""unrepliable_reason"": null, ""author_flair_text_color"": null, ""score_hidden"": false, ""permalink"": ""/r/IndianBeautyDeals/comments/1h0vrhe/anything_worth_buying_on_myntra_now_that_their/lz7acjx/"", ""subreddit_type"": ""public"", ""locked"": false, ""report_reasons"": null, ""created"": 1732686719.0, ""author_flair_text"": null, ""treatment_tags"": [], ""created_utc"": 1732686719.0, ""subreddit_name_prefixed"": ""r/IndianBeautyDeals"", ""controversiality"": 0, ""depth"": 3, ""author_flair_background_color"": null, ""collapsed_because_crowd_control"": null, ""mod_reports"": [], ""num_reports"": null, ""ups"": 24}}], ""before"": null}}, ""user_reports"": [], ""saved"": false, ""id"": ""lz79x3m"", ""banned_at_utc"": null, ""mod_reason_title"": null, ""gilded"": 0, ""archived"": false, ""collapsed_reason_code"": null, ""no_follow"": false, ""author"": ""zampy911"", ""can_mod_post"": false, ""send_replies"": true, ""parent_id"": ""t1_lz74j27"", ""score"": 3, ""author_fullname"": ""t2_7g2pipbgx"", ""removal_reason"": null, ""approved_by"": null, ""mod_note"": null, ""all_awardings"": [], ""body"": ""\nH&amp;M Teddy Jacket http://www.myntra.com/mailers/topwear/h&amp;m/h&amp;m-teddy-jacket/28354788/buy?utm_source=social_share_pdp&amp;utm_medium=deeplink&amp;utm_campaign=social_share_pdp_deeplink on Myntra\n\nH&amp;M Teddy Jackets http://www.myntra.com/mailers/topwear/h&amp;m/h&amp;m-teddy-jackets/30760731/buy?utm_source=social_share_pdp&amp;utm_medium=deeplink&amp;utm_campaign=social_share_pdp_deeplink on Myntra\n\nH&amp;M Women Small Crossbody Bag http://www.myntra.com/mailers/bags/h&amp;m/h&amp;m-women-small-crossbody-bag/30134770/buy?utm_source=social_share_pdp&amp;utm_medium=deeplink&amp;utm_campaign=social_share_pdp_deeplink on Myntra"", ""edited"": false, ""top_awarded_type"": null, ""downs"": 0, ""author_flair_css_class"": null, ""name"": ""t1_lz79x3m"", ""is_submitter"": false, ""collapsed"": false, ""author_flair_richtext"": [], ""author_patreon_flair"": false, ""body_html"": ""&lt;div class=\""md\""&gt;&lt;p&gt;H&amp;amp;M Teddy Jacket &lt;a href=\""http://www.myntra.com/mailers/topwear/h&amp;amp;m/h&amp;amp;m-teddy-jacket/28354788/buy?utm_source=social_share_pdp&amp;amp;utm_medium=deeplink&amp;amp;utm_campaign=social_share_pdp_deeplink\""&gt;http://www.myntra.com/mailers/topwear/h&amp;amp;m/h&amp;amp;m-teddy-jacket/28354788/buy?utm_source=social_share_pdp&amp;amp;utm_medium=deeplink&amp;amp;utm_campaign=social_share_pdp_deeplink&lt;/a&gt; on Myntra&lt;/p&gt;\n\n&lt;p&gt;H&amp;amp;M Teddy Jackets &lt;a href=\""http://www.myntra.com/mailers/topwear/h&amp;amp;m/h&amp;amp;m-teddy-jackets/30760731/buy?utm_source=social_share_pdp&amp;amp;utm_medium=deeplink&amp;amp;utm_campaign=social_share_pdp_deeplink\""&gt;http://www.myntra.com/mailers/topwear/h&amp;amp;m/h&amp;amp;m-teddy-jackets/30760731/buy?utm_source=social_share_pdp&amp;amp;utm_medium=deeplink&amp;amp;utm_campaign=social_share_pdp_deeplink&lt;/a&gt; on Myntra&lt;/p&gt;\n\n&lt;p&gt;H&amp;amp;M Women Small Crossbody Bag &lt;a href=\""http://www.myntra.com/mailers/bags/h&amp;amp;m/h&amp;amp;m-women-small-crossbody-bag/30134770/buy?utm_source=social_share_pdp&amp;amp;utm_medium=deeplink&amp;amp;utm_campaign=social_share_pdp_deeplink\""&gt;http://www.myntra.com/mailers/bags/h&amp;amp;m/h&amp;amp;m-women-small-crossbody-bag/30134770/buy?utm_source=social_share_pdp&amp;amp;utm_medium=deeplink&amp;amp;utm_campaign=social_share_pdp_deeplink&lt;/a&gt; on Myntra&lt;/p&gt;\n&lt;/div&gt;"", ""gildings"": {}, ""collapsed_reason"": null, ""distinguished"": null, ""associated_award"": null, ""stickied"": false, ""author_premium"": false, ""can_gild"": false, ""link_id"": ""t3_1h0vrhe"", ""unrepliable_reason"": null, ""author_flair_text_color"": null, ""score_hidden"": false, ""permalink"": ""/r/IndianBeautyDeals/comments/1h0vrhe/anything_worth_buying_on_myntra_now_that_their/lz79x3m/"", ""subreddit_type"": ""public"", ""locked"": false, ""report_reasons"": null, ""created"": 1732686492.0, ""author_flair_text"": null, ""treatment_tags"": [], ""created_utc"": 1732686492.0, ""subreddit_name_prefixed"": ""r/IndianBeautyDeals"", ""controversiality"": 0, ""depth"": 2, ""author_flair_background_color"": null, ""collapsed_because_crowd_control"": null, ""mod_reports"": [], ""num_reports"": null, ""ups"": 3}}], ""before"": null}}, ""user_reports"": [], ""saved"": false, ""id"": ""lz74j27"", ""banned_at_utc"": null, ""mod_reason_title"": null, ""gilded"": 0, ""archived"": false, ""collapsed_reason_code"": null, ""no_follow"": false, ""author"": ""chaipecharchaaa"", ""can_mod_post"": false, ""created_utc"": 1732683805.0, ""send_replies"": true, ""parent_id"": ""t1_lz6yjtb"", ""score"": 6, ""author_fullname"": ""t2_ca3dc5age"", ""removal_reason"": null, ""approved_by"": null, ""mod_note"": null, ""all_awardings"": [], ""body"": ""Hey could u pls share the links or pics of what all u got? Thankyou \ud83e\udd0d"", ""edited"": false, ""top_awarded_type"": null, ""author_flair_css_class"": null, ""name"": ""t1_lz74j27"", ""is_submitter"": false, ""downs"": 0, ""author_flair_richtext"": [], ""author_patreon_flair"": false, ""body_html"": ""&lt;div class=\""md\""&gt;&lt;p&gt;Hey could u pls share the links or pics of what all u got? Thankyou \ud83e\udd0d&lt;/p&gt;\n&lt;/div&gt;"", ""gildings"": {}, ""collapsed_reason"": null, ""distinguished"": null, ""associated_award"": null, ""stickied"": false, ""author_premium"": false, ""can_gild"": false, ""link_id"": ""t3_1h0vrhe"", ""unrepliable_reason"": null, ""author_flair_text_color"": null, ""score_hidden"": false, ""permalink"": ""/r/IndianBeautyDeals/comments/1h0vrhe/anything_worth_buying_on_myntra_now_that_their/lz74j27/"", ""subreddit_type"": ""public"", ""locked"": false, ""report_reasons"": null, ""created"": 1732683805.0, ""author_flair_text"": null, ""treatment_tags"": [], ""collapsed"": false, ""subreddit_name_prefixed"": ""r/IndianBeautyDeals"", ""controversiality"": 0, ""depth"": 1, ""author_flair_background_color"": null, ""collapsed_because_crowd_control"": null, ""mod_reports"": [], ""num_reports"": null, ""ups"": 6}}, {""kind"": ""t1"", ""data"": {""subreddit_id"": ""t5_39dg2c"", ""approved_at_utc"": null, ""author_is_blocked"": false, ""comment_type"": null, ""awarders"": [], ""mod_reason_by"": null, ""banned_by"": null, ""author_flair_type"": ""text"", ""total_awards_received"": 0, ""subreddit"": ""IndianBeautyDeals"", ""author_flair_template_id"": null, ""likes"": null, ""replies"": {""kind"": ""Listing"", ""data"": {""after"": null, ""dist"": null, ""modhash"": ""s4o2i1782i8e2828ef7b0d43ef9f9e9510bd77c529a40e8c9d"", ""geo_filter"": """", ""children"": [{""kind"": ""t1"", ""data"": {""subreddit_id"": ""t5_39dg2c"", ""approved_at_utc"": null, ""author_is_blocked"": false, ""comment_type"": null, ""awarders"": [], ""mod_reason_by"": null, ""banned_by"": null, ""author_flair_type"": ""text"", ""total_awards_received"": 0, ""subreddit"": ""IndianBeautyDeals"", ""author_flair_template_id"": null, ""likes"": null, ""replies"": {""kind"": ""Listing"", ""data"": {""after"": null, ""dist"": null, ""modhash"": ""s4o2i1782i8e2828ef7b0d43ef9f9e9510bd77c529a40e8c9d"", ""geo_filter"": """", ""children"": [{""kind"": ""t1"", ""data"": {""subreddit_id"": ""t5_39dg2c"", ""approved_at_utc"": null, ""author_is_blocked"": false, ""comment_type"": null, ""awarders"": [], ""mod_reason_by"": null, ""banned_by"": null, ""author_flair_type"": ""text"", ""total_awards_received"": 0, ""subreddit"": ""IndianBeautyDeals"", ""author_flair_template_id"": null, ""likes"": null, ""replies"": {""kind"": ""Listing"", ""data"": {""after"": null, ""dist"": null, ""modhash"": ""s4o2i1782i8e2828ef7b0d43ef9f9e9510bd77c529a40e8c9d"", ""geo_filter"": """", ""children"": [{""kind"": ""t1"", ""data"": {""subreddit_id"": ""t5_39dg2c"", ""approved_at_utc"": null, ""author_is_blocked"": false, ""comment_type"": null, ""awarders"": [], ""mod_reason_by"": null, ""banned_by"": null, ""author_flair_type"": ""text"", ""total_awards_received"": 0, ""subreddit"": ""IndianBeautyDeals"", ""author_flair_template_id"": null, ""distinguished"": null, ""likes"": null, ""replies"": """", ""user_reports"": [], ""saved"": false, ""id"": ""lz94fiy"", ""banned_at_utc"": null, ""mod_reason_title"": null, ""gilded"": 0, ""archived"": false, ""collapsed_reason_code"": null, ""no_follow"": true, ""author"": ""poorvasaini"", ""can_mod_post"": false, ""send_replies"": true, ""parent_id"": ""t1_lz7d441"", ""score"": 1, ""author_fullname"": ""t2_actu56dp"", ""removal_reason"": null, ""approved_by"": null, ""mod_note"": null, ""all_awardings"": [], ""body"": ""Check max and amazon symbol."", ""edited"": false, ""author_flair_css_class"": null, ""name"": ""t1_lz94fiy"", ""is_submitter"": false, ""downs"": 0, ""author_flair_richtext"": [], ""author_patreon_flair"": false, ""body_html"": ""&lt;div class=\""md\""&gt;&lt;p&gt;Check max and amazon symbol.&lt;/p&gt;\n&lt;/div&gt;"", ""gildings"": {}, ""collapsed_reason"": null, ""link_id"": ""t3_1h0vrhe"", ""associated_award"": null, ""stickied"": false, ""author_premium"": false, ""can_gild"": false, ""top_awarded_type"": null, ""unrepliable_reason"": null, ""author_flair_text_color"": null, ""treatment_tags"": [], ""score_hidden"": false, ""permalink"": ""/r/IndianBeautyDeals/comments/1h0vrhe/anything_worth_buying_on_myntra_now_that_their/lz94fiy/"", ""subreddit_type"": ""public"", ""locked"": false, ""report_reasons"": null, ""created"": 1732720825.0, ""author_flair_text"": null, ""collapsed"": false, ""created_utc"": 1732720825.0, ""subreddit_name_prefixed"": ""r/IndianBeautyDeals"", ""controversiality"": 0, ""depth"": 4, ""author_flair_background_color"": null, ""collapsed_because_crowd_control"": null, ""mod_reports"": [], ""num_reports"": null, ""ups"": 1}}], ""before"": null}}, ""user_reports"": [], ""saved"": false, ""id"": ""lz7d441"", ""banned_at_utc"": null, ""mod_reason_title"": null, ""gilded"": 0, ""archived"": false, ""collapsed_reason_code"": null, ""no_follow"": true, ""author"": ""No_Routine7586"", ""can_mod_post"": false, ""send_replies"": true, ""parent_id"": ""t1_lz78sb2"", ""score"": 2, ""author_fullname"": ""t2_tvu3zi81c"", ""removal_reason"": null, ""approved_by"": null, ""mod_note"": null, ""all_awardings"": [], ""collapsed"": false, ""body"": ""Then which brand hoodie have best quality and also affordable"", ""edited"": false, ""top_awarded_type"": null, ""author_flair_css_class"": null, ""name"": ""t1_lz7d441"", ""is_submitter"": false, ""downs"": 0, ""author_flair_richtext"": [], ""author_patreon_flair"": false, ""body_html"": ""&lt;div class=\""md\""&gt;&lt;p&gt;Then which brand hoodie have best quality and also affordable&lt;/p&gt;\n&lt;/div&gt;"", ""gildings"": {}, ""collapsed_reason"": null, ""distinguished"": null, ""associated_award"": null, ""stickied"": false, ""author_premium"": false, ""can_gild"": false, ""link_id"": ""t3_1h0vrhe"", ""unrepliable_reason"": null, ""author_flair_text_color"": null, ""score_hidden"": false, ""permalink"": ""/r/IndianBeautyDeals/comments/1h0vrhe/anything_worth_buying_on_myntra_now_that_their/lz7d441/"", ""subreddit_type"": ""public"", ""locked"": false, ""report_reasons"": null, ""created"": 1732688207.0, ""author_flair_text"": null, ""treatment_tags"": [], ""created_utc"": 1732688207.0, ""subreddit_name_prefixed"": ""r/IndianBeautyDeals"", ""controversiality"": 0, ""depth"": 3, ""author_flair_background_color"": null, ""collapsed_because_crowd_control"": null, ""mod_reports"": [], ""num_reports"": null, ""ups"": 2}}], ""before"": null}}, ""user_reports"": [], ""saved"": false, ""id"": ""lz78sb2"", ""banned_at_utc"": null, ""mod_reason_title"": null, ""gilded"": 0, ""archived"": false, ""collapsed_reason_code"": null, ""no_follow"": true, ""author"": ""zampy911"", ""can_mod_post"": false, ""send_replies"": true, ""parent_id"": ""t1_lz754k2"", ""score"": 3, ""author_fullname"": ""t2_7g2pipbgx"", ""removal_reason"": null, ""approved_by"": null, ""mod_note"": null, ""all_awardings"": [], ""body"": ""Imo h&amp;m site sales are disappointing"", ""edited"": false, ""top_awarded_type"": null, ""downs"": 0, ""author_flair_css_class"": null, ""name"": ""t1_lz78sb2"", ""is_submitter"": false, ""collapsed"": false, ""author_flair_richtext"": [], ""author_patreon_flair"": false, ""body_html"": ""&lt;div class=\""md\""&gt;&lt;p&gt;Imo h&amp;amp;m site sales are disappointing&lt;/p&gt;\n&lt;/div&gt;"", ""gildings"": {}, ""collapsed_reason"": null, ""distinguished"": null, ""associated_award"": null, ""stickied"": false, ""author_premium"": false, ""can_gild"": false, ""link_id"": ""t3_1h0vrhe"", ""unrepliable_reason"": null, ""author_flair_text_color"": null, ""score_hidden"": false, ""permalink"": ""/r/IndianBeautyDeals/comments/1h0vrhe/anything_worth_buying_on_myntra_now_that_their/lz78sb2/"", ""subreddit_type"": ""public"", ""locked"": false, ""report_reasons"": null, ""created"": 1732685914.0, ""author_flair_text"": null, ""treatment_tags"": [], ""created_utc"": 1732685914.0, ""subreddit_name_prefixed"": ""r/IndianBeautyDeals"", ""controversiality"": 0, ""depth"": 2, ""author_flair_background_color"": null, ""collapsed_because_crowd_control"": null, ""mod_reports"": [], ""num_reports"": null, ""ups"": 3}}], ""before"": null}}, ""user_reports"": [], ""saved"": false, ""id"": ""lz754k2"", ""banned_at_utc"": null, ""mod_reason_title"": null, ""gilded"": 0, ""archived"": false, ""collapsed_reason_code"": null, ""no_follow"": false, ""author"": ""No_Routine7586"", ""can_mod_post"": false, ""created_utc"": 1732684091.0, ""send_replies"": true, ""parent_id"": ""t1_lz6yjtb"", ""score"": 3, ""author_fullname"": ""t2_tvu3zi81c"", ""removal_reason"": null, ""approved_by"": null, ""mod_note"": null, ""all_awardings"": [], ""body"": ""Can I get it from h&amp;m original website ....as their sale is also coming in two days....or unki qualities bhi jyada acchi hoti hain"", ""edited"": false, ""top_awarded_type"": null, ""author_flair_css_class"": null, ""name"": ""t1_lz754k2"", ""is_submitter"": false, ""downs"": 0, ""author_flair_richtext"": [], ""author_patreon_flair"": false, ""body_html"": ""&lt;div class=\""md\""&gt;&lt;p&gt;Can I get it from h&amp;amp;m original website ....as their sale is also coming in two days....or unki qualities bhi jyada acchi hoti hain&lt;/p&gt;\n&lt;/div&gt;"", ""gildings"": {}, ""collapsed_reason"": null, ""distinguished"": null, ""associated_award"": null, ""stickied"": false, ""author_premium"": false, ""can_gild"": false, ""link_id"": ""t3_1h0vrhe"", ""unrepliable_reason"": null, ""author_flair_text_color"": null, ""score_hidden"": false, ""permalink"": ""/r/IndianBeautyDeals/comments/1h0vrhe/anything_worth_buying_on_myntra_now_that_their/lz754k2/"", ""subreddit_type"": ""public"", ""locked"": false, ""report_reasons"": null, ""created"": 1732684091.0, ""author_flair_text"": null, ""treatment_tags"": [], ""collapsed"": false, ""subreddit_name_prefixed"": ""r/IndianBeautyDeals"", ""controversiality"": 0, ""depth"": 1, ""author_flair_background_color"": null, ""collapsed_because_crowd_control"": null, ""mod_reports"": [], ""num_reports"": null, ""ups"": 3}}], ""before"": null}}, ""user_reports"": [], ""saved"": false, ""id"": ""lz6yjtb"", ""banned_at_utc"": null, ""mod_reason_title"": null, ""gilded"": 0, ""archived"": false, ""collapsed_reason_code"": null, ""no_follow"": false, ""author"": ""zampy911"", ""can_mod_post"": false, ""created_utc"": 1732681107.0, ""send_replies"": true, ""parent_id"": ""t3_1h0vrhe"", ""score"": 18, ""author_fullname"": ""t2_7g2pipbgx"", ""approved_by"": null, ""mod_note"": null, ""all_awardings"": [], ""collapsed"": false, ""body"": ""I got a cross body bag and Jackets from H&amp;M. Their jacket quality is good."", ""edited"": false, ""top_awarded_type"": null, ""author_flair_css_class"": null, ""name"": ""t1_lz6yjtb"", ""is_submitter"": false, ""downs"": 0, ""author_flair_richtext"": [], ""author_patreon_flair"": false, ""body_html"": ""&lt;div class=\""md\""&gt;&lt;p&gt;I got a cross body bag and Jackets from H&amp;amp;M. Their jacket quality is good.&lt;/p&gt;\n&lt;/div&gt;"", ""removal_reason"": null, ""collapsed_reason"": null, ""distinguished"": null, ""associated_award"": null, ""stickied"": false, ""author_premium"": false, ""can_gild"": false, ""gildings"": {}, ""unrepliable_reason"": null, ""author_flair_text_color"": null, ""score_hidden"": false, ""permalink"": ""/r/IndianBeautyDeals/comments/1h0vrhe/anything_worth_buying_on_myntra_now_that_their/lz6yjtb/"", ""subreddit_type"": ""public"", ""locked"": false, ""report_reasons"": null, ""created"": 1732681107.0, ""author_flair_text"": null, ""treatment_tags"": [], ""link_id"": ""t3_1h0vrhe"", ""subreddit_name_prefixed"": ""r/IndianBeautyDeals"", ""controversiality"": 0, ""depth"": 0, ""author_flair_background_color"": null, ""collapsed_because_crowd_control"": null, ""mod_reports"": [], ""num_reports"": null, ""ups"": 18}}, {""kind"": ""t1"", ""data"": {""subreddit_id"": ""t5_39dg2c"", ""approved_at_utc"": null, ""author_is_blocked"": false, ""comment_type"": null, ""awarders"": [], ""mod_reason_by"": null, ""banned_by"": null, ""author_flair_type"": ""text"", ""total_awards_received"": 0, ""subreddit"": ""IndianBeautyDeals"", ""author_flair_template_id"": null, ""likes"": null, ""replies"": {""kind"": ""Listing"", ""data"": {""after"": null, ""dist"": null, ""modhash"": ""s4o2i1782i8e2828ef7b0d43ef9f9e9510bd77c529a40e8c9d"", ""geo_filter"": """", ""children"": [{""kind"": ""t1"", ""data"": {""total_awards_received"": 0, ""approved_at_utc"": null, ""author_is_blocked"": false, ""comment_type"": null, ""awarders"": [], ""mod_reason_by"": null, ""banned_by"": null, ""ups"": 12, ""removal_reason"": null, ""link_id"": ""t3_1h0vrhe"", ""author_flair_template_id"": null, ""likes"": null, ""replies"": {""kind"": ""Listing"", ""data"": {""after"": null, ""dist"": null, ""modhash"": ""s4o2i1782i8e2828ef7b0d43ef9f9e9510bd77c529a40e8c9d"", ""geo_filter"": """", ""children"": [{""kind"": ""t1"", ""data"": {""subreddit_id"": ""t5_39dg2c"", ""approved_at_utc"": null, ""author_is_blocked"": false, ""comment_type"": null, ""awarders"": [], ""mod_reason_by"": null, ""banned_by"": null, ""author_flair_type"": ""text"", ""total_awards_received"": 0, ""subreddit"": ""IndianBeautyDeals"", ""author_flair_template_id"": null, ""likes"": null, ""replies"": """", ""user_reports"": [], ""saved"": false, ""id"": ""lz78vqj"", ""banned_at_utc"": null, ""mod_reason_title"": null, ""gilded"": 0, ""archived"": false, ""collapsed_reason_code"": null, ""no_follow"": true, ""author"": ""LazyPanda2211"", ""can_mod_post"": false, ""send_replies"": true, ""parent_id"": ""t1_lz78e2f"", ""score"": 3, ""author_fullname"": ""t2_v9ha5jxv"", ""removal_reason"": null, ""approved_by"": null, ""mod_note"": null, ""all_awardings"": [], ""body"": ""Exactly... That's why just adding products to the wishlist rn"", ""edited"": false, ""top_awarded_type"": null, ""downs"": 0, ""author_flair_css_class"": null, ""name"": ""t1_lz78vqj"", ""is_submitter"": false, ""collapsed"": false, ""author_flair_richtext"": [], ""author_patreon_flair"": false, ""body_html"": ""&lt;div class=\""md\""&gt;&lt;p&gt;Exactly... That&amp;#39;s why just adding products to the wishlist rn&lt;/p&gt;\n&lt;/div&gt;"", ""gildings"": {}, ""collapsed_reason"": null, ""distinguished"": null, ""associated_award"": null, ""stickied"": false, ""author_premium"": false, ""can_gild"": false, ""link_id"": ""t3_1h0vrhe"", ""unrepliable_reason"": null, ""author_flair_text_color"": null, ""score_hidden"": false, ""permalink"": ""/r/IndianBeautyDeals/comments/1h0vrhe/anything_worth_buying_on_myntra_now_that_their/lz78vqj/"", ""subreddit_type"": ""public"", ""locked"": false, ""report_reasons"": null, ""created"": 1732685963.0, ""author_flair_text"": null, ""treatment_tags"": [], ""created_utc"": 1732685963.0, ""subreddit_name_prefixed"": ""r/IndianBeautyDeals"", ""controversiality"": 0, ""depth"": 2, ""author_flair_background_color"": null, ""collapsed_because_crowd_control"": null, ""mod_reports"": [], ""num_reports"": null, ""ups"": 3}}], ""before"": null}}, ""user_reports"": [], ""saved"": false, ""id"": ""lz78e2f"", ""banned_at_utc"": null, ""mod_reason_title"": null, ""gilded"": 0, ""archived"": false, ""collapsed_reason_code"": null, ""no_follow"": false, ""author"": ""[deleted]"", ""can_mod_post"": false, ""send_replies"": true, ""parent_id"": ""t1_lz75v2p"", ""score"": 12, ""approved_by"": null, ""report_reasons"": null, ""all_awardings"": [], ""subreddit_id"": ""t5_39dg2c"", ""body"": ""Nothing can beat eors prices \ud83d\ude2e\u200d\ud83d\udca8"", ""edited"": false, ""author_flair_css_class"": null, ""collapsed"": false, ""downs"": 0, ""is_submitter"": false, ""body_html"": ""&lt;div class=\""md\""&gt;&lt;p&gt;Nothing can beat eors prices \ud83d\ude2e\u200d\ud83d\udca8&lt;/p&gt;\n&lt;/div&gt;"", ""gildings"": {}, ""collapsed_reason"": null, ""associated_award"": null, ""stickied"": false, ""subreddit_type"": ""public"", ""can_gild"": false, ""top_awarded_type"": null, ""unrepliable_reason"": null, ""author_flair_text_color"": ""dark"", ""score_hidden"": false, ""permalink"": ""/r/IndianBeautyDeals/comments/1h0vrhe/anything_worth_buying_on_myntra_now_that_their/lz78e2f/"", ""num_reports"": null, ""locked"": false, ""name"": ""t1_lz78e2f"", ""created"": 1732685712.0, ""subreddit"": ""IndianBeautyDeals"", ""author_flair_text"": null, ""treatment_tags"": [], ""created_utc"": 1732685712.0, ""subreddit_name_prefixed"": ""r/IndianBeautyDeals"", ""controversiality"": 0, ""depth"": 1, ""author_flair_background_color"": """", ""collapsed_because_crowd_control"": null, ""mod_reports"": [], ""mod_note"": null, ""distinguished"": null}}], ""before"": null}}, ""user_reports"": [], ""saved"": false, ""id"": ""lz75v2p"", ""banned_at_utc"": null, ""mod_reason_title"": null, ""gilded"": 0, ""archived"": false, ""collapsed_reason_code"": null, ""no_follow"": false, ""author"": ""LazyPanda2211"", ""can_mod_post"": false, ""created_utc"": 1732684448.0, ""send_replies"": true, ""parent_id"": ""t3_1h0vrhe"", ""score"": 15, ""author_fullname"": ""t2_v9ha5jxv"", ""approved_by"": null, ""mod_note"": null, ""all_awardings"": [], ""collapsed"": false, ""body"": ""I'm planning to wait for EORS... It'll probably start from the 2nd week of December."", ""edited"": false, ""top_awarded_type"": null, ""author_flair_css_class"": null, ""name"": ""t1_lz75v2p"", ""is_submitter"": false, ""downs"": 0, ""author_flair_richtext"": [], ""author_patreon_flair"": false, ""body_html"": ""&lt;div class=\""md\""&gt;&lt;p&gt;I&amp;#39;m planning to wait for EORS... It&amp;#39;ll probably start from the 2nd week of December.&lt;/p&gt;\n&lt;/div&gt;"", ""removal_reason"": null, ""collapsed_reason"": null, ""distinguished"": null, ""associated_award"": null, ""stickied"": false, ""author_premium"": false, ""can_gild"": false, ""gildings"": {}, ""unrepliable_reason"": null, ""author_flair_text_color"": null, ""score_hidden"": false, ""permalink"": ""/r/IndianBeautyDeals/comments/1h0vrhe/anything_worth_buying_on_myntra_now_that_their/lz75v2p/"", ""subreddit_type"": ""public"", ""locked"": false, ""report_reasons"": null, ""created"": 1732684448.0, ""author_flair_text"": null, ""treatment_tags"": [], ""link_id"": ""t3_1h0vrhe"", ""subreddit_name_prefixed"": ""r/IndianBeautyDeals"", ""controversiality"": 0, ""depth"": 0, ""author_flair_background_color"": null, ""collapsed_because_crowd_control"": null, ""mod_reports"": [], ""num_reports"": null, ""ups"": 15}}, {""kind"": ""t1"", ""data"": {""subreddit_id"": ""t5_39dg2c"", ""approved_at_utc"": null, ""author_is_blocked"": false, ""comment_type"": null, ""awarders"": [], ""mod_reason_by"": null, ""banned_by"": null, ""author_flair_type"": ""text"", ""total_awards_received"": 0, ""subreddit"": ""IndianBeautyDeals"", ""author_flair_template_id"": null, ""likes"": null, ""replies"": {""kind"": ""Listing"", ""data"": {""after"": null, ""dist"": null, ""modhash"": ""s4o2i1782i8e2828ef7b0d43ef9f9e9510bd77c529a40e8c9d"", ""geo_filter"": """", ""children"": [{""kind"": ""t1"", ""data"": {""subreddit_id"": ""t5_39dg2c"", ""approved_at_utc"": null, ""author_is_blocked"": false, ""comment_type"": null, ""awarders"": [], ""mod_reason_by"": null, ""banned_by"": null, ""author_flair_type"": ""text"", ""total_awards_received"": 0, ""subreddit"": ""IndianBeautyDeals"", ""author_flair_template_id"": null, ""likes"": null, ""replies"": {""kind"": ""Listing"", ""data"": {""after"": null, ""dist"": null, ""modhash"": ""s4o2i1782i8e2828ef7b0d43ef9f9e9510bd77c529a40e8c9d"", ""geo_filter"": """", ""children"": [{""kind"": ""t1"", ""data"": {""subreddit_id"": ""t5_39dg2c"", ""approved_at_utc"": null, ""author_is_blocked"": false, ""comment_type"": null, ""awarders"": [], ""mod_reason_by"": null, ""banned_by"": null, ""author_flair_type"": ""text"", ""total_awards_received"": 0, ""subreddit"": ""IndianBeautyDeals"", ""author_flair_template_id"": null, ""likes"": null, ""replies"": """", ""user_reports"": [], ""saved"": false, ""id"": ""lz7e71y"", ""banned_at_utc"": null, ""mod_reason_title"": null, ""gilded"": 0, ""archived"": false, ""collapsed_reason_code"": null, ""no_follow"": true, ""author"": ""Fluid-Health-3754"", ""can_mod_post"": false, ""send_replies"": true, ""parent_id"": ""t1_lz7dxsv"", ""score"": 1, ""author_fullname"": ""t2_wtv9tvmfj"", ""removal_reason"": null, ""approved_by"": null, ""mod_note"": null, ""all_awardings"": [], ""body"": ""Jst search for bath and body works and sort by discount, thn add to cart and apply the coupon BEAUTYREWARDS and it will also give you options to use your supercoins( this could be account specific as well), also the coupon is not available for everything but most of the products."", ""edited"": false, ""top_awarded_type"": null, ""downs"": 0, ""author_flair_css_class"": null, ""name"": ""t1_lz7e71y"", ""is_submitter"": false, ""collapsed"": false, ""author_flair_richtext"": [], ""author_patreon_flair"": false, ""body_html"": ""&lt;div class=\""md\""&gt;&lt;p&gt;Jst search for bath and body works and sort by discount, thn add to cart and apply the coupon BEAUTYREWARDS and it will also give you options to use your supercoins( this could be account specific as well), also the coupon is not available for everything but most of the products.&lt;/p&gt;\n&lt;/div&gt;"", ""gildings"": {}, ""collapsed_reason"": null, ""distinguished"": null, ""associated_award"": null, ""stickied"": false, ""author_premium"": false, ""can_gild"": false, ""link_id"": ""t3_1h0vrhe"", ""unrepliable_reason"": null, ""author_flair_text_color"": null, ""score_hidden"": false, ""permalink"": ""/r/IndianBeautyDeals/comments/1h0vrhe/anything_worth_buying_on_myntra_now_that_their/lz7e71y/"", ""subreddit_type"": ""public"", ""locked"": false, ""report_reasons"": null, ""created"": 1732688807.0, ""author_flair_text"": null, ""treatment_tags"": [], ""created_utc"": 1732688807.0, ""subreddit_name_prefixed"": ""r/IndianBeautyDeals"", ""controversiality"": 0, ""depth"": 2, ""author_flair_background_color"": null, ""collapsed_because_crowd_control"": null, ""mod_reports"": [], ""num_reports"": null, ""ups"": 1}}], ""before"": null}}, ""user_reports"": [], ""saved"": false, ""id"": ""lz7dxsv"", ""banned_at_utc"": null, ""mod_reason_title"": null, ""gilded"": 0, ""archived"": false, ""collapsed_reason_code"": null, ""no_follow"": true, ""author"": ""Sad_Actuary_5316"", ""can_mod_post"": false, ""created_utc"": 1732688665.0, ""send_replies"": true, ""parent_id"": ""t1_lz7b7vz"", ""score"": 1, ""author_fullname"": ""t2_95corj5c"", ""removal_reason"": null, ""approved_by"": null, ""mod_note"": null, ""all_awardings"": [], ""body"": ""Hi pls can you share how to? Really need lotions."", ""edited"": false, ""top_awarded_type"": null, ""author_flair_css_class"": null, ""name"": ""t1_lz7dxsv"", ""is_submitter"": false, ""downs"": 0, ""author_flair_richtext"": [], ""author_patreon_flair"": false, ""body_html"": ""&lt;div class=\""md\""&gt;&lt;p&gt;Hi pls can you share how to? Really need lotions.&lt;/p&gt;\n&lt;/div&gt;"", ""gildings"": {}, ""collapsed_reason"": null, ""distinguished"": null, ""associated_award"": null, ""stickied"": false, ""author_premium"": false, ""can_gild"": false, ""link_id"": ""t3_1h0vrhe"", ""unrepliable_reason"": null, ""author_flair_text_color"": null, ""score_hidden"": false, ""permalink"": ""/r/IndianBeautyDeals/comments/1h0vrhe/anything_worth_buying_on_myntra_now_that_their/lz7dxsv/"", ""subreddit_type"": ""public"", ""locked"": false, ""report_reasons"": null, ""created"": 1732688665.0, ""author_flair_text"": null, ""treatment_tags"": [], ""collapsed"": false, ""subreddit_name_prefixed"": ""r/IndianBeautyDeals"", ""controversiality"": 0, ""depth"": 1, ""author_flair_background_color"": null, ""collapsed_because_crowd_control"": null, ""mod_reports"": [], ""num_reports"": null, ""ups"": 1}}, {""kind"": ""t1"", ""data"": {""subreddit_id"": ""t5_39dg2c"", ""approved_at_utc"": null, ""author_is_blocked"": false, ""comment_type"": null, ""awarders"": [], ""mod_reason_by"": null, ""banned_by"": null, ""author_flair_type"": ""text"", ""total_awards_received"": 0, ""subreddit"": ""IndianBeautyDeals"", ""author_flair_template_id"": null, ""likes"": null, ""replies"": {""kind"": ""Listing"", ""data"": {""after"": null, ""dist"": null, ""modhash"": ""s4o2i1782i8e2828ef7b0d43ef9f9e9510bd77c529a40e8c9d"", ""geo_filter"": """", ""children"": [{""kind"": ""t1"", ""data"": {""subreddit_id"": ""t5_39dg2c"", ""approved_at_utc"": null, ""author_is_blocked"": false, ""comment_type"": null, ""awarders"": [], ""mod_reason_by"": null, ""banned_by"": null, ""author_flair_type"": ""text"", ""total_awards_received"": 0, ""subreddit"": ""IndianBeautyDeals"", ""author_flair_template_id"": null, ""likes"": null, ""replies"": """", ""user_reports"": [], ""saved"": false, ""id"": ""lz7ekwn"", ""banned_at_utc"": null, ""mod_reason_title"": null, ""gilded"": 0, ""archived"": false, ""collapsed_reason_code"": null, ""no_follow"": true, ""author"": ""Fluid-Health-3754"", ""can_mod_post"": false, ""send_replies"": true, ""parent_id"": ""t1_lz7eaa1"", ""score"": 1, ""author_fullname"": ""t2_wtv9tvmfj"", ""removal_reason"": null, ""approved_by"": null, ""mod_note"": null, ""all_awardings"": [], ""body"": ""https://preview.redd.it/ejpvype12e3e1.jpeg?width=1290&amp;format=pjpg&amp;auto=webp&amp;s=f45194d300d496cdc25a0eb21fb890c77833a6b3\n\nSee\ud83e\udd70"", ""edited"": false, ""top_awarded_type"": null, ""downs"": 0, ""author_flair_css_class"": null, ""name"": ""t1_lz7ekwn"", ""is_submitter"": false, ""collapsed"": false, ""author_flair_richtext"": [], ""author_patreon_flair"": false, ""body_html"": ""&lt;div class=\""md\""&gt;&lt;p&gt;&lt;a href=\""https://preview.redd.it/ejpvype12e3e1.jpeg?width=1290&amp;amp;format=pjpg&amp;amp;auto=webp&amp;amp;s=f45194d300d496cdc25a0eb21fb890c77833a6b3\""&gt;https://preview.redd.it/ejpvype12e3e1.jpeg?width=1290&amp;amp;format=pjpg&amp;amp;auto=webp&amp;amp;s=f45194d300d496cdc25a0eb21fb890c77833a6b3&lt;/a&gt;&lt;/p&gt;\n\n&lt;p&gt;See\ud83e\udd70&lt;/p&gt;\n&lt;/div&gt;"", ""gildings"": {}, ""collapsed_reason"": null, ""distinguished"": null, ""associated_award"": null, ""stickied"": false, ""author_premium"": false, ""can_gild"": false, ""link_id"": ""t3_1h0vrhe"", ""unrepliable_reason"": null, ""author_flair_text_color"": null, ""score_hidden"": false, ""permalink"": ""/r/IndianBeautyDeals/comments/1h0vrhe/anything_worth_buying_on_myntra_now_that_their/lz7ekwn/"", ""subreddit_type"": ""public"", ""locked"": false, ""report_reasons"": null, ""created"": 1732689024.0, ""media_metadata"": {""ejpvype12e3e1"": {""status"": ""valid"", ""e"": ""Image"", ""m"": ""image/jpeg"", ""p"": [{""y"": 76, ""x"": 108, ""u"": ""https://preview.redd.it/ejpvype12e3e1.jpeg?width=108&amp;crop=smart&amp;auto=webp&amp;s=28549e86a81b794f9d1daa300f36eb80a0c4eb33""}, {""y"": 152, ""x"": 216, ""u"": ""https://preview.redd.it/ejpvype12e3e1.jpeg?width=216&amp;crop=smart&amp;auto=webp&amp;s=e4a0d15042a59ec6cf0cadbc41276357dc47f0a6""}, {""y"": 226, ""x"": 320, ""u"": ""https://preview.redd.it/ejpvype12e3e1.jpeg?width=320&amp;crop=smart&amp;auto=webp&amp;s=54ea6b869c07d2449128974308d500595c42b96b""}, {""y"": 452, ""x"": 640, ""u"": ""https://preview.redd.it/ejpvype12e3e1.jpeg?width=640&amp;crop=smart&amp;auto=webp&amp;s=1718c508e02fc17cdf651e7e696ac14ca95c149b""}, {""y"": 678, ""x"": 960, ""u"": ""https://preview.redd.it/ejpvype12e3e1.jpeg?width=960&amp;crop=smart&amp;auto=webp&amp;s=aad87613c91b2efbd2c9e5e267822d35cdc9b297""}, {""y"": 763, ""x"": 1080, ""u"": ""https://preview.redd.it/ejpvype12e3e1.jpeg?width=1080&amp;crop=smart&amp;auto=webp&amp;s=5217480aca055a054f877d292b420764c3d20924""}], ""s"": {""y"": 912, ""x"": 1290, ""u"": ""https://preview.redd.it/ejpvype12e3e1.jpeg?width=1290&amp;format=pjpg&amp;auto=webp&amp;s=f45194d300d496cdc25a0eb21fb890c77833a6b3""}, ""id"": ""ejpvype12e3e1""}}, ""author_flair_text"": null, ""treatment_tags"": [], ""created_utc"": 1732689024.0, ""subreddit_name_prefixed"": ""r/IndianBeautyDeals"", ""controversiality"": 0, ""depth"": 2, ""author_flair_background_color"": null, ""collapsed_because_crowd_control"": null, ""mod_reports"": [], ""num_reports"": null, ""ups"": 1}}], ""before"": null}}, ""user_reports"": [], ""saved"": false, ""id"": ""lz7eaa1"", ""banned_at_utc"": null, ""mod_reason_title"": null, ""gilded"": 0, ""archived"": false, ""collapsed_reason_code"": null, ""no_follow"": true, ""author"": ""purplehearts_x"", ""can_mod_post"": false, ""created_utc"": 1732688857.0, ""send_replies"": true, ""parent_id"": ""t1_lz7b7vz"", ""score"": 1, ""author_fullname"": ""t2_ty0xqksa"", ""removal_reason"": null, ""approved_by"": null, ""mod_note"": null, ""all_awardings"": [], ""body"": ""Howw"", ""edited"": false, ""top_awarded_type"": null, ""author_flair_css_class"": null, ""name"": ""t1_lz7eaa1"", ""is_submitter"": false, ""downs"": 0, ""author_flair_richtext"": [], ""author_patreon_flair"": false, ""body_html"": ""&lt;div class=\""md\""&gt;&lt;p&gt;Howw&lt;/p&gt;\n&lt;/div&gt;"", ""gildings"": {}, ""collapsed_reason"": null, ""distinguished"": null, ""associated_award"": null, ""stickied"": false, ""author_premium"": false, ""can_gild"": false, ""link_id"": ""t3_1h0vrhe"", ""unrepliable_reason"": null, ""author_flair_text_color"": null, ""score_hidden"": false, ""permalink"": ""/r/IndianBeautyDeals/comments/1h0vrhe/anything_worth_buying_on_myntra_now_that_their/lz7eaa1/"", ""subreddit_type"": ""public"", ""locked"": false, ""report_reasons"": null, ""created"": 1732688857.0, ""author_flair_text"": null, ""treatment_tags"": [], ""collapsed"": false, ""subreddit_name_prefixed"": ""r/IndianBeautyDeals"", ""controversiality"": 0, ""depth"": 1, ""author_flair_background_color"": null, ""collapsed_because_crowd_control"": null, ""mod_reports"": [], ""num_reports"": null, ""ups"": 1}}], ""before"": null}}, ""user_reports"": [], ""saved"": false, ""id"": ""lz7b7vz"", ""banned_at_utc"": null, ""mod_reason_title"": null, ""gilded"": 0, ""archived"": false, ""collapsed_reason_code"": null, ""no_follow"": false, ""author"": ""Fluid-Health-3754"", ""can_mod_post"": false, ""created_utc"": 1732687178.0, ""send_replies"": true, ""parent_id"": ""t3_1h0vrhe"", ""score"": 7, ""author_fullname"": ""t2_wtv9tvmfj"", ""approved_by"": null, ""mod_note"": null, ""all_awardings"": [], ""collapsed"": false, ""body"": ""BBW is on sale, esp w coupons and supercoins, u can get mists/lotions/shower gels for 500-600"", ""edited"": false, ""top_awarded_type"": null, ""author_flair_css_class"": null, ""name"": ""t1_lz7b7vz"", ""is_submitter"": false, ""downs"": 0, ""author_flair_richtext"": [], ""author_patreon_flair"": false, ""body_html"": ""&lt;div class=\""md\""&gt;&lt;p&gt;BBW is on sale, esp w coupons and supercoins, u can get mists/lotions/shower gels for 500-600&lt;/p&gt;\n&lt;/div&gt;"", ""removal_reason"": null, ""collapsed_reason"": null, ""distinguished"": null, ""associated_award"": null, ""stickied"": false, ""author_premium"": false, ""can_gild"": false, ""gildings"": {}, ""unrepliable_reason"": null, ""author_flair_text_color"": null, ""score_hidden"": false, ""permalink"": ""/r/IndianBeautyDeals/comments/1h0vrhe/anything_worth_buying_on_myntra_now_that_their/lz7b7vz/"", ""subreddit_type"": ""public"", ""locked"": false, ""report_reasons"": null, ""created"": 1732687178.0, ""author_flair_text"": null, ""treatment_tags"": [], ""link_id"": ""t3_1h0vrhe"", ""subreddit_name_prefixed"": ""r/IndianBeautyDeals"", ""controversiality"": 0, ""depth"": 0, ""author_flair_background_color"": null, ""collapsed_because_crowd_control"": null, ""mod_reports"": [], ""num_reports"": null, ""ups"": 7}}, {""kind"": ""t1"", ""data"": {""subreddit_id"": ""t5_39dg2c"", ""approved_at_utc"": null, ""author_is_blocked"": false, ""comment_type"": null, ""awarders"": [], ""mod_reason_by"": null, ""banned_by"": null, ""author_flair_type"": ""text"", ""total_awards_received"": 0, ""subreddit"": ""IndianBeautyDeals"", ""author_flair_template_id"": null, ""likes"": null, ""replies"": {""kind"": ""Listing"", ""data"": {""after"": null, ""dist"": null, ""modhash"": ""s4o2i1782i8e2828ef7b0d43ef9f9e9510bd77c529a40e8c9d"", ""geo_filter"": """", ""children"": [{""kind"": ""t1"", ""data"": {""subreddit_id"": ""t5_39dg2c"", ""approved_at_utc"": null, ""author_is_blocked"": false, ""comment_type"": null, ""awarders"": [], ""mod_reason_by"": null, ""banned_by"": null, ""author_flair_type"": ""text"", ""total_awards_received"": 0, ""subreddit"": ""IndianBeautyDeals"", ""author_flair_template_id"": null, ""likes"": null, ""replies"": """", ""user_reports"": [], ""saved"": false, ""id"": ""lz77pir"", ""banned_at_utc"": null, ""mod_reason_title"": null, ""gilded"": 0, ""archived"": false, ""collapsed_reason_code"": null, ""no_follow"": true, ""author"": ""Financial_Summer5300"", ""can_mod_post"": false, ""created_utc"": 1732685363.0, ""send_replies"": true, ""parent_id"": ""t1_lz752k7"", ""score"": 3, ""author_fullname"": ""t2_aj70ibkui"", ""removal_reason"": null, ""approved_by"": null, ""mod_note"": null, ""all_awardings"": [], ""body"": ""how\ud83d\ude2d"", ""edited"": false, ""top_awarded_type"": null, ""author_flair_css_class"": null, ""name"": ""t1_lz77pir"", ""is_submitter"": false, ""downs"": 0, ""author_flair_richtext"": [], ""author_patreon_flair"": false, ""body_html"": ""&lt;div class=\""md\""&gt;&lt;p&gt;how\ud83d\ude2d&lt;/p&gt;\n&lt;/div&gt;"", ""gildings"": {}, ""collapsed_reason"": null, ""distinguished"": null, ""associated_award"": null, ""stickied"": false, ""author_premium"": false, ""can_gild"": false, ""link_id"": ""t3_1h0vrhe"", ""unrepliable_reason"": null, ""author_flair_text_color"": null, ""score_hidden"": false, ""permalink"": ""/r/IndianBeautyDeals/comments/1h0vrhe/anything_worth_buying_on_myntra_now_that_their/lz77pir/"", ""subreddit_type"": ""public"", ""locked"": false, ""report_reasons"": null, ""created"": 1732685363.0, ""author_flair_text"": null, ""treatment_tags"": [], ""collapsed"": false, ""subreddit_name_prefixed"": ""r/IndianBeautyDeals"", ""controversiality"": 0, ""depth"": 1, ""author_flair_background_color"": null, ""collapsed_because_crowd_control"": null, ""mod_reports"": [], ""num_reports"": null, ""ups"": 3}}, {""kind"": ""t1"", ""data"": {""subreddit_id"": ""t5_39dg2c"", ""approved_at_utc"": null, ""author_is_blocked"": false, ""comment_type"": null, ""awarders"": [], ""mod_reason_by"": null, ""banned_by"": null, ""author_flair_type"": ""text"", ""total_awards_received"": 0, ""subreddit"": ""IndianBeautyDeals"", ""author_flair_template_id"": null, ""likes"": null, ""replies"": """", ""user_reports"": [], ""saved"": false, ""id"": ""lz7e95c"", ""banned_at_utc"": null, ""mod_reason_title"": null, ""gilded"": 0, ""archived"": false, ""collapsed_reason_code"": null, ""no_follow"": true, ""author"": ""purplehearts_x"", ""can_mod_post"": false, ""created_utc"": 1732688840.0, ""send_replies"": true, ""parent_id"": ""t1_lz752k7"", ""score"": 2, ""author_fullname"": ""t2_ty0xqksa"", ""removal_reason"": null, ""approved_by"": null, ""mod_note"": null, ""all_awardings"": [], ""body"": ""Howwww"", ""edited"": false, ""top_awarded_type"": null, ""author_flair_css_class"": null, ""name"": ""t1_lz7e95c"", ""is_submitter"": false, ""downs"": 0, ""author_flair_richtext"": [], ""author_patreon_flair"": false, ""body_html"": ""&lt;div class=\""md\""&gt;&lt;p&gt;Howwww&lt;/p&gt;\n&lt;/div&gt;"", ""gildings"": {}, ""collapsed_reason"": null, ""distinguished"": null, ""associated_award"": null, ""stickied"": false, ""author_premium"": false, ""can_gild"": false, ""link_id"": ""t3_1h0vrhe"", ""unrepliable_reason"": null, ""author_flair_text_color"": null, ""score_hidden"": false, ""permalink"": ""/r/IndianBeautyDeals/comments/1h0vrhe/anything_worth_buying_on_myntra_now_that_their/lz7e95c/"", ""subreddit_type"": ""public"", ""locked"": false, ""report_reasons"": null, ""created"": 1732688840.0, ""author_flair_text"": null, ""treatment_tags"": [], ""collapsed"": false, ""subreddit_name_prefixed"": ""r/IndianBeautyDeals"", ""controversiality"": 0, ""depth"": 1, ""author_flair_background_color"": null, ""collapsed_because_crowd_control"": null, ""mod_reports"": [], ""num_reports"": null, ""ups"": 2}}], ""before"": null}}, ""user_reports"": [], ""saved"": false, ""id"": ""lz752k7"", ""banned_at_utc"": null, ""mod_reason_title"": null, ""gilded"": 0, ""archived"": false, ""collapsed_reason_code"": null, ""no_follow"": false, ""author"": ""SilkRumble2021"", ""can_mod_post"": false, ""created_utc"": 1732684065.0, ""send_replies"": true, ""parent_id"": ""t3_1h0vrhe"", ""score"": 14, ""author_fullname"": ""t2_dhvxrjab"", ""approved_by"": null, ""mod_note"": null, ""all_awardings"": [], ""collapsed"": false, ""body"": ""Bath&amp;body works.. i bought shower gels at 540 ish"", ""edited"": false, ""top_awarded_type"": null, ""author_flair_css_class"": null, ""name"": ""t1_lz752k7"", ""is_submitter"": false, ""downs"": 0, ""author_flair_richtext"": [], ""author_patreon_flair"": false, ""body_html"": ""&lt;div class=\""md\""&gt;&lt;p&gt;Bath&amp;amp;body works.. i bought shower gels at 540 ish&lt;/p&gt;\n&lt;/div&gt;"", ""removal_reason"": null, ""collapsed_reason"": null, ""distinguished"": null, ""associated_award"": null, ""stickied"": false, ""author_premium"": false, ""can_gild"": false, ""gildings"": {}, ""unrepliable_reason"": null, ""author_flair_text_color"": null, ""score_hidden"": false, ""permalink"": ""/r/IndianBeautyDeals/comments/1h0vrhe/anything_worth_buying_on_myntra_now_that_their/lz752k7/"", ""subreddit_type"": ""public"", ""locked"": false, ""report_reasons"": null, ""created"": 1732684065.0, ""author_flair_text"": null, ""treatment_tags"": [], ""link_id"": ""t3_1h0vrhe"", ""subreddit_name_prefixed"": ""r/IndianBeautyDeals"", ""controversiality"": 0, ""depth"": 0, ""author_flair_background_color"": null, ""collapsed_because_crowd_control"": null, ""mod_reports"": [], ""num_reports"": null, ""ups"": 14}}, {""kind"": ""t1"", ""data"": {""subreddit_id"": ""t5_39dg2c"", ""approved_at_utc"": null, ""author_is_blocked"": false, ""comment_type"": null, ""awarders"": [], ""mod_reason_by"": null, ""banned_by"": null, ""author_flair_type"": ""text"", ""total_awards_received"": 0, ""subreddit"": ""IndianBeautyDeals"", ""author_flair_template_id"": null, ""likes"": null, ""replies"": {""kind"": ""Listing"", ""data"": {""after"": null, ""dist"": null, ""modhash"": ""s4o2i1782i8e2828ef7b0d43ef9f9e9510bd77c529a40e8c9d"", ""geo_filter"": """", ""children"": [{""kind"": ""t1"", ""data"": {""subreddit_id"": ""t5_39dg2c"", ""approved_at_utc"": null, ""author_is_blocked"": false, ""comment_type"": null, ""awarders"": [], ""mod_reason_by"": null, ""banned_by"": null, ""author_flair_type"": ""text"", ""total_awards_received"": 0, ""subreddit"": ""IndianBeautyDeals"", ""author_flair_template_id"": null, ""likes"": null, ""replies"": {""kind"": ""Listing"", ""data"": {""after"": null, ""dist"": null, ""modhash"": ""s4o2i1782i8e2828ef7b0d43ef9f9e9510bd77c529a40e8c9d"", ""geo_filter"": """", ""children"": [{""kind"": ""t1"", ""data"": {""total_awards_received"": 0, ""approved_at_utc"": null, ""author_is_blocked"": false, ""comment_type"": null, ""awarders"": [], ""mod_reason_by"": null, ""banned_by"": null, ""ups"": 3, ""removal_reason"": null, ""link_id"": ""t3_1h0vrhe"", ""author_flair_template_id"": null, ""likes"": null, ""replies"": """", ""user_reports"": [], ""saved"": false, ""id"": ""lz7e7jd"", ""banned_at_utc"": null, ""mod_reason_title"": null, ""gilded"": 0, ""archived"": false, ""collapsed_reason_code"": null, ""no_follow"": true, ""author"": ""[deleted]"", ""can_mod_post"": false, ""created_utc"": 1732688815.0, ""send_replies"": true, ""parent_id"": ""t1_lz794bi"", ""score"": 3, ""approved_by"": null, ""report_reasons"": null, ""all_awardings"": [], ""subreddit_id"": ""t5_39dg2c"", ""body"": ""Is bath &amp; body works gonna be on that sale too ? Wanna buy some mists"", ""edited"": false, ""author_flair_css_class"": null, ""downs"": 0, ""is_submitter"": false, ""body_html"": ""&lt;div class=\""md\""&gt;&lt;p&gt;Is bath &amp;amp; body works gonna be on that sale too ? Wanna buy some mists&lt;/p&gt;\n&lt;/div&gt;"", ""gildings"": {}, ""collapsed_reason"": null, ""associated_award"": null, ""stickied"": false, ""subreddit_type"": ""public"", ""can_gild"": false, ""top_awarded_type"": null, ""unrepliable_reason"": null, ""author_flair_text_color"": ""dark"", ""score_hidden"": false, ""permalink"": ""/r/IndianBeautyDeals/comments/1h0vrhe/anything_worth_buying_on_myntra_now_that_their/lz7e7jd/"", ""num_reports"": null, ""locked"": false, ""name"": ""t1_lz7e7jd"", ""created"": 1732688815.0, ""subreddit"": ""IndianBeautyDeals"", ""author_flair_text"": null, ""treatment_tags"": [], ""collapsed"": false, ""subreddit_name_prefixed"": ""r/IndianBeautyDeals"", ""controversiality"": 0, ""depth"": 2, ""author_flair_background_color"": """", ""collapsed_because_crowd_control"": null, ""mod_reports"": [], ""mod_note"": null, ""distinguished"": null}}, {""kind"": ""t1"", ""data"": {""subreddit_id"": ""t5_39dg2c"", ""approved_at_utc"": null, ""author_is_blocked"": false, ""comment_type"": null, ""awarders"": [], ""mod_reason_by"": null, ""banned_by"": null, ""author_flair_type"": ""text"", ""total_awards_received"": 0, ""subreddit"": ""IndianBeautyDeals"", ""author_flair_template_id"": null, ""likes"": null, ""replies"": """", ""user_reports"": [], ""saved"": false, ""id"": ""lz7op49"", ""banned_at_utc"": null, ""mod_reason_title"": null, ""gilded"": 0, ""archived"": false, ""collapsed_reason_code"": null, ""no_follow"": true, ""author"": ""Antique_Swing2072"", ""can_mod_post"": false, ""send_replies"": true, ""parent_id"": ""t1_lz794bi"", ""score"": 2, ""author_fullname"": ""t2_9rw7on7y"", ""removal_reason"": null, ""approved_by"": null, ""mod_note"": null, ""all_awardings"": [], ""body"": ""Thank you ji\ud83d\ude4f"", ""edited"": false, ""top_awarded_type"": null, ""downs"": 0, ""author_flair_css_class"": null, ""name"": ""t1_lz7op49"", ""is_submitter"": false, ""collapsed"": false, ""author_flair_richtext"": [], ""author_patreon_flair"": false, ""body_html"": ""&lt;div class=\""md\""&gt;&lt;p&gt;Thank you ji\ud83d\ude4f&lt;/p&gt;\n&lt;/div&gt;"", ""gildings"": {}, ""collapsed_reason"": null, ""distinguished"": null, ""associated_award"": null, ""stickied"": false, ""author_premium"": false, ""can_gild"": false, ""link_id"": ""t3_1h0vrhe"", ""unrepliable_reason"": null, ""author_flair_text_color"": null, ""score_hidden"": false, ""permalink"": ""/r/IndianBeautyDeals/comments/1h0vrhe/anything_worth_buying_on_myntra_now_that_their/lz7op49/"", ""subreddit_type"": ""public"", ""locked"": false, ""report_reasons"": null, ""created"": 1732695122.0, ""author_flair_text"": null, ""treatment_tags"": [], ""created_utc"": 1732695122.0, ""subreddit_name_prefixed"": ""r/IndianBeautyDeals"", ""controversiality"": 0, ""depth"": 2, ""author_flair_background_color"": null, ""collapsed_because_crowd_control"": null, ""mod_reports"": [], ""num_reports"": null, ""ups"": 2}}], ""before"": null}}, ""user_reports"": [], ""saved"": false, ""id"": ""lz794bi"", ""banned_at_utc"": null, ""mod_reason_title"": null, ""gilded"": 0, ""archived"": false, ""collapsed_reason_code"": null, ""no_follow"": false, ""author"": ""LazyPanda2211"", ""can_mod_post"": false, ""created_utc"": 1732686083.0, ""send_replies"": true, ""parent_id"": ""t1_lz75m1d"", ""score"": 6, ""author_fullname"": ""t2_v9ha5jxv"", ""removal_reason"": null, ""approved_by"": null, ""mod_note"": null, ""all_awardings"": [], ""body"": ""If possible just wait for 10 more days... It'll most likely go on discount during EORS... Then you can purchase it."", ""edited"": false, ""top_awarded_type"": null, ""author_flair_css_class"": null, ""name"": ""t1_lz794bi"", ""is_submitter"": false, ""downs"": 0, ""author_flair_richtext"": [], ""author_patreon_flair"": false, ""body_html"": ""&lt;div class=\""md\""&gt;&lt;p&gt;If possible just wait for 10 more days... It&amp;#39;ll most likely go on discount during EORS... Then you can purchase it.&lt;/p&gt;\n&lt;/div&gt;"", ""gildings"": {}, ""collapsed_reason"": null, ""distinguished"": null, ""associated_award"": null, ""stickied"": false, ""author_premium"": false, ""can_gild"": false, ""link_id"": ""t3_1h0vrhe"", ""unrepliable_reason"": null, ""author_flair_text_color"": null, ""score_hidden"": false, ""permalink"": ""/r/IndianBeautyDeals/comments/1h0vrhe/anything_worth_buying_on_myntra_now_that_their/lz794bi/"", ""subreddit_type"": ""public"", ""locked"": false, ""report_reasons"": null, ""created"": 1732686083.0, ""author_flair_text"": null, ""treatment_tags"": [], ""collapsed"": false, ""subreddit_name_prefixed"": ""r/IndianBeautyDeals"", ""controversiality"": 0, ""depth"": 1, ""author_flair_background_color"": null, ""collapsed_because_crowd_control"": null, ""mod_reports"": [], ""num_reports"": null, ""ups"": 6}}], ""before"": null}}, ""user_reports"": [], ""saved"": false, ""id"": ""lz75m1d"", ""banned_at_utc"": null, ""mod_reason_title"": null, ""gilded"": 0, ""archived"": false, ""collapsed_reason_code"": null, ""no_follow"": false, ""author"": ""Antique_Swing2072"", ""can_mod_post"": false, ""created_utc"": 1732684326.0, ""send_replies"": true, ""parent_id"": ""t3_1h0vrhe"", ""score"": 14, ""author_fullname"": ""t2_9rw7on7y"", ""approved_by"": null, ""mod_note"": null, ""all_awardings"": [], ""collapsed"": false, ""body"": ""item in my wishlist actually got expensive\ud83d\ude2d\ud83d\ude2d\ud83d\ude2d\ni wanted to gift it to my gf"", ""edited"": false, ""top_awarded_type"": null, ""author_flair_css_class"": null, ""name"": ""t1_lz75m1d"", ""is_submitter"": false, ""downs"": 0, ""author_flair_richtext"": [], ""author_patreon_flair"": false, ""body_html"": ""&lt;div class=\""md\""&gt;&lt;p&gt;item in my wishlist actually got expensive\ud83d\ude2d\ud83d\ude2d\ud83d\ude2d\ni wanted to gift it to my gf&lt;/p&gt;\n&lt;/div&gt;"", ""removal_reason"": null, ""collapsed_reason"": null, ""distinguished"": null, ""associated_award"": null, ""stickied"": false, ""author_premium"": false, ""can_gild"": false, ""gildings"": {}, ""unrepliable_reason"": null, ""author_flair_text_color"": null, ""score_hidden"": false, ""permalink"": ""/r/IndianBeautyDeals/comments/1h0vrhe/anything_worth_buying_on_myntra_now_that_their/lz75m1d/"", ""subreddit_type"": ""public"", ""locked"": false, ""report_reasons"": null, ""created"": 1732684326.0, ""author_flair_text"": null, ""treatment_tags"": [], ""link_id"": ""t3_1h0vrhe"", ""subreddit_name_prefixed"": ""r/IndianBeautyDeals"", ""controversiality"": 0, ""depth"": 0, ""author_flair_background_color"": null, ""collapsed_because_crowd_control"": null, ""mod_reports"": [], ""num_reports"": null, ""ups"": 14}}, {""kind"": ""t1"", ""data"": {""subreddit_id"": ""t5_39dg2c"", ""approved_at_utc"": null, ""author_is_blocked"": false, ""comment_type"": null, ""awarders"": [], ""mod_reason_by"": null, ""banned_by"": null, ""author_flair_type"": ""text"", ""total_awards_received"": 0, ""subreddit"": ""IndianBeautyDeals"", ""author_flair_template_id"": null, ""likes"": null, ""replies"": {""kind"": ""Listing"", ""data"": {""after"": null, ""dist"": null, ""modhash"": ""s4o2i1782i8e2828ef7b0d43ef9f9e9510bd77c529a40e8c9d"", ""geo_filter"": """", ""children"": [{""kind"": ""t1"", ""data"": {""subreddit_id"": ""t5_39dg2c"", ""approved_at_utc"": null, ""author_is_blocked"": false, ""comment_type"": null, ""awarders"": [], ""mod_reason_by"": null, ""banned_by"": null, ""author_flair_type"": ""text"", ""total_awards_received"": 0, ""subreddit"": ""IndianBeautyDeals"", ""author_flair_template_id"": null, ""likes"": null, ""replies"": """", ""user_reports"": [], ""saved"": false, ""id"": ""lz82olw"", ""banned_at_utc"": null, ""mod_reason_title"": null, ""gilded"": 0, ""archived"": false, ""collapsed_reason_code"": null, ""no_follow"": true, ""author"": ""Happiegeek"", ""can_mod_post"": false, ""created_utc"": 1732704348.0, ""send_replies"": true, ""parent_id"": ""t1_lz6zpgt"", ""score"": 1, ""author_fullname"": ""t2_e8lv4m5f"", ""removal_reason"": null, ""approved_by"": null, ""mod_note"": null, ""all_awardings"": [], ""body"": ""How is the quality?"", ""edited"": false, ""top_awarded_type"": null, ""author_flair_css_class"": null, ""name"": ""t1_lz82olw"", ""is_submitter"": false, ""downs"": 0, ""author_flair_richtext"": [], ""author_patreon_flair"": false, ""body_html"": ""&lt;div class=\""md\""&gt;&lt;p&gt;How is the quality?&lt;/p&gt;\n&lt;/div&gt;"", ""gildings"": {}, ""collapsed_reason"": null, ""distinguished"": null, ""associated_award"": null, ""stickied"": false, ""author_premium"": false, ""can_gild"": false, ""link_id"": ""t3_1h0vrhe"", ""unrepliable_reason"": null, ""author_flair_text_color"": null, ""score_hidden"": false, ""permalink"": ""/r/IndianBeautyDeals/comments/1h0vrhe/anything_worth_buying_on_myntra_now_that_their/lz82olw/"", ""subreddit_type"": ""public"", ""locked"": false, ""report_reasons"": null, ""created"": 1732704348.0, ""author_flair_text"": null, ""treatment_tags"": [], ""collapsed"": false, ""subreddit_name_prefixed"": ""r/IndianBeautyDeals"", ""controversiality"": 0, ""depth"": 1, ""author_flair_background_color"": null, ""collapsed_because_crowd_control"": null, ""mod_reports"": [], ""num_reports"": null, ""ups"": 1}}], ""before"": null}}, ""user_reports"": [], ""saved"": false, ""id"": ""lz6zpgt"", ""banned_at_utc"": null, ""mod_reason_title"": null, ""gilded"": 0, ""archived"": false, ""collapsed_reason_code"": null, ""no_follow"": false, ""author"": ""Suspicious-Coyote540"", ""can_mod_post"": false, ""created_utc"": 1732681611.0, ""send_replies"": true, ""parent_id"": ""t3_1h0vrhe"", ""score"": 5, ""author_fullname"": ""t2_uh1568cox"", ""approved_by"": null, ""mod_note"": null, ""all_awardings"": [], ""collapsed"": false, ""body"": ""You can check zink london website amazing sale is going on under 399"", ""edited"": false, ""top_awarded_type"": null, ""author_flair_css_class"": null, ""name"": ""t1_lz6zpgt"", ""is_submitter"": false, ""downs"": 0, ""author_flair_richtext"": [], ""author_patreon_flair"": false, ""body_html"": ""&lt;div class=\""md\""&gt;&lt;p&gt;You can check zink london website amazing sale is going on under 399&lt;/p&gt;\n&lt;/div&gt;"", ""removal_reason"": null, ""collapsed_reason"": null, ""distinguished"": null, ""associated_award"": null, ""stickied"": false, ""author_premium"": false, ""can_gild"": false, ""gildings"": {}, ""unrepliable_reason"": null, ""author_flair_text_color"": null, ""score_hidden"": false, ""permalink"": ""/r/IndianBeautyDeals/comments/1h0vrhe/anything_worth_buying_on_myntra_now_that_their/lz6zpgt/"", ""subreddit_type"": ""public"", ""locked"": false, ""report_reasons"": null, ""created"": 1732681611.0, ""author_flair_text"": null, ""treatment_tags"": [], ""link_id"": ""t3_1h0vrhe"", ""subreddit_name_prefixed"": ""r/IndianBeautyDeals"", ""controversiality"": 0, ""depth"": 0, ""author_flair_background_color"": null, ""collapsed_because_crowd_control"": null, ""mod_reports"": [], ""num_reports"": null, ""ups"": 5}}, {""kind"": ""t1"", ""data"": {""subreddit_id"": ""t5_39dg2c"", ""approved_at_utc"": null, ""author_is_blocked"": false, ""comment_type"": null, ""awarders"": [], ""mod_reason_by"": null, ""banned_by"": null, ""author_flair_type"": ""text"", ""total_awards_received"": 0, ""subreddit"": ""IndianBeautyDeals"", ""author_flair_template_id"": null, ""likes"": null, ""replies"": {""kind"": ""Listing"", ""data"": {""after"": null, ""dist"": null, ""modhash"": ""s4o2i1782i8e2828ef7b0d43ef9f9e9510bd77c529a40e8c9d"", ""geo_filter"": """", ""children"": [{""kind"": ""t1"", ""data"": {""subreddit_id"": ""t5_39dg2c"", ""approved_at_utc"": null, ""author_is_blocked"": false, ""comment_type"": null, ""awarders"": [], ""mod_reason_by"": null, ""banned_by"": null, ""author_flair_type"": ""text"", ""total_awards_received"": 0, ""subreddit"": ""IndianBeautyDeals"", ""author_flair_template_id"": null, ""likes"": null, ""replies"": {""kind"": ""Listing"", ""data"": {""after"": null, ""dist"": null, ""modhash"": ""s4o2i1782i8e2828ef7b0d43ef9f9e9510bd77c529a40e8c9d"", ""geo_filter"": """", ""children"": [{""kind"": ""t1"", ""data"": {""total_awards_received"": 0, ""approved_at_utc"": null, ""author_is_blocked"": false, ""comment_type"": null, ""awarders"": [], ""mod_reason_by"": null, ""banned_by"": null, ""ups"": 1, ""removal_reason"": null, ""link_id"": ""t3_1h0vrhe"", ""author_flair_template_id"": null, ""likes"": null, ""replies"": {""kind"": ""Listing"", ""data"": {""after"": null, ""dist"": null, ""modhash"": ""s4o2i1782i8e2828ef7b0d43ef9f9e9510bd77c529a40e8c9d"", ""geo_filter"": """", ""children"": [{""kind"": ""t1"", ""data"": {""subreddit_id"": ""t5_39dg2c"", ""approved_at_utc"": null, ""author_is_blocked"": false, ""comment_type"": null, ""awarders"": [], ""mod_reason_by"": null, ""banned_by"": null, ""author_flair_type"": ""text"", ""total_awards_received"": 0, ""subreddit"": ""IndianBeautyDeals"", ""author_flair_template_id"": null, ""likes"": null, ""replies"": {""kind"": ""Listing"", ""data"": {""after"": null, ""dist"": null, ""modhash"": ""s4o2i1782i8e2828ef7b0d43ef9f9e9510bd77c529a40e8c9d"", ""geo_filter"": """", ""children"": [{""kind"": ""t1"", ""data"": {""total_awards_received"": 0, ""approved_at_utc"": null, ""author_is_blocked"": false, ""comment_type"": null, ""awarders"": [], ""mod_reason_by"": null, ""banned_by"": null, ""ups"": 2, ""removal_reason"": null, ""link_id"": ""t3_1h0vrhe"", ""author_flair_template_id"": null, ""likes"": null, ""replies"": {""kind"": ""Listing"", ""data"": {""after"": null, ""dist"": null, ""modhash"": ""s4o2i1782i8e2828ef7b0d43ef9f9e9510bd77c529a40e8c9d"", ""geo_filter"": """", ""children"": [{""kind"": ""t1"", ""data"": {""subreddit_id"": ""t5_39dg2c"", ""approved_at_utc"": null, ""author_is_blocked"": false, ""comment_type"": null, ""awarders"": [], ""mod_reason_by"": null, ""banned_by"": null, ""author_flair_type"": ""text"", ""total_awards_received"": 0, ""subreddit"": ""IndianBeautyDeals"", ""author_flair_template_id"": null, ""distinguished"": null, ""likes"": null, ""replies"": """", ""user_reports"": [], ""saved"": false, ""id"": ""lz7h00m"", ""banned_at_utc"": null, ""mod_reason_title"": null, ""gilded"": 0, ""archived"": false, ""collapsed_reason_code"": null, ""no_follow"": true, ""author"": ""LlamaSidekick"", ""can_mod_post"": false, ""send_replies"": true, ""parent_id"": ""t1_lz7f428"", ""score"": 2, ""author_fullname"": ""t2_iojkm6816"", ""approved_by"": null, ""mod_note"": null, ""all_awardings"": [], ""body"": ""Semi Annual sales happen twice a year- I believe in June and December. Mostly the end of those months.\n\nCandle day (in the US) happens sometime on the 1st or 2nd week of December but no idea if it'll happen in India:(\n\nAnd this Friday (29th Nov) is Black Friday in the US so I'm hoping there is a sale in India as well."", ""edited"": false, ""gildings"": {}, ""downs"": 0, ""author_flair_css_class"": null, ""name"": ""t1_lz7h00m"", ""is_submitter"": false, ""collapsed"": false, ""author_flair_richtext"": [], ""author_patreon_flair"": false, ""body_html"": ""&lt;div class=\""md\""&gt;&lt;p&gt;Semi Annual sales happen twice a year- I believe in June and December. Mostly the end of those months.&lt;/p&gt;\n\n&lt;p&gt;Candle day (in the US) happens sometime on the 1st or 2nd week of December but no idea if it&amp;#39;ll happen in India:(&lt;/p&gt;\n\n&lt;p&gt;And this Friday (29th Nov) is Black Friday in the US so I&amp;#39;m hoping there is a sale in India as well.&lt;/p&gt;\n&lt;/div&gt;"", ""removal_reason"": null, ""collapsed_reason"": null, ""link_id"": ""t3_1h0vrhe"", ""associated_award"": null, ""stickied"": false, ""author_premium"": false, ""can_gild"": false, ""top_awarded_type"": null, ""unrepliable_reason"": null, ""author_flair_text_color"": null, ""score_hidden"": false, ""permalink"": ""/r/IndianBeautyDeals/comments/1h0vrhe/anything_worth_buying_on_myntra_now_that_their/lz7h00m/"", ""subreddit_type"": ""public"", ""locked"": false, ""report_reasons"": null, ""created"": 1732690393.0, ""author_flair_text"": null, ""treatment_tags"": [], ""created_utc"": 1732690393.0, ""subreddit_name_prefixed"": ""r/IndianBeautyDeals"", ""controversiality"": 0, ""depth"": 5, ""author_flair_background_color"": null, ""collapsed_because_crowd_control"": null, ""mod_reports"": [], ""num_reports"": null, ""ups"": 2}}], ""before"": null}}, ""user_reports"": [], ""saved"": false, ""id"": ""lz7f428"", ""banned_at_utc"": null, ""mod_reason_title"": null, ""gilded"": 0, ""archived"": false, ""collapsed_reason_code"": null, ""no_follow"": true, ""author"": ""[deleted]"", ""can_mod_post"": false, ""send_replies"": true, ""parent_id"": ""t1_lz7dxso"", ""score"": 2, ""approved_by"": null, ""report_reasons"": null, ""all_awardings"": [], ""subreddit_id"": ""t5_39dg2c"", ""body"": ""got it! any clue when that's coming?"", ""edited"": false, ""author_flair_css_class"": null, ""collapsed"": false, ""downs"": 0, ""is_submitter"": false, ""body_html"": ""&lt;div class=\""md\""&gt;&lt;p&gt;got it! any clue when that&amp;#39;s coming?&lt;/p&gt;\n&lt;/div&gt;"", ""gildings"": {}, ""collapsed_reason"": null, ""associated_award"": null, ""stickied"": false, ""subreddit_type"": ""public"", ""can_gild"": false, ""top_awarded_type"": null, ""unrepliable_reason"": null, ""author_flair_text_color"": ""dark"", ""score_hidden"": false, ""permalink"": ""/r/IndianBeautyDeals/comments/1h0vrhe/anything_worth_buying_on_myntra_now_that_their/lz7f428/"", ""num_reports"": null, ""locked"": false, ""name"": ""t1_lz7f428"", ""created"": 1732689323.0, ""subreddit"": ""IndianBeautyDeals"", ""author_flair_text"": null, ""treatment_tags"": [], ""created_utc"": 1732689323.0, ""subreddit_name_prefixed"": ""r/IndianBeautyDeals"", ""controversiality"": 0, ""depth"": 4, ""author_flair_background_color"": """", ""collapsed_because_crowd_control"": null, ""mod_reports"": [], ""mod_note"": null, ""distinguished"": null}}], ""before"": null}}, ""user_reports"": [], ""saved"": false, ""id"": ""lz7dxso"", ""banned_at_utc"": null, ""mod_reason_title"": null, ""gilded"": 0, ""archived"": false, ""collapsed_reason_code"": null, ""no_follow"": false, ""author"": ""LlamaSidekick"", ""can_mod_post"": false, ""send_replies"": true, ""parent_id"": ""t1_lz7buj0"", ""score"": 4, ""author_fullname"": ""t2_iojkm6816"", ""removal_reason"": null, ""approved_by"": null, ""mod_note"": null, ""all_awardings"": [], ""collapsed"": false, ""body"": ""Not for me. B1G1 is essentially 50% off and we'd get about 60-70% off during Semi Annual sale."", ""edited"": false, ""top_awarded_type"": null, ""author_flair_css_class"": null, ""name"": ""t1_lz7dxso"", ""is_submitter"": false, ""downs"": 0, ""author_flair_richtext"": [], ""author_patreon_flair"": false, ""body_html"": ""&lt;div class=\""md\""&gt;&lt;p&gt;Not for me. B1G1 is essentially 50% off and we&amp;#39;d get about 60-70% off during Semi Annual sale.&lt;/p&gt;\n&lt;/div&gt;"", ""gildings"": {}, ""collapsed_reason"": null, ""distinguished"": null, ""associated_award"": null, ""stickied"": false, ""author_premium"": false, ""can_gild"": false, ""link_id"": ""t3_1h0vrhe"", ""unrepliable_reason"": null, ""author_flair_text_color"": null, ""score_hidden"": false, ""permalink"": ""/r/IndianBeautyDeals/comments/1h0vrhe/anything_worth_buying_on_myntra_now_that_their/lz7dxso/"", ""subreddit_type"": ""public"", ""locked"": false, ""report_reasons"": null, ""created"": 1732688665.0, ""author_flair_text"": null, ""treatment_tags"": [], ""created_utc"": 1732688665.0, ""subreddit_name_prefixed"": ""r/IndianBeautyDeals"", ""controversiality"": 0, ""depth"": 3, ""author_flair_background_color"": null, ""collapsed_because_crowd_control"": null, ""mod_reports"": [], ""num_reports"": null, ""ups"": 4}}, {""kind"": ""t1"", ""data"": {""subreddit_id"": ""t5_39dg2c"", ""approved_at_utc"": null, ""author_is_blocked"": false, ""comment_type"": null, ""awarders"": [], ""mod_reason_by"": null, ""banned_by"": null, ""author_flair_type"": ""text"", ""total_awards_received"": 0, ""subreddit"": ""IndianBeautyDeals"", ""author_flair_template_id"": null, ""likes"": null, ""replies"": """", ""user_reports"": [], ""saved"": false, ""id"": ""lz7i22u"", ""banned_at_utc"": null, ""mod_reason_title"": null, ""gilded"": 0, ""archived"": false, ""collapsed_reason_code"": null, ""no_follow"": true, ""author"": ""AdventurousMusician6"", ""can_mod_post"": false, ""send_replies"": true, ""parent_id"": ""t1_lz7buj0"", ""score"": 2, ""author_fullname"": ""t2_44wgfwli"", ""removal_reason"": null, ""approved_by"": null, ""mod_note"": null, ""all_awardings"": [], ""collapsed"": false, ""body"": ""It should be around 700-800 to be considered a good deal. Some candles are priced at 500/- on myntra during the sales."", ""edited"": false, ""top_awarded_type"": null, ""author_flair_css_class"": null, ""name"": ""t1_lz7i22u"", ""is_submitter"": false, ""downs"": 0, ""author_flair_richtext"": [], ""author_patreon_flair"": false, ""body_html"": ""&lt;div class=\""md\""&gt;&lt;p&gt;It should be around 700-800 to be considered a good deal. Some candles are priced at 500/- on myntra during the sales.&lt;/p&gt;\n&lt;/div&gt;"", ""gildings"": {}, ""collapsed_reason"": null, ""distinguished"": null, ""associated_award"": null, ""stickied"": false, ""author_premium"": false, ""can_gild"": false, ""link_id"": ""t3_1h0vrhe"", ""unrepliable_reason"": null, ""author_flair_text_color"": null, ""score_hidden"": false, ""permalink"": ""/r/IndianBeautyDeals/comments/1h0vrhe/anything_worth_buying_on_myntra_now_that_their/lz7i22u/"", ""subreddit_type"": ""public"", ""locked"": false, ""report_reasons"": null, ""created"": 1732691017.0, ""author_flair_text"": null, ""treatment_tags"": [], ""created_utc"": 1732691017.0, ""subreddit_name_prefixed"": ""r/IndianBeautyDeals"", ""controversiality"": 0, ""depth"": 3, ""author_flair_background_color"": null, ""collapsed_because_crowd_control"": null, ""mod_reports"": [], ""num_reports"": null, ""ups"": 2}}], ""before"": null}}, ""user_reports"": [], ""saved"": false, ""id"": ""lz7buj0"", ""banned_at_utc"": null, ""mod_reason_title"": null, ""gilded"": 0, ""archived"": false, ""collapsed_reason_code"": null, ""no_follow"": true, ""author"": ""[deleted]"", ""can_mod_post"": false, ""created_utc"": 1732687514.0, ""send_replies"": true, ""parent_id"": ""t1_lz78vhe"", ""score"": 1, ""approved_by"": null, ""report_reasons"": null, ""all_awardings"": [], ""subreddit_id"": ""t5_39dg2c"", ""body"": ""is b1g1 a good deal on 3 wick candles?"", ""edited"": false, ""author_flair_css_class"": null, ""downs"": 0, ""is_submitter"": false, ""body_html"": ""&lt;div class=\""md\""&gt;&lt;p&gt;is b1g1 a good deal on 3 wick candles?&lt;/p&gt;\n&lt;/div&gt;"", ""gildings"": {}, ""collapsed_reason"": null, ""associated_award"": null, ""stickied"": false, ""subreddit_type"": ""public"", ""can_gild"": false, ""top_awarded_type"": null, ""unrepliable_reason"": null, ""author_flair_text_color"": ""dark"", ""score_hidden"": false, ""permalink"": ""/r/IndianBeautyDeals/comments/1h0vrhe/anything_worth_buying_on_myntra_now_that_their/lz7buj0/"", ""num_reports"": null, ""locked"": false, ""name"": ""t1_lz7buj0"", ""created"": 1732687514.0, ""subreddit"": ""IndianBeautyDeals"", ""author_flair_text"": null, ""treatment_tags"": [], ""collapsed"": false, ""subreddit_name_prefixed"": ""r/IndianBeautyDeals"", ""controversiality"": 0, ""depth"": 2, ""author_flair_background_color"": """", ""collapsed_because_crowd_control"": null, ""mod_reports"": [], ""mod_note"": null, ""distinguished"": null}}], ""before"": null}}, ""user_reports"": [], ""saved"": false, ""id"": ""lz78vhe"", ""banned_at_utc"": null, ""mod_reason_title"": null, ""gilded"": 0, ""archived"": false, ""collapsed_reason_code"": null, ""no_follow"": false, ""author"": ""LlamaSidekick"", ""can_mod_post"": false, ""created_utc"": 1732685959.0, ""send_replies"": true, ""parent_id"": ""t1_lz78gj6"", ""score"": 7, ""author_fullname"": ""t2_iojkm6816"", ""removal_reason"": null, ""approved_by"": null, ""mod_note"": null, ""all_awardings"": [], ""body"": ""Same! I'm hoping there's a candle day sale on the BBW website and very much looking forward to their Semi-Annual sale. At that time, prices are good on Myntra too!"", ""edited"": false, ""top_awarded_type"": null, ""author_flair_css_class"": null, ""name"": ""t1_lz78vhe"", ""is_submitter"": false, ""downs"": 0, ""author_flair_richtext"": [], ""author_patreon_flair"": false, ""body_html"": ""&lt;div class=\""md\""&gt;&lt;p&gt;Same! I&amp;#39;m hoping there&amp;#39;s a candle day sale on the BBW website and very much looking forward to their Semi-Annual sale. At that time, prices are good on Myntra too!&lt;/p&gt;\n&lt;/div&gt;"", ""gildings"": {}, ""collapsed_reason"": null, ""distinguished"": null, ""associated_award"": null, ""stickied"": false, ""author_premium"": false, ""can_gild"": false, ""link_id"": ""t3_1h0vrhe"", ""unrepliable_reason"": null, ""author_flair_text_color"": null, ""score_hidden"": false, ""permalink"": ""/r/IndianBeautyDeals/comments/1h0vrhe/anything_worth_buying_on_myntra_now_that_their/lz78vhe/"", ""subreddit_type"": ""public"", ""locked"": false, ""report_reasons"": null, ""created"": 1732685959.0, ""author_flair_text"": null, ""treatment_tags"": [], ""collapsed"": false, ""subreddit_name_prefixed"": ""r/IndianBeautyDeals"", ""controversiality"": 0, ""depth"": 1, ""author_flair_background_color"": null, ""collapsed_because_crowd_control"": null, ""mod_reports"": [], ""num_reports"": null, ""ups"": 7}}, {""kind"": ""t1"", ""data"": {""subreddit_id"": ""t5_39dg2c"", ""approved_at_utc"": null, ""author_is_blocked"": false, ""comment_type"": null, ""awarders"": [], ""mod_reason_by"": null, ""banned_by"": null, ""author_flair_type"": ""text"", ""total_awards_received"": 0, ""subreddit"": ""IndianBeautyDeals"", ""author_flair_template_id"": null, ""likes"": null, ""replies"": """", ""user_reports"": [], ""saved"": false, ""id"": ""lz79tij"", ""banned_at_utc"": null, ""mod_reason_title"": null, ""gilded"": 0, ""archived"": false, ""collapsed_reason_code"": null, ""no_follow"": true, ""author"": ""Fine-Okra11"", ""can_mod_post"": false, ""created_utc"": 1732686440.0, ""send_replies"": true, ""parent_id"": ""t1_lz78gj6"", ""score"": 1, ""author_fullname"": ""t2_u91ag3b0"", ""removal_reason"": null, ""approved_by"": null, ""mod_note"": null, ""all_awardings"": [], ""body"": ""Wait for candle day sales!"", ""edited"": false, ""top_awarded_type"": null, ""author_flair_css_class"": null, ""name"": ""t1_lz79tij"", ""is_submitter"": false, ""downs"": 0, ""author_flair_richtext"": [], ""author_patreon_flair"": false, ""body_html"": ""&lt;div class=\""md\""&gt;&lt;p&gt;Wait for candle day sales!&lt;/p&gt;\n&lt;/div&gt;"", ""gildings"": {}, ""collapsed_reason"": null, ""distinguished"": null, ""associated_award"": null, ""stickied"": false, ""author_premium"": false, ""can_gild"": false, ""link_id"": ""t3_1h0vrhe"", ""unrepliable_reason"": null, ""author_flair_text_color"": null, ""score_hidden"": false, ""permalink"": ""/r/IndianBeautyDeals/comments/1h0vrhe/anything_worth_buying_on_myntra_now_that_their/lz79tij/"", ""subreddit_type"": ""public"", ""locked"": false, ""report_reasons"": null, ""created"": 1732686440.0, ""author_flair_text"": null, ""treatment_tags"": [], ""collapsed"": false, ""subreddit_name_prefixed"": ""r/IndianBeautyDeals"", ""controversiality"": 0, ""depth"": 1, ""author_flair_background_color"": null, ""collapsed_because_crowd_control"": null, ""mod_reports"": [], ""num_reports"": null, ""ups"": 1}}, {""kind"": ""t1"", ""data"": {""subreddit_id"": ""t5_39dg2c"", ""approved_at_utc"": null, ""author_is_blocked"": false, ""comment_type"": null, ""awarders"": [], ""mod_reason_by"": null, ""banned_by"": null, ""author_flair_type"": ""text"", ""total_awards_received"": 0, ""subreddit"": ""IndianBeautyDeals"", ""author_flair_template_id"": null, ""likes"": null, ""replies"": {""kind"": ""Listing"", ""data"": {""after"": null, ""dist"": null, ""modhash"": ""s4o2i1782i8e2828ef7b0d43ef9f9e9510bd77c529a40e8c9d"", ""geo_filter"": """", ""children"": [{""kind"": ""t1"", ""data"": {""subreddit_id"": ""t5_39dg2c"", ""approved_at_utc"": null, ""author_is_blocked"": false, ""comment_type"": null, ""awarders"": [], ""mod_reason_by"": null, ""banned_by"": null, ""author_flair_type"": ""text"", ""total_awards_received"": 0, ""subreddit"": ""IndianBeautyDeals"", ""author_flair_template_id"": null, ""likes"": null, ""replies"": {""kind"": ""Listing"", ""data"": {""after"": null, ""dist"": null, ""modhash"": ""s4o2i1782i8e2828ef7b0d43ef9f9e9510bd77c529a40e8c9d"", ""geo_filter"": """", ""children"": [{""kind"": ""t1"", ""data"": {""subreddit_id"": ""t5_39dg2c"", ""approved_at_utc"": null, ""author_is_blocked"": false, ""comment_type"": null, ""awarders"": [], ""mod_reason_by"": null, ""banned_by"": null, ""author_flair_type"": ""text"", ""total_awards_received"": 0, ""subreddit"": ""IndianBeautyDeals"", ""author_flair_template_id"": null, ""likes"": null, ""replies"": """", ""user_reports"": [], ""saved"": false, ""id"": ""lz8v43w"", ""banned_at_utc"": null, ""mod_reason_title"": null, ""gilded"": 0, ""archived"": false, ""collapsed_reason_code"": null, ""no_follow"": true, ""author"": ""brook0810"", ""can_mod_post"": false, ""send_replies"": true, ""parent_id"": ""t1_lz8mene"", ""score"": 1, ""author_fullname"": ""t2_5iouv41mg"", ""removal_reason"": null, ""approved_by"": null, ""mod_note"": null, ""all_awardings"": [], ""collapsed"": false, ""body"": ""Yup! I recently bought a few candles as the winters are approaching and for gifting purposes too. I bought them from Alviya\u2019s apothecary, they\u2019re on Instagram. And trust me I\u2019m just feeling so much fomo as to why didn\u2019t I find her earlier!! They\u2019re soy wax candles and the scents are too good\ud83e\udd0c\ud83e\udd0c"", ""edited"": false, ""top_awarded_type"": null, ""author_flair_css_class"": null, ""name"": ""t1_lz8v43w"", ""is_submitter"": false, ""downs"": 0, ""author_flair_richtext"": [], ""author_patreon_flair"": false, ""body_html"": ""&lt;div class=\""md\""&gt;&lt;p&gt;Yup! I recently bought a few candles as the winters are approaching and for gifting purposes too. I bought them from Alviya\u2019s apothecary, they\u2019re on Instagram. And trust me I\u2019m just feeling so much fomo as to why didn\u2019t I find her earlier!! They\u2019re soy wax candles and the scents are too good\ud83e\udd0c\ud83e\udd0c&lt;/p&gt;\n&lt;/div&gt;"", ""gildings"": {}, ""collapsed_reason"": null, ""distinguished"": null, ""associated_award"": null, ""stickied"": false, ""author_premium"": false, ""can_gild"": false, ""link_id"": ""t3_1h0vrhe"", ""unrepliable_reason"": null, ""author_flair_text_color"": null, ""score_hidden"": false, ""permalink"": ""/r/IndianBeautyDeals/comments/1h0vrhe/anything_worth_buying_on_myntra_now_that_their/lz8v43w/"", ""subreddit_type"": ""public"", ""locked"": false, ""report_reasons"": null, ""created"": 1732717607.0, ""author_flair_text"": null, ""treatment_tags"": [], ""created_utc"": 1732717607.0, ""subreddit_name_prefixed"": ""r/IndianBeautyDeals"", ""controversiality"": 0, ""depth"": 3, ""author_flair_background_color"": null, ""collapsed_because_crowd_control"": null, ""mod_reports"": [], ""num_reports"": null, ""ups"": 1}}], ""before"": null}}, ""user_reports"": [], ""saved"": false, ""id"": ""lz8mene"", ""banned_at_utc"": null, ""mod_reason_title"": null, ""gilded"": 0, ""archived"": false, ""collapsed_reason_code"": null, ""no_follow"": true, ""author"": ""AdventurousMusician6"", ""can_mod_post"": false, ""send_replies"": true, ""parent_id"": ""t1_lz8lhrf"", ""score"": 1, ""author_fullname"": ""t2_44wgfwli"", ""removal_reason"": null, ""approved_by"": null, ""mod_note"": null, ""all_awardings"": [], ""body"": ""Yep! I have forgotten about this case. Thanks for reminding. Can you suggest any better alternatives?"", ""edited"": false, ""top_awarded_type"": null, ""downs"": 0, ""author_flair_css_class"": null, ""name"": ""t1_lz8mene"", ""is_submitter"": false, ""collapsed"": false, ""author_flair_richtext"": [], ""author_patreon_flair"": false, ""body_html"": ""&lt;div class=\""md\""&gt;&lt;p&gt;Yep! I have forgotten about this case. Thanks for reminding. Can you suggest any better alternatives?&lt;/p&gt;\n&lt;/div&gt;"", ""gildings"": {}, ""collapsed_reason"": null, ""distinguished"": null, ""associated_award"": null, ""stickied"": false, ""author_premium"": false, ""can_gild"": false, ""link_id"": ""t3_1h0vrhe"", ""unrepliable_reason"": null, ""author_flair_text_color"": null, ""score_hidden"": false, ""permalink"": ""/r/IndianBeautyDeals/comments/1h0vrhe/anything_worth_buying_on_myntra_now_that_their/lz8mene/"", ""subreddit_type"": ""public"", ""locked"": false, ""report_reasons"": null, ""created"": 1732714310.0, ""author_flair_text"": null, ""treatment_tags"": [], ""created_utc"": 1732714310.0, ""subreddit_name_prefixed"": ""r/IndianBeautyDeals"", ""controversiality"": 0, ""depth"": 2, ""author_flair_background_color"": null, ""collapsed_because_crowd_control"": null, ""mod_reports"": [], ""num_reports"": null, ""ups"": 1}}], ""before"": null}}, ""user_reports"": [], ""saved"": false, ""id"": ""lz8lhrf"", ""banned_at_utc"": null, ""mod_reason_title"": null, ""gilded"": 0, ""archived"": false, ""collapsed_reason_code"": null, ""no_follow"": true, ""author"": ""brook0810"", ""can_mod_post"": false, ""created_utc"": 1732713949.0, ""send_replies"": true, ""parent_id"": ""t1_lz78gj6"", ""score"": 1, ""author_fullname"": ""t2_5iouv41mg"", ""removal_reason"": null, ""approved_by"": null, ""mod_note"": null, ""all_awardings"": [], ""body"": ""Hello! This is totally unrelated but since I\u2019m an individual who loveees candles but is wary of problematic candles I highly do not recommend BBW candles. They contain paraffin wax which is really toxic and produce carcinogens. So a heads up!"", ""edited"": false, ""top_awarded_type"": null, ""author_flair_css_class"": null, ""name"": ""t1_lz8lhrf"", ""is_submitter"": false, ""downs"": 0, ""author_flair_richtext"": [], ""author_patreon_flair"": false, ""body_html"": ""&lt;div class=\""md\""&gt;&lt;p&gt;Hello! This is totally unrelated but since I\u2019m an individual who loveees candles but is wary of problematic candles I highly do not recommend BBW candles. They contain paraffin wax which is really toxic and produce carcinogens. So a heads up!&lt;/p&gt;\n&lt;/div&gt;"", ""gildings"": {}, ""collapsed_reason"": null, ""distinguished"": null, ""associated_award"": null, ""stickied"": false, ""author_premium"": false, ""can_gild"": false, ""link_id"": ""t3_1h0vrhe"", ""unrepliable_reason"": null, ""author_flair_text_color"": null, ""score_hidden"": false, ""permalink"": ""/r/IndianBeautyDeals/comments/1h0vrhe/anything_worth_buying_on_myntra_now_that_their/lz8lhrf/"", ""subreddit_type"": ""public"", ""locked"": false, ""report_reasons"": null, ""created"": 1732713949.0, ""author_flair_text"": null, ""treatment_tags"": [], ""collapsed"": false, ""subreddit_name_prefixed"": ""r/IndianBeautyDeals"", ""controversiality"": 0, ""depth"": 1, ""author_flair_background_color"": null, ""collapsed_because_crowd_control"": null, ""mod_reports"": [], ""num_reports"": null, ""ups"": 1}}], ""before"": null}}, ""user_reports"": [], ""saved"": false, ""id"": ""lz78gj6"", ""banned_at_utc"": null, ""mod_reason_title"": null, ""gilded"": 0, ""archived"": false, ""collapsed_reason_code"": null, ""no_follow"": false, ""author"": ""AdventurousMusician6"", ""can_mod_post"": false, ""created_utc"": 1732685747.0, ""send_replies"": true, ""parent_id"": ""t3_1h0vrhe"", ""score"": 10, ""author_fullname"": ""t2_44wgfwli"", ""approved_by"": null, ""mod_note"": null, ""all_awardings"": [], ""collapsed"": false, ""body"": ""I need BBW candles\ud83e\udd1e"", ""edited"": false, ""top_awarded_type"": null, ""author_flair_css_class"": null, ""name"": ""t1_lz78gj6"", ""is_submitter"": false, ""downs"": 0, ""author_flair_richtext"": [], ""author_patreon_flair"": false, ""body_html"": ""&lt;div class=\""md\""&gt;&lt;p&gt;I need BBW candles\ud83e\udd1e&lt;/p&gt;\n&lt;/div&gt;"", ""removal_reason"": null, ""collapsed_reason"": null, ""distinguished"": null, ""associated_award"": null, ""stickied"": false, ""author_premium"": false, ""can_gild"": false, ""gildings"": {}, ""unrepliable_reason"": null, ""author_flair_text_color"": null, ""score_hidden"": false, ""permalink"": ""/r/IndianBeautyDeals/comments/1h0vrhe/anything_worth_buying_on_myntra_now_that_their/lz78gj6/"", ""subreddit_type"": ""public"", ""locked"": false, ""report_reasons"": null, ""created"": 1732685747.0, ""author_flair_text"": null, ""treatment_tags"": [], ""link_id"": ""t3_1h0vrhe"", ""subreddit_name_prefixed"": ""r/IndianBeautyDeals"", ""controversiality"": 0, ""depth"": 0, ""author_flair_background_color"": null, ""collapsed_because_crowd_control"": null, ""mod_reports"": [], ""num_reports"": null, ""ups"": 10}}, {""kind"": ""t1"", ""data"": {""subreddit_id"": ""t5_39dg2c"", ""approved_at_utc"": null, ""author_is_blocked"": false, ""comment_type"": null, ""awarders"": [], ""mod_reason_by"": null, ""banned_by"": null, ""author_flair_type"": ""text"", ""total_awards_received"": 0, ""subreddit"": ""IndianBeautyDeals"", ""author_flair_template_id"": null, ""likes"": null, ""replies"": {""kind"": ""Listing"", ""data"": {""after"": null, ""dist"": null, ""modhash"": ""s4o2i1782i8e2828ef7b0d43ef9f9e9510bd77c529a40e8c9d"", ""geo_filter"": """", ""children"": [{""kind"": ""t1"", ""data"": {""subreddit_id"": ""t5_39dg2c"", ""approved_at_utc"": null, ""author_is_blocked"": false, ""comment_type"": null, ""awarders"": [], ""mod_reason_by"": null, ""banned_by"": null, ""author_flair_type"": ""text"", ""total_awards_received"": 0, ""subreddit"": ""IndianBeautyDeals"", ""author_flair_template_id"": null, ""likes"": null, ""replies"": {""kind"": ""Listing"", ""data"": {""after"": null, ""dist"": null, ""modhash"": ""s4o2i1782i8e2828ef7b0d43ef9f9e9510bd77c529a40e8c9d"", ""geo_filter"": """", ""children"": [{""kind"": ""t1"", ""data"": {""subreddit_id"": ""t5_39dg2c"", ""approved_at_utc"": null, ""author_is_blocked"": false, ""comment_type"": null, ""awarders"": [], ""mod_reason_by"": null, ""banned_by"": null, ""author_flair_type"": ""text"", ""total_awards_received"": 0, ""subreddit"": ""IndianBeautyDeals"", ""author_flair_template_id"": null, ""likes"": null, ""replies"": """", ""user_reports"": [], ""saved"": false, ""id"": ""lz7c5u1"", ""banned_at_utc"": null, ""mod_reason_title"": null, ""gilded"": 0, ""archived"": false, ""collapsed_reason_code"": null, ""no_follow"": true, ""author"": ""OssifiedCrystal46496"", ""can_mod_post"": false, ""send_replies"": true, ""parent_id"": ""t1_lz7bnum"", ""score"": 2, ""author_fullname"": ""t2_s1he9z8r"", ""removal_reason"": null, ""approved_by"": null, ""mod_note"": null, ""all_awardings"": [], ""body"": ""For the product?"", ""edited"": false, ""top_awarded_type"": null, ""downs"": 0, ""author_flair_css_class"": null, ""name"": ""t1_lz7c5u1"", ""is_submitter"": false, ""collapsed"": false, ""author_flair_richtext"": [], ""author_patreon_flair"": false, ""body_html"": ""&lt;div class=\""md\""&gt;&lt;p&gt;For the product?&lt;/p&gt;\n&lt;/div&gt;"", ""gildings"": {}, ""collapsed_reason"": null, ""distinguished"": null, ""associated_award"": null, ""stickied"": false, ""author_premium"": false, ""can_gild"": false, ""link_id"": ""t3_1h0vrhe"", ""unrepliable_reason"": null, ""author_flair_text_color"": null, ""score_hidden"": false, ""permalink"": ""/r/IndianBeautyDeals/comments/1h0vrhe/anything_worth_buying_on_myntra_now_that_their/lz7c5u1/"", ""subreddit_type"": ""public"", ""locked"": false, ""report_reasons"": null, ""created"": 1732687685.0, ""author_flair_text"": null, ""treatment_tags"": [], ""created_utc"": 1732687685.0, ""subreddit_name_prefixed"": ""r/IndianBeautyDeals"", ""controversiality"": 0, ""depth"": 2, ""author_flair_background_color"": null, ""collapsed_because_crowd_control"": null, ""mod_reports"": [], ""num_reports"": null, ""ups"": 2}}], ""before"": null}}, ""user_reports"": [], ""saved"": false, ""id"": ""lz7bnum"", ""banned_at_utc"": null, ""mod_reason_title"": null, ""gilded"": 0, ""archived"": false, ""collapsed_reason_code"": null, ""no_follow"": true, ""author"": ""Constant-Train8635"", ""can_mod_post"": false, ""created_utc"": 1732687415.0, ""send_replies"": true, ""parent_id"": ""t1_lz7a8gx"", ""score"": 2, ""author_fullname"": ""t2_12c4c3e5uz"", ""removal_reason"": null, ""approved_by"": null, ""mod_note"": null, ""all_awardings"": [], ""body"": ""Links?"", ""edited"": false, ""top_awarded_type"": null, ""author_flair_css_class"": null, ""name"": ""t1_lz7bnum"", ""is_submitter"": false, ""downs"": 0, ""author_flair_richtext"": [], ""author_patreon_flair"": false, ""body_html"": ""&lt;div class=\""md\""&gt;&lt;p&gt;Links?&lt;/p&gt;\n&lt;/div&gt;"", ""gildings"": {}, ""collapsed_reason"": null, ""distinguished"": null, ""associated_award"": null, ""stickied"": false, ""author_premium"": false, ""can_gild"": false, ""link_id"": ""t3_1h0vrhe"", ""unrepliable_reason"": null, ""author_flair_text_color"": null, ""score_hidden"": false, ""permalink"": ""/r/IndianBeautyDeals/comments/1h0vrhe/anything_worth_buying_on_myntra_now_that_their/lz7bnum/"", ""subreddit_type"": ""public"", ""locked"": false, ""report_reasons"": null, ""created"": 1732687415.0, ""author_flair_text"": null, ""treatment_tags"": [], ""collapsed"": false, ""subreddit_name_prefixed"": ""r/IndianBeautyDeals"", ""controversiality"": 0, ""depth"": 1, ""author_flair_background_color"": null, ""collapsed_because_crowd_control"": null, ""mod_reports"": [], ""num_reports"": null, ""ups"": 2}}, {""kind"": ""t1"", ""data"": {""subreddit_id"": ""t5_39dg2c"", ""approved_at_utc"": null, ""author_is_blocked"": false, ""comment_type"": null, ""awarders"": [], ""mod_reason_by"": null, ""banned_by"": null, ""author_flair_type"": ""text"", ""total_awards_received"": 0, ""subreddit"": ""IndianBeautyDeals"", ""author_flair_template_id"": null, ""likes"": null, ""replies"": """", ""user_reports"": [], ""saved"": false, ""id"": ""lz7pqrf"", ""banned_at_utc"": null, ""mod_reason_title"": null, ""gilded"": 0, ""archived"": false, ""collapsed_reason_code"": null, ""no_follow"": true, ""author"": ""Dangerous-Olive7463"", ""can_mod_post"": false, ""created_utc"": 1732695801.0, ""send_replies"": true, ""parent_id"": ""t1_lz7a8gx"", ""score"": 1, ""author_fullname"": ""t2_ij7x8zx5"", ""removal_reason"": null, ""approved_by"": null, ""mod_note"": null, ""all_awardings"": [], ""body"": ""It's not showing for me \ud83d\ude2d"", ""edited"": false, ""top_awarded_type"": null, ""author_flair_css_class"": null, ""name"": ""t1_lz7pqrf"", ""is_submitter"": false, ""downs"": 0, ""author_flair_richtext"": [], ""author_patreon_flair"": false, ""body_html"": ""&lt;div class=\""md\""&gt;&lt;p&gt;It&amp;#39;s not showing for me \ud83d\ude2d&lt;/p&gt;\n&lt;/div&gt;"", ""gildings"": {}, ""collapsed_reason"": null, ""distinguished"": null, ""associated_award"": null, ""stickied"": false, ""author_premium"": false, ""can_gild"": false, ""link_id"": ""t3_1h0vrhe"", ""unrepliable_reason"": null, ""author_flair_text_color"": null, ""score_hidden"": false, ""permalink"": ""/r/IndianBeautyDeals/comments/1h0vrhe/anything_worth_buying_on_myntra_now_that_their/lz7pqrf/"", ""subreddit_type"": ""public"", ""locked"": false, ""report_reasons"": null, ""created"": 1732695801.0, ""author_flair_text"": null, ""treatment_tags"": [], ""collapsed"": false, ""subreddit_name_prefixed"": ""r/IndianBeautyDeals"", ""controversiality"": 0, ""depth"": 1, ""author_flair_background_color"": null, ""collapsed_because_crowd_control"": null, ""mod_reports"": [], ""num_reports"": null, ""ups"": 1}}], ""before"": null}}, ""user_reports"": [], ""saved"": false, ""id"": ""lz7a8gx"", ""banned_at_utc"": null, ""mod_reason_title"": null, ""gilded"": 0, ""archived"": false, ""collapsed_reason_code"": null, ""no_follow"": true, ""author"": ""OssifiedCrystal46496"", ""can_mod_post"": false, ""created_utc"": 1732686657.0, ""send_replies"": true, ""parent_id"": ""t3_1h0vrhe"", ""score"": 3, ""author_fullname"": ""t2_s1he9z8r"", ""approved_by"": null, ""mod_note"": null, ""all_awardings"": [], ""collapsed"": false, ""body"": ""Laneige is on sale, especially if you have supercoins"", ""edited"": false, ""top_awarded_type"": null, ""author_flair_css_class"": null, ""name"": ""t1_lz7a8gx"", ""is_submitter"": false, ""downs"": 0, ""author_flair_richtext"": [], ""author_patreon_flair"": false, ""body_html"": ""&lt;div class=\""md\""&gt;&lt;p&gt;Laneige is on sale, especially if you have supercoins&lt;/p&gt;\n&lt;/div&gt;"", ""removal_reason"": null, ""collapsed_reason"": null, ""distinguished"": null, ""associated_award"": null, ""stickied"": false, ""author_premium"": false, ""can_gild"": false, ""gildings"": {}, ""unrepliable_reason"": null, ""author_flair_text_color"": null, ""score_hidden"": false, ""permalink"": ""/r/IndianBeautyDeals/comments/1h0vrhe/anything_worth_buying_on_myntra_now_that_their/lz7a8gx/"", ""subreddit_type"": ""public"", ""locked"": false, ""report_reasons"": null, ""created"": 1732686657.0, ""author_flair_text"": null, ""treatment_tags"": [], ""link_id"": ""t3_1h0vrhe"", ""subreddit_name_prefixed"": ""r/IndianBeautyDeals"", ""controversiality"": 0, ""depth"": 0, ""author_flair_background_color"": null, ""collapsed_because_crowd_control"": null, ""mod_reports"": [], ""num_reports"": null, ""ups"": 3}}, {""kind"": ""t1"", ""data"": {""subreddit_id"": ""t5_39dg2c"", ""approved_at_utc"": null, ""author_is_blocked"": false, ""comment_type"": null, ""awarders"": [], ""mod_reason_by"": null, ""banned_by"": null, ""author_flair_type"": ""text"", ""total_awards_received"": 0, ""subreddit"": ""IndianBeautyDeals"", ""author_flair_template_id"": null, ""likes"": null, ""replies"": """", ""user_reports"": [], ""saved"": false, ""id"": ""lz7h0a5"", ""banned_at_utc"": null, ""mod_reason_title"": null, ""gilded"": 0, ""archived"": false, ""collapsed_reason_code"": null, ""no_follow"": true, ""author"": ""PriyaSR26"", ""can_mod_post"": false, ""created_utc"": 1732690398.0, ""send_replies"": true, ""parent_id"": ""t3_1h0vrhe"", ""score"": 3, ""author_fullname"": ""t2_632ho2ao"", ""approved_by"": null, ""mod_note"": null, ""all_awardings"": [], ""collapsed"": false, ""body"": ""I haven't got anything. I'll wait for bigger sales for the perfume prices to go down.\n\nFor makeup and skincare I got them from Nykaa."", ""edited"": false, ""top_awarded_type"": null, ""author_flair_css_class"": null, ""name"": ""t1_lz7h0a5"", ""is_submitter"": false, ""downs"": 0, ""author_flair_richtext"": [], ""author_patreon_flair"": false, ""body_html"": ""&lt;div class=\""md\""&gt;&lt;p&gt;I haven&amp;#39;t got anything. I&amp;#39;ll wait for bigger sales for the perfume prices to go down.&lt;/p&gt;\n\n&lt;p&gt;For makeup and skincare I got them from Nykaa.&lt;/p&gt;\n&lt;/div&gt;"", ""removal_reason"": null, ""collapsed_reason"": null, ""distinguished"": null, ""associated_award"": null, ""stickied"": false, ""author_premium"": false, ""can_gild"": false, ""gildings"": {}, ""unrepliable_reason"": null, ""author_flair_text_color"": null, ""score_hidden"": false, ""permalink"": ""/r/IndianBeautyDeals/comments/1h0vrhe/anything_worth_buying_on_myntra_now_that_their/lz7h0a5/"", ""subreddit_type"": ""public"", ""locked"": false, ""report_reasons"": null, ""created"": 1732690398.0, ""author_flair_text"": null, ""treatment_tags"": [], ""link_id"": ""t3_1h0vrhe"", ""subreddit_name_prefixed"": ""r/IndianBeautyDeals"", ""controversiality"": 0, ""depth"": 0, ""author_flair_background_color"": null, ""collapsed_because_crowd_control"": null, ""mod_reports"": [], ""num_reports"": null, ""ups"": 3}}, {""kind"": ""t1"", ""data"": {""subreddit_id"": ""t5_39dg2c"", ""approved_at_utc"": null, ""author_is_blocked"": false, ""comment_type"": null, ""awarders"": [], ""mod_reason_by"": null, ""banned_by"": null, ""author_flair_type"": ""text"", ""total_awards_received"": 0, ""subreddit"": ""IndianBeautyDeals"", ""author_flair_template_id"": null, ""likes"": null, ""replies"": {""kind"": ""Listing"", ""data"": {""after"": null, ""dist"": null, ""modhash"": ""s4o2i1782i8e2828ef7b0d43ef9f9e9510bd77c529a40e8c9d"", ""geo_filter"": """", ""children"": [{""kind"": ""t1"", ""data"": {""subreddit_id"": ""t5_39dg2c"", ""approved_at_utc"": null, ""author_is_blocked"": false, ""comment_type"": null, ""awarders"": [], ""mod_reason_by"": null, ""banned_by"": null, ""author_flair_type"": ""text"", ""total_awards_received"": 0, ""subreddit"": ""IndianBeautyDeals"", ""author_flair_template_id"": null, ""likes"": null, ""replies"": """", ""user_reports"": [], ""saved"": false, ""id"": ""lz7eqlx"", ""banned_at_utc"": null, ""mod_reason_title"": null, ""gilded"": 0, ""archived"": false, ""collapsed_reason_code"": null, ""no_follow"": true, ""author"": ""RemindMeBot"", ""can_mod_post"": false, ""created_utc"": 1732689113.0, ""send_replies"": true, ""parent_id"": ""t1_lz7emx2"", ""score"": 0, ""author_fullname"": ""t2_gbm4p"", ""removal_reason"": null, ""approved_by"": null, ""mod_note"": null, ""all_awardings"": [], ""body"": ""I will be messaging you in 2 days on [**2024-11-29 06:30:54 UTC**](http://www.wolframalpha.com/input/?i=2024-11-29%2006:30:54%20UTC%20To%20Local%20Time) to remind you of [**this link**](https://www.reddit.com/r/IndianBeautyDeals/comments/1h0vrhe/anything_worth_buying_on_myntra_now_that_their/lz7emx2/?context=3)\n\n[**CLICK THIS LINK**](https://www.reddit.com/message/compose/?to=RemindMeBot&amp;subject=Reminder&amp;message=%5Bhttps%3A%2F%2Fwww.reddit.com%2Fr%2FIndianBeautyDeals%2Fcomments%2F1h0vrhe%2Fanything_worth_buying_on_myntra_now_that_their%2Flz7emx2%2F%5D%0A%0ARemindMe%21%202024-11-29%2006%3A30%3A54%20UTC) to send a PM to also be reminded and to reduce spam.\n\n^(Parent commenter can ) [^(delete this message to hide from others.)](https://www.reddit.com/message/compose/?to=RemindMeBot&amp;subject=Delete%20Comment&amp;message=Delete%21%201h0vrhe)\n\n*****\n\n|[^(Info)](https://www.reddit.com/r/RemindMeBot/comments/e1bko7/remindmebot_info_v21/)|[^(Custom)](https://www.reddit.com/message/compose/?to=RemindMeBot&amp;subject=Reminder&amp;message=%5BLink%20or%20message%20inside%20square%20brackets%5D%0A%0ARemindMe%21%20Time%20period%20here)|[^(Your Reminders)](https://www.reddit.com/message/compose/?to=RemindMeBot&amp;subject=List%20Of%20Reminders&amp;message=MyReminders%21)|[^(Feedback)](https://www.reddit.com/message/compose/?to=Watchful1&amp;subject=RemindMeBot%20Feedback)|\n|-|-|-|-|"", ""edited"": false, ""top_awarded_type"": null, ""author_flair_css_class"": null, ""name"": ""t1_lz7eqlx"", ""is_submitter"": false, ""downs"": 0, ""author_flair_richtext"": [], ""author_patreon_flair"": false, ""body_html"": ""&lt;div class=\""md\""&gt;&lt;p&gt;I will be messaging you in 2 days on &lt;a href=\""http://www.wolframalpha.com/input/?i=2024-11-29%2006:30:54%20UTC%20To%20Local%20Time\""&gt;&lt;strong&gt;2024-11-29 06:30:54 UTC&lt;/strong&gt;&lt;/a&gt; to remind you of &lt;a href=\""https://www.reddit.com/r/IndianBeautyDeals/comments/1h0vrhe/anything_worth_buying_on_myntra_now_that_their/lz7emx2/?context=3\""&gt;&lt;strong&gt;this link&lt;/strong&gt;&lt;/a&gt;&lt;/p&gt;\n\n&lt;p&gt;&lt;a href=\""https://www.reddit.com/message/compose/?to=RemindMeBot&amp;amp;subject=Reminder&amp;amp;message=%5Bhttps%3A%2F%2Fwww.reddit.com%2Fr%2FIndianBeautyDeals%2Fcomments%2F1h0vrhe%2Fanything_worth_buying_on_myntra_now_that_their%2Flz7emx2%2F%5D%0A%0ARemindMe%21%202024-11-29%2006%3A30%3A54%20UTC\""&gt;&lt;strong&gt;CLICK THIS LINK&lt;/strong&gt;&lt;/a&gt; to send a PM to also be reminded and to reduce spam.&lt;/p&gt;\n\n&lt;p&gt;&lt;sup&gt;Parent commenter can &lt;/sup&gt; &lt;a href=\""https://www.reddit.com/message/compose/?to=RemindMeBot&amp;amp;subject=Delete%20Comment&amp;amp;message=Delete%21%201h0vrhe\""&gt;&lt;sup&gt;delete this message to hide from others.&lt;/sup&gt;&lt;/a&gt;&lt;/p&gt;\n\n&lt;hr/&gt;\n\n&lt;table&gt;&lt;thead&gt;\n&lt;tr&gt;\n&lt;th&gt;&lt;a href=\""https://www.reddit.com/r/RemindMeBot/comments/e1bko7/remindmebot_info_v21/\""&gt;&lt;sup&gt;Info&lt;/sup&gt;&lt;/a&gt;&lt;/th&gt;\n&lt;th&gt;&lt;a href=\""https://www.reddit.com/message/compose/?to=RemindMeBot&amp;amp;subject=Reminder&amp;amp;message=%5BLink%20or%20message%20inside%20square%20brackets%5D%0A%0ARemindMe%21%20Time%20period%20here\""&gt;&lt;sup&gt;Custom&lt;/sup&gt;&lt;/a&gt;&lt;/th&gt;\n&lt;th&gt;&lt;a href=\""https://www.reddit.com/message/compose/?to=RemindMeBot&amp;amp;subject=List%20Of%20Reminders&amp;amp;message=MyReminders%21\""&gt;&lt;sup&gt;Your Reminders&lt;/sup&gt;&lt;/a&gt;&lt;/th&gt;\n&lt;th&gt;&lt;a href=\""https://www.reddit.com/message/compose/?to=Watchful1&amp;amp;subject=RemindMeBot%20Feedback\""&gt;&lt;sup&gt;Feedback&lt;/sup&gt;&lt;/a&gt;&lt;/th&gt;\n&lt;/tr&gt;\n&lt;/thead&gt;&lt;tbody&gt;\n&lt;/tbody&gt;&lt;/table&gt;\n&lt;/div&gt;"", ""gildings"": {}, ""collapsed_reason"": null, ""distinguished"": null, ""associated_award"": null, ""stickied"": false, ""author_premium"": false, ""can_gild"": false, ""link_id"": ""t3_1h0vrhe"", ""unrepliable_reason"": null, ""author_flair_text_color"": null, ""score_hidden"": false, ""permalink"": ""/r/IndianBeautyDeals/comments/1h0vrhe/anything_worth_buying_on_myntra_now_that_their/lz7eqlx/"", ""subreddit_type"": ""public"", ""locked"": false, ""report_reasons"": null, ""created"": 1732689113.0, ""author_flair_text"": null, ""treatment_tags"": [], ""collapsed"": false, ""subreddit_name_prefixed"": ""r/IndianBeautyDeals"", ""controversiality"": 0, ""depth"": 1, ""author_flair_background_color"": null, ""collapsed_because_crowd_control"": null, ""mod_reports"": [], ""num_reports"": null, ""ups"": 0}}], ""before"": null}}, ""user_reports"": [], ""saved"": false, ""id"": ""lz7emx2"", ""banned_at_utc"": null, ""mod_reason_title"": null, ""gilded"": 0, ""archived"": false, ""collapsed_reason_code"": null, ""no_follow"": true, ""author"": ""kim_k_darshan"", ""can_mod_post"": false, ""created_utc"": 1732689054.0, ""send_replies"": true, ""parent_id"": ""t3_1h0vrhe"", ""score"": 1, ""author_fullname"": ""t2_18y9hsscv5"", ""approved_by"": null, ""mod_note"": null, ""all_awardings"": [], ""collapsed"": false, ""body"": ""Remind me! 2days"", ""edited"": false, ""top_awarded_type"": null, ""author_flair_css_class"": null, ""name"": ""t1_lz7emx2"", ""is_submitter"": false, ""downs"": 0, ""author_flair_richtext"": [], ""author_patreon_flair"": false, ""body_html"": ""&lt;div class=\""md\""&gt;&lt;p&gt;Remind me! 2days&lt;/p&gt;\n&lt;/div&gt;"", ""removal_reason"": null, ""collapsed_reason"": null, ""distinguished"": null, ""associated_award"": null, ""stickied"": false, ""author_premium"": false, ""can_gild"": false, ""gildings"": {}, ""unrepliable_reason"": null, ""author_flair_text_color"": null, ""score_hidden"": false, ""permalink"": ""/r/IndianBeautyDeals/comments/1h0vrhe/anything_worth_buying_on_myntra_now_that_their/lz7emx2/"", ""subreddit_type"": ""public"", ""locked"": false, ""report_reasons"": null, ""created"": 1732689054.0, ""author_flair_text"": null, ""treatment_tags"": [], ""link_id"": ""t3_1h0vrhe"", ""subreddit_name_prefixed"": ""r/IndianBeautyDeals"", ""controversiality"": 0, ""depth"": 0, ""author_flair_background_color"": null, ""collapsed_because_crowd_control"": null, ""mod_reports"": [], ""num_reports"": null, ""ups"": 1}}, {""kind"": ""t1"", ""data"": {""subreddit_id"": ""t5_39dg2c"", ""approved_at_utc"": null, ""author_is_blocked"": false, ""comment_type"": null, ""awarders"": [], ""mod_reason_by"": null, ""banned_by"": null, ""author_flair_type"": ""text"", ""total_awards_received"": 0, ""subreddit"": ""IndianBeautyDeals"", ""author_flair_template_id"": null, ""likes"": null, ""replies"": """", ""user_reports"": [], ""saved"": false, ""id"": ""lzanvhp"", ""banned_at_utc"": null, ""mod_reason_title"": null, ""gilded"": 0, ""archived"": false, ""collapsed_reason_code"": null, ""no_follow"": true, ""author"": ""iisehar"", ""can_mod_post"": false, ""created_utc"": 1732738113.0, ""send_replies"": true, ""parent_id"": ""t3_1h0vrhe"", ""score"": 1, ""author_fullname"": ""t2_ciml18o0"", ""approved_by"": null, ""mod_note"": null, ""all_awardings"": [], ""collapsed"": false, ""body"": ""Remind me! 1day"", ""edited"": false, ""top_awarded_type"": null, ""author_flair_css_class"": null, ""name"": ""t1_lzanvhp"", ""is_submitter"": false, ""downs"": 0, ""author_flair_richtext"": [], ""author_patreon_flair"": false, ""body_html"": ""&lt;div class=\""md\""&gt;&lt;p&gt;Remind me! 1day&lt;/p&gt;\n&lt;/div&gt;"", ""removal_reason"": null, ""collapsed_reason"": null, ""distinguished"": null, ""associated_award"": null, ""stickied"": false, ""author_premium"": false, ""can_gild"": false, ""gildings"": {}, ""unrepliable_reason"": null, ""author_flair_text_color"": null, ""score_hidden"": false, ""permalink"": ""/r/IndianBeautyDeals/comments/1h0vrhe/anything_worth_buying_on_myntra_now_that_their/lzanvhp/"", ""subreddit_type"": ""public"", ""locked"": false, ""report_reasons"": null, ""created"": 1732738113.0, ""author_flair_text"": null, ""treatment_tags"": [], ""link_id"": ""t3_1h0vrhe"", ""subreddit_name_prefixed"": ""r/IndianBeautyDeals"", ""controversiality"": 0, ""depth"": 0, ""author_flair_background_color"": null, ""collapsed_because_crowd_control"": null, ""mod_reports"": [], ""num_reports"": null, ""ups"": 1}}], ""before"": null}}]
",19,
reddit,Myntra_weirder,2023-06-13,"[{""kind"": ""Listing"", ""data"": {""after"": null, ""dist"": 1, ""modhash"": ""1og1yp21o23e76fb60e633fe527e37848d17a35ffb4eb4d4e9"", ""geo_filter"": """", ""children"": [{""kind"": ""t3"", ""data"": {""approved_at_utc"": null, ""subreddit"": ""IndianBeautyDeals"", ""selftext"": ""So I ordered a few things which didn\u2019t work out for me. \n1. H&amp;M shirt; tried to exchange with the same product in a smaller size, it says exchange not available for this PIN code. Called the customer care, they created an exchange for me, that got cancelled after a week. \nAnd now the return is pending, from past few days. Usually, they pick it up same day or the next. \n2. Ordered a nail paint, actually 2. \nOne was broken, the other one was of a different shade. They refuse to replace/return either saying it\u2019s not their fault, like please tell me how am I going to break the nail paint in such a way that the bottle is okay and only the screw top comes off with the lid. \n3. Ordered a night suit, didn\u2019t like the fabric quality, so put it up for exchange(with a different product). Now anytime I add a product to the cart, it says product not deliverable to this PIN code. The minute I cancelled the exchange, everything is available. \n\nPersonal opinion- as a person who depends on shopping cause she can\u2019t find a good therapist, this pisses me off. And I might just delete the app altogether. \nThanks for coming to my ted talk!"", ""user_reports"": [], ""saved"": false, ""mod_reason_title"": null, ""gilded"": 0, ""clicked"": false, ""title"": ""Myntra is getting weird everyday"", ""link_flair_richtext"": [], ""subreddit_name_prefixed"": ""r/IndianBeautyDeals"", ""hidden"": false, ""pwls"": 6, ""link_flair_css_class"": """", ""downs"": 0, ""thumbnail_height"": null, ""top_awarded_type"": null, ""hide_score"": false, ""name"": ""t3_148qgmr"", ""quarantine"": false, ""link_flair_text_color"": ""light"", ""upvote_ratio"": 0.91, ""author_flair_background_color"": null, ""subreddit_type"": ""public"", ""ups"": 61, ""total_awards_received"": 0, ""media_embed"": {}, ""thumbnail_width"": null, ""author_flair_template_id"": null, ""is_original_content"": false, ""author_fullname"": ""t2_6hklagim"", ""secure_media"": null, ""is_reddit_media_domain"": false, ""is_meta"": false, ""category"": null, ""secure_media_embed"": {}, ""link_flair_text"": ""Feedback"", ""can_mod_post"": false, ""score"": 61, ""approved_by"": null, ""is_created_from_ads_ui"": false, ""author_premium"": false, ""thumbnail"": ""self"", ""edited"": false, ""author_flair_css_class"": null, ""author_flair_richtext"": [], ""gildings"": {}, ""content_categories"": null, ""is_self"": true, ""mod_note"": null, ""created"": 1686692568.0, ""link_flair_type"": ""text"", ""wls"": 6, ""removed_by_category"": null, ""banned_by"": null, ""author_flair_type"": ""text"", ""domain"": ""self.IndianBeautyDeals"", ""allow_live_comments"": false, ""selftext_html"": ""&lt;!-- SC_OFF --&gt;&lt;div class=\""md\""&gt;&lt;p&gt;So I ordered a few things which didn\u2019t work out for me. \n1. H&amp;amp;M shirt; tried to exchange with the same product in a smaller size, it says exchange not available for this PIN code. Called the customer care, they created an exchange for me, that got cancelled after a week. \nAnd now the return is pending, from past few days. Usually, they pick it up same day or the next. \n2. Ordered a nail paint, actually 2. \nOne was broken, the other one was of a different shade. They refuse to replace/return either saying it\u2019s not their fault, like please tell me how am I going to break the nail paint in such a way that the bottle is okay and only the screw top comes off with the lid. \n3. Ordered a night suit, didn\u2019t like the fabric quality, so put it up for exchange(with a different product). Now anytime I add a product to the cart, it says product not deliverable to this PIN code. The minute I cancelled the exchange, everything is available. &lt;/p&gt;\n\n&lt;p&gt;Personal opinion- as a person who depends on shopping cause she can\u2019t find a good therapist, this pisses me off. And I might just delete the app altogether. \nThanks for coming to my ted talk!&lt;/p&gt;\n&lt;/div&gt;&lt;!-- SC_ON --&gt;"", ""likes"": null, ""suggested_sort"": null, ""banned_at_utc"": null, ""view_count"": null, ""archived"": false, ""no_follow"": false, ""is_crosspostable"": true, ""pinned"": false, ""over_18"": false, ""all_awardings"": [], ""awarders"": [], ""media_only"": false, ""link_flair_template_id"": ""2399bd1a-f004-11ed-81c7-1a66c8cfdbf0"", ""can_gild"": false, ""spoiler"": false, ""locked"": false, ""author_flair_text"": null, ""treatment_tags"": [], ""visited"": false, ""removed_by"": null, ""num_reports"": null, ""distinguished"": null, ""subreddit_id"": ""t5_39dg2c"", ""author_is_blocked"": false, ""mod_reason_by"": null, ""removal_reason"": null, ""link_flair_background_color"": ""#373c3f"", ""id"": ""148qgmr"", ""is_robot_indexable"": true, ""num_duplicates"": 0, ""report_reasons"": null, ""author"": ""deceptionaldpka"", ""discussion_type"": null, ""num_comments"": 42, ""send_replies"": true, ""media"": null, ""contest_mode"": false, ""author_patreon_flair"": false, ""author_flair_text_color"": null, ""permalink"": ""/r/IndianBeautyDeals/comments/148qgmr/myntra_is_getting_weird_everyday/"", ""stickied"": false, ""url"": ""https://www.reddit.com/r/IndianBeautyDeals/comments/148qgmr/myntra_is_getting_weird_everyday/"", ""subreddit_subscribers"": 157136, ""created_utc"": 1686692568.0, ""num_crossposts"": 0, ""mod_reports"": [], ""is_video"": false}}], ""before"": null}}, {""kind"": ""Listing"", ""data"": {""after"": null, ""dist"": null, ""modhash"": ""1og1yp21o23e76fb60e633fe527e37848d17a35ffb4eb4d4e9"", ""geo_filter"": """", ""children"": [{""kind"": ""t1"", ""data"": {""total_awards_received"": 0, ""approved_at_utc"": null, ""author_is_blocked"": false, ""comment_type"": null, ""awarders"": [], ""mod_reason_by"": null, ""banned_by"": null, ""ups"": 27, ""removal_reason"": null, ""link_id"": ""t3_148qgmr"", ""author_flair_template_id"": null, ""likes"": null, ""replies"": {""kind"": ""Listing"", ""data"": {""after"": null, ""dist"": null, ""modhash"": ""1og1yp21o23e76fb60e633fe527e37848d17a35ffb4eb4d4e9"", ""geo_filter"": """", ""children"": [{""kind"": ""t1"", ""data"": {""subreddit_id"": ""t5_39dg2c"", ""approved_at_utc"": null, ""author_is_blocked"": false, ""comment_type"": null, ""awarders"": [], ""mod_reason_by"": null, ""banned_by"": null, ""author_flair_type"": ""text"", ""total_awards_received"": 0, ""subreddit"": ""IndianBeautyDeals"", ""author_flair_template_id"": null, ""likes"": null, ""replies"": """", ""user_reports"": [], ""saved"": false, ""id"": ""jo1e7b8"", ""banned_at_utc"": null, ""mod_reason_title"": null, ""gilded"": 0, ""archived"": false, ""collapsed_reason_code"": null, ""no_follow"": false, ""author"": ""deceptionaldpka"", ""can_mod_post"": false, ""created_utc"": 1686693893.0, ""send_replies"": true, ""parent_id"": ""t1_jo1cy0d"", ""score"": 7, ""author_fullname"": ""t2_6hklagim"", ""removal_reason"": null, ""approved_by"": null, ""mod_note"": null, ""all_awardings"": [], ""body"": ""I dunno man. I\u2019ve just returned the shiz after the forever long wait to try and exchange. I hope things sort out for you"", ""edited"": false, ""top_awarded_type"": null, ""author_flair_css_class"": null, ""name"": ""t1_jo1e7b8"", ""is_submitter"": true, ""downs"": 0, ""author_flair_richtext"": [], ""author_patreon_flair"": false, ""body_html"": ""&lt;div class=\""md\""&gt;&lt;p&gt;I dunno man. I\u2019ve just returned the shiz after the forever long wait to try and exchange. I hope things sort out for you&lt;/p&gt;\n&lt;/div&gt;"", ""gildings"": {}, ""collapsed_reason"": null, ""distinguished"": null, ""associated_award"": null, ""stickied"": false, ""author_premium"": false, ""can_gild"": false, ""link_id"": ""t3_148qgmr"", ""unrepliable_reason"": null, ""author_flair_text_color"": null, ""score_hidden"": false, ""permalink"": ""/r/IndianBeautyDeals/comments/148qgmr/myntra_is_getting_weird_everyday/jo1e7b8/"", ""subreddit_type"": ""public"", ""locked"": false, ""report_reasons"": null, ""created"": 1686693893.0, ""author_flair_text"": null, ""treatment_tags"": [], ""collapsed"": false, ""subreddit_name_prefixed"": ""r/IndianBeautyDeals"", ""controversiality"": 0, ""depth"": 1, ""author_flair_background_color"": null, ""collapsed_because_crowd_control"": null, ""mod_reports"": [], ""num_reports"": null, ""ups"": 7}}, {""kind"": ""t1"", ""data"": {""subreddit_id"": ""t5_39dg2c"", ""approved_at_utc"": null, ""author_is_blocked"": false, ""comment_type"": null, ""awarders"": [], ""mod_reason_by"": null, ""banned_by"": null, ""author_flair_type"": ""text"", ""total_awards_received"": 0, ""subreddit"": ""IndianBeautyDeals"", ""author_flair_template_id"": null, ""likes"": null, ""replies"": {""kind"": ""Listing"", ""data"": {""after"": null, ""dist"": null, ""modhash"": ""1og1yp21o23e76fb60e633fe527e37848d17a35ffb4eb4d4e9"", ""geo_filter"": """", ""children"": [{""kind"": ""t1"", ""data"": {""subreddit_id"": ""t5_39dg2c"", ""approved_at_utc"": null, ""author_is_blocked"": false, ""comment_type"": null, ""awarders"": [], ""mod_reason_by"": null, ""banned_by"": null, ""author_flair_type"": ""text"", ""total_awards_received"": 0, ""subreddit"": ""IndianBeautyDeals"", ""author_flair_template_id"": null, ""likes"": null, ""replies"": """", ""user_reports"": [], ""saved"": false, ""id"": ""jo2t1hx"", ""banned_at_utc"": null, ""mod_reason_title"": null, ""gilded"": 0, ""archived"": false, ""collapsed_reason_code"": null, ""no_follow"": false, ""author"": ""naaina"", ""can_mod_post"": false, ""send_replies"": true, ""parent_id"": ""t1_jo1h4rw"", ""score"": 4, ""author_fullname"": ""t2_esixv47p"", ""removal_reason"": null, ""approved_by"": null, ""mod_note"": null, ""all_awardings"": [], ""body"": ""I got a bag from Amazon which had the Myntra invoice inside with someone else's details.."", ""edited"": false, ""top_awarded_type"": null, ""downs"": 0, ""author_flair_css_class"": null, ""name"": ""t1_jo2t1hx"", ""is_submitter"": false, ""collapsed"": false, ""author_flair_richtext"": [], ""author_patreon_flair"": false, ""body_html"": ""&lt;div class=\""md\""&gt;&lt;p&gt;I got a bag from Amazon which had the Myntra invoice inside with someone else&amp;#39;s details..&lt;/p&gt;\n&lt;/div&gt;"", ""gildings"": {}, ""collapsed_reason"": null, ""distinguished"": null, ""associated_award"": null, ""stickied"": false, ""author_premium"": false, ""can_gild"": false, ""link_id"": ""t3_148qgmr"", ""unrepliable_reason"": null, ""author_flair_text_color"": null, ""score_hidden"": false, ""permalink"": ""/r/IndianBeautyDeals/comments/148qgmr/myntra_is_getting_weird_everyday/jo2t1hx/"", ""subreddit_type"": ""public"", ""locked"": false, ""report_reasons"": null, ""created"": 1686726579.0, ""author_flair_text"": null, ""treatment_tags"": [], ""created_utc"": 1686726579.0, ""subreddit_name_prefixed"": ""r/IndianBeautyDeals"", ""controversiality"": 0, ""depth"": 2, ""author_flair_background_color"": null, ""collapsed_because_crowd_control"": null, ""mod_reports"": [], ""num_reports"": null, ""ups"": 4}}], ""before"": null}}, ""user_reports"": [], ""saved"": false, ""id"": ""jo1h4rw"", ""banned_at_utc"": null, ""mod_reason_title"": null, ""gilded"": 0, ""archived"": false, ""collapsed_reason_code"": null, ""no_follow"": false, ""author"": ""Ill-Yogurtcloset-255"", ""can_mod_post"": false, ""created_utc"": 1686695481.0, ""send_replies"": true, ""parent_id"": ""t1_jo1cy0d"", ""score"": 12, ""author_fullname"": ""t2_66en83cy"", ""removal_reason"": null, ""approved_by"": null, ""mod_note"": null, ""all_awardings"": [], ""body"": ""Brooo! They delivered me someone else\u2019s order and that persons personal details (address, name, Phone no, email id) everything was printed on the invoice..so I\u2019m guessing someone else got my order which also had all my details..this is such a breach in privacy."", ""edited"": false, ""top_awarded_type"": null, ""author_flair_css_class"": null, ""name"": ""t1_jo1h4rw"", ""is_submitter"": false, ""downs"": 0, ""author_flair_richtext"": [], ""author_patreon_flair"": false, ""body_html"": ""&lt;div class=\""md\""&gt;&lt;p&gt;Brooo! They delivered me someone else\u2019s order and that persons personal details (address, name, Phone no, email id) everything was printed on the invoice..so I\u2019m guessing someone else got my order which also had all my details..this is such a breach in privacy.&lt;/p&gt;\n&lt;/div&gt;"", ""gildings"": {}, ""collapsed_reason"": null, ""distinguished"": null, ""associated_award"": null, ""stickied"": false, ""author_premium"": false, ""can_gild"": false, ""link_id"": ""t3_148qgmr"", ""unrepliable_reason"": null, ""author_flair_text_color"": null, ""score_hidden"": false, ""permalink"": ""/r/IndianBeautyDeals/comments/148qgmr/myntra_is_getting_weird_everyday/jo1h4rw/"", ""subreddit_type"": ""public"", ""locked"": false, ""report_reasons"": null, ""created"": 1686695481.0, ""author_flair_text"": null, ""treatment_tags"": [], ""collapsed"": false, ""subreddit_name_prefixed"": ""r/IndianBeautyDeals"", ""controversiality"": 0, ""depth"": 1, ""author_flair_background_color"": null, ""collapsed_because_crowd_control"": null, ""mod_reports"": [], ""num_reports"": null, ""ups"": 12}}, {""kind"": ""t1"", ""data"": {""subreddit_id"": ""t5_39dg2c"", ""approved_at_utc"": null, ""author_is_blocked"": false, ""comment_type"": null, ""awarders"": [], ""mod_reason_by"": null, ""banned_by"": null, ""author_flair_type"": ""text"", ""total_awards_received"": 0, ""subreddit"": ""IndianBeautyDeals"", ""author_flair_template_id"": null, ""likes"": null, ""replies"": """", ""user_reports"": [], ""saved"": false, ""id"": ""jo2svt9"", ""banned_at_utc"": null, ""mod_reason_title"": null, ""gilded"": 0, ""archived"": false, ""collapsed_reason_code"": null, ""no_follow"": false, ""author"": ""naaina"", ""can_mod_post"": false, ""created_utc"": 1686726433.0, ""send_replies"": true, ""parent_id"": ""t1_jo1cy0d"", ""score"": 6, ""author_fullname"": ""t2_esixv47p"", ""removal_reason"": null, ""approved_by"": null, ""mod_note"": null, ""all_awardings"": [], ""body"": ""My friend once wanted a pair of shoes but online it was taking some time to deliver..so he called the customer service asked enquired whether their store had the product..post confirmation from the brand when he checked the store..indeed the shoe was there..but one shoe..not the pair.. \ud83e\udd72\nLike i genuinely wonderful where does one go without the pair..shoe earrings..sock..like kaha gaya and kya hua \ud83d\ude02"", ""edited"": false, ""top_awarded_type"": null, ""author_flair_css_class"": null, ""name"": ""t1_jo2svt9"", ""is_submitter"": false, ""downs"": 0, ""author_flair_richtext"": [], ""author_patreon_flair"": false, ""body_html"": ""&lt;div class=\""md\""&gt;&lt;p&gt;My friend once wanted a pair of shoes but online it was taking some time to deliver..so he called the customer service asked enquired whether their store had the product..post confirmation from the brand when he checked the store..indeed the shoe was there..but one shoe..not the pair.. \ud83e\udd72\nLike i genuinely wonderful where does one go without the pair..shoe earrings..sock..like kaha gaya and kya hua \ud83d\ude02&lt;/p&gt;\n&lt;/div&gt;"", ""gildings"": {}, ""collapsed_reason"": null, ""distinguished"": null, ""associated_award"": null, ""stickied"": false, ""author_premium"": false, ""can_gild"": false, ""link_id"": ""t3_148qgmr"", ""unrepliable_reason"": null, ""author_flair_text_color"": null, ""score_hidden"": false, ""permalink"": ""/r/IndianBeautyDeals/comments/148qgmr/myntra_is_getting_weird_everyday/jo2svt9/"", ""subreddit_type"": ""public"", ""locked"": false, ""report_reasons"": null, ""created"": 1686726433.0, ""author_flair_text"": null, ""treatment_tags"": [], ""collapsed"": false, ""subreddit_name_prefixed"": ""r/IndianBeautyDeals"", ""controversiality"": 0, ""depth"": 1, ""author_flair_background_color"": null, ""collapsed_because_crowd_control"": null, ""mod_reports"": [], ""num_reports"": null, ""ups"": 6}}, {""kind"": ""t1"", ""data"": {""subreddit_id"": ""t5_39dg2c"", ""approved_at_utc"": null, ""author_is_blocked"": false, ""comment_type"": null, ""awarders"": [], ""mod_reason_by"": null, ""banned_by"": null, ""author_flair_type"": ""text"", ""total_awards_received"": 0, ""subreddit"": ""IndianBeautyDeals"", ""author_flair_template_id"": null, ""likes"": null, ""replies"": """", ""user_reports"": [], ""saved"": false, ""id"": ""jo29zrj"", ""banned_at_utc"": null, ""mod_reason_title"": null, ""gilded"": 0, ""archived"": false, ""collapsed_reason_code"": null, ""no_follow"": false, ""author"": ""Mysterious_Sound_684"", ""can_mod_post"": false, ""created_utc"": 1686712076.0, ""send_replies"": true, ""parent_id"": ""t1_jo1cy0d"", ""score"": 3, ""author_fullname"": ""t2_9agm7jcb"", ""removal_reason"": null, ""approved_by"": null, ""mod_note"": null, ""all_awardings"": [], ""body"": ""They sent me Jeans instead of a T-shirt, the delhivery guy is refusing to accept the return. When I emailed them they said they would arrange a pickup but it\u2019s been 15 days!! Wanted to return another tshirt due to sizing issue that has not been picked up too!"", ""edited"": false, ""top_awarded_type"": null, ""author_flair_css_class"": null, ""name"": ""t1_jo29zrj"", ""is_submitter"": false, ""downs"": 0, ""author_flair_richtext"": [], ""author_patreon_flair"": false, ""body_html"": ""&lt;div class=\""md\""&gt;&lt;p&gt;They sent me Jeans instead of a T-shirt, the delhivery guy is refusing to accept the return. When I emailed them they said they would arrange a pickup but it\u2019s been 15 days!! Wanted to return another tshirt due to sizing issue that has not been picked up too!&lt;/p&gt;\n&lt;/div&gt;"", ""gildings"": {}, ""collapsed_reason"": null, ""distinguished"": null, ""associated_award"": null, ""stickied"": false, ""author_premium"": false, ""can_gild"": false, ""link_id"": ""t3_148qgmr"", ""unrepliable_reason"": null, ""author_flair_text_color"": null, ""score_hidden"": false, ""permalink"": ""/r/IndianBeautyDeals/comments/148qgmr/myntra_is_getting_weird_everyday/jo29zrj/"", ""subreddit_type"": ""public"", ""locked"": false, ""report_reasons"": null, ""created"": 1686712076.0, ""author_flair_text"": null, ""treatment_tags"": [], ""collapsed"": false, ""subreddit_name_prefixed"": ""r/IndianBeautyDeals"", ""controversiality"": 0, ""depth"": 1, ""author_flair_background_color"": null, ""collapsed_because_crowd_control"": null, ""mod_reports"": [], ""num_reports"": null, ""ups"": 3}}, {""kind"": ""t1"", ""data"": {""subreddit_id"": ""t5_39dg2c"", ""approved_at_utc"": null, ""author_is_blocked"": false, ""comment_type"": null, ""awarders"": [], ""mod_reason_by"": null, ""banned_by"": null, ""author_flair_type"": ""text"", ""total_awards_received"": 0, ""subreddit"": ""IndianBeautyDeals"", ""author_flair_template_id"": null, ""likes"": null, ""replies"": """", ""user_reports"": [], ""saved"": false, ""id"": ""jo358jd"", ""banned_at_utc"": null, ""mod_reason_title"": null, ""gilded"": 0, ""archived"": false, ""collapsed_reason_code"": null, ""no_follow"": true, ""author"": ""Seek-1111"", ""can_mod_post"": false, ""created_utc"": 1686738022.0, ""send_replies"": true, ""parent_id"": ""t1_jo1cy0d"", ""score"": 2, ""author_fullname"": ""t2_drxr1y7a"", ""removal_reason"": null, ""approved_by"": null, ""mod_note"": null, ""all_awardings"": [], ""body"": ""Hey,sorry about your experience that's why I try to shop more offline for clothes. But, do you when will hnm and zara sale happen in store ?"", ""edited"": false, ""top_awarded_type"": null, ""author_flair_css_class"": null, ""name"": ""t1_jo358jd"", ""is_submitter"": false, ""downs"": 0, ""author_flair_richtext"": [], ""author_patreon_flair"": false, ""body_html"": ""&lt;div class=\""md\""&gt;&lt;p&gt;Hey,sorry about your experience that&amp;#39;s why I try to shop more offline for clothes. But, do you when will hnm and zara sale happen in store ?&lt;/p&gt;\n&lt;/div&gt;"", ""gildings"": {}, ""collapsed_reason"": null, ""distinguished"": null, ""associated_award"": null, ""stickied"": false, ""author_premium"": false, ""can_gild"": false, ""link_id"": ""t3_148qgmr"", ""unrepliable_reason"": null, ""author_flair_text_color"": null, ""score_hidden"": false, ""permalink"": ""/r/IndianBeautyDeals/comments/148qgmr/myntra_is_getting_weird_everyday/jo358jd/"", ""subreddit_type"": ""public"", ""locked"": false, ""report_reasons"": null, ""created"": 1686738022.0, ""author_flair_text"": null, ""treatment_tags"": [], ""collapsed"": false, ""subreddit_name_prefixed"": ""r/IndianBeautyDeals"", ""controversiality"": 0, ""depth"": 1, ""author_flair_background_color"": null, ""collapsed_because_crowd_control"": null, ""mod_reports"": [], ""num_reports"": null, ""ups"": 2}}], ""before"": null}}, ""user_reports"": [], ""saved"": false, ""id"": ""jo1cy0d"", ""banned_at_utc"": null, ""mod_reason_title"": null, ""gilded"": 0, ""archived"": false, ""collapsed_reason_code"": null, ""no_follow"": false, ""author"": ""[deleted]"", ""can_mod_post"": false, ""send_replies"": true, ""parent_id"": ""t3_148qgmr"", ""score"": 27, ""approved_by"": null, ""report_reasons"": null, ""all_awardings"": [], ""subreddit_id"": ""t5_39dg2c"", ""body"": ""H&amp;M itself is acting weird. I order a cotton T-shirt on their app. Received a different T-shirt in different colour. There is no exchange option in H&amp;M. So placed a return order. They refunded my money. \n\nAgain I ordered the same T-shirt and this time I expected them to deliver the right product. You know what? They sent a different T-shirt this time too. \ud83d\ude10"", ""edited"": false, ""downs"": 0, ""author_flair_css_class"": null, ""collapsed"": false, ""is_submitter"": false, ""body_html"": ""&lt;div class=\""md\""&gt;&lt;p&gt;H&amp;amp;M itself is acting weird. I order a cotton T-shirt on their app. Received a different T-shirt in different colour. There is no exchange option in H&amp;amp;M. So placed a return order. They refunded my money. &lt;/p&gt;\n\n&lt;p&gt;Again I ordered the same T-shirt and this time I expected them to deliver the right product. You know what? They sent a different T-shirt this time too. \ud83d\ude10&lt;/p&gt;\n&lt;/div&gt;"", ""gildings"": {}, ""collapsed_reason"": null, ""associated_award"": null, ""stickied"": false, ""subreddit_type"": ""public"", ""can_gild"": false, ""top_awarded_type"": null, ""unrepliable_reason"": null, ""author_flair_text_color"": ""dark"", ""score_hidden"": false, ""permalink"": ""/r/IndianBeautyDeals/comments/148qgmr/myntra_is_getting_weird_everyday/jo1cy0d/"", ""num_reports"": null, ""locked"": false, ""name"": ""t1_jo1cy0d"", ""created"": 1686693221.0, ""subreddit"": ""IndianBeautyDeals"", ""author_flair_text"": null, ""treatment_tags"": [], ""created_utc"": 1686693221.0, ""subreddit_name_prefixed"": ""r/IndianBeautyDeals"", ""controversiality"": 0, ""depth"": 0, ""author_flair_background_color"": """", ""collapsed_because_crowd_control"": null, ""mod_reports"": [], ""mod_note"": null, ""distinguished"": null}}, {""kind"": ""t1"", ""data"": {""subreddit_id"": ""t5_39dg2c"", ""approved_at_utc"": null, ""author_is_blocked"": false, ""comment_type"": null, ""awarders"": [], ""mod_reason_by"": null, ""banned_by"": null, ""author_flair_type"": ""text"", ""total_awards_received"": 0, ""subreddit"": ""IndianBeautyDeals"", ""author_flair_template_id"": null, ""likes"": null, ""replies"": {""kind"": ""Listing"", ""data"": {""after"": null, ""dist"": null, ""modhash"": ""1og1yp21o23e76fb60e633fe527e37848d17a35ffb4eb4d4e9"", ""geo_filter"": """", ""children"": [{""kind"": ""t1"", ""data"": {""subreddit_id"": ""t5_39dg2c"", ""approved_at_utc"": null, ""author_is_blocked"": false, ""comment_type"": null, ""awarders"": [], ""mod_reason_by"": null, ""banned_by"": null, ""author_flair_type"": ""text"", ""total_awards_received"": 0, ""subreddit"": ""IndianBeautyDeals"", ""author_flair_template_id"": null, ""likes"": null, ""replies"": {""kind"": ""Listing"", ""data"": {""after"": null, ""dist"": null, ""modhash"": ""1og1yp21o23e76fb60e633fe527e37848d17a35ffb4eb4d4e9"", ""geo_filter"": """", ""children"": [{""kind"": ""t1"", ""data"": {""subreddit_id"": ""t5_39dg2c"", ""approved_at_utc"": null, ""author_is_blocked"": false, ""comment_type"": null, ""awarders"": [], ""mod_reason_by"": null, ""banned_by"": null, ""author_flair_type"": ""text"", ""total_awards_received"": 0, ""subreddit"": ""IndianBeautyDeals"", ""author_flair_template_id"": null, ""likes"": null, ""replies"": """", ""user_reports"": [], ""saved"": false, ""id"": ""jo1gb4f"", ""banned_at_utc"": null, ""mod_reason_title"": null, ""gilded"": 0, ""archived"": false, ""collapsed_reason_code"": null, ""no_follow"": false, ""author"": ""alaska_rose_6"", ""can_mod_post"": false, ""send_replies"": true, ""parent_id"": ""t1_jo1e08v"", ""score"": 9, ""author_fullname"": ""t2_omdbgzbl"", ""removal_reason"": null, ""approved_by"": null, ""mod_note"": null, ""all_awardings"": [], ""body"": ""Now I just hope that u r able to return everything successfully. Everything seems dicey now. Can't trust them."", ""edited"": false, ""top_awarded_type"": null, ""downs"": 0, ""author_flair_css_class"": null, ""name"": ""t1_jo1gb4f"", ""is_submitter"": false, ""collapsed"": false, ""author_flair_richtext"": [], ""author_patreon_flair"": false, ""body_html"": ""&lt;div class=\""md\""&gt;&lt;p&gt;Now I just hope that u r able to return everything successfully. Everything seems dicey now. Can&amp;#39;t trust them.&lt;/p&gt;\n&lt;/div&gt;"", ""gildings"": {}, ""collapsed_reason"": null, ""distinguished"": null, ""associated_award"": null, ""stickied"": false, ""author_premium"": false, ""can_gild"": false, ""link_id"": ""t3_148qgmr"", ""unrepliable_reason"": null, ""author_flair_text_color"": null, ""score_hidden"": false, ""permalink"": ""/r/IndianBeautyDeals/comments/148qgmr/myntra_is_getting_weird_everyday/jo1gb4f/"", ""subreddit_type"": ""public"", ""locked"": false, ""report_reasons"": null, ""created"": 1686695028.0, ""author_flair_text"": null, ""treatment_tags"": [], ""created_utc"": 1686695028.0, ""subreddit_name_prefixed"": ""r/IndianBeautyDeals"", ""controversiality"": 0, ""depth"": 2, ""author_flair_background_color"": null, ""collapsed_because_crowd_control"": null, ""mod_reports"": [], ""num_reports"": null, ""ups"": 9}}, {""kind"": ""t1"", ""data"": {""subreddit_id"": ""t5_39dg2c"", ""approved_at_utc"": null, ""author_is_blocked"": false, ""comment_type"": null, ""awarders"": [], ""mod_reason_by"": null, ""banned_by"": null, ""author_flair_type"": ""text"", ""total_awards_received"": 0, ""subreddit"": ""IndianBeautyDeals"", ""author_flair_template_id"": null, ""likes"": null, ""replies"": """", ""user_reports"": [], ""saved"": false, ""id"": ""johaptv"", ""banned_at_utc"": null, ""mod_reason_title"": null, ""gilded"": 0, ""archived"": false, ""collapsed_reason_code"": null, ""no_follow"": true, ""author"": ""Adept_Thought_8454"", ""can_mod_post"": false, ""send_replies"": true, ""parent_id"": ""t1_jo1e08v"", ""score"": 1, ""author_fullname"": ""t2_7icaorox"", ""removal_reason"": null, ""approved_by"": null, ""mod_note"": null, ""all_awardings"": [], ""body"": ""They charge convenience fee for return??"", ""edited"": false, ""top_awarded_type"": null, ""downs"": 0, ""author_flair_css_class"": null, ""name"": ""t1_johaptv"", ""is_submitter"": false, ""collapsed"": false, ""author_flair_richtext"": [], ""author_patreon_flair"": false, ""body_html"": ""&lt;div class=\""md\""&gt;&lt;p&gt;They charge convenience fee for return??&lt;/p&gt;\n&lt;/div&gt;"", ""gildings"": {}, ""collapsed_reason"": null, ""distinguished"": null, ""associated_award"": null, ""stickied"": false, ""author_premium"": false, ""can_gild"": false, ""link_id"": ""t3_148qgmr"", ""unrepliable_reason"": null, ""author_flair_text_color"": null, ""score_hidden"": false, ""permalink"": ""/r/IndianBeautyDeals/comments/148qgmr/myntra_is_getting_weird_everyday/johaptv/"", ""subreddit_type"": ""public"", ""locked"": false, ""report_reasons"": null, ""created"": 1687016208.0, ""author_flair_text"": null, ""treatment_tags"": [], ""created_utc"": 1687016208.0, ""subreddit_name_prefixed"": ""r/IndianBeautyDeals"", ""controversiality"": 0, ""depth"": 2, ""author_flair_background_color"": null, ""collapsed_because_crowd_control"": null, ""mod_reports"": [], ""num_reports"": null, ""ups"": 1}}], ""before"": null}}, ""user_reports"": [], ""saved"": false, ""id"": ""jo1e08v"", ""banned_at_utc"": null, ""mod_reason_title"": null, ""gilded"": 0, ""archived"": false, ""collapsed_reason_code"": null, ""no_follow"": false, ""author"": ""deceptionaldpka"", ""can_mod_post"": false, ""created_utc"": 1686693787.0, ""send_replies"": true, ""parent_id"": ""t1_jo1dipo"", ""score"": 17, ""author_fullname"": ""t2_6hklagim"", ""removal_reason"": null, ""approved_by"": null, ""mod_note"": null, ""all_awardings"": [], ""body"": ""It\u2019s a total pain. Like I thought I\u2019d end up exchanging everything instead of returning. Cause convenience fee.\n\nBut guess who have you pissed so much she\u2019s now going to return half a dozen things even if those can be exchanged"", ""edited"": false, ""top_awarded_type"": null, ""author_flair_css_class"": null, ""name"": ""t1_jo1e08v"", ""is_submitter"": true, ""downs"": 0, ""author_flair_richtext"": [], ""author_patreon_flair"": false, ""body_html"": ""&lt;div class=\""md\""&gt;&lt;p&gt;It\u2019s a total pain. Like I thought I\u2019d end up exchanging everything instead of returning. Cause convenience fee.&lt;/p&gt;\n\n&lt;p&gt;But guess who have you pissed so much she\u2019s now going to return half a dozen things even if those can be exchanged&lt;/p&gt;\n&lt;/div&gt;"", ""gildings"": {}, ""collapsed_reason"": null, ""distinguished"": null, ""associated_award"": null, ""stickied"": false, ""author_premium"": false, ""can_gild"": false, ""link_id"": ""t3_148qgmr"", ""unrepliable_reason"": null, ""author_flair_text_color"": null, ""score_hidden"": false, ""permalink"": ""/r/IndianBeautyDeals/comments/148qgmr/myntra_is_getting_weird_everyday/jo1e08v/"", ""subreddit_type"": ""public"", ""locked"": false, ""report_reasons"": null, ""created"": 1686693787.0, ""author_flair_text"": null, ""treatment_tags"": [], ""collapsed"": false, ""subreddit_name_prefixed"": ""r/IndianBeautyDeals"", ""controversiality"": 0, ""depth"": 1, ""author_flair_background_color"": null, ""collapsed_because_crowd_control"": null, ""mod_reports"": [], ""num_reports"": null, ""ups"": 17}}], ""before"": null}}, ""user_reports"": [], ""saved"": false, ""id"": ""jo1dipo"", ""banned_at_utc"": null, ""mod_reason_title"": null, ""gilded"": 0, ""archived"": false, ""collapsed_reason_code"": null, ""no_follow"": false, ""author"": ""alaska_rose_6"", ""can_mod_post"": false, ""created_utc"": 1686693523.0, ""send_replies"": true, ""parent_id"": ""t3_148qgmr"", ""score"": 45, ""author_fullname"": ""t2_omdbgzbl"", ""approved_by"": null, ""mod_note"": null, ""all_awardings"": [], ""collapsed"": false, ""body"": ""I didn't know returning or exchanging in myntra has become such a hassle."", ""edited"": false, ""top_awarded_type"": null, ""author_flair_css_class"": null, ""name"": ""t1_jo1dipo"", ""is_submitter"": false, ""downs"": 0, ""author_flair_richtext"": [], ""author_patreon_flair"": false, ""body_html"": ""&lt;div class=\""md\""&gt;&lt;p&gt;I didn&amp;#39;t know returning or exchanging in myntra has become such a hassle.&lt;/p&gt;\n&lt;/div&gt;"", ""removal_reason"": null, ""collapsed_reason"": null, ""distinguished"": null, ""associated_award"": null, ""stickied"": false, ""author_premium"": false, ""can_gild"": false, ""gildings"": {}, ""unrepliable_reason"": null, ""author_flair_text_color"": null, ""score_hidden"": false, ""permalink"": ""/r/IndianBeautyDeals/comments/148qgmr/myntra_is_getting_weird_everyday/jo1dipo/"", ""subreddit_type"": ""public"", ""locked"": false, ""report_reasons"": null, ""created"": 1686693523.0, ""author_flair_text"": null, ""treatment_tags"": [], ""link_id"": ""t3_148qgmr"", ""subreddit_name_prefixed"": ""r/IndianBeautyDeals"", ""controversiality"": 0, ""depth"": 0, ""author_flair_background_color"": null, ""collapsed_because_crowd_control"": null, ""mod_reports"": [], ""num_reports"": null, ""ups"": 45}}, {""kind"": ""t1"", ""data"": {""total_awards_received"": 0, ""approved_at_utc"": null, ""author_is_blocked"": false, ""comment_type"": null, ""awarders"": [], ""mod_reason_by"": null, ""banned_by"": null, ""ups"": 14, ""removal_reason"": null, ""link_id"": ""t3_148qgmr"", ""author_flair_template_id"": null, ""likes"": null, ""replies"": {""kind"": ""Listing"", ""data"": {""after"": null, ""dist"": null, ""modhash"": ""1og1yp21o23e76fb60e633fe527e37848d17a35ffb4eb4d4e9"", ""geo_filter"": """", ""children"": [{""kind"": ""t1"", ""data"": {""subreddit_id"": ""t5_39dg2c"", ""approved_at_utc"": null, ""author_is_blocked"": false, ""comment_type"": null, ""awarders"": [], ""mod_reason_by"": null, ""banned_by"": null, ""author_flair_type"": ""text"", ""total_awards_received"": 0, ""subreddit"": ""IndianBeautyDeals"", ""author_flair_template_id"": null, ""likes"": null, ""replies"": """", ""user_reports"": [], ""saved"": false, ""id"": ""jo2ngbq"", ""banned_at_utc"": null, ""mod_reason_title"": null, ""gilded"": 0, ""archived"": false, ""collapsed_reason_code"": null, ""no_follow"": false, ""author"": ""HighwaytoHell0"", ""can_mod_post"": false, ""created_utc"": 1686721770.0, ""send_replies"": true, ""parent_id"": ""t1_jo1ht5u"", ""score"": 9, ""author_fullname"": ""t2_95xcdfts"", ""removal_reason"": null, ""approved_by"": null, ""mod_note"": null, ""all_awardings"": [], ""body"": ""Do they really think average customer would be going through all this hassle just to dupe them? What kinda BS is this?"", ""edited"": false, ""top_awarded_type"": null, ""author_flair_css_class"": null, ""name"": ""t1_jo2ngbq"", ""is_submitter"": false, ""downs"": 0, ""author_flair_richtext"": [], ""author_patreon_flair"": false, ""body_html"": ""&lt;div class=\""md\""&gt;&lt;p&gt;Do they really think average customer would be going through all this hassle just to dupe them? What kinda BS is this?&lt;/p&gt;\n&lt;/div&gt;"", ""gildings"": {}, ""collapsed_reason"": null, ""distinguished"": null, ""associated_award"": null, ""stickied"": false, ""author_premium"": false, ""can_gild"": false, ""link_id"": ""t3_148qgmr"", ""unrepliable_reason"": null, ""author_flair_text_color"": null, ""score_hidden"": false, ""permalink"": ""/r/IndianBeautyDeals/comments/148qgmr/myntra_is_getting_weird_everyday/jo2ngbq/"", ""subreddit_type"": ""public"", ""locked"": false, ""report_reasons"": null, ""created"": 1686721770.0, ""author_flair_text"": null, ""treatment_tags"": [], ""collapsed"": false, ""subreddit_name_prefixed"": ""r/IndianBeautyDeals"", ""controversiality"": 0, ""depth"": 1, ""author_flair_background_color"": null, ""collapsed_because_crowd_control"": null, ""mod_reports"": [], ""num_reports"": null, ""ups"": 9}}, {""kind"": ""t1"", ""data"": {""subreddit_id"": ""t5_39dg2c"", ""approved_at_utc"": null, ""author_is_blocked"": false, ""comment_type"": null, ""awarders"": [], ""mod_reason_by"": null, ""banned_by"": null, ""author_flair_type"": ""text"", ""total_awards_received"": 0, ""subreddit"": ""IndianBeautyDeals"", ""author_flair_template_id"": null, ""likes"": null, ""replies"": {""kind"": ""Listing"", ""data"": {""after"": null, ""dist"": null, ""modhash"": ""1og1yp21o23e76fb60e633fe527e37848d17a35ffb4eb4d4e9"", ""geo_filter"": """", ""children"": [{""kind"": ""t1"", ""data"": {""total_awards_received"": 0, ""approved_at_utc"": null, ""author_is_blocked"": false, ""comment_type"": null, ""awarders"": [], ""mod_reason_by"": null, ""banned_by"": null, ""ups"": 1, ""removal_reason"": null, ""link_id"": ""t3_148qgmr"", ""author_flair_template_id"": null, ""likes"": null, ""replies"": """", ""user_reports"": [], ""saved"": false, ""id"": ""jo3h5r9"", ""banned_at_utc"": null, ""mod_reason_title"": null, ""gilded"": 0, ""archived"": false, ""collapsed_reason_code"": null, ""no_follow"": true, ""author"": ""[deleted]"", ""can_mod_post"": false, ""created_utc"": 1686746203.0, ""send_replies"": true, ""parent_id"": ""t1_jo2q3f3"", ""score"": 1, ""approved_by"": null, ""report_reasons"": null, ""all_awardings"": [], ""subreddit_id"": ""t5_39dg2c"", ""body"": ""Should i not buy a perfume on discount"", ""edited"": false, ""author_flair_css_class"": null, ""downs"": 0, ""is_submitter"": false, ""body_html"": ""&lt;div class=\""md\""&gt;&lt;p&gt;Should i not buy a perfume on discount&lt;/p&gt;\n&lt;/div&gt;"", ""gildings"": {}, ""collapsed_reason"": null, ""associated_award"": null, ""stickied"": false, ""subreddit_type"": ""public"", ""can_gild"": false, ""top_awarded_type"": null, ""unrepliable_reason"": null, ""author_flair_text_color"": ""dark"", ""score_hidden"": false, ""permalink"": ""/r/IndianBeautyDeals/comments/148qgmr/myntra_is_getting_weird_everyday/jo3h5r9/"", ""num_reports"": null, ""locked"": false, ""name"": ""t1_jo3h5r9"", ""created"": 1686746203.0, ""subreddit"": ""IndianBeautyDeals"", ""author_flair_text"": null, ""treatment_tags"": [], ""collapsed"": false, ""subreddit_name_prefixed"": ""r/IndianBeautyDeals"", ""controversiality"": 0, ""depth"": 2, ""author_flair_background_color"": """", ""collapsed_because_crowd_control"": null, ""mod_reports"": [], ""mod_note"": null, ""distinguished"": null}}], ""before"": null}}, ""user_reports"": [], ""saved"": false, ""id"": ""jo2q3f3"", ""banned_at_utc"": null, ""mod_reason_title"": null, ""gilded"": 0, ""archived"": false, ""collapsed_reason_code"": null, ""no_follow"": false, ""author"": ""Euphoria_77"", ""can_mod_post"": false, ""created_utc"": 1686723988.0, ""send_replies"": true, ""parent_id"": ""t1_jo1ht5u"", ""score"": 6, ""author_fullname"": ""t2_b75t87n2"", ""removal_reason"": null, ""approved_by"": null, ""mod_note"": null, ""all_awardings"": [], ""body"": ""Seen enough to not order glass stuff from myntra anymore"", ""edited"": false, ""top_awarded_type"": null, ""author_flair_css_class"": null, ""name"": ""t1_jo2q3f3"", ""is_submitter"": false, ""downs"": 0, ""author_flair_richtext"": [], ""author_patreon_flair"": false, ""body_html"": ""&lt;div class=\""md\""&gt;&lt;p&gt;Seen enough to not order glass stuff from myntra anymore&lt;/p&gt;\n&lt;/div&gt;"", ""gildings"": {}, ""collapsed_reason"": null, ""distinguished"": null, ""associated_award"": null, ""stickied"": false, ""author_premium"": false, ""can_gild"": false, ""link_id"": ""t3_148qgmr"", ""unrepliable_reason"": null, ""author_flair_text_color"": null, ""score_hidden"": false, ""permalink"": ""/r/IndianBeautyDeals/comments/148qgmr/myntra_is_getting_weird_everyday/jo2q3f3/"", ""subreddit_type"": ""public"", ""locked"": false, ""report_reasons"": null, ""created"": 1686723988.0, ""author_flair_text"": null, ""treatment_tags"": [], ""collapsed"": false, ""subreddit_name_prefixed"": ""r/IndianBeautyDeals"", ""controversiality"": 0, ""depth"": 1, ""author_flair_background_color"": null, ""collapsed_because_crowd_control"": null, ""mod_reports"": [], ""num_reports"": null, ""ups"": 6}}, {""kind"": ""t1"", ""data"": {""subreddit_id"": ""t5_39dg2c"", ""approved_at_utc"": null, ""author_is_blocked"": false, ""comment_type"": null, ""awarders"": [], ""mod_reason_by"": null, ""banned_by"": null, ""author_flair_type"": ""text"", ""total_awards_received"": 0, ""subreddit"": ""IndianBeautyDeals"", ""author_flair_template_id"": null, ""likes"": null, ""replies"": """", ""user_reports"": [], ""saved"": false, ""id"": ""jo3nju7"", ""banned_at_utc"": null, ""mod_reason_title"": null, ""gilded"": 0, ""archived"": false, ""collapsed_reason_code"": null, ""no_follow"": false, ""author"": ""RealJunaid"", ""can_mod_post"": false, ""created_utc"": 1686749596.0, ""send_replies"": true, ""parent_id"": ""t1_jo1ht5u"", ""score"": 5, ""author_fullname"": ""t2_15oi7l"", ""removal_reason"": null, ""approved_by"": null, ""mod_note"": null, ""all_awardings"": [], ""body"": ""File consumer complaint online they usually come to senses"", ""edited"": false, ""top_awarded_type"": null, ""author_flair_css_class"": null, ""name"": ""t1_jo3nju7"", ""is_submitter"": false, ""downs"": 0, ""author_flair_richtext"": [], ""author_patreon_flair"": false, ""body_html"": ""&lt;div class=\""md\""&gt;&lt;p&gt;File consumer complaint online they usually come to senses&lt;/p&gt;\n&lt;/div&gt;"", ""gildings"": {}, ""collapsed_reason"": null, ""distinguished"": null, ""associated_award"": null, ""stickied"": false, ""author_premium"": false, ""can_gild"": false, ""link_id"": ""t3_148qgmr"", ""unrepliable_reason"": null, ""author_flair_text_color"": null, ""score_hidden"": false, ""permalink"": ""/r/IndianBeautyDeals/comments/148qgmr/myntra_is_getting_weird_everyday/jo3nju7/"", ""subreddit_type"": ""public"", ""locked"": false, ""report_reasons"": null, ""created"": 1686749596.0, ""author_flair_text"": null, ""treatment_tags"": [], ""collapsed"": false, ""subreddit_name_prefixed"": ""r/IndianBeautyDeals"", ""controversiality"": 0, ""depth"": 1, ""author_flair_background_color"": null, ""collapsed_because_crowd_control"": null, ""mod_reports"": [], ""num_reports"": null, ""ups"": 5}}], ""before"": null}}, ""user_reports"": [], ""saved"": false, ""id"": ""jo1ht5u"", ""banned_at_utc"": null, ""mod_reason_title"": null, ""gilded"": 0, ""archived"": false, ""collapsed_reason_code"": null, ""no_follow"": true, ""author"": ""[deleted]"", ""can_mod_post"": false, ""send_replies"": true, ""parent_id"": ""t3_148qgmr"", ""score"": 14, ""approved_by"": null, ""report_reasons"": null, ""subreddit"": ""IndianBeautyDeals"", ""all_awardings"": [], ""subreddit_id"": ""t5_39dg2c"", ""body"": ""https://preview.redd.it/etz47zbr4v5b1.jpeg?width=1170&amp;format=pjpg&amp;auto=webp&amp;s=c03b9820f7575c627fad0d2050b3f8b5e5fcc5d0"", ""edited"": false, ""downs"": 0, ""author_flair_css_class"": null, ""collapsed"": false, ""is_submitter"": false, ""body_html"": ""&lt;div class=\""md\""&gt;&lt;p&gt;&lt;a href=\""https://preview.redd.it/etz47zbr4v5b1.jpeg?width=1170&amp;amp;format=pjpg&amp;amp;auto=webp&amp;amp;s=c03b9820f7575c627fad0d2050b3f8b5e5fcc5d0\""&gt;https://preview.redd.it/etz47zbr4v5b1.jpeg?width=1170&amp;amp;format=pjpg&amp;amp;auto=webp&amp;amp;s=c03b9820f7575c627fad0d2050b3f8b5e5fcc5d0&lt;/a&gt;&lt;/p&gt;\n&lt;/div&gt;"", ""gildings"": {}, ""collapsed_reason"": null, ""associated_award"": null, ""stickied"": false, ""subreddit_type"": ""public"", ""can_gild"": false, ""top_awarded_type"": null, ""unrepliable_reason"": null, ""author_flair_text_color"": ""dark"", ""score_hidden"": false, ""permalink"": ""/r/IndianBeautyDeals/comments/148qgmr/myntra_is_getting_weird_everyday/jo1ht5u/"", ""num_reports"": null, ""locked"": false, ""name"": ""t1_jo1ht5u"", ""created"": 1686695858.0, ""media_metadata"": {""etz47zbr4v5b1"": {""status"": ""valid"", ""e"": ""Image"", ""m"": ""image/jpeg"", ""p"": [{""y"": 216, ""x"": 108, ""u"": ""https://preview.redd.it/etz47zbr4v5b1.jpeg?width=108&amp;crop=smart&amp;auto=webp&amp;s=f19a4d3e6734a0f06e27761496bf61a8339ada31""}, {""y"": 432, ""x"": 216, ""u"": ""https://preview.redd.it/etz47zbr4v5b1.jpeg?width=216&amp;crop=smart&amp;auto=webp&amp;s=5356562eb70dfad7306ba3fe92437e176cd371ab""}, {""y"": 640, ""x"": 320, ""u"": ""https://preview.redd.it/etz47zbr4v5b1.jpeg?width=320&amp;crop=smart&amp;auto=webp&amp;s=e786ca57ff9f4757889a40bbaadfb039ae3ecba6""}, {""y"": 1280, ""x"": 640, ""u"": ""https://preview.redd.it/etz47zbr4v5b1.jpeg?width=640&amp;crop=smart&amp;auto=webp&amp;s=d08ecdbebdbf2ea1be226baf476c8375b05c8eed""}, {""y"": 1920, ""x"": 960, ""u"": ""https://preview.redd.it/etz47zbr4v5b1.jpeg?width=960&amp;crop=smart&amp;auto=webp&amp;s=8ea1bdd0eb035390592d4055075b410ccfcbf4fc""}, {""y"": 2160, ""x"": 1080, ""u"": ""https://preview.redd.it/etz47zbr4v5b1.jpeg?width=1080&amp;crop=smart&amp;auto=webp&amp;s=395082881d2504db2d004c99e8763841a12cea15""}], ""s"": {""y"": 2532, ""x"": 1170, ""u"": ""https://preview.redd.it/etz47zbr4v5b1.jpeg?width=1170&amp;format=pjpg&amp;auto=webp&amp;s=c03b9820f7575c627fad0d2050b3f8b5e5fcc5d0""}, ""id"": ""etz47zbr4v5b1""}}, ""author_flair_text"": null, ""treatment_tags"": [], ""created_utc"": 1686695858.0, ""subreddit_name_prefixed"": ""r/IndianBeautyDeals"", ""controversiality"": 0, ""depth"": 0, ""author_flair_background_color"": """", ""collapsed_because_crowd_control"": null, ""mod_reports"": [], ""mod_note"": null, ""distinguished"": null}}, {""kind"": ""t1"", ""data"": {""subreddit_id"": ""t5_39dg2c"", ""approved_at_utc"": null, ""author_is_blocked"": false, ""comment_type"": null, ""awarders"": [], ""mod_reason_by"": null, ""banned_by"": null, ""author_flair_type"": ""text"", ""total_awards_received"": 0, ""subreddit"": ""IndianBeautyDeals"", ""author_flair_template_id"": null, ""likes"": null, ""replies"": """", ""user_reports"": [], ""saved"": false, ""id"": ""jo23a9l"", ""banned_at_utc"": null, ""mod_reason_title"": null, ""gilded"": 0, ""archived"": false, ""collapsed_reason_code"": null, ""no_follow"": false, ""author"": ""broke_human1604"", ""can_mod_post"": false, ""created_utc"": 1686708077.0, ""send_replies"": true, ""parent_id"": ""t3_148qgmr"", ""score"": 11, ""author_fullname"": ""t2_9m3je55b4"", ""approved_by"": null, ""mod_note"": null, ""all_awardings"": [], ""collapsed"": false, ""body"": ""True... Myntra is definitely getting wierd everyday.. Charging convineance fees, extra money for COD, not allowing exchange with other products etc..."", ""edited"": false, ""top_awarded_type"": null, ""author_flair_css_class"": null, ""name"": ""t1_jo23a9l"", ""is_submitter"": false, ""downs"": 0, ""author_flair_richtext"": [], ""author_patreon_flair"": false, ""body_html"": ""&lt;div class=\""md\""&gt;&lt;p&gt;True... Myntra is definitely getting wierd everyday.. Charging convineance fees, extra money for COD, not allowing exchange with other products etc...&lt;/p&gt;\n&lt;/div&gt;"", ""removal_reason"": null, ""collapsed_reason"": null, ""distinguished"": null, ""associated_award"": null, ""stickied"": false, ""author_premium"": false, ""can_gild"": false, ""gildings"": {}, ""unrepliable_reason"": null, ""author_flair_text_color"": null, ""score_hidden"": false, ""permalink"": ""/r/IndianBeautyDeals/comments/148qgmr/myntra_is_getting_weird_everyday/jo23a9l/"", ""subreddit_type"": ""public"", ""locked"": false, ""report_reasons"": null, ""created"": 1686708077.0, ""author_flair_text"": null, ""treatment_tags"": [], ""link_id"": ""t3_148qgmr"", ""subreddit_name_prefixed"": ""r/IndianBeautyDeals"", ""controversiality"": 0, ""depth"": 0, ""author_flair_background_color"": null, ""collapsed_because_crowd_control"": null, ""mod_reports"": [], ""num_reports"": null, ""ups"": 11}}, {""kind"": ""t1"", ""data"": {""subreddit_id"": ""t5_39dg2c"", ""approved_at_utc"": null, ""author_is_blocked"": false, ""comment_type"": null, ""awarders"": [], ""mod_reason_by"": null, ""banned_by"": null, ""author_flair_type"": ""text"", ""total_awards_received"": 0, ""subreddit"": ""IndianBeautyDeals"", ""author_flair_template_id"": null, ""likes"": null, ""replies"": {""kind"": ""Listing"", ""data"": {""after"": null, ""dist"": null, ""modhash"": ""1og1yp21o23e76fb60e633fe527e37848d17a35ffb4eb4d4e9"", ""geo_filter"": """", ""children"": [{""kind"": ""t1"", ""data"": {""subreddit_id"": ""t5_39dg2c"", ""approved_at_utc"": null, ""author_is_blocked"": false, ""comment_type"": null, ""awarders"": [], ""mod_reason_by"": null, ""banned_by"": null, ""author_flair_type"": ""text"", ""total_awards_received"": 0, ""subreddit"": ""IndianBeautyDeals"", ""author_flair_template_id"": null, ""likes"": null, ""replies"": """", ""user_reports"": [], ""saved"": false, ""id"": ""jo219j3"", ""banned_at_utc"": null, ""mod_reason_title"": null, ""gilded"": 0, ""archived"": false, ""collapsed_reason_code"": null, ""no_follow"": false, ""author"": ""demi_skincare"", ""can_mod_post"": false, ""created_utc"": 1686706907.0, ""send_replies"": true, ""parent_id"": ""t1_jo1qycl"", ""score"": 5, ""author_fullname"": ""t2_gfhy9cx8"", ""removal_reason"": null, ""approved_by"": null, ""mod_note"": null, ""all_awardings"": [], ""body"": ""Their packaging is very bad."", ""edited"": false, ""top_awarded_type"": null, ""author_flair_css_class"": null, ""name"": ""t1_jo219j3"", ""is_submitter"": false, ""downs"": 0, ""author_flair_richtext"": [], ""author_patreon_flair"": false, ""body_html"": ""&lt;div class=\""md\""&gt;&lt;p&gt;Their packaging is very bad.&lt;/p&gt;\n&lt;/div&gt;"", ""gildings"": {}, ""collapsed_reason"": null, ""distinguished"": null, ""associated_award"": null, ""stickied"": false, ""author_premium"": false, ""can_gild"": false, ""link_id"": ""t3_148qgmr"", ""unrepliable_reason"": null, ""author_flair_text_color"": null, ""score_hidden"": false, ""permalink"": ""/r/IndianBeautyDeals/comments/148qgmr/myntra_is_getting_weird_everyday/jo219j3/"", ""subreddit_type"": ""public"", ""locked"": false, ""report_reasons"": null, ""created"": 1686706907.0, ""author_flair_text"": null, ""treatment_tags"": [], ""collapsed"": false, ""subreddit_name_prefixed"": ""r/IndianBeautyDeals"", ""controversiality"": 0, ""depth"": 1, ""author_flair_background_color"": null, ""collapsed_because_crowd_control"": null, ""mod_reports"": [], ""num_reports"": null, ""ups"": 5}}], ""before"": null}}, ""user_reports"": [], ""saved"": false, ""id"": ""jo1qycl"", ""banned_at_utc"": null, ""mod_reason_title"": null, ""gilded"": 0, ""archived"": false, ""collapsed_reason_code"": null, ""no_follow"": false, ""author"": ""applepiee101"", ""can_mod_post"": false, ""created_utc"": 1686701001.0, ""send_replies"": true, ""parent_id"": ""t3_148qgmr"", ""score"": 8, ""author_fullname"": ""t2_7hxv09dey"", ""approved_by"": null, ""mod_note"": null, ""all_awardings"": [], ""collapsed"": false, ""body"": ""Now .. I'm kinda scared for my orders from myntra.. like I'm seeing alot of bad experiences from Myntra... Like the BBW broken candles... Broken pallette..etc... \ud83d\ude14\ud83d\ude14\ud83d\ude14"", ""edited"": false, ""top_awarded_type"": null, ""author_flair_css_class"": null, ""name"": ""t1_jo1qycl"", ""is_submitter"": false, ""downs"": 0, ""author_flair_richtext"": [], ""author_patreon_flair"": false, ""body_html"": ""&lt;div class=\""md\""&gt;&lt;p&gt;Now .. I&amp;#39;m kinda scared for my orders from myntra.. like I&amp;#39;m seeing alot of bad experiences from Myntra... Like the BBW broken candles... Broken pallette..etc... \ud83d\ude14\ud83d\ude14\ud83d\ude14&lt;/p&gt;\n&lt;/div&gt;"", ""removal_reason"": null, ""collapsed_reason"": null, ""distinguished"": null, ""associated_award"": null, ""stickied"": false, ""author_premium"": false, ""can_gild"": false, ""gildings"": {}, ""unrepliable_reason"": null, ""author_flair_text_color"": null, ""score_hidden"": false, ""permalink"": ""/r/IndianBeautyDeals/comments/148qgmr/myntra_is_getting_weird_everyday/jo1qycl/"", ""subreddit_type"": ""public"", ""locked"": false, ""report_reasons"": null, ""created"": 1686701001.0, ""author_flair_text"": null, ""treatment_tags"": [], ""link_id"": ""t3_148qgmr"", ""subreddit_name_prefixed"": ""r/IndianBeautyDeals"", ""controversiality"": 0, ""depth"": 0, ""author_flair_background_color"": null, ""collapsed_because_crowd_control"": null, ""mod_reports"": [], ""num_reports"": null, ""ups"": 8}}, {""kind"": ""t1"", ""data"": {""subreddit_id"": ""t5_39dg2c"", ""approved_at_utc"": null, ""author_is_blocked"": false, ""comment_type"": null, ""awarders"": [], ""mod_reason_by"": null, ""banned_by"": null, ""author_flair_type"": ""text"", ""total_awards_received"": 0, ""subreddit"": ""IndianBeautyDeals"", ""author_flair_template_id"": null, ""likes"": null, ""replies"": """", ""user_reports"": [], ""saved"": false, ""id"": ""jo2gv6t"", ""banned_at_utc"": null, ""mod_reason_title"": null, ""gilded"": 0, ""archived"": false, ""collapsed_reason_code"": null, ""no_follow"": false, ""author"": ""Akira_Reviews"", ""can_mod_post"": false, ""created_utc"": 1686716748.0, ""send_replies"": true, ""parent_id"": ""t3_148qgmr"", ""score"": 9, ""author_fullname"": ""t2_dgtyu5yi"", ""approved_by"": null, ""mod_note"": null, ""all_awardings"": [], ""collapsed"": false, ""body"": ""So they're charging inconvenience fee and still making their customers feel inconvenient. \n\nI always say tweet your experiences by tagging them."", ""edited"": false, ""top_awarded_type"": null, ""author_flair_css_class"": null, ""name"": ""t1_jo2gv6t"", ""is_submitter"": false, ""downs"": 0, ""author_flair_richtext"": [], ""author_patreon_flair"": false, ""body_html"": ""&lt;div class=\""md\""&gt;&lt;p&gt;So they&amp;#39;re charging inconvenience fee and still making their customers feel inconvenient. &lt;/p&gt;\n\n&lt;p&gt;I always say tweet your experiences by tagging them.&lt;/p&gt;\n&lt;/div&gt;"", ""removal_reason"": null, ""collapsed_reason"": null, ""distinguished"": null, ""associated_award"": null, ""stickied"": false, ""author_premium"": false, ""can_gild"": false, ""gildings"": {}, ""unrepliable_reason"": null, ""author_flair_text_color"": null, ""score_hidden"": false, ""permalink"": ""/r/IndianBeautyDeals/comments/148qgmr/myntra_is_getting_weird_everyday/jo2gv6t/"", ""subreddit_type"": ""public"", ""locked"": false, ""report_reasons"": null, ""created"": 1686716748.0, ""author_flair_text"": null, ""treatment_tags"": [], ""link_id"": ""t3_148qgmr"", ""subreddit_name_prefixed"": ""r/IndianBeautyDeals"", ""controversiality"": 0, ""depth"": 0, ""author_flair_background_color"": null, ""collapsed_because_crowd_control"": null, ""mod_reports"": [], ""num_reports"": null, ""ups"": 9}}, {""kind"": ""t1"", ""data"": {""subreddit_id"": ""t5_39dg2c"", ""approved_at_utc"": null, ""author_is_blocked"": false, ""comment_type"": null, ""awarders"": [], ""mod_reason_by"": null, ""banned_by"": null, ""author_flair_type"": ""text"", ""total_awards_received"": 0, ""subreddit"": ""IndianBeautyDeals"", ""author_flair_template_id"": null, ""likes"": null, ""replies"": """", ""user_reports"": [], ""saved"": false, ""id"": ""jo32zia"", ""banned_at_utc"": null, ""mod_reason_title"": null, ""gilded"": 0, ""archived"": false, ""collapsed_reason_code"": null, ""no_follow"": false, ""author"": ""KyaHaiBae"", ""can_mod_post"": false, ""created_utc"": 1686736013.0, ""send_replies"": true, ""parent_id"": ""t3_148qgmr"", ""score"": 9, ""author_fullname"": ""t2_9mz7iotl"", ""approved_by"": null, ""mod_note"": null, ""all_awardings"": [], ""collapsed"": false, ""body"": ""Myntra joined the rest of the platforms like Flipkart, Nykaa and Ajio to do bad business practices\n\nImagine multi millionaire companies not letting you post reviews of products, not letting you replace wrong items, not refunding you fully, adding BS VARIABLE charges like convenience fees on different accounts, blocking your accounts when you make noise about them stealing your hard earned money \n\nThis all boils down to this innate nature of duping and cheating culture of Indian businesses, instead of treating customers decently \n\nI've noticed this so much, even irl store businesses everyone is dishonest and trying their level best to take unfair advantage of their own customers lol ... I mean this is why i don't have a HG business where i can say \""i always buy from here\"" \n\nI've travelled abroad and I've seen this happen in other South Asian countries too, but not in US or Canada, they have transparent business practices and v lil hassles\n\nLaughable that a country of 1 billion people with infinite consumerism, i can only think of DMART where i have had consistently decent shopping experiences  \ud83d\udc81\ud83c\udffb\u200d\u2640\ufe0f"", ""edited"": false, ""top_awarded_type"": null, ""author_flair_css_class"": null, ""name"": ""t1_jo32zia"", ""is_submitter"": false, ""downs"": 0, ""author_flair_richtext"": [], ""author_patreon_flair"": false, ""body_html"": ""&lt;div class=\""md\""&gt;&lt;p&gt;Myntra joined the rest of the platforms like Flipkart, Nykaa and Ajio to do bad business practices&lt;/p&gt;\n\n&lt;p&gt;Imagine multi millionaire companies not letting you post reviews of products, not letting you replace wrong items, not refunding you fully, adding BS VARIABLE charges like convenience fees on different accounts, blocking your accounts when you make noise about them stealing your hard earned money &lt;/p&gt;\n\n&lt;p&gt;This all boils down to this innate nature of duping and cheating culture of Indian businesses, instead of treating customers decently &lt;/p&gt;\n\n&lt;p&gt;I&amp;#39;ve noticed this so much, even irl store businesses everyone is dishonest and trying their level best to take unfair advantage of their own customers lol ... I mean this is why i don&amp;#39;t have a HG business where i can say &amp;quot;i always buy from here&amp;quot; &lt;/p&gt;\n\n&lt;p&gt;I&amp;#39;ve travelled abroad and I&amp;#39;ve seen this happen in other South Asian countries too, but not in US or Canada, they have transparent business practices and v lil hassles&lt;/p&gt;\n\n&lt;p&gt;Laughable that a country of 1 billion people with infinite consumerism, i can only think of DMART where i have had consistently decent shopping experiences  \ud83d\udc81\ud83c\udffb\u200d\u2640\ufe0f&lt;/p&gt;\n&lt;/div&gt;"", ""removal_reason"": null, ""collapsed_reason"": null, ""distinguished"": null, ""associated_award"": null, ""stickied"": false, ""author_premium"": false, ""can_gild"": false, ""gildings"": {}, ""unrepliable_reason"": null, ""author_flair_text_color"": null, ""score_hidden"": false, ""permalink"": ""/r/IndianBeautyDeals/comments/148qgmr/myntra_is_getting_weird_everyday/jo32zia/"", ""subreddit_type"": ""public"", ""locked"": false, ""report_reasons"": null, ""created"": 1686736013.0, ""author_flair_text"": null, ""treatment_tags"": [], ""link_id"": ""t3_148qgmr"", ""subreddit_name_prefixed"": ""r/IndianBeautyDeals"", ""controversiality"": 0, ""depth"": 0, ""author_flair_background_color"": null, ""collapsed_because_crowd_control"": null, ""mod_reports"": [], ""num_reports"": null, ""ups"": 9}}, {""kind"": ""t1"", ""data"": {""subreddit_id"": ""t5_39dg2c"", ""approved_at_utc"": null, ""author_is_blocked"": false, ""comment_type"": null, ""awarders"": [], ""mod_reason_by"": null, ""banned_by"": null, ""author_flair_type"": ""text"", ""total_awards_received"": 0, ""subreddit"": ""IndianBeautyDeals"", ""author_flair_template_id"": null, ""likes"": null, ""replies"": """", ""user_reports"": [], ""saved"": false, ""id"": ""jo26yw7"", ""banned_at_utc"": null, ""mod_reason_title"": null, ""gilded"": 0, ""archived"": false, ""collapsed_reason_code"": null, ""no_follow"": false, ""author"": ""myanxiety_hasanxiety"", ""can_mod_post"": false, ""created_utc"": 1686710230.0, ""send_replies"": true, ""parent_id"": ""t3_148qgmr"", ""score"": 13, ""author_fullname"": ""t2_785wbkmm"", ""approved_by"": null, ""mod_note"": null, ""all_awardings"": [], ""collapsed"": false, ""body"": ""Not related to what you\u2019ve highlighted, OP, (and I agree that Myntra is shady) but reading the words \u201cas a person who depends on shopping cause she can\u2019t find a good therapist\u201d hit me like a ton of bricks - like one of the greatest epiphanies I\u2019ve had about myself \ud83d\ude02\ud83e\udd79And I\u2019m glad I\u2019m not alone! Thank you \ud83d\ude0a"", ""edited"": false, ""top_awarded_type"": null, ""author_flair_css_class"": null, ""name"": ""t1_jo26yw7"", ""is_submitter"": false, ""downs"": 0, ""author_flair_richtext"": [], ""author_patreon_flair"": false, ""body_html"": ""&lt;div class=\""md\""&gt;&lt;p&gt;Not related to what you\u2019ve highlighted, OP, (and I agree that Myntra is shady) but reading the words \u201cas a person who depends on shopping cause she can\u2019t find a good therapist\u201d hit me like a ton of bricks - like one of the greatest epiphanies I\u2019ve had about myself \ud83d\ude02\ud83e\udd79And I\u2019m glad I\u2019m not alone! Thank you \ud83d\ude0a&lt;/p&gt;\n&lt;/div&gt;"", ""removal_reason"": null, ""collapsed_reason"": null, ""distinguished"": null, ""associated_award"": null, ""stickied"": false, ""author_premium"": false, ""can_gild"": false, ""gildings"": {}, ""unrepliable_reason"": null, ""author_flair_text_color"": null, ""score_hidden"": false, ""permalink"": ""/r/IndianBeautyDeals/comments/148qgmr/myntra_is_getting_weird_everyday/jo26yw7/"", ""subreddit_type"": ""public"", ""locked"": false, ""report_reasons"": null, ""created"": 1686710230.0, ""author_flair_text"": null, ""treatment_tags"": [], ""link_id"": ""t3_148qgmr"", ""subreddit_name_prefixed"": ""r/IndianBeautyDeals"", ""controversiality"": 0, ""depth"": 0, ""author_flair_background_color"": null, ""collapsed_because_crowd_control"": null, ""mod_reports"": [], ""num_reports"": null, ""ups"": 13}}, {""kind"": ""t1"", ""data"": {""total_awards_received"": 0, ""approved_at_utc"": null, ""author_is_blocked"": false, ""comment_type"": null, ""awarders"": [], ""mod_reason_by"": null, ""banned_by"": null, ""ups"": 4, ""removal_reason"": null, ""link_id"": ""t3_148qgmr"", ""author_flair_template_id"": null, ""likes"": null, ""replies"": {""kind"": ""Listing"", ""data"": {""after"": null, ""dist"": null, ""modhash"": ""1og1yp21o23e76fb60e633fe527e37848d17a35ffb4eb4d4e9"", ""geo_filter"": """", ""children"": [{""kind"": ""t1"", ""data"": {""subreddit_id"": ""t5_39dg2c"", ""approved_at_utc"": null, ""author_is_blocked"": false, ""comment_type"": null, ""awarders"": [], ""mod_reason_by"": null, ""banned_by"": null, ""author_flair_type"": ""text"", ""total_awards_received"": 0, ""subreddit"": ""IndianBeautyDeals"", ""author_flair_template_id"": null, ""likes"": null, ""replies"": """", ""user_reports"": [], ""saved"": false, ""id"": ""jo2jspp"", ""banned_at_utc"": null, ""mod_reason_title"": null, ""gilded"": 0, ""archived"": false, ""collapsed_reason_code"": null, ""no_follow"": true, ""author"": ""deceptionaldpka"", ""can_mod_post"": false, ""created_utc"": 1686718920.0, ""send_replies"": true, ""parent_id"": ""t1_jo2jcoq"", ""score"": 1, ""author_fullname"": ""t2_6hklagim"", ""removal_reason"": null, ""approved_by"": null, ""mod_note"": null, ""all_awardings"": [], ""body"": ""Thank you!"", ""edited"": false, ""top_awarded_type"": null, ""author_flair_css_class"": null, ""name"": ""t1_jo2jspp"", ""is_submitter"": true, ""downs"": 0, ""author_flair_richtext"": [], ""author_patreon_flair"": false, ""body_html"": ""&lt;div class=\""md\""&gt;&lt;p&gt;Thank you!&lt;/p&gt;\n&lt;/div&gt;"", ""gildings"": {}, ""collapsed_reason"": null, ""distinguished"": null, ""associated_award"": null, ""stickied"": false, ""author_premium"": false, ""can_gild"": false, ""link_id"": ""t3_148qgmr"", ""unrepliable_reason"": null, ""author_flair_text_color"": null, ""score_hidden"": false, ""permalink"": ""/r/IndianBeautyDeals/comments/148qgmr/myntra_is_getting_weird_everyday/jo2jspp/"", ""subreddit_type"": ""public"", ""locked"": false, ""report_reasons"": null, ""created"": 1686718920.0, ""author_flair_text"": null, ""treatment_tags"": [], ""collapsed"": false, ""subreddit_name_prefixed"": ""r/IndianBeautyDeals"", ""controversiality"": 0, ""depth"": 1, ""author_flair_background_color"": null, ""collapsed_because_crowd_control"": null, ""mod_reports"": [], ""num_reports"": null, ""ups"": 1}}], ""before"": null}}, ""user_reports"": [], ""saved"": false, ""id"": ""jo2jcoq"", ""banned_at_utc"": null, ""mod_reason_title"": null, ""gilded"": 0, ""archived"": false, ""collapsed_reason_code"": null, ""no_follow"": false, ""author"": ""[deleted]"", ""can_mod_post"": false, ""send_replies"": true, ""parent_id"": ""t3_148qgmr"", ""score"": 4, ""approved_by"": null, ""report_reasons"": null, ""all_awardings"": [], ""subreddit_id"": ""t5_39dg2c"", ""body"": ""[deleted]"", ""edited"": false, ""downs"": 0, ""author_flair_css_class"": null, ""collapsed"": false, ""is_submitter"": false, ""body_html"": ""&lt;div class=\""md\""&gt;&lt;p&gt;[deleted]&lt;/p&gt;\n&lt;/div&gt;"", ""gildings"": {}, ""collapsed_reason"": null, ""associated_award"": null, ""stickied"": false, ""subreddit_type"": ""public"", ""can_gild"": false, ""top_awarded_type"": null, ""unrepliable_reason"": null, ""author_flair_text_color"": ""dark"", ""score_hidden"": false, ""permalink"": ""/r/IndianBeautyDeals/comments/148qgmr/myntra_is_getting_weird_everyday/jo2jcoq/"", ""num_reports"": null, ""locked"": false, ""name"": ""t1_jo2jcoq"", ""created"": 1686718580.0, ""subreddit"": ""IndianBeautyDeals"", ""author_flair_text"": null, ""treatment_tags"": [], ""created_utc"": 1686718580.0, ""subreddit_name_prefixed"": ""r/IndianBeautyDeals"", ""controversiality"": 0, ""depth"": 0, ""author_flair_background_color"": """", ""collapsed_because_crowd_control"": null, ""mod_reports"": [], ""mod_note"": null, ""distinguished"": null}}, {""kind"": ""t1"", ""data"": {""subreddit_id"": ""t5_39dg2c"", ""approved_at_utc"": null, ""author_is_blocked"": false, ""comment_type"": null, ""awarders"": [], ""mod_reason_by"": null, ""banned_by"": null, ""author_flair_type"": ""text"", ""total_awards_received"": 0, ""subreddit"": ""IndianBeautyDeals"", ""author_flair_template_id"": null, ""likes"": null, ""replies"": """", ""user_reports"": [], ""saved"": false, ""id"": ""jo31nwn"", ""banned_at_utc"": null, ""mod_reason_title"": null, ""gilded"": 0, ""archived"": false, ""collapsed_reason_code"": null, ""no_follow"": false, ""author"": ""-_Ethereal_-"", ""can_mod_post"": false, ""created_utc"": 1686734768.0, ""send_replies"": true, ""parent_id"": ""t3_148qgmr"", ""score"": 4, ""author_fullname"": ""t2_66ur0w2i"", ""approved_by"": null, ""mod_note"": null, ""all_awardings"": [], ""collapsed"": false, ""body"": ""Any and every product I have received during Myntra sale has been either wrong, mislabeled, broken, defective, dirty or damaged. I have actually given up at this time and waiting for the sale to end to see if all this stops. The brands I usually order from have good offers anyway and the sale didn\u2019t change their prices much. But I did notice that even the brands that usually deliver good stuff have been delivering poorly. I honestly think this is a dump sale for Myntra and they are not bothering with quality checks and deliberately making the return process difficult coz they know their products are poor and they don\u2019t want them back. I actually even got a coupon the other day according to which I would get Rs. 200 off if I agreed to forgo my right to return the ordered products and Myntra had automatically applied it. Thank god I read properly and removed it before placing my order. \n\nOn the whole, Myntra has been very disappointing. And this is also coming from a severely depressed individual who does shopping to suppress her grief. Myntra has been my main shopping destination for so long, but I refuse to let this behaviour go. As if my life problems are not enough lol."", ""edited"": false, ""top_awarded_type"": null, ""author_flair_css_class"": null, ""name"": ""t1_jo31nwn"", ""is_submitter"": false, ""downs"": 0, ""author_flair_richtext"": [], ""author_patreon_flair"": false, ""body_html"": ""&lt;div class=\""md\""&gt;&lt;p&gt;Any and every product I have received during Myntra sale has been either wrong, mislabeled, broken, defective, dirty or damaged. I have actually given up at this time and waiting for the sale to end to see if all this stops. The brands I usually order from have good offers anyway and the sale didn\u2019t change their prices much. But I did notice that even the brands that usually deliver good stuff have been delivering poorly. I honestly think this is a dump sale for Myntra and they are not bothering with quality checks and deliberately making the return process difficult coz they know their products are poor and they don\u2019t want them back. I actually even got a coupon the other day according to which I would get Rs. 200 off if I agreed to forgo my right to return the ordered products and Myntra had automatically applied it. Thank god I read properly and removed it before placing my order. &lt;/p&gt;\n\n&lt;p&gt;On the whole, Myntra has been very disappointing. And this is also coming from a severely depressed individual who does shopping to suppress her grief. Myntra has been my main shopping destination for so long, but I refuse to let this behaviour go. As if my life problems are not enough lol.&lt;/p&gt;\n&lt;/div&gt;"", ""removal_reason"": null, ""collapsed_reason"": null, ""distinguished"": null, ""associated_award"": null, ""stickied"": false, ""author_premium"": false, ""can_gild"": false, ""gildings"": {}, ""unrepliable_reason"": null, ""author_flair_text_color"": null, ""score_hidden"": false, ""permalink"": ""/r/IndianBeautyDeals/comments/148qgmr/myntra_is_getting_weird_everyday/jo31nwn/"", ""subreddit_type"": ""public"", ""locked"": false, ""report_reasons"": null, ""created"": 1686734768.0, ""author_flair_text"": null, ""treatment_tags"": [], ""link_id"": ""t3_148qgmr"", ""subreddit_name_prefixed"": ""r/IndianBeautyDeals"", ""controversiality"": 0, ""depth"": 0, ""author_flair_background_color"": null, ""collapsed_because_crowd_control"": null, ""mod_reports"": [], ""num_reports"": null, ""ups"": 4}}, {""kind"": ""t1"", ""data"": {""subreddit_id"": ""t5_39dg2c"", ""approved_at_utc"": null, ""author_is_blocked"": false, ""comment_type"": null, ""awarders"": [], ""mod_reason_by"": null, ""banned_by"": null, ""author_flair_type"": ""text"", ""total_awards_received"": 0, ""subreddit"": ""IndianBeautyDeals"", ""author_flair_template_id"": null, ""likes"": null, ""replies"": """", ""user_reports"": [], ""saved"": false, ""id"": ""jo21e6x"", ""banned_at_utc"": null, ""mod_reason_title"": null, ""gilded"": 0, ""archived"": false, ""collapsed_reason_code"": null, ""no_follow"": true, ""author"": ""demi_skincare"", ""can_mod_post"": false, ""created_utc"": 1686706983.0, ""send_replies"": true, ""parent_id"": ""t3_148qgmr"", ""score"": 3, ""author_fullname"": ""t2_gfhy9cx8"", ""approved_by"": null, ""mod_note"": null, ""all_awardings"": [], ""collapsed"": false, ""body"": ""Hey, I got a night suit too and for the same reason as yours, I returned the product instead of exchange."", ""edited"": false, ""top_awarded_type"": null, ""author_flair_css_class"": null, ""name"": ""t1_jo21e6x"", ""is_submitter"": false, ""downs"": 0, ""author_flair_richtext"": [], ""author_patreon_flair"": false, ""body_html"": ""&lt;div class=\""md\""&gt;&lt;p&gt;Hey, I got a night suit too and for the same reason as yours, I returned the product instead of exchange.&lt;/p&gt;\n&lt;/div&gt;"", ""removal_reason"": null, ""collapsed_reason"": null, ""distinguished"": null, ""associated_award"": null, ""stickied"": false, ""author_premium"": false, ""can_gild"": false, ""gildings"": {}, ""unrepliable_reason"": null, ""author_flair_text_color"": null, ""score_hidden"": false, ""permalink"": ""/r/IndianBeautyDeals/comments/148qgmr/myntra_is_getting_weird_everyday/jo21e6x/"", ""subreddit_type"": ""public"", ""locked"": false, ""report_reasons"": null, ""created"": 1686706983.0, ""author_flair_text"": null, ""treatment_tags"": [], ""link_id"": ""t3_148qgmr"", ""subreddit_name_prefixed"": ""r/IndianBeautyDeals"", ""controversiality"": 0, ""depth"": 0, ""author_flair_background_color"": null, ""collapsed_because_crowd_control"": null, ""mod_reports"": [], ""num_reports"": null, ""ups"": 3}}, {""kind"": ""t1"", ""data"": {""subreddit_id"": ""t5_39dg2c"", ""approved_at_utc"": null, ""author_is_blocked"": false, ""comment_type"": null, ""awarders"": [], ""mod_reason_by"": null, ""banned_by"": null, ""author_flair_type"": ""text"", ""total_awards_received"": 0, ""subreddit"": ""IndianBeautyDeals"", ""author_flair_template_id"": null, ""likes"": null, ""replies"": """", ""user_reports"": [], ""saved"": false, ""id"": ""jo28ysr"", ""banned_at_utc"": null, ""mod_reason_title"": null, ""gilded"": 0, ""archived"": false, ""collapsed_reason_code"": null, ""no_follow"": true, ""author"": ""berrrylicious"", ""can_mod_post"": false, ""created_utc"": 1686711435.0, ""send_replies"": true, ""parent_id"": ""t3_148qgmr"", ""score"": 3, ""author_fullname"": ""t2_hud4byvj"", ""approved_by"": null, ""mod_note"": null, ""all_awardings"": [], ""collapsed"": false, ""body"": ""Agreed \n\nI ordered a skirt in August 2022. Returned it well within their return window as it had fit issues.\n\nForgot to check its status and it was shipped back by Myantra to that address in Jan 2023. Thank god the address was of my parents as I had moved out by that time. Had it been some rental flat or else. What would have happened."", ""edited"": false, ""top_awarded_type"": null, ""author_flair_css_class"": null, ""name"": ""t1_jo28ysr"", ""is_submitter"": false, ""downs"": 0, ""author_flair_richtext"": [], ""author_patreon_flair"": false, ""body_html"": ""&lt;div class=\""md\""&gt;&lt;p&gt;Agreed &lt;/p&gt;\n\n&lt;p&gt;I ordered a skirt in August 2022. Returned it well within their return window as it had fit issues.&lt;/p&gt;\n\n&lt;p&gt;Forgot to check its status and it was shipped back by Myantra to that address in Jan 2023. Thank god the address was of my parents as I had moved out by that time. Had it been some rental flat or else. What would have happened.&lt;/p&gt;\n&lt;/div&gt;"", ""removal_reason"": null, ""collapsed_reason"": null, ""distinguished"": null, ""associated_award"": null, ""stickied"": false, ""author_premium"": false, ""can_gild"": false, ""gildings"": {}, ""unrepliable_reason"": null, ""author_flair_text_color"": null, ""score_hidden"": false, ""permalink"": ""/r/IndianBeautyDeals/comments/148qgmr/myntra_is_getting_weird_everyday/jo28ysr/"", ""subreddit_type"": ""public"", ""locked"": false, ""report_reasons"": null, ""created"": 1686711435.0, ""author_flair_text"": null, ""treatment_tags"": [], ""link_id"": ""t3_148qgmr"", ""subreddit_name_prefixed"": ""r/IndianBeautyDeals"", ""controversiality"": 0, ""depth"": 0, ""author_flair_background_color"": null, ""collapsed_because_crowd_control"": null, ""mod_reports"": [], ""num_reports"": null, ""ups"": 3}}, {""kind"": ""t1"", ""data"": {""total_awards_received"": 0, ""approved_at_utc"": null, ""author_is_blocked"": false, ""comment_type"": null, ""awarders"": [], ""mod_reason_by"": null, ""banned_by"": null, ""ups"": 3, ""removal_reason"": null, ""link_id"": ""t3_148qgmr"", ""author_flair_template_id"": null, ""likes"": null, ""replies"": """", ""user_reports"": [], ""saved"": false, ""id"": ""jo29dv2"", ""banned_at_utc"": null, ""mod_reason_title"": null, ""gilded"": 0, ""archived"": false, ""collapsed_reason_code"": null, ""no_follow"": true, ""author"": ""[deleted]"", ""can_mod_post"": false, ""send_replies"": true, ""parent_id"": ""t3_148qgmr"", ""score"": 3, ""approved_by"": null, ""report_reasons"": null, ""all_awardings"": [], ""subreddit_id"": ""t5_39dg2c"", ""body"": ""same stuff happened with me. i ordered incolor eye pencils and one of them was expired already. they refused to return or exchange it."", ""edited"": false, ""downs"": 0, ""author_flair_css_class"": null, ""collapsed"": false, ""is_submitter"": false, ""body_html"": ""&lt;div class=\""md\""&gt;&lt;p&gt;same stuff happened with me. i ordered incolor eye pencils and one of them was expired already. they refused to return or exchange it.&lt;/p&gt;\n&lt;/div&gt;"", ""gildings"": {}, ""collapsed_reason"": null, ""associated_award"": null, ""stickied"": false, ""subreddit_type"": ""public"", ""can_gild"": false, ""top_awarded_type"": null, ""unrepliable_reason"": null, ""author_flair_text_color"": ""dark"", ""score_hidden"": false, ""permalink"": ""/r/IndianBeautyDeals/comments/148qgmr/myntra_is_getting_weird_everyday/jo29dv2/"", ""num_reports"": null, ""locked"": false, ""name"": ""t1_jo29dv2"", ""created"": 1686711699.0, ""subreddit"": ""IndianBeautyDeals"", ""author_flair_text"": null, ""treatment_tags"": [], ""created_utc"": 1686711699.0, ""subreddit_name_prefixed"": ""r/IndianBeautyDeals"", ""controversiality"": 0, ""depth"": 0, ""author_flair_background_color"": """", ""collapsed_because_crowd_control"": null, ""mod_reports"": [], ""mod_note"": null, ""distinguished"": null}}, {""kind"": ""t1"", ""data"": {""subreddit_id"": ""t5_39dg2c"", ""approved_at_utc"": null, ""author_is_blocked"": false, ""comment_type"": null, ""awarders"": [], ""mod_reason_by"": null, ""banned_by"": null, ""author_flair_type"": ""text"", ""total_awards_received"": 0, ""subreddit"": ""IndianBeautyDeals"", ""author_flair_template_id"": null, ""likes"": null, ""replies"": """", ""user_reports"": [], ""saved"": false, ""id"": ""jo2ddq8"", ""banned_at_utc"": null, ""mod_reason_title"": null, ""gilded"": 0, ""archived"": false, ""collapsed_reason_code"": null, ""no_follow"": true, ""author"": ""missumissy"", ""can_mod_post"": false, ""created_utc"": 1686714326.0, ""send_replies"": true, ""parent_id"": ""t3_148qgmr"", ""score"": 3, ""author_fullname"": ""t2_177rfz"", ""approved_by"": null, ""mod_note"": null, ""all_awardings"": [], ""collapsed"": false, ""body"": ""I actually received the wrong product the last 3 times I ordered from Myntra \ud83d\ude43 and the customer care refused to accept the return saying they had it checked and I must have substituted it"", ""edited"": false, ""top_awarded_type"": null, ""author_flair_css_class"": null, ""name"": ""t1_jo2ddq8"", ""is_submitter"": false, ""downs"": 0, ""author_flair_richtext"": [], ""author_patreon_flair"": false, ""body_html"": ""&lt;div class=\""md\""&gt;&lt;p&gt;I actually received the wrong product the last 3 times I ordered from Myntra \ud83d\ude43 and the customer care refused to accept the return saying they had it checked and I must have substituted it&lt;/p&gt;\n&lt;/div&gt;"", ""removal_reason"": null, ""collapsed_reason"": null, ""distinguished"": null, ""associated_award"": null, ""stickied"": false, ""author_premium"": false, ""can_gild"": false, ""gildings"": {}, ""unrepliable_reason"": null, ""author_flair_text_color"": null, ""score_hidden"": false, ""permalink"": ""/r/IndianBeautyDeals/comments/148qgmr/myntra_is_getting_weird_everyday/jo2ddq8/"", ""subreddit_type"": ""public"", ""locked"": false, ""report_reasons"": null, ""created"": 1686714326.0, ""author_flair_text"": null, ""treatment_tags"": [], ""link_id"": ""t3_148qgmr"", ""subreddit_name_prefixed"": ""r/IndianBeautyDeals"", ""controversiality"": 0, ""depth"": 0, ""author_flair_background_color"": null, ""collapsed_because_crowd_control"": null, ""mod_reports"": [], ""num_reports"": null, ""ups"": 3}}, {""kind"": ""t1"", ""data"": {""subreddit_id"": ""t5_39dg2c"", ""approved_at_utc"": null, ""author_is_blocked"": false, ""comment_type"": null, ""awarders"": [], ""mod_reason_by"": null, ""banned_by"": null, ""author_flair_type"": ""text"", ""total_awards_received"": 0, ""subreddit"": ""IndianBeautyDeals"", ""author_flair_template_id"": null, ""likes"": null, ""replies"": """", ""user_reports"": [], ""saved"": false, ""id"": ""jo2f2vr"", ""banned_at_utc"": null, ""mod_reason_title"": null, ""gilded"": 0, ""archived"": false, ""collapsed_reason_code"": null, ""no_follow"": true, ""author"": ""AriaMarin"", ""can_mod_post"": false, ""created_utc"": 1686715490.0, ""send_replies"": true, ""parent_id"": ""t3_148qgmr"", ""score"": 3, ""author_fullname"": ""t2_o34itar4"", ""approved_by"": null, ""mod_note"": null, ""all_awardings"": [], ""collapsed"": false, ""body"": ""I'm hesitating to return stuff bcz accounts with high returns have to pay 99 as convenience fee everytime."", ""edited"": false, ""top_awarded_type"": null, ""author_flair_css_class"": null, ""name"": ""t1_jo2f2vr"", ""is_submitter"": false, ""downs"": 0, ""author_flair_richtext"": [], ""author_patreon_flair"": false, ""body_html"": ""&lt;div class=\""md\""&gt;&lt;p&gt;I&amp;#39;m hesitating to return stuff bcz accounts with high returns have to pay 99 as convenience fee everytime.&lt;/p&gt;\n&lt;/div&gt;"", ""removal_reason"": null, ""collapsed_reason"": null, ""distinguished"": null, ""associated_award"": null, ""stickied"": false, ""author_premium"": false, ""can_gild"": false, ""gildings"": {}, ""unrepliable_reason"": null, ""author_flair_text_color"": null, ""score_hidden"": false, ""permalink"": ""/r/IndianBeautyDeals/comments/148qgmr/myntra_is_getting_weird_everyday/jo2f2vr/"", ""subreddit_type"": ""public"", ""locked"": false, ""report_reasons"": null, ""created"": 1686715490.0, ""author_flair_text"": null, ""treatment_tags"": [], ""link_id"": ""t3_148qgmr"", ""subreddit_name_prefixed"": ""r/IndianBeautyDeals"", ""controversiality"": 0, ""depth"": 0, ""author_flair_background_color"": null, ""collapsed_because_crowd_control"": null, ""mod_reports"": [], ""num_reports"": null, ""ups"": 3}}, {""kind"": ""t1"", ""data"": {""total_awards_received"": 0, ""approved_at_utc"": null, ""author_is_blocked"": false, ""comment_type"": null, ""awarders"": [], ""mod_reason_by"": null, ""banned_by"": null, ""ups"": 3, ""removal_reason"": null, ""link_id"": ""t3_148qgmr"", ""author_flair_template_id"": null, ""likes"": null, ""replies"": {""kind"": ""Listing"", ""data"": {""after"": null, ""dist"": null, ""modhash"": ""1og1yp21o23e76fb60e633fe527e37848d17a35ffb4eb4d4e9"", ""geo_filter"": """", ""children"": [{""kind"": ""t1"", ""data"": {""subreddit_id"": ""t5_39dg2c"", ""approved_at_utc"": null, ""author_is_blocked"": false, ""comment_type"": null, ""awarders"": [], ""mod_reason_by"": null, ""banned_by"": null, ""author_flair_type"": ""text"", ""total_awards_received"": 0, ""subreddit"": ""IndianBeautyDeals"", ""author_flair_template_id"": null, ""likes"": null, ""replies"": {""kind"": ""Listing"", ""data"": {""after"": null, ""dist"": null, ""modhash"": ""1og1yp21o23e76fb60e633fe527e37848d17a35ffb4eb4d4e9"", ""geo_filter"": """", ""children"": [{""kind"": ""t1"", ""data"": {""total_awards_received"": 0, ""approved_at_utc"": null, ""author_is_blocked"": false, ""comment_type"": null, ""awarders"": [], ""mod_reason_by"": null, ""banned_by"": null, ""ups"": 2, ""removal_reason"": null, ""link_id"": ""t3_148qgmr"", ""author_flair_template_id"": null, ""likes"": null, ""replies"": """", ""user_reports"": [], ""saved"": false, ""id"": ""jo2vxkt"", ""banned_at_utc"": null, ""mod_reason_title"": null, ""gilded"": 0, ""archived"": false, ""collapsed_reason_code"": null, ""no_follow"": true, ""author"": ""[deleted]"", ""can_mod_post"": false, ""created_utc"": 1686729269.0, ""send_replies"": true, ""parent_id"": ""t1_jo2t88o"", ""score"": 2, ""approved_by"": null, ""report_reasons"": null, ""all_awardings"": [], ""subreddit_id"": ""t5_39dg2c"", ""body"": ""Okay. I will do that.\n\n&amp;#x200B;\n\nThanks."", ""edited"": false, ""author_flair_css_class"": null, ""downs"": 0, ""is_submitter"": false, ""body_html"": ""&lt;div class=\""md\""&gt;&lt;p&gt;Okay. I will do that.&lt;/p&gt;\n\n&lt;p&gt;&amp;#x200B;&lt;/p&gt;\n\n&lt;p&gt;Thanks.&lt;/p&gt;\n&lt;/div&gt;"", ""gildings"": {}, ""collapsed_reason"": null, ""associated_award"": null, ""stickied"": false, ""subreddit_type"": ""public"", ""can_gild"": false, ""top_awarded_type"": null, ""unrepliable_reason"": null, ""author_flair_text_color"": ""dark"", ""score_hidden"": false, ""permalink"": ""/r/IndianBeautyDeals/comments/148qgmr/myntra_is_getting_weird_everyday/jo2vxkt/"", ""num_reports"": null, ""locked"": false, ""name"": ""t1_jo2vxkt"", ""created"": 1686729269.0, ""subreddit"": ""IndianBeautyDeals"", ""author_flair_text"": null, ""treatment_tags"": [], ""collapsed"": false, ""subreddit_name_prefixed"": ""r/IndianBeautyDeals"", ""controversiality"": 0, ""depth"": 2, ""author_flair_background_color"": """", ""collapsed_because_crowd_control"": null, ""mod_reports"": [], ""mod_note"": null, ""distinguished"": null}}], ""before"": null}}, ""user_reports"": [], ""saved"": false, ""id"": ""jo2t88o"", ""banned_at_utc"": null, ""mod_reason_title"": null, ""gilded"": 0, ""archived"": false, ""collapsed_reason_code"": null, ""no_follow"": true, ""author"": ""notherewillingly"", ""can_mod_post"": false, ""created_utc"": 1686726751.0, ""send_replies"": true, ""parent_id"": ""t1_jo2jpye"", ""score"": 2, ""author_fullname"": ""t2_qxv6vun9"", ""removal_reason"": null, ""approved_by"": null, ""mod_note"": null, ""all_awardings"": [], ""body"": ""You gotta post on Twitter. Keep tweeting and tagging them."", ""edited"": false, ""top_awarded_type"": null, ""author_flair_css_class"": null, ""name"": ""t1_jo2t88o"", ""is_submitter"": false, ""downs"": 0, ""author_flair_richtext"": [], ""author_patreon_flair"": false, ""body_html"": ""&lt;div class=\""md\""&gt;&lt;p&gt;You gotta post on Twitter. Keep tweeting and tagging them.&lt;/p&gt;\n&lt;/div&gt;"", ""gildings"": {}, ""collapsed_reason"": null, ""distinguished"": null, ""associated_award"": null, ""stickied"": false, ""author_premium"": false, ""can_gild"": false, ""link_id"": ""t3_148qgmr"", ""unrepliable_reason"": null, ""author_flair_text_color"": null, ""score_hidden"": false, ""permalink"": ""/r/IndianBeautyDeals/comments/148qgmr/myntra_is_getting_weird_everyday/jo2t88o/"", ""subreddit_type"": ""public"", ""locked"": false, ""report_reasons"": null, ""created"": 1686726751.0, ""author_flair_text"": null, ""treatment_tags"": [], ""collapsed"": false, ""subreddit_name_prefixed"": ""r/IndianBeautyDeals"", ""controversiality"": 0, ""depth"": 1, ""author_flair_background_color"": null, ""collapsed_because_crowd_control"": null, ""mod_reports"": [], ""num_reports"": null, ""ups"": 2}}], ""before"": null}}, ""user_reports"": [], ""saved"": false, ""id"": ""jo2jpye"", ""banned_at_utc"": null, ""mod_reason_title"": null, ""gilded"": 0, ""archived"": false, ""collapsed_reason_code"": null, ""no_follow"": true, ""author"": ""[deleted]"", ""can_mod_post"": false, ""send_replies"": true, ""parent_id"": ""t3_148qgmr"", ""score"": 3, ""approved_by"": null, ""report_reasons"": null, ""all_awardings"": [], ""subreddit_id"": ""t5_39dg2c"", ""body"": ""I recently ordered a polo shirt from my dad it was over 3.5k and all I received was an empty parcel with a cardboard sheet. \ud83d\ude2d\n\nI have been trying from last 4-5 days to get Myntra either to refund my money or replace the order.\n\nBut they just keep on ending my ticket without any resolution."", ""edited"": false, ""downs"": 0, ""author_flair_css_class"": null, ""collapsed"": false, ""is_submitter"": false, ""body_html"": ""&lt;div class=\""md\""&gt;&lt;p&gt;I recently ordered a polo shirt from my dad it was over 3.5k and all I received was an empty parcel with a cardboard sheet. \ud83d\ude2d&lt;/p&gt;\n\n&lt;p&gt;I have been trying from last 4-5 days to get Myntra either to refund my money or replace the order.&lt;/p&gt;\n\n&lt;p&gt;But they just keep on ending my ticket without any resolution.&lt;/p&gt;\n&lt;/div&gt;"", ""gildings"": {}, ""collapsed_reason"": null, ""associated_award"": null, ""stickied"": false, ""subreddit_type"": ""public"", ""can_gild"": false, ""top_awarded_type"": null, ""unrepliable_reason"": null, ""author_flair_text_color"": ""dark"", ""score_hidden"": false, ""permalink"": ""/r/IndianBeautyDeals/comments/148qgmr/myntra_is_getting_weird_everyday/jo2jpye/"", ""num_reports"": null, ""locked"": false, ""name"": ""t1_jo2jpye"", ""created"": 1686718862.0, ""subreddit"": ""IndianBeautyDeals"", ""author_flair_text"": null, ""treatment_tags"": [], ""created_utc"": 1686718862.0, ""subreddit_name_prefixed"": ""r/IndianBeautyDeals"", ""controversiality"": 0, ""depth"": 0, ""author_flair_background_color"": """", ""collapsed_because_crowd_control"": null, ""mod_reports"": [], ""mod_note"": null, ""distinguished"": null}}, {""kind"": ""t1"", ""data"": {""subreddit_id"": ""t5_39dg2c"", ""approved_at_utc"": null, ""author_is_blocked"": false, ""comment_type"": null, ""awarders"": [], ""mod_reason_by"": null, ""banned_by"": null, ""author_flair_type"": ""text"", ""total_awards_received"": 0, ""subreddit"": ""IndianBeautyDeals"", ""author_flair_template_id"": null, ""likes"": null, ""replies"": """", ""user_reports"": [], ""saved"": false, ""id"": ""jo2mgz2"", ""banned_at_utc"": null, ""mod_reason_title"": null, ""gilded"": 0, ""archived"": false, ""collapsed_reason_code"": null, ""no_follow"": true, ""author"": ""erenyeagersbun"", ""can_mod_post"": false, ""created_utc"": 1686720984.0, ""send_replies"": true, ""parent_id"": ""t3_148qgmr"", ""score"": 3, ""author_fullname"": ""t2_lryu895h"", ""approved_by"": null, ""mod_note"": null, ""all_awardings"": [], ""collapsed"": false, ""body"": ""i\u2019m so pissed cause they didn\u2019t send one of my items altogether and marked it as delivered \ud83d\ude2d and i keep on trying to chat or call and they keep on not connecting me at all. idk what to do about it \ud83d\ude2d"", ""edited"": false, ""top_awarded_type"": null, ""author_flair_css_class"": null, ""name"": ""t1_jo2mgz2"", ""is_submitter"": false, ""downs"": 0, ""author_flair_richtext"": [], ""author_patreon_flair"": false, ""body_html"": ""&lt;div class=\""md\""&gt;&lt;p&gt;i\u2019m so pissed cause they didn\u2019t send one of my items altogether and marked it as delivered \ud83d\ude2d and i keep on trying to chat or call and they keep on not connecting me at all. idk what to do about it \ud83d\ude2d&lt;/p&gt;\n&lt;/div&gt;"", ""removal_reason"": null, ""collapsed_reason"": null, ""distinguished"": null, ""associated_award"": null, ""stickied"": false, ""author_premium"": false, ""can_gild"": false, ""gildings"": {}, ""unrepliable_reason"": null, ""author_flair_text_color"": null, ""score_hidden"": false, ""permalink"": ""/r/IndianBeautyDeals/comments/148qgmr/myntra_is_getting_weird_everyday/jo2mgz2/"", ""subreddit_type"": ""public"", ""locked"": false, ""report_reasons"": null, ""created"": 1686720984.0, ""author_flair_text"": null, ""treatment_tags"": [], ""link_id"": ""t3_148qgmr"", ""subreddit_name_prefixed"": ""r/IndianBeautyDeals"", ""controversiality"": 0, ""depth"": 0, ""author_flair_background_color"": null, ""collapsed_because_crowd_control"": null, ""mod_reports"": [], ""num_reports"": null, ""ups"": 3}}, {""kind"": ""t1"", ""data"": {""subreddit_id"": ""t5_39dg2c"", ""approved_at_utc"": null, ""author_is_blocked"": false, ""comment_type"": null, ""awarders"": [], ""mod_reason_by"": null, ""banned_by"": null, ""author_flair_type"": ""text"", ""total_awards_received"": 0, ""subreddit"": ""IndianBeautyDeals"", ""author_flair_template_id"": null, ""likes"": null, ""replies"": {""kind"": ""Listing"", ""data"": {""after"": null, ""dist"": null, ""modhash"": ""1og1yp21o23e76fb60e633fe527e37848d17a35ffb4eb4d4e9"", ""geo_filter"": """", ""children"": [{""kind"": ""t1"", ""data"": {""subreddit_id"": ""t5_39dg2c"", ""approved_at_utc"": null, ""author_is_blocked"": false, ""comment_type"": null, ""awarders"": [], ""mod_reason_by"": null, ""banned_by"": null, ""author_flair_type"": ""text"", ""total_awards_received"": 0, ""subreddit"": ""IndianBeautyDeals"", ""author_flair_template_id"": null, ""likes"": null, ""replies"": """", ""user_reports"": [], ""saved"": false, ""id"": ""jo3fwvd"", ""banned_at_utc"": null, ""mod_reason_title"": null, ""gilded"": 0, ""archived"": false, ""collapsed_reason_code"": null, ""no_follow"": true, ""author"": ""Puzzled-Bee-0620"", ""can_mod_post"": false, ""created_utc"": 1686745474.0, ""send_replies"": true, ""parent_id"": ""t1_jo22e8u"", ""score"": 3, ""author_fullname"": ""t2_9q083d3y"", ""removal_reason"": null, ""approved_by"": null, ""mod_note"": null, ""all_awardings"": [], ""body"": ""Oh you just spoke my mind..seeing all the scams the online companies running, I have made sure to record unpacking of each and every item no matter how big or small."", ""edited"": false, ""top_awarded_type"": null, ""author_flair_css_class"": null, ""name"": ""t1_jo3fwvd"", ""is_submitter"": false, ""downs"": 0, ""author_flair_richtext"": [], ""author_patreon_flair"": false, ""body_html"": ""&lt;div class=\""md\""&gt;&lt;p&gt;Oh you just spoke my mind..seeing all the scams the online companies running, I have made sure to record unpacking of each and every item no matter how big or small.&lt;/p&gt;\n&lt;/div&gt;"", ""gildings"": {}, ""collapsed_reason"": null, ""distinguished"": null, ""associated_award"": null, ""stickied"": false, ""author_premium"": false, ""can_gild"": false, ""link_id"": ""t3_148qgmr"", ""unrepliable_reason"": null, ""author_flair_text_color"": null, ""score_hidden"": false, ""permalink"": ""/r/IndianBeautyDeals/comments/148qgmr/myntra_is_getting_weird_everyday/jo3fwvd/"", ""subreddit_type"": ""public"", ""locked"": false, ""report_reasons"": null, ""created"": 1686745474.0, ""author_flair_text"": null, ""treatment_tags"": [], ""collapsed"": false, ""subreddit_name_prefixed"": ""r/IndianBeautyDeals"", ""controversiality"": 0, ""depth"": 1, ""author_flair_background_color"": null, ""collapsed_because_crowd_control"": null, ""mod_reports"": [], ""num_reports"": null, ""ups"": 3}}], ""before"": null}}, ""user_reports"": [], ""saved"": false, ""id"": ""jo22e8u"", ""banned_at_utc"": null, ""mod_reason_title"": null, ""gilded"": 0, ""archived"": false, ""collapsed_reason_code"": null, ""no_follow"": false, ""author"": ""iridiscent"", ""can_mod_post"": false, ""created_utc"": 1686707561.0, ""send_replies"": true, ""parent_id"": ""t3_148qgmr"", ""score"": 5, ""author_fullname"": ""t2_7oz58"", ""approved_by"": null, ""mod_note"": null, ""all_awardings"": [], ""collapsed"": false, ""body"": ""I've started video taping while opening the packages sometimes, such as shoes, home decor etc. Because they refused to return a baggit wallet I didn't like because there was a smudge on it, which I didn't make."", ""edited"": false, ""top_awarded_type"": null, ""author_flair_css_class"": null, ""name"": ""t1_jo22e8u"", ""is_submitter"": false, ""downs"": 0, ""author_flair_richtext"": [], ""author_patreon_flair"": false, ""body_html"": ""&lt;div class=\""md\""&gt;&lt;p&gt;I&amp;#39;ve started video taping while opening the packages sometimes, such as shoes, home decor etc. Because they refused to return a baggit wallet I didn&amp;#39;t like because there was a smudge on it, which I didn&amp;#39;t make.&lt;/p&gt;\n&lt;/div&gt;"", ""removal_reason"": null, ""collapsed_reason"": null, ""distinguished"": null, ""associated_award"": null, ""stickied"": false, ""author_premium"": false, ""can_gild"": false, ""gildings"": {}, ""unrepliable_reason"": null, ""author_flair_text_color"": null, ""score_hidden"": false, ""permalink"": ""/r/IndianBeautyDeals/comments/148qgmr/myntra_is_getting_weird_everyday/jo22e8u/"", ""subreddit_type"": ""public"", ""locked"": false, ""report_reasons"": null, ""created"": 1686707561.0, ""author_flair_text"": null, ""treatment_tags"": [], ""link_id"": ""t3_148qgmr"", ""subreddit_name_prefixed"": ""r/IndianBeautyDeals"", ""controversiality"": 0, ""depth"": 0, ""author_flair_background_color"": null, ""collapsed_because_crowd_control"": null, ""mod_reports"": [], ""num_reports"": null, ""ups"": 5}}, {""kind"": ""t1"", ""data"": {""subreddit_id"": ""t5_39dg2c"", ""approved_at_utc"": null, ""author_is_blocked"": false, ""comment_type"": null, ""awarders"": [], ""mod_reason_by"": null, ""banned_by"": null, ""author_flair_type"": ""text"", ""total_awards_received"": 0, ""subreddit"": ""IndianBeautyDeals"", ""author_flair_template_id"": null, ""likes"": null, ""replies"": {""kind"": ""Listing"", ""data"": {""after"": null, ""dist"": null, ""modhash"": ""1og1yp21o23e76fb60e633fe527e37848d17a35ffb4eb4d4e9"", ""geo_filter"": """", ""children"": [{""kind"": ""t1"", ""data"": {""subreddit_id"": ""t5_39dg2c"", ""approved_at_utc"": null, ""author_is_blocked"": false, ""comment_type"": null, ""awarders"": [], ""mod_reason_by"": null, ""banned_by"": null, ""author_flair_type"": ""text"", ""total_awards_received"": 0, ""subreddit"": ""IndianBeautyDeals"", ""author_flair_template_id"": null, ""likes"": null, ""replies"": """", ""user_reports"": [], ""saved"": false, ""id"": ""jo2jrlg"", ""banned_at_utc"": null, ""mod_reason_title"": null, ""gilded"": 0, ""archived"": false, ""collapsed_reason_code"": null, ""no_follow"": true, ""author"": ""deceptionaldpka"", ""can_mod_post"": false, ""created_utc"": 1686718896.0, ""send_replies"": true, ""parent_id"": ""t1_jo2exjc"", ""score"": 1, ""author_fullname"": ""t2_6hklagim"", ""removal_reason"": null, ""approved_by"": null, ""mod_note"": null, ""all_awardings"": [], ""body"": ""Oh. For the first, the return &amp; exchange was placed by their executive. I couldn\u2019t do it on my own. It just said not available."", ""edited"": false, ""top_awarded_type"": null, ""author_flair_css_class"": null, ""name"": ""t1_jo2jrlg"", ""is_submitter"": true, ""downs"": 0, ""author_flair_richtext"": [], ""author_patreon_flair"": false, ""body_html"": ""&lt;div class=\""md\""&gt;&lt;p&gt;Oh. For the first, the return &amp;amp; exchange was placed by their executive. I couldn\u2019t do it on my own. It just said not available.&lt;/p&gt;\n&lt;/div&gt;"", ""gildings"": {}, ""collapsed_reason"": null, ""distinguished"": null, ""associated_award"": null, ""stickied"": false, ""author_premium"": false, ""can_gild"": false, ""link_id"": ""t3_148qgmr"", ""unrepliable_reason"": null, ""author_flair_text_color"": null, ""score_hidden"": false, ""permalink"": ""/r/IndianBeautyDeals/comments/148qgmr/myntra_is_getting_weird_everyday/jo2jrlg/"", ""subreddit_type"": ""public"", ""locked"": false, ""report_reasons"": null, ""created"": 1686718896.0, ""author_flair_text"": null, ""treatment_tags"": [], ""collapsed"": false, ""subreddit_name_prefixed"": ""r/IndianBeautyDeals"", ""controversiality"": 0, ""depth"": 1, ""author_flair_background_color"": null, ""collapsed_because_crowd_control"": null, ""mod_reports"": [], ""num_reports"": null, ""ups"": 1}}], ""before"": null}}, ""user_reports"": [], ""saved"": false, ""id"": ""jo2exjc"", ""banned_at_utc"": null, ""mod_reason_title"": null, ""gilded"": 0, ""archived"": false, ""collapsed_reason_code"": null, ""no_follow"": true, ""author"": ""Papakipyari"", ""can_mod_post"": false, ""created_utc"": 1686715389.0, ""send_replies"": true, ""parent_id"": ""t3_148qgmr"", ""score"": 2, ""author_fullname"": ""t2_tbk88mx4"", ""approved_by"": null, ""mod_note"": null, ""all_awardings"": [], ""collapsed"": false, ""body"": ""1 &amp; 3 happened with me and I had a chat with their executive and it was resolved within few minutes. \nFirst time when I tried contacting their executive they took very long to even a msg and it made me really frustrated but I calm down and contacted them again and it was done.\n\nI am done with myntra deleted the app never going back."", ""edited"": false, ""top_awarded_type"": null, ""author_flair_css_class"": null, ""name"": ""t1_jo2exjc"", ""is_submitter"": false, ""downs"": 0, ""author_flair_richtext"": [], ""author_patreon_flair"": false, ""body_html"": ""&lt;div class=\""md\""&gt;&lt;p&gt;1 &amp;amp; 3 happened with me and I had a chat with their executive and it was resolved within few minutes. \nFirst time when I tried contacting their executive they took very long to even a msg and it made me really frustrated but I calm down and contacted them again and it was done.&lt;/p&gt;\n\n&lt;p&gt;I am done with myntra deleted the app never going back.&lt;/p&gt;\n&lt;/div&gt;"", ""removal_reason"": null, ""collapsed_reason"": null, ""distinguished"": null, ""associated_award"": null, ""stickied"": false, ""author_premium"": false, ""can_gild"": false, ""gildings"": {}, ""unrepliable_reason"": null, ""author_flair_text_color"": null, ""score_hidden"": false, ""permalink"": ""/r/IndianBeautyDeals/comments/148qgmr/myntra_is_getting_weird_everyday/jo2exjc/"", ""subreddit_type"": ""public"", ""locked"": false, ""report_reasons"": null, ""created"": 1686715389.0, ""author_flair_text"": null, ""treatment_tags"": [], ""link_id"": ""t3_148qgmr"", ""subreddit_name_prefixed"": ""r/IndianBeautyDeals"", ""controversiality"": 0, ""depth"": 0, ""author_flair_background_color"": null, ""collapsed_because_crowd_control"": null, ""mod_reports"": [], ""num_reports"": null, ""ups"": 2}}, {""kind"": ""t1"", ""data"": {""subreddit_id"": ""t5_39dg2c"", ""approved_at_utc"": null, ""author_is_blocked"": false, ""comment_type"": null, ""awarders"": [], ""mod_reason_by"": null, ""banned_by"": null, ""author_flair_type"": ""text"", ""total_awards_received"": 0, ""subreddit"": ""IndianBeautyDeals"", ""author_flair_template_id"": null, ""likes"": null, ""replies"": {""kind"": ""Listing"", ""data"": {""after"": null, ""dist"": null, ""modhash"": ""1og1yp21o23e76fb60e633fe527e37848d17a35ffb4eb4d4e9"", ""geo_filter"": """", ""children"": [{""kind"": ""t1"", ""data"": {""subreddit_id"": ""t5_39dg2c"", ""approved_at_utc"": null, ""author_is_blocked"": false, ""comment_type"": null, ""awarders"": [], ""mod_reason_by"": null, ""banned_by"": null, ""author_flair_type"": ""text"", ""total_awards_received"": 0, ""subreddit"": ""IndianBeautyDeals"", ""author_flair_template_id"": null, ""likes"": null, ""replies"": {""kind"": ""Listing"", ""data"": {""after"": null, ""dist"": null, ""modhash"": ""1og1yp21o23e76fb60e633fe527e37848d17a35ffb4eb4d4e9"", ""geo_filter"": """", ""children"": [{""kind"": ""t1"", ""data"": {""subreddit_id"": ""t5_39dg2c"", ""approved_at_utc"": null, ""author_is_blocked"": false, ""comment_type"": null, ""awarders"": [], ""mod_reason_by"": null, ""banned_by"": null, ""author_flair_type"": ""text"", ""total_awards_received"": 0, ""subreddit"": ""IndianBeautyDeals"", ""author_flair_template_id"": null, ""likes"": null, ""replies"": """", ""user_reports"": [], ""saved"": false, ""id"": ""jo31bve"", ""banned_at_utc"": null, ""mod_reason_title"": null, ""gilded"": 0, ""archived"": false, ""collapsed_reason_code"": null, ""no_follow"": true, ""author"": ""perpetuallyanxious9"", ""can_mod_post"": false, ""send_replies"": true, ""parent_id"": ""t1_jo2xq6g"", ""score"": 2, ""author_fullname"": ""t2_65fkfsll"", ""removal_reason"": null, ""approved_by"": null, ""mod_note"": null, ""all_awardings"": [], ""body"": ""DMing you"", ""edited"": false, ""top_awarded_type"": null, ""downs"": 0, ""author_flair_css_class"": null, ""name"": ""t1_jo31bve"", ""is_submitter"": false, ""collapsed"": false, ""author_flair_richtext"": [], ""author_patreon_flair"": false, ""body_html"": ""&lt;div class=\""md\""&gt;&lt;p&gt;DMing you&lt;/p&gt;\n&lt;/div&gt;"", ""gildings"": {}, ""collapsed_reason"": null, ""distinguished"": null, ""associated_award"": null, ""stickied"": false, ""author_premium"": false, ""can_gild"": false, ""link_id"": ""t3_148qgmr"", ""unrepliable_reason"": null, ""author_flair_text_color"": null, ""score_hidden"": false, ""permalink"": ""/r/IndianBeautyDeals/comments/148qgmr/myntra_is_getting_weird_everyday/jo31bve/"", ""subreddit_type"": ""public"", ""locked"": false, ""report_reasons"": null, ""created"": 1686734457.0, ""author_flair_text"": null, ""treatment_tags"": [], ""created_utc"": 1686734457.0, ""subreddit_name_prefixed"": ""r/IndianBeautyDeals"", ""controversiality"": 0, ""depth"": 2, ""author_flair_background_color"": null, ""collapsed_because_crowd_control"": null, ""mod_reports"": [], ""num_reports"": null, ""ups"": 2}}], ""before"": null}}, ""user_reports"": [], ""saved"": false, ""id"": ""jo2xq6g"", ""banned_at_utc"": null, ""mod_reason_title"": null, ""gilded"": 0, ""archived"": false, ""collapsed_reason_code"": null, ""no_follow"": true, ""author"": ""deceptionaldpka"", ""can_mod_post"": false, ""created_utc"": 1686730987.0, ""send_replies"": true, ""parent_id"": ""t1_jo2xkew"", ""score"": 1, ""author_fullname"": ""t2_6hklagim"", ""removal_reason"": null, ""approved_by"": null, ""mod_note"": null, ""all_awardings"": [], ""body"": ""I would prefer therapy online, and I don\u2019t really have a budget in mind. \n\nMy usual therapist stopped doing online sessions in the past 1 year and I\u2019ve tried about 6 or 7 different ones online and nothing seems to work. So any suggestions/recommendations are welcome. I\u2019m literally drowning my grief in shopping right now \ud83d\ude05"", ""edited"": false, ""top_awarded_type"": null, ""author_flair_css_class"": null, ""name"": ""t1_jo2xq6g"", ""is_submitter"": true, ""downs"": 0, ""author_flair_richtext"": [], ""author_patreon_flair"": false, ""body_html"": ""&lt;div class=\""md\""&gt;&lt;p&gt;I would prefer therapy online, and I don\u2019t really have a budget in mind. &lt;/p&gt;\n\n&lt;p&gt;My usual therapist stopped doing online sessions in the past 1 year and I\u2019ve tried about 6 or 7 different ones online and nothing seems to work. So any suggestions/recommendations are welcome. I\u2019m literally drowning my grief in shopping right now \ud83d\ude05&lt;/p&gt;\n&lt;/div&gt;"", ""gildings"": {}, ""collapsed_reason"": null, ""distinguished"": null, ""associated_award"": null, ""stickied"": false, ""author_premium"": false, ""can_gild"": false, ""link_id"": ""t3_148qgmr"", ""unrepliable_reason"": null, ""author_flair_text_color"": null, ""score_hidden"": false, ""permalink"": ""/r/IndianBeautyDeals/comments/148qgmr/myntra_is_getting_weird_everyday/jo2xq6g/"", ""subreddit_type"": ""public"", ""locked"": false, ""report_reasons"": null, ""created"": 1686730987.0, ""author_flair_text"": null, ""treatment_tags"": [], ""collapsed"": false, ""subreddit_name_prefixed"": ""r/IndianBeautyDeals"", ""controversiality"": 0, ""depth"": 1, ""author_flair_background_color"": null, ""collapsed_because_crowd_control"": null, ""mod_reports"": [], ""num_reports"": null, ""ups"": 1}}], ""before"": null}}, ""user_reports"": [], ""saved"": false, ""id"": ""jo2xkew"", ""banned_at_utc"": null, ""mod_reason_title"": null, ""gilded"": 0, ""archived"": false, ""collapsed_reason_code"": null, ""no_follow"": true, ""author"": ""perpetuallyanxious9"", ""can_mod_post"": false, ""created_utc"": 1686730835.0, ""send_replies"": true, ""parent_id"": ""t3_148qgmr"", ""score"": 1, ""author_fullname"": ""t2_65fkfsll"", ""approved_by"": null, ""mod_note"": null, ""all_awardings"": [], ""collapsed"": false, ""body"": ""if you're open to therapy online and if mine fits your budget, i can recommend you a therapist OP.\ud83d\ude05"", ""edited"": false, ""top_awarded_type"": null, ""author_flair_css_class"": null, ""name"": ""t1_jo2xkew"", ""is_submitter"": false, ""downs"": 0, ""author_flair_richtext"": [], ""author_patreon_flair"": false, ""body_html"": ""&lt;div class=\""md\""&gt;&lt;p&gt;if you&amp;#39;re open to therapy online and if mine fits your budget, i can recommend you a therapist OP.\ud83d\ude05&lt;/p&gt;\n&lt;/div&gt;"", ""removal_reason"": null, ""collapsed_reason"": null, ""distinguished"": null, ""associated_award"": null, ""stickied"": false, ""author_premium"": false, ""can_gild"": false, ""gildings"": {}, ""unrepliable_reason"": null, ""author_flair_text_color"": null, ""score_hidden"": false, ""permalink"": ""/r/IndianBeautyDeals/comments/148qgmr/myntra_is_getting_weird_everyday/jo2xkew/"", ""subreddit_type"": ""public"", ""locked"": false, ""report_reasons"": null, ""created"": 1686730835.0, ""author_flair_text"": null, ""treatment_tags"": [], ""link_id"": ""t3_148qgmr"", ""subreddit_name_prefixed"": ""r/IndianBeautyDeals"", ""controversiality"": 0, ""depth"": 0, ""author_flair_background_color"": null, ""collapsed_because_crowd_control"": null, ""mod_reports"": [], ""num_reports"": null, ""ups"": 1}}, {""kind"": ""t1"", ""data"": {""subreddit_id"": ""t5_39dg2c"", ""approved_at_utc"": null, ""author_is_blocked"": false, ""comment_type"": null, ""awarders"": [], ""mod_reason_by"": null, ""banned_by"": null, ""author_flair_type"": ""text"", ""total_awards_received"": 0, ""subreddit"": ""IndianBeautyDeals"", ""author_flair_template_id"": null, ""likes"": null, ""replies"": """", ""user_reports"": [], ""saved"": false, ""id"": ""jo3c1xl"", ""banned_at_utc"": null, ""mod_reason_title"": null, ""gilded"": 0, ""archived"": false, ""collapsed_reason_code"": null, ""no_follow"": true, ""author"": ""gryffindorvibes"", ""can_mod_post"": false, ""created_utc"": 1686743088.0, ""send_replies"": true, ""parent_id"": ""t3_148qgmr"", ""score"": 1, ""author_fullname"": ""t2_73zhbvxb"", ""approved_by"": null, ""mod_note"": null, ""all_awardings"": [], ""collapsed"": false, ""body"": ""Guys seriously consider taking up with consumer court"", ""edited"": false, ""top_awarded_type"": null, ""author_flair_css_class"": null, ""name"": ""t1_jo3c1xl"", ""is_submitter"": false, ""downs"": 0, ""author_flair_richtext"": [], ""author_patreon_flair"": false, ""body_html"": ""&lt;div class=\""md\""&gt;&lt;p&gt;Guys seriously consider taking up with consumer court&lt;/p&gt;\n&lt;/div&gt;"", ""removal_reason"": null, ""collapsed_reason"": null, ""distinguished"": null, ""associated_award"": null, ""stickied"": false, ""author_premium"": false, ""can_gild"": false, ""gildings"": {}, ""unrepliable_reason"": null, ""author_flair_text_color"": null, ""score_hidden"": false, ""permalink"": ""/r/IndianBeautyDeals/comments/148qgmr/myntra_is_getting_weird_everyday/jo3c1xl/"", ""subreddit_type"": ""public"", ""locked"": false, ""report_reasons"": null, ""created"": 1686743088.0, ""author_flair_text"": null, ""treatment_tags"": [], ""link_id"": ""t3_148qgmr"", ""subreddit_name_prefixed"": ""r/IndianBeautyDeals"", ""controversiality"": 0, ""depth"": 0, ""author_flair_background_color"": null, ""collapsed_because_crowd_control"": null, ""mod_reports"": [], ""num_reports"": null, ""ups"": 1}}, {""kind"": ""t1"", ""data"": {""subreddit_id"": ""t5_39dg2c"", ""approved_at_utc"": null, ""author_is_blocked"": false, ""comment_type"": null, ""awarders"": [], ""mod_reason_by"": null, ""banned_by"": null, ""author_flair_type"": ""text"", ""total_awards_received"": 0, ""subreddit"": ""IndianBeautyDeals"", ""author_flair_template_id"": null, ""likes"": null, ""replies"": """", ""user_reports"": [], ""saved"": false, ""id"": ""jo4rck8"", ""banned_at_utc"": null, ""mod_reason_title"": null, ""gilded"": 0, ""archived"": false, ""collapsed_reason_code"": null, ""no_follow"": true, ""author"": ""dodoodledo"", ""can_mod_post"": false, ""created_utc"": 1686766816.0, ""send_replies"": true, ""parent_id"": ""t3_148qgmr"", ""score"": 2, ""author_fullname"": ""t2_d01s1hbb"", ""approved_by"": null, ""mod_note"": null, ""all_awardings"": [], ""collapsed"": false, ""body"": ""I am scared now, i ordered a Guess perfume from the sale. It's supposed to be delivered tomorrow. I hope everything works out well."", ""edited"": false, ""top_awarded_type"": null, ""author_flair_css_class"": null, ""name"": ""t1_jo4rck8"", ""is_submitter"": false, ""downs"": 0, ""author_flair_richtext"": [], ""author_patreon_flair"": false, ""body_html"": ""&lt;div class=\""md\""&gt;&lt;p&gt;I am scared now, i ordered a Guess perfume from the sale. It&amp;#39;s supposed to be delivered tomorrow. I hope everything works out well.&lt;/p&gt;\n&lt;/div&gt;"", ""removal_reason"": null, ""collapsed_reason"": null, ""distinguished"": null, ""associated_award"": null, ""stickied"": false, ""author_premium"": false, ""can_gild"": false, ""gildings"": {}, ""unrepliable_reason"": null, ""author_flair_text_color"": null, ""score_hidden"": false, ""permalink"": ""/r/IndianBeautyDeals/comments/148qgmr/myntra_is_getting_weird_everyday/jo4rck8/"", ""subreddit_type"": ""public"", ""locked"": false, ""report_reasons"": null, ""created"": 1686766816.0, ""author_flair_text"": null, ""treatment_tags"": [], ""link_id"": ""t3_148qgmr"", ""subreddit_name_prefixed"": ""r/IndianBeautyDeals"", ""controversiality"": 0, ""depth"": 0, ""author_flair_background_color"": null, ""collapsed_because_crowd_control"": null, ""mod_reports"": [], ""num_reports"": null, ""ups"": 2}}], ""before"": null}}]
",61,
reddit,anything worth in myntra,2024-11-27,"[{""kind"": ""Listing"", ""data"": {""after"": null, ""dist"": 1, ""modhash"": ""5ic0am9ide51995e1c867c58e50024941615feebd5f8119235"", ""geo_filter"": """", ""children"": [{""kind"": ""t3"", ""data"": {""approved_at_utc"": null, ""subreddit"": ""IndianBeautyDeals"", ""selftext"": ""Same as title. "", ""user_reports"": [], ""saved"": false, ""mod_reason_title"": null, ""gilded"": 0, ""clicked"": false, ""title"": ""Anything worth buying on myntra now that their sale is on? "", ""link_flair_richtext"": [], ""subreddit_name_prefixed"": ""r/IndianBeautyDeals"", ""hidden"": false, ""pwls"": 6, ""link_flair_css_class"": """", ""downs"": 0, ""thumbnail_height"": null, ""top_awarded_type"": null, ""hide_score"": false, ""name"": ""t3_1h0vrhe"", ""quarantine"": false, ""link_flair_text_color"": ""dark"", ""upvote_ratio"": 0.89, ""author_flair_background_color"": null, ""subreddit_type"": ""public"", ""ups"": 19, ""total_awards_received"": 0, ""media_embed"": {}, ""thumbnail_width"": null, ""author_flair_template_id"": null, ""is_original_content"": false, ""author_fullname"": ""t2_p7t9q3aj"", ""secure_media"": null, ""is_reddit_media_domain"": false, ""is_meta"": false, ""category"": null, ""secure_media_embed"": {}, ""link_flair_text"": ""Sale/Discount Inquiry "", ""can_mod_post"": false, ""score"": 19, ""approved_by"": null, ""is_created_from_ads_ui"": false, ""author_premium"": false, ""thumbnail"": ""self"", ""edited"": false, ""author_flair_css_class"": null, ""author_flair_richtext"": [], ""gildings"": {}, ""content_categories"": null, ""is_self"": true, ""mod_note"": null, ""created"": 1732680794.0, ""link_flair_type"": ""text"", ""wls"": 6, ""removed_by_category"": null, ""banned_by"": null, ""author_flair_type"": ""text"", ""domain"": ""self.IndianBeautyDeals"", ""allow_live_comments"": false, ""selftext_html"": ""&lt;!-- SC_OFF --&gt;&lt;div class=\""md\""&gt;&lt;p&gt;Same as title. &lt;/p&gt;\n&lt;/div&gt;&lt;!-- SC_ON --&gt;"", ""likes"": null, ""suggested_sort"": null, ""banned_at_utc"": null, ""view_count"": null, ""archived"": false, ""no_follow"": false, ""is_crosspostable"": true, ""pinned"": false, ""over_18"": false, ""all_awardings"": [], ""awarders"": [], ""media_only"": false, ""link_flair_template_id"": ""3616167c-a0eb-11ed-9688-22765f7f2d48"", ""can_gild"": false, ""spoiler"": false, ""locked"": false, ""author_flair_text"": null, ""treatment_tags"": [], ""visited"": false, ""removed_by"": null, ""num_reports"": null, ""distinguished"": null, ""subreddit_id"": ""t5_39dg2c"", ""author_is_blocked"": false, ""mod_reason_by"": null, ""removal_reason"": null, ""link_flair_background_color"": ""#bbbdbf"", ""id"": ""1h0vrhe"", ""is_robot_indexable"": true, ""num_duplicates"": 0, ""report_reasons"": null, ""author"": ""purple_posaincs"", ""discussion_type"": null, ""num_comments"": 55, ""send_replies"": true, ""media"": null, ""contest_mode"": false, ""author_patreon_flair"": false, ""author_flair_text_color"": null, ""permalink"": ""/r/IndianBeautyDeals/comments/1h0vrhe/anything_worth_buying_on_myntra_now_that_their/"", ""stickied"": false, ""url"": ""https://www.reddit.com/r/IndianBeautyDeals/comments/1h0vrhe/anything_worth_buying_on_myntra_now_that_their/"", ""subreddit_subscribers"": 157094, ""created_utc"": 1732680794.0, ""num_crossposts"": 0, ""mod_reports"": [], ""is_video"": false}}], ""before"": null}}, {""kind"": ""Listing"", ""data"": {""after"": null, ""dist"": null, ""modhash"": ""5ic0am9ide51995e1c867c58e50024941615feebd5f8119235"", ""geo_filter"": """", ""children"": [{""kind"": ""t1"", ""data"": {""subreddit_id"": ""t5_39dg2c"", ""approved_at_utc"": null, ""author_is_blocked"": false, ""comment_type"": null, ""awarders"": [], ""mod_reason_by"": null, ""banned_by"": null, ""author_flair_type"": ""text"", ""total_awards_received"": 0, ""subreddit"": ""IndianBeautyDeals"", ""author_flair_template_id"": null, ""likes"": null, ""replies"": {""kind"": ""Listing"", ""data"": {""after"": null, ""dist"": null, ""modhash"": ""5ic0am9ide51995e1c867c58e50024941615feebd5f8119235"", ""geo_filter"": """", ""children"": [{""kind"": ""t1"", ""data"": {""total_awards_received"": 0, ""approved_at_utc"": null, ""author_is_blocked"": false, ""comment_type"": null, ""awarders"": [], ""mod_reason_by"": null, ""banned_by"": null, ""ups"": 1, ""removal_reason"": null, ""link_id"": ""t3_1h0vrhe"", ""author_flair_template_id"": null, ""likes"": null, ""replies"": {""kind"": ""Listing"", ""data"": {""after"": null, ""dist"": null, ""modhash"": ""5ic0am9ide51995e1c867c58e50024941615feebd5f8119235"", ""geo_filter"": """", ""children"": [{""kind"": ""t1"", ""data"": {""subreddit_id"": ""t5_39dg2c"", ""approved_at_utc"": null, ""author_is_blocked"": false, ""comment_type"": null, ""awarders"": [], ""mod_reason_by"": null, ""banned_by"": null, ""author_flair_type"": ""text"", ""total_awards_received"": 0, ""subreddit"": ""IndianBeautyDeals"", ""author_flair_template_id"": null, ""likes"": null, ""replies"": """", ""user_reports"": [], ""saved"": false, ""id"": ""lz7arya"", ""banned_at_utc"": null, ""mod_reason_title"": null, ""gilded"": 0, ""archived"": false, ""collapsed_reason_code"": null, ""no_follow"": false, ""author"": ""LazyPanda2211"", ""can_mod_post"": false, ""send_replies"": true, ""parent_id"": ""t1_lz79l84"", ""score"": 10, ""author_fullname"": ""t2_v9ha5jxv"", ""removal_reason"": null, ""approved_by"": null, ""mod_note"": null, ""all_awardings"": [], ""body"": ""From 7th or 8th Dec"", ""edited"": false, ""top_awarded_type"": null, ""downs"": 0, ""author_flair_css_class"": null, ""name"": ""t1_lz7arya"", ""is_submitter"": false, ""collapsed"": false, ""author_flair_richtext"": [], ""author_patreon_flair"": false, ""body_html"": ""&lt;div class=\""md\""&gt;&lt;p&gt;From 7th or 8th Dec&lt;/p&gt;\n&lt;/div&gt;"", ""gildings"": {}, ""collapsed_reason"": null, ""distinguished"": null, ""associated_award"": null, ""stickied"": false, ""author_premium"": false, ""can_gild"": false, ""link_id"": ""t3_1h0vrhe"", ""unrepliable_reason"": null, ""author_flair_text_color"": null, ""score_hidden"": false, ""permalink"": ""/r/IndianBeautyDeals/comments/1h0vrhe/anything_worth_buying_on_myntra_now_that_their/lz7arya/"", ""subreddit_type"": ""public"", ""locked"": false, ""report_reasons"": null, ""created"": 1732686942.0, ""author_flair_text"": null, ""treatment_tags"": [], ""created_utc"": 1732686942.0, ""subreddit_name_prefixed"": ""r/IndianBeautyDeals"", ""controversiality"": 0, ""depth"": 2, ""author_flair_background_color"": null, ""collapsed_because_crowd_control"": null, ""mod_reports"": [], ""num_reports"": null, ""ups"": 10}}, {""kind"": ""t1"", ""data"": {""subreddit_id"": ""t5_39dg2c"", ""approved_at_utc"": null, ""author_is_blocked"": false, ""comment_type"": null, ""awarders"": [], ""mod_reason_by"": null, ""banned_by"": null, ""author_flair_type"": ""text"", ""total_awards_received"": 0, ""subreddit"": ""IndianBeautyDeals"", ""author_flair_template_id"": null, ""likes"": null, ""replies"": """", ""user_reports"": [], ""saved"": false, ""id"": ""lz7dkvr"", ""banned_at_utc"": null, ""mod_reason_title"": null, ""gilded"": 0, ""archived"": false, ""collapsed_reason_code"": null, ""no_follow"": true, ""author"": ""Nearby-Turn1391"", ""can_mod_post"": false, ""send_replies"": true, ""parent_id"": ""t1_lz79l84"", ""score"": 3, ""author_fullname"": ""t2_fir4peal"", ""removal_reason"": null, ""approved_by"": null, ""mod_note"": null, ""all_awardings"": [], ""body"": ""![gif](giphy|nGwUR2miMBY4lXfLkt)"", ""edited"": false, ""top_awarded_type"": null, ""downs"": 0, ""author_flair_css_class"": null, ""name"": ""t1_lz7dkvr"", ""is_submitter"": false, ""collapsed"": false, ""author_flair_richtext"": [], ""author_patreon_flair"": false, ""body_html"": ""&lt;div class=\""md\""&gt;&lt;p&gt;&lt;a href=\""https://giphy.com/gifs/nGwUR2miMBY4lXfLkt\"" target=\""_blank\""&gt;&lt;img src=\""https://external-preview.redd.it/5ILgga0aaLrLVFZ5rBMa8iraSapzlF994uh0Wdwqo0M.gif?width=215&amp;height=200&amp;s=9f59d59c8070786c5072716f485f348c40080704\"" width=\""215\"" height=\""200\""&gt;&lt;/a&gt;&lt;/p&gt;\n&lt;/div&gt;"", ""gildings"": {}, ""collapsed_reason"": null, ""distinguished"": null, ""associated_award"": null, ""stickied"": false, ""author_premium"": false, ""can_gild"": false, ""link_id"": ""t3_1h0vrhe"", ""unrepliable_reason"": null, ""author_flair_text_color"": null, ""score_hidden"": false, ""permalink"": ""/r/IndianBeautyDeals/comments/1h0vrhe/anything_worth_buying_on_myntra_now_that_their/lz7dkvr/"", ""subreddit_type"": ""public"", ""locked"": false, ""report_reasons"": null, ""created"": 1732688468.0, ""media_metadata"": {""giphy|nGwUR2miMBY4lXfLkt"": {""status"": ""valid"", ""e"": ""AnimatedImage"", ""m"": ""image/gif"", ""ext"": ""https://giphy.com/gifs/nGwUR2miMBY4lXfLkt"", ""p"": [{""y"": 130, ""x"": 140, ""u"": ""https://b.thumbs.redditmedia.com/tN6I-WTe3s1j10o-MDuXt4cIGxkg9AKPohAc4jM7lfQ.jpg""}], ""s"": {""y"": 200, ""gif"": ""https://external-preview.redd.it/5ILgga0aaLrLVFZ5rBMa8iraSapzlF994uh0Wdwqo0M.gif?width=215&amp;height=200&amp;s=9f59d59c8070786c5072716f485f348c40080704"", ""mp4"": ""https://external-preview.redd.it/5ILgga0aaLrLVFZ5rBMa8iraSapzlF994uh0Wdwqo0M.gif?width=215&amp;height=200&amp;format=mp4&amp;s=16428ba26df8d21a329504df14bdf5ea77d01ef8"", ""x"": 215}, ""t"": ""giphy"", ""id"": ""giphy|nGwUR2miMBY4lXfLkt""}}, ""author_flair_text"": null, ""treatment_tags"": [], ""created_utc"": 1732688468.0, ""subreddit_name_prefixed"": ""r/IndianBeautyDeals"", ""controversiality"": 0, ""depth"": 2, ""author_flair_background_color"": null, ""collapsed_because_crowd_control"": null, ""mod_reports"": [], ""num_reports"": null, ""ups"": 3}}], ""before"": null}}, ""user_reports"": [], ""saved"": false, ""id"": ""lz79l84"", ""banned_at_utc"": null, ""mod_reason_title"": null, ""gilded"": 0, ""archived"": false, ""collapsed_reason_code"": null, ""no_follow"": true, ""author"": ""[deleted]"", ""can_mod_post"": false, ""send_replies"": true, ""parent_id"": ""t1_lz775ru"", ""score"": 1, ""approved_by"": null, ""report_reasons"": null, ""all_awardings"": [], ""subreddit_id"": ""t5_39dg2c"", ""body"": ""[deleted]"", ""edited"": false, ""author_flair_css_class"": null, ""collapsed"": false, ""downs"": 0, ""is_submitter"": false, ""body_html"": ""&lt;div class=\""md\""&gt;&lt;p&gt;[deleted]&lt;/p&gt;\n&lt;/div&gt;"", ""gildings"": {}, ""collapsed_reason"": null, ""associated_award"": null, ""stickied"": false, ""subreddit_type"": ""public"", ""can_gild"": false, ""top_awarded_type"": null, ""unrepliable_reason"": null, ""author_flair_text_color"": ""dark"", ""score_hidden"": false, ""permalink"": ""/r/IndianBeautyDeals/comments/1h0vrhe/anything_worth_buying_on_myntra_now_that_their/lz79l84/"", ""num_reports"": null, ""locked"": false, ""name"": ""t1_lz79l84"", ""created"": 1732686324.0, ""subreddit"": ""IndianBeautyDeals"", ""author_flair_text"": null, ""treatment_tags"": [], ""created_utc"": 1732686324.0, ""subreddit_name_prefixed"": ""r/IndianBeautyDeals"", ""controversiality"": 0, ""depth"": 1, ""author_flair_background_color"": """", ""collapsed_because_crowd_control"": null, ""mod_reports"": [], ""mod_note"": null, ""distinguished"": null}}], ""before"": null}}, ""user_reports"": [], ""saved"": false, ""id"": ""lz775ru"", ""banned_at_utc"": null, ""mod_reason_title"": null, ""gilded"": 0, ""archived"": false, ""collapsed_reason_code"": null, ""no_follow"": false, ""author"": ""whispersinside"", ""can_mod_post"": false, ""created_utc"": 1732685088.0, ""send_replies"": true, ""parent_id"": ""t3_1h0vrhe"", ""score"": 29, ""author_fullname"": ""t2_z3u2k0aap"", ""approved_by"": null, ""mod_note"": null, ""all_awardings"": [], ""collapsed"": false, ""body"": ""Things i wanted are not even on any discount. Will wait for dec eors for sure"", ""edited"": false, ""top_awarded_type"": null, ""author_flair_css_class"": null, ""name"": ""t1_lz775ru"", ""is_submitter"": false, ""downs"": 0, ""author_flair_richtext"": [], ""author_patreon_flair"": false, ""body_html"": ""&lt;div class=\""md\""&gt;&lt;p&gt;Things i wanted are not even on any discount. Will wait for dec eors for sure&lt;/p&gt;\n&lt;/div&gt;"", ""removal_reason"": null, ""collapsed_reason"": null, ""distinguished"": null, ""associated_award"": null, ""stickied"": false, ""author_premium"": false, ""can_gild"": false, ""gildings"": {}, ""unrepliable_reason"": null, ""author_flair_text_color"": null, ""score_hidden"": false, ""permalink"": ""/r/IndianBeautyDeals/comments/1h0vrhe/anything_worth_buying_on_myntra_now_that_their/lz775ru/"", ""subreddit_type"": ""public"", ""locked"": false, ""report_reasons"": null, ""created"": 1732685088.0, ""author_flair_text"": null, ""treatment_tags"": [], ""link_id"": ""t3_1h0vrhe"", ""subreddit_name_prefixed"": ""r/IndianBeautyDeals"", ""controversiality"": 0, ""depth"": 0, ""author_flair_background_color"": null, ""collapsed_because_crowd_control"": null, ""mod_reports"": [], ""num_reports"": null, ""ups"": 29}}, {""kind"": ""t1"", ""data"": {""subreddit_id"": ""t5_39dg2c"", ""approved_at_utc"": null, ""author_is_blocked"": false, ""comment_type"": null, ""awarders"": [], ""mod_reason_by"": null, ""banned_by"": null, ""author_flair_type"": ""text"", ""total_awards_received"": 0, ""subreddit"": ""IndianBeautyDeals"", ""author_flair_template_id"": null, ""likes"": null, ""replies"": {""kind"": ""Listing"", ""data"": {""after"": null, ""dist"": null, ""modhash"": ""5ic0am9ide51995e1c867c58e50024941615feebd5f8119235"", ""geo_filter"": """", ""children"": [{""kind"": ""t1"", ""data"": {""subreddit_id"": ""t5_39dg2c"", ""approved_at_utc"": null, ""author_is_blocked"": false, ""comment_type"": null, ""awarders"": [], ""mod_reason_by"": null, ""banned_by"": null, ""author_flair_type"": ""text"", ""total_awards_received"": 0, ""subreddit"": ""IndianBeautyDeals"", ""author_flair_template_id"": null, ""likes"": null, ""replies"": {""kind"": ""Listing"", ""data"": {""after"": null, ""dist"": null, ""modhash"": ""5ic0am9ide51995e1c867c58e50024941615feebd5f8119235"", ""geo_filter"": """", ""children"": [{""kind"": ""t1"", ""data"": {""subreddit_id"": ""t5_39dg2c"", ""approved_at_utc"": null, ""author_is_blocked"": false, ""comment_type"": null, ""awarders"": [], ""mod_reason_by"": null, ""banned_by"": null, ""author_flair_type"": ""text"", ""total_awards_received"": 0, ""subreddit"": ""IndianBeautyDeals"", ""author_flair_template_id"": null, ""likes"": null, ""replies"": {""kind"": ""Listing"", ""data"": {""after"": null, ""dist"": null, ""modhash"": ""5ic0am9ide51995e1c867c58e50024941615feebd5f8119235"", ""geo_filter"": """", ""children"": [{""kind"": ""t1"", ""data"": {""subreddit_id"": ""t5_39dg2c"", ""approved_at_utc"": null, ""author_is_blocked"": false, ""comment_type"": null, ""awarders"": [], ""mod_reason_by"": null, ""banned_by"": null, ""author_flair_type"": ""text"", ""total_awards_received"": 0, ""subreddit"": ""IndianBeautyDeals"", ""author_flair_template_id"": null, ""likes"": null, ""replies"": {""kind"": ""Listing"", ""data"": {""after"": null, ""dist"": null, ""modhash"": ""5ic0am9ide51995e1c867c58e50024941615feebd5f8119235"", ""geo_filter"": """", ""children"": [{""kind"": ""t1"", ""data"": {""subreddit_id"": ""t5_39dg2c"", ""approved_at_utc"": null, ""author_is_blocked"": false, ""comment_type"": null, ""awarders"": [], ""mod_reason_by"": null, ""banned_by"": null, ""author_flair_type"": ""text"", ""total_awards_received"": 0, ""subreddit"": ""IndianBeautyDeals"", ""author_flair_template_id"": null, ""distinguished"": null, ""likes"": null, ""replies"": {""kind"": ""Listing"", ""data"": {""after"": null, ""dist"": null, ""modhash"": ""5ic0am9ide51995e1c867c58e50024941615feebd5f8119235"", ""geo_filter"": """", ""children"": [{""kind"": ""t1"", ""data"": {""subreddit_id"": ""t5_39dg2c"", ""approved_at_utc"": null, ""author_is_blocked"": false, ""comment_type"": null, ""awarders"": [], ""mod_reason_by"": null, ""banned_by"": null, ""author_flair_type"": ""text"", ""total_awards_received"": 0, ""subreddit"": ""IndianBeautyDeals"", ""author_flair_template_id"": null, ""distinguished"": null, ""likes"": null, ""replies"": {""kind"": ""Listing"", ""data"": {""after"": null, ""dist"": null, ""modhash"": ""5ic0am9ide51995e1c867c58e50024941615feebd5f8119235"", ""geo_filter"": """", ""children"": [{""kind"": ""t1"", ""data"": {""subreddit_id"": ""t5_39dg2c"", ""approved_at_utc"": null, ""author_is_blocked"": false, ""comment_type"": null, ""awarders"": [], ""mod_reason_by"": null, ""banned_by"": null, ""author_flair_type"": ""text"", ""total_awards_received"": 0, ""subreddit"": ""IndianBeautyDeals"", ""author_flair_template_id"": null, ""distinguished"": null, ""likes"": null, ""replies"": """", ""user_reports"": [], ""saved"": false, ""id"": ""lz7bipd"", ""banned_at_utc"": null, ""mod_reason_title"": null, ""gilded"": 0, ""archived"": false, ""collapsed_reason_code"": null, ""no_follow"": true, ""author"": ""zampy911"", ""can_mod_post"": false, ""send_replies"": true, ""parent_id"": ""t1_lz7bfig"", ""score"": 1, ""author_fullname"": ""t2_7g2pipbgx"", ""approved_by"": null, ""mod_note"": null, ""all_awardings"": [], ""collapsed"": false, ""body"": ""Ohh got it. Thanks for the heads up"", ""edited"": false, ""gildings"": {}, ""author_flair_css_class"": null, ""name"": ""t1_lz7bipd"", ""is_submitter"": false, ""downs"": 0, ""author_flair_richtext"": [], ""author_patreon_flair"": false, ""body_html"": ""&lt;div class=\""md\""&gt;&lt;p&gt;Ohh got it. Thanks for the heads up&lt;/p&gt;\n&lt;/div&gt;"", ""removal_reason"": null, ""collapsed_reason"": null, ""link_id"": ""t3_1h0vrhe"", ""associated_award"": null, ""stickied"": false, ""author_premium"": false, ""can_gild"": false, ""top_awarded_type"": null, ""unrepliable_reason"": null, ""author_flair_text_color"": null, ""score_hidden"": false, ""permalink"": ""/r/IndianBeautyDeals/comments/1h0vrhe/anything_worth_buying_on_myntra_now_that_their/lz7bipd/"", ""subreddit_type"": ""public"", ""locked"": false, ""report_reasons"": null, ""created"": 1732687338.0, ""author_flair_text"": null, ""treatment_tags"": [], ""created_utc"": 1732687338.0, ""subreddit_name_prefixed"": ""r/IndianBeautyDeals"", ""controversiality"": 0, ""depth"": 6, ""author_flair_background_color"": null, ""collapsed_because_crowd_control"": null, ""mod_reports"": [], ""num_reports"": null, ""ups"": 1}}], ""before"": null}}, ""user_reports"": [], ""saved"": false, ""id"": ""lz7bfig"", ""banned_at_utc"": null, ""mod_reason_title"": null, ""gilded"": 0, ""archived"": false, ""collapsed_reason_code"": null, ""no_follow"": true, ""author"": ""Responsible-Trade752"", ""can_mod_post"": false, ""send_replies"": true, ""parent_id"": ""t1_lz7aibb"", ""score"": 2, ""author_fullname"": ""t2_lqtfgtb2"", ""approved_by"": null, ""mod_note"": null, ""all_awardings"": [], ""body"": ""It's the same one you've linked. The second one specifically."", ""edited"": false, ""gildings"": {}, ""downs"": 0, ""author_flair_css_class"": null, ""name"": ""t1_lz7bfig"", ""is_submitter"": false, ""collapsed"": false, ""author_flair_richtext"": [], ""author_patreon_flair"": false, ""body_html"": ""&lt;div class=\""md\""&gt;&lt;p&gt;It&amp;#39;s the same one you&amp;#39;ve linked. The second one specifically.&lt;/p&gt;\n&lt;/div&gt;"", ""removal_reason"": null, ""collapsed_reason"": null, ""link_id"": ""t3_1h0vrhe"", ""associated_award"": null, ""stickied"": false, ""author_premium"": false, ""can_gild"": false, ""top_awarded_type"": null, ""unrepliable_reason"": null, ""author_flair_text_color"": null, ""score_hidden"": false, ""permalink"": ""/r/IndianBeautyDeals/comments/1h0vrhe/anything_worth_buying_on_myntra_now_that_their/lz7bfig/"", ""subreddit_type"": ""public"", ""locked"": false, ""report_reasons"": null, ""created"": 1732687291.0, ""author_flair_text"": null, ""treatment_tags"": [], ""created_utc"": 1732687291.0, ""subreddit_name_prefixed"": ""r/IndianBeautyDeals"", ""controversiality"": 0, ""depth"": 5, ""author_flair_background_color"": null, ""collapsed_because_crowd_control"": null, ""mod_reports"": [], ""num_reports"": null, ""ups"": 2}}], ""before"": null}}, ""user_reports"": [], ""saved"": false, ""id"": ""lz7aibb"", ""banned_at_utc"": null, ""mod_reason_title"": null, ""gilded"": 0, ""archived"": false, ""collapsed_reason_code"": null, ""no_follow"": true, ""author"": ""zampy911"", ""can_mod_post"": false, ""send_replies"": true, ""parent_id"": ""t1_lz7acjx"", ""score"": 1, ""author_fullname"": ""t2_7g2pipbgx"", ""removal_reason"": null, ""approved_by"": null, ""mod_note"": null, ""all_awardings"": [], ""body"": ""Ohh.. Which one did you got? Cuz I have used one of the variants previously and quite liked the quality"", ""edited"": false, ""author_flair_css_class"": null, ""name"": ""t1_lz7aibb"", ""is_submitter"": false, ""downs"": 0, ""author_flair_richtext"": [], ""author_patreon_flair"": false, ""body_html"": ""&lt;div class=\""md\""&gt;&lt;p&gt;Ohh.. Which one did you got? Cuz I have used one of the variants previously and quite liked the quality&lt;/p&gt;\n&lt;/div&gt;"", ""gildings"": {}, ""collapsed_reason"": null, ""link_id"": ""t3_1h0vrhe"", ""associated_award"": null, ""stickied"": false, ""author_premium"": false, ""can_gild"": false, ""top_awarded_type"": null, ""unrepliable_reason"": null, ""author_flair_text_color"": null, ""treatment_tags"": [], ""score_hidden"": false, ""permalink"": ""/r/IndianBeautyDeals/comments/1h0vrhe/anything_worth_buying_on_myntra_now_that_their/lz7aibb/"", ""subreddit_type"": ""public"", ""locked"": false, ""report_reasons"": null, ""created"": 1732686801.0, ""author_flair_text"": null, ""collapsed"": false, ""created_utc"": 1732686801.0, ""subreddit_name_prefixed"": ""r/IndianBeautyDeals"", ""controversiality"": 0, ""depth"": 4, ""author_flair_background_color"": null, ""collapsed_because_crowd_control"": null, ""mod_reports"": [], ""num_reports"": null, ""ups"": 1}}], ""before"": null}}, ""user_reports"": [], ""saved"": false, ""id"": ""lz7acjx"", ""banned_at_utc"": null, ""mod_reason_title"": null, ""gilded"": 0, ""archived"": false, ""collapsed_reason_code"": null, ""no_follow"": false, ""author"": ""Responsible-Trade752"", ""can_mod_post"": false, ""send_replies"": true, ""parent_id"": ""t1_lz79x3m"", ""score"": 25, ""author_fullname"": ""t2_lqtfgtb2"", ""removal_reason"": null, ""approved_by"": null, ""mod_note"": null, ""all_awardings"": [], ""collapsed"": false, ""body"": ""DO NOT BUY THESE TEDDY JACKETS. I bought them a month ago and was sooo disappointed by the quality. It looked like it has been picked up from rag. I felt if I had to buy such bad quality I could easily find it in flee market at cheaper prices ew"", ""edited"": false, ""top_awarded_type"": null, ""author_flair_css_class"": null, ""name"": ""t1_lz7acjx"", ""is_submitter"": false, ""downs"": 0, ""author_flair_richtext"": [], ""author_patreon_flair"": false, ""body_html"": ""&lt;div class=\""md\""&gt;&lt;p&gt;DO NOT BUY THESE TEDDY JACKETS. I bought them a month ago and was sooo disappointed by the quality. It looked like it has been picked up from rag. I felt if I had to buy such bad quality I could easily find it in flee market at cheaper prices ew&lt;/p&gt;\n&lt;/div&gt;"", ""gildings"": {}, ""collapsed_reason"": null, ""distinguished"": null, ""associated_award"": null, ""stickied"": false, ""author_premium"": false, ""can_gild"": false, ""link_id"": ""t3_1h0vrhe"", ""unrepliable_reason"": null, ""author_flair_text_color"": null, ""score_hidden"": false, ""permalink"": ""/r/IndianBeautyDeals/comments/1h0vrhe/anything_worth_buying_on_myntra_now_that_their/lz7acjx/"", ""subreddit_type"": ""public"", ""locked"": false, ""report_reasons"": null, ""created"": 1732686719.0, ""author_flair_text"": null, ""treatment_tags"": [], ""created_utc"": 1732686719.0, ""subreddit_name_prefixed"": ""r/IndianBeautyDeals"", ""controversiality"": 0, ""depth"": 3, ""author_flair_background_color"": null, ""collapsed_because_crowd_control"": null, ""mod_reports"": [], ""num_reports"": null, ""ups"": 25}}], ""before"": null}}, ""user_reports"": [], ""saved"": false, ""id"": ""lz79x3m"", ""banned_at_utc"": null, ""mod_reason_title"": null, ""gilded"": 0, ""archived"": false, ""collapsed_reason_code"": null, ""no_follow"": false, ""author"": ""zampy911"", ""can_mod_post"": false, ""send_replies"": true, ""parent_id"": ""t1_lz74j27"", ""score"": 4, ""author_fullname"": ""t2_7g2pipbgx"", ""removal_reason"": null, ""approved_by"": null, ""mod_note"": null, ""all_awardings"": [], ""body"": ""\nH&amp;M Teddy Jacket http://www.myntra.com/mailers/topwear/h&amp;m/h&amp;m-teddy-jacket/28354788/buy?utm_source=social_share_pdp&amp;utm_medium=deeplink&amp;utm_campaign=social_share_pdp_deeplink on Myntra\n\nH&amp;M Teddy Jackets http://www.myntra.com/mailers/topwear/h&amp;m/h&amp;m-teddy-jackets/30760731/buy?utm_source=social_share_pdp&amp;utm_medium=deeplink&amp;utm_campaign=social_share_pdp_deeplink on Myntra\n\nH&amp;M Women Small Crossbody Bag http://www.myntra.com/mailers/bags/h&amp;m/h&amp;m-women-small-crossbody-bag/30134770/buy?utm_source=social_share_pdp&amp;utm_medium=deeplink&amp;utm_campaign=social_share_pdp_deeplink on Myntra"", ""edited"": false, ""top_awarded_type"": null, ""downs"": 0, ""author_flair_css_class"": null, ""name"": ""t1_lz79x3m"", ""is_submitter"": false, ""collapsed"": false, ""author_flair_richtext"": [], ""author_patreon_flair"": false, ""body_html"": ""&lt;div class=\""md\""&gt;&lt;p&gt;H&amp;amp;M Teddy Jacket &lt;a href=\""http://www.myntra.com/mailers/topwear/h&amp;amp;m/h&amp;amp;m-teddy-jacket/28354788/buy?utm_source=social_share_pdp&amp;amp;utm_medium=deeplink&amp;amp;utm_campaign=social_share_pdp_deeplink\""&gt;http://www.myntra.com/mailers/topwear/h&amp;amp;m/h&amp;amp;m-teddy-jacket/28354788/buy?utm_source=social_share_pdp&amp;amp;utm_medium=deeplink&amp;amp;utm_campaign=social_share_pdp_deeplink&lt;/a&gt; on Myntra&lt;/p&gt;\n\n&lt;p&gt;H&amp;amp;M Teddy Jackets &lt;a href=\""http://www.myntra.com/mailers/topwear/h&amp;amp;m/h&amp;amp;m-teddy-jackets/30760731/buy?utm_source=social_share_pdp&amp;amp;utm_medium=deeplink&amp;amp;utm_campaign=social_share_pdp_deeplink\""&gt;http://www.myntra.com/mailers/topwear/h&amp;amp;m/h&amp;amp;m-teddy-jackets/30760731/buy?utm_source=social_share_pdp&amp;amp;utm_medium=deeplink&amp;amp;utm_campaign=social_share_pdp_deeplink&lt;/a&gt; on Myntra&lt;/p&gt;\n\n&lt;p&gt;H&amp;amp;M Women Small Crossbody Bag &lt;a href=\""http://www.myntra.com/mailers/bags/h&amp;amp;m/h&amp;amp;m-women-small-crossbody-bag/30134770/buy?utm_source=social_share_pdp&amp;amp;utm_medium=deeplink&amp;amp;utm_campaign=social_share_pdp_deeplink\""&gt;http://www.myntra.com/mailers/bags/h&amp;amp;m/h&amp;amp;m-women-small-crossbody-bag/30134770/buy?utm_source=social_share_pdp&amp;amp;utm_medium=deeplink&amp;amp;utm_campaign=social_share_pdp_deeplink&lt;/a&gt; on Myntra&lt;/p&gt;\n&lt;/div&gt;"", ""gildings"": {}, ""collapsed_reason"": null, ""distinguished"": null, ""associated_award"": null, ""stickied"": false, ""author_premium"": false, ""can_gild"": false, ""link_id"": ""t3_1h0vrhe"", ""unrepliable_reason"": null, ""author_flair_text_color"": null, ""score_hidden"": false, ""permalink"": ""/r/IndianBeautyDeals/comments/1h0vrhe/anything_worth_buying_on_myntra_now_that_their/lz79x3m/"", ""subreddit_type"": ""public"", ""locked"": false, ""report_reasons"": null, ""created"": 1732686492.0, ""author_flair_text"": null, ""treatment_tags"": [], ""created_utc"": 1732686492.0, ""subreddit_name_prefixed"": ""r/IndianBeautyDeals"", ""controversiality"": 0, ""depth"": 2, ""author_flair_background_color"": null, ""collapsed_because_crowd_control"": null, ""mod_reports"": [], ""num_reports"": null, ""ups"": 4}}], ""before"": null}}, ""user_reports"": [], ""saved"": false, ""id"": ""lz74j27"", ""banned_at_utc"": null, ""mod_reason_title"": null, ""gilded"": 0, ""archived"": false, ""collapsed_reason_code"": null, ""no_follow"": false, ""author"": ""chaipecharchaaa"", ""can_mod_post"": false, ""created_utc"": 1732683805.0, ""send_replies"": true, ""parent_id"": ""t1_lz6yjtb"", ""score"": 3, ""author_fullname"": ""t2_ca3dc5age"", ""removal_reason"": null, ""approved_by"": null, ""mod_note"": null, ""all_awardings"": [], ""body"": ""Hey could u pls share the links or pics of what all u got? Thankyou \ud83e\udd0d"", ""edited"": false, ""top_awarded_type"": null, ""author_flair_css_class"": null, ""name"": ""t1_lz74j27"", ""is_submitter"": false, ""downs"": 0, ""author_flair_richtext"": [], ""author_patreon_flair"": false, ""body_html"": ""&lt;div class=\""md\""&gt;&lt;p&gt;Hey could u pls share the links or pics of what all u got? Thankyou \ud83e\udd0d&lt;/p&gt;\n&lt;/div&gt;"", ""gildings"": {}, ""collapsed_reason"": null, ""distinguished"": null, ""associated_award"": null, ""stickied"": false, ""author_premium"": false, ""can_gild"": false, ""link_id"": ""t3_1h0vrhe"", ""unrepliable_reason"": null, ""author_flair_text_color"": null, ""score_hidden"": false, ""permalink"": ""/r/IndianBeautyDeals/comments/1h0vrhe/anything_worth_buying_on_myntra_now_that_their/lz74j27/"", ""subreddit_type"": ""public"", ""locked"": false, ""report_reasons"": null, ""created"": 1732683805.0, ""author_flair_text"": null, ""treatment_tags"": [], ""collapsed"": false, ""subreddit_name_prefixed"": ""r/IndianBeautyDeals"", ""controversiality"": 0, ""depth"": 1, ""author_flair_background_color"": null, ""collapsed_because_crowd_control"": null, ""mod_reports"": [], ""num_reports"": null, ""ups"": 3}}, {""kind"": ""t1"", ""data"": {""subreddit_id"": ""t5_39dg2c"", ""approved_at_utc"": null, ""author_is_blocked"": false, ""comment_type"": null, ""awarders"": [], ""mod_reason_by"": null, ""banned_by"": null, ""author_flair_type"": ""text"", ""total_awards_received"": 0, ""subreddit"": ""IndianBeautyDeals"", ""author_flair_template_id"": null, ""likes"": null, ""replies"": {""kind"": ""Listing"", ""data"": {""after"": null, ""dist"": null, ""modhash"": ""5ic0am9ide51995e1c867c58e50024941615feebd5f8119235"", ""geo_filter"": """", ""children"": [{""kind"": ""t1"", ""data"": {""subreddit_id"": ""t5_39dg2c"", ""approved_at_utc"": null, ""author_is_blocked"": false, ""comment_type"": null, ""awarders"": [], ""mod_reason_by"": null, ""banned_by"": null, ""author_flair_type"": ""text"", ""total_awards_received"": 0, ""subreddit"": ""IndianBeautyDeals"", ""author_flair_template_id"": null, ""likes"": null, ""replies"": {""kind"": ""Listing"", ""data"": {""after"": null, ""dist"": null, ""modhash"": ""5ic0am9ide51995e1c867c58e50024941615feebd5f8119235"", ""geo_filter"": """", ""children"": [{""kind"": ""t1"", ""data"": {""subreddit_id"": ""t5_39dg2c"", ""approved_at_utc"": null, ""author_is_blocked"": false, ""comment_type"": null, ""awarders"": [], ""mod_reason_by"": null, ""banned_by"": null, ""author_flair_type"": ""text"", ""total_awards_received"": 0, ""subreddit"": ""IndianBeautyDeals"", ""author_flair_template_id"": null, ""likes"": null, ""replies"": {""kind"": ""Listing"", ""data"": {""after"": null, ""dist"": null, ""modhash"": ""5ic0am9ide51995e1c867c58e50024941615feebd5f8119235"", ""geo_filter"": """", ""children"": [{""kind"": ""t1"", ""data"": {""subreddit_id"": ""t5_39dg2c"", ""approved_at_utc"": null, ""author_is_blocked"": false, ""comment_type"": null, ""awarders"": [], ""mod_reason_by"": null, ""banned_by"": null, ""author_flair_type"": ""text"", ""total_awards_received"": 0, ""subreddit"": ""IndianBeautyDeals"", ""author_flair_template_id"": null, ""distinguished"": null, ""likes"": null, ""replies"": """", ""user_reports"": [], ""saved"": false, ""id"": ""lz94fiy"", ""banned_at_utc"": null, ""mod_reason_title"": null, ""gilded"": 0, ""archived"": false, ""collapsed_reason_code"": null, ""no_follow"": true, ""author"": ""poorvasaini"", ""can_mod_post"": false, ""send_replies"": true, ""parent_id"": ""t1_lz7d441"", ""score"": 1, ""author_fullname"": ""t2_actu56dp"", ""removal_reason"": null, ""approved_by"": null, ""mod_note"": null, ""all_awardings"": [], ""body"": ""Check max and amazon symbol."", ""edited"": false, ""author_flair_css_class"": null, ""name"": ""t1_lz94fiy"", ""is_submitter"": false, ""downs"": 0, ""author_flair_richtext"": [], ""author_patreon_flair"": false, ""body_html"": ""&lt;div class=\""md\""&gt;&lt;p&gt;Check max and amazon symbol.&lt;/p&gt;\n&lt;/div&gt;"", ""gildings"": {}, ""collapsed_reason"": null, ""link_id"": ""t3_1h0vrhe"", ""associated_award"": null, ""stickied"": false, ""author_premium"": false, ""can_gild"": false, ""top_awarded_type"": null, ""unrepliable_reason"": null, ""author_flair_text_color"": null, ""treatment_tags"": [], ""score_hidden"": false, ""permalink"": ""/r/IndianBeautyDeals/comments/1h0vrhe/anything_worth_buying_on_myntra_now_that_their/lz94fiy/"", ""subreddit_type"": ""public"", ""locked"": false, ""report_reasons"": null, ""created"": 1732720825.0, ""author_flair_text"": null, ""collapsed"": false, ""created_utc"": 1732720825.0, ""subreddit_name_prefixed"": ""r/IndianBeautyDeals"", ""controversiality"": 0, ""depth"": 4, ""author_flair_background_color"": null, ""collapsed_because_crowd_control"": null, ""mod_reports"": [], ""num_reports"": null, ""ups"": 1}}], ""before"": null}}, ""user_reports"": [], ""saved"": false, ""id"": ""lz7d441"", ""banned_at_utc"": null, ""mod_reason_title"": null, ""gilded"": 0, ""archived"": false, ""collapsed_reason_code"": null, ""no_follow"": true, ""author"": ""No_Routine7586"", ""can_mod_post"": false, ""send_replies"": true, ""parent_id"": ""t1_lz78sb2"", ""score"": 2, ""author_fullname"": ""t2_tvu3zi81c"", ""removal_reason"": null, ""approved_by"": null, ""mod_note"": null, ""all_awardings"": [], ""collapsed"": false, ""body"": ""Then which brand hoodie have best quality and also affordable"", ""edited"": false, ""top_awarded_type"": null, ""author_flair_css_class"": null, ""name"": ""t1_lz7d441"", ""is_submitter"": false, ""downs"": 0, ""author_flair_richtext"": [], ""author_patreon_flair"": false, ""body_html"": ""&lt;div class=\""md\""&gt;&lt;p&gt;Then which brand hoodie have best quality and also affordable&lt;/p&gt;\n&lt;/div&gt;"", ""gildings"": {}, ""collapsed_reason"": null, ""distinguished"": null, ""associated_award"": null, ""stickied"": false, ""author_premium"": false, ""can_gild"": false, ""link_id"": ""t3_1h0vrhe"", ""unrepliable_reason"": null, ""author_flair_text_color"": null, ""score_hidden"": false, ""permalink"": ""/r/IndianBeautyDeals/comments/1h0vrhe/anything_worth_buying_on_myntra_now_that_their/lz7d441/"", ""subreddit_type"": ""public"", ""locked"": false, ""report_reasons"": null, ""created"": 1732688207.0, ""author_flair_text"": null, ""treatment_tags"": [], ""created_utc"": 1732688207.0, ""subreddit_name_prefixed"": ""r/IndianBeautyDeals"", ""controversiality"": 0, ""depth"": 3, ""author_flair_background_color"": null, ""collapsed_because_crowd_control"": null, ""mod_reports"": [], ""num_reports"": null, ""ups"": 2}}], ""before"": null}}, ""user_reports"": [], ""saved"": false, ""id"": ""lz78sb2"", ""banned_at_utc"": null, ""mod_reason_title"": null, ""gilded"": 0, ""archived"": false, ""collapsed_reason_code"": null, ""no_follow"": true, ""author"": ""zampy911"", ""can_mod_post"": false, ""send_replies"": true, ""parent_id"": ""t1_lz754k2"", ""score"": 3, ""author_fullname"": ""t2_7g2pipbgx"", ""removal_reason"": null, ""approved_by"": null, ""mod_note"": null, ""all_awardings"": [], ""body"": ""Imo h&amp;m site sales are disappointing"", ""edited"": false, ""top_awarded_type"": null, ""downs"": 0, ""author_flair_css_class"": null, ""name"": ""t1_lz78sb2"", ""is_submitter"": false, ""collapsed"": false, ""author_flair_richtext"": [], ""author_patreon_flair"": false, ""body_html"": ""&lt;div class=\""md\""&gt;&lt;p&gt;Imo h&amp;amp;m site sales are disappointing&lt;/p&gt;\n&lt;/div&gt;"", ""gildings"": {}, ""collapsed_reason"": null, ""distinguished"": null, ""associated_award"": null, ""stickied"": false, ""author_premium"": false, ""can_gild"": false, ""link_id"": ""t3_1h0vrhe"", ""unrepliable_reason"": null, ""author_flair_text_color"": null, ""score_hidden"": false, ""permalink"": ""/r/IndianBeautyDeals/comments/1h0vrhe/anything_worth_buying_on_myntra_now_that_their/lz78sb2/"", ""subreddit_type"": ""public"", ""locked"": false, ""report_reasons"": null, ""created"": 1732685914.0, ""author_flair_text"": null, ""treatment_tags"": [], ""created_utc"": 1732685914.0, ""subreddit_name_prefixed"": ""r/IndianBeautyDeals"", ""controversiality"": 0, ""depth"": 2, ""author_flair_background_color"": null, ""collapsed_because_crowd_control"": null, ""mod_reports"": [], ""num_reports"": null, ""ups"": 3}}], ""before"": null}}, ""user_reports"": [], ""saved"": false, ""id"": ""lz754k2"", ""banned_at_utc"": null, ""mod_reason_title"": null, ""gilded"": 0, ""archived"": false, ""collapsed_reason_code"": null, ""no_follow"": false, ""author"": ""No_Routine7586"", ""can_mod_post"": false, ""created_utc"": 1732684091.0, ""send_replies"": true, ""parent_id"": ""t1_lz6yjtb"", ""score"": 5, ""author_fullname"": ""t2_tvu3zi81c"", ""removal_reason"": null, ""approved_by"": null, ""mod_note"": null, ""all_awardings"": [], ""body"": ""Can I get it from h&amp;m original website ....as their sale is also coming in two days....or unki qualities bhi jyada acchi hoti hain"", ""edited"": false, ""top_awarded_type"": null, ""author_flair_css_class"": null, ""name"": ""t1_lz754k2"", ""is_submitter"": false, ""downs"": 0, ""author_flair_richtext"": [], ""author_patreon_flair"": false, ""body_html"": ""&lt;div class=\""md\""&gt;&lt;p&gt;Can I get it from h&amp;amp;m original website ....as their sale is also coming in two days....or unki qualities bhi jyada acchi hoti hain&lt;/p&gt;\n&lt;/div&gt;"", ""gildings"": {}, ""collapsed_reason"": null, ""distinguished"": null, ""associated_award"": null, ""stickied"": false, ""author_premium"": false, ""can_gild"": false, ""link_id"": ""t3_1h0vrhe"", ""unrepliable_reason"": null, ""author_flair_text_color"": null, ""score_hidden"": false, ""permalink"": ""/r/IndianBeautyDeals/comments/1h0vrhe/anything_worth_buying_on_myntra_now_that_their/lz754k2/"", ""subreddit_type"": ""public"", ""locked"": false, ""report_reasons"": null, ""created"": 1732684091.0, ""author_flair_text"": null, ""treatment_tags"": [], ""collapsed"": false, ""subreddit_name_prefixed"": ""r/IndianBeautyDeals"", ""controversiality"": 0, ""depth"": 1, ""author_flair_background_color"": null, ""collapsed_because_crowd_control"": null, ""mod_reports"": [], ""num_reports"": null, ""ups"": 5}}], ""before"": null}}, ""user_reports"": [], ""saved"": false, ""id"": ""lz6yjtb"", ""banned_at_utc"": null, ""mod_reason_title"": null, ""gilded"": 0, ""archived"": false, ""collapsed_reason_code"": null, ""no_follow"": false, ""author"": ""zampy911"", ""can_mod_post"": false, ""created_utc"": 1732681107.0, ""send_replies"": true, ""parent_id"": ""t3_1h0vrhe"", ""score"": 16, ""author_fullname"": ""t2_7g2pipbgx"", ""approved_by"": null, ""mod_note"": null, ""all_awardings"": [], ""collapsed"": false, ""body"": ""I got a cross body bag and Jackets from H&amp;M. Their jacket quality is good."", ""edited"": false, ""top_awarded_type"": null, ""author_flair_css_class"": null, ""name"": ""t1_lz6yjtb"", ""is_submitter"": false, ""downs"": 0, ""author_flair_richtext"": [], ""author_patreon_flair"": false, ""body_html"": ""&lt;div class=\""md\""&gt;&lt;p&gt;I got a cross body bag and Jackets from H&amp;amp;M. Their jacket quality is good.&lt;/p&gt;\n&lt;/div&gt;"", ""removal_reason"": null, ""collapsed_reason"": null, ""distinguished"": null, ""associated_award"": null, ""stickied"": false, ""author_premium"": false, ""can_gild"": false, ""gildings"": {}, ""unrepliable_reason"": null, ""author_flair_text_color"": null, ""score_hidden"": false, ""permalink"": ""/r/IndianBeautyDeals/comments/1h0vrhe/anything_worth_buying_on_myntra_now_that_their/lz6yjtb/"", ""subreddit_type"": ""public"", ""locked"": false, ""report_reasons"": null, ""created"": 1732681107.0, ""author_flair_text"": null, ""treatment_tags"": [], ""link_id"": ""t3_1h0vrhe"", ""subreddit_name_prefixed"": ""r/IndianBeautyDeals"", ""controversiality"": 0, ""depth"": 0, ""author_flair_background_color"": null, ""collapsed_because_crowd_control"": null, ""mod_reports"": [], ""num_reports"": null, ""ups"": 16}}, {""kind"": ""t1"", ""data"": {""subreddit_id"": ""t5_39dg2c"", ""approved_at_utc"": null, ""author_is_blocked"": false, ""comment_type"": null, ""awarders"": [], ""mod_reason_by"": null, ""banned_by"": null, ""author_flair_type"": ""text"", ""total_awards_received"": 0, ""subreddit"": ""IndianBeautyDeals"", ""author_flair_template_id"": null, ""likes"": null, ""replies"": {""kind"": ""Listing"", ""data"": {""after"": null, ""dist"": null, ""modhash"": ""5ic0am9ide51995e1c867c58e50024941615feebd5f8119235"", ""geo_filter"": """", ""children"": [{""kind"": ""t1"", ""data"": {""total_awards_received"": 0, ""approved_at_utc"": null, ""author_is_blocked"": false, ""comment_type"": null, ""awarders"": [], ""mod_reason_by"": null, ""banned_by"": null, ""ups"": 11, ""removal_reason"": null, ""link_id"": ""t3_1h0vrhe"", ""author_flair_template_id"": null, ""likes"": null, ""replies"": {""kind"": ""Listing"", ""data"": {""after"": null, ""dist"": null, ""modhash"": ""5ic0am9ide51995e1c867c58e50024941615feebd5f8119235"", ""geo_filter"": """", ""children"": [{""kind"": ""t1"", ""data"": {""subreddit_id"": ""t5_39dg2c"", ""approved_at_utc"": null, ""author_is_blocked"": false, ""comment_type"": null, ""awarders"": [], ""mod_reason_by"": null, ""banned_by"": null, ""author_flair_type"": ""text"", ""total_awards_received"": 0, ""subreddit"": ""IndianBeautyDeals"", ""author_flair_template_id"": null, ""likes"": null, ""replies"": """", ""user_reports"": [], ""saved"": false, ""id"": ""lz78vqj"", ""banned_at_utc"": null, ""mod_reason_title"": null, ""gilded"": 0, ""archived"": false, ""collapsed_reason_code"": null, ""no_follow"": true, ""author"": ""LazyPanda2211"", ""can_mod_post"": false, ""send_replies"": true, ""parent_id"": ""t1_lz78e2f"", ""score"": 3, ""author_fullname"": ""t2_v9ha5jxv"", ""removal_reason"": null, ""approved_by"": null, ""mod_note"": null, ""all_awardings"": [], ""body"": ""Exactly... That's why just adding products to the wishlist rn"", ""edited"": false, ""top_awarded_type"": null, ""downs"": 0, ""author_flair_css_class"": null, ""name"": ""t1_lz78vqj"", ""is_submitter"": false, ""collapsed"": false, ""author_flair_richtext"": [], ""author_patreon_flair"": false, ""body_html"": ""&lt;div class=\""md\""&gt;&lt;p&gt;Exactly... That&amp;#39;s why just adding products to the wishlist rn&lt;/p&gt;\n&lt;/div&gt;"", ""gildings"": {}, ""collapsed_reason"": null, ""distinguished"": null, ""associated_award"": null, ""stickied"": false, ""author_premium"": false, ""can_gild"": false, ""link_id"": ""t3_1h0vrhe"", ""unrepliable_reason"": null, ""author_flair_text_color"": null, ""score_hidden"": false, ""permalink"": ""/r/IndianBeautyDeals/comments/1h0vrhe/anything_worth_buying_on_myntra_now_that_their/lz78vqj/"", ""subreddit_type"": ""public"", ""locked"": false, ""report_reasons"": null, ""created"": 1732685963.0, ""author_flair_text"": null, ""treatment_tags"": [], ""created_utc"": 1732685963.0, ""subreddit_name_prefixed"": ""r/IndianBeautyDeals"", ""controversiality"": 0, ""depth"": 2, ""author_flair_background_color"": null, ""collapsed_because_crowd_control"": null, ""mod_reports"": [], ""num_reports"": null, ""ups"": 3}}], ""before"": null}}, ""user_reports"": [], ""saved"": false, ""id"": ""lz78e2f"", ""banned_at_utc"": null, ""mod_reason_title"": null, ""gilded"": 0, ""archived"": false, ""collapsed_reason_code"": null, ""no_follow"": false, ""author"": ""[deleted]"", ""can_mod_post"": false, ""send_replies"": true, ""parent_id"": ""t1_lz75v2p"", ""score"": 11, ""approved_by"": null, ""report_reasons"": null, ""all_awardings"": [], ""subreddit_id"": ""t5_39dg2c"", ""body"": ""Nothing can beat eors prices \ud83d\ude2e\u200d\ud83d\udca8"", ""edited"": false, ""author_flair_css_class"": null, ""collapsed"": false, ""downs"": 0, ""is_submitter"": false, ""body_html"": ""&lt;div class=\""md\""&gt;&lt;p&gt;Nothing can beat eors prices \ud83d\ude2e\u200d\ud83d\udca8&lt;/p&gt;\n&lt;/div&gt;"", ""gildings"": {}, ""collapsed_reason"": null, ""associated_award"": null, ""stickied"": false, ""subreddit_type"": ""public"", ""can_gild"": false, ""top_awarded_type"": null, ""unrepliable_reason"": null, ""author_flair_text_color"": ""dark"", ""score_hidden"": false, ""permalink"": ""/r/IndianBeautyDeals/comments/1h0vrhe/anything_worth_buying_on_myntra_now_that_their/lz78e2f/"", ""num_reports"": null, ""locked"": false, ""name"": ""t1_lz78e2f"", ""created"": 1732685712.0, ""subreddit"": ""IndianBeautyDeals"", ""author_flair_text"": null, ""treatment_tags"": [], ""created_utc"": 1732685712.0, ""subreddit_name_prefixed"": ""r/IndianBeautyDeals"", ""controversiality"": 0, ""depth"": 1, ""author_flair_background_color"": """", ""collapsed_because_crowd_control"": null, ""mod_reports"": [], ""mod_note"": null, ""distinguished"": null}}], ""before"": null}}, ""user_reports"": [], ""saved"": false, ""id"": ""lz75v2p"", ""banned_at_utc"": null, ""mod_reason_title"": null, ""gilded"": 0, ""archived"": false, ""collapsed_reason_code"": null, ""no_follow"": false, ""author"": ""LazyPanda2211"", ""can_mod_post"": false, ""created_utc"": 1732684448.0, ""send_replies"": true, ""parent_id"": ""t3_1h0vrhe"", ""score"": 15, ""author_fullname"": ""t2_v9ha5jxv"", ""approved_by"": null, ""mod_note"": null, ""all_awardings"": [], ""collapsed"": false, ""body"": ""I'm planning to wait for EORS... It'll probably start from the 2nd week of December."", ""edited"": false, ""top_awarded_type"": null, ""author_flair_css_class"": null, ""name"": ""t1_lz75v2p"", ""is_submitter"": false, ""downs"": 0, ""author_flair_richtext"": [], ""author_patreon_flair"": false, ""body_html"": ""&lt;div class=\""md\""&gt;&lt;p&gt;I&amp;#39;m planning to wait for EORS... It&amp;#39;ll probably start from the 2nd week of December.&lt;/p&gt;\n&lt;/div&gt;"", ""removal_reason"": null, ""collapsed_reason"": null, ""distinguished"": null, ""associated_award"": null, ""stickied"": false, ""author_premium"": false, ""can_gild"": false, ""gildings"": {}, ""unrepliable_reason"": null, ""author_flair_text_color"": null, ""score_hidden"": false, ""permalink"": ""/r/IndianBeautyDeals/comments/1h0vrhe/anything_worth_buying_on_myntra_now_that_their/lz75v2p/"", ""subreddit_type"": ""public"", ""locked"": false, ""report_reasons"": null, ""created"": 1732684448.0, ""author_flair_text"": null, ""treatment_tags"": [], ""link_id"": ""t3_1h0vrhe"", ""subreddit_name_prefixed"": ""r/IndianBeautyDeals"", ""controversiality"": 0, ""depth"": 0, ""author_flair_background_color"": null, ""collapsed_because_crowd_control"": null, ""mod_reports"": [], ""num_reports"": null, ""ups"": 15}}, {""kind"": ""t1"", ""data"": {""subreddit_id"": ""t5_39dg2c"", ""approved_at_utc"": null, ""author_is_blocked"": false, ""comment_type"": null, ""awarders"": [], ""mod_reason_by"": null, ""banned_by"": null, ""author_flair_type"": ""text"", ""total_awards_received"": 0, ""subreddit"": ""IndianBeautyDeals"", ""author_flair_template_id"": null, ""likes"": null, ""replies"": {""kind"": ""Listing"", ""data"": {""after"": null, ""dist"": null, ""modhash"": ""5ic0am9ide51995e1c867c58e50024941615feebd5f8119235"", ""geo_filter"": """", ""children"": [{""kind"": ""t1"", ""data"": {""subreddit_id"": ""t5_39dg2c"", ""approved_at_utc"": null, ""author_is_blocked"": false, ""comment_type"": null, ""awarders"": [], ""mod_reason_by"": null, ""banned_by"": null, ""author_flair_type"": ""text"", ""total_awards_received"": 0, ""subreddit"": ""IndianBeautyDeals"", ""author_flair_template_id"": null, ""likes"": null, ""replies"": {""kind"": ""Listing"", ""data"": {""after"": null, ""dist"": null, ""modhash"": ""5ic0am9ide51995e1c867c58e50024941615feebd5f8119235"", ""geo_filter"": """", ""children"": [{""kind"": ""t1"", ""data"": {""subreddit_id"": ""t5_39dg2c"", ""approved_at_utc"": null, ""author_is_blocked"": false, ""comment_type"": null, ""awarders"": [], ""mod_reason_by"": null, ""banned_by"": null, ""author_flair_type"": ""text"", ""total_awards_received"": 0, ""subreddit"": ""IndianBeautyDeals"", ""author_flair_template_id"": null, ""likes"": null, ""replies"": """", ""user_reports"": [], ""saved"": false, ""id"": ""lz7e71y"", ""banned_at_utc"": null, ""mod_reason_title"": null, ""gilded"": 0, ""archived"": false, ""collapsed_reason_code"": null, ""no_follow"": true, ""author"": ""Fluid-Health-3754"", ""can_mod_post"": false, ""send_replies"": true, ""parent_id"": ""t1_lz7dxsv"", ""score"": 1, ""author_fullname"": ""t2_wtv9tvmfj"", ""removal_reason"": null, ""approved_by"": null, ""mod_note"": null, ""all_awardings"": [], ""body"": ""Jst search for bath and body works and sort by discount, thn add to cart and apply the coupon BEAUTYREWARDS and it will also give you options to use your supercoins( this could be account specific as well), also the coupon is not available for everything but most of the products."", ""edited"": false, ""top_awarded_type"": null, ""downs"": 0, ""author_flair_css_class"": null, ""name"": ""t1_lz7e71y"", ""is_submitter"": false, ""collapsed"": false, ""author_flair_richtext"": [], ""author_patreon_flair"": false, ""body_html"": ""&lt;div class=\""md\""&gt;&lt;p&gt;Jst search for bath and body works and sort by discount, thn add to cart and apply the coupon BEAUTYREWARDS and it will also give you options to use your supercoins( this could be account specific as well), also the coupon is not available for everything but most of the products.&lt;/p&gt;\n&lt;/div&gt;"", ""gildings"": {}, ""collapsed_reason"": null, ""distinguished"": null, ""associated_award"": null, ""stickied"": false, ""author_premium"": false, ""can_gild"": false, ""link_id"": ""t3_1h0vrhe"", ""unrepliable_reason"": null, ""author_flair_text_color"": null, ""score_hidden"": false, ""permalink"": ""/r/IndianBeautyDeals/comments/1h0vrhe/anything_worth_buying_on_myntra_now_that_their/lz7e71y/"", ""subreddit_type"": ""public"", ""locked"": false, ""report_reasons"": null, ""created"": 1732688807.0, ""author_flair_text"": null, ""treatment_tags"": [], ""created_utc"": 1732688807.0, ""subreddit_name_prefixed"": ""r/IndianBeautyDeals"", ""controversiality"": 0, ""depth"": 2, ""author_flair_background_color"": null, ""collapsed_because_crowd_control"": null, ""mod_reports"": [], ""num_reports"": null, ""ups"": 1}}], ""before"": null}}, ""user_reports"": [], ""saved"": false, ""id"": ""lz7dxsv"", ""banned_at_utc"": null, ""mod_reason_title"": null, ""gilded"": 0, ""archived"": false, ""collapsed_reason_code"": null, ""no_follow"": true, ""author"": ""Sad_Actuary_5316"", ""can_mod_post"": false, ""created_utc"": 1732688665.0, ""send_replies"": true, ""parent_id"": ""t1_lz7b7vz"", ""score"": 1, ""author_fullname"": ""t2_95corj5c"", ""removal_reason"": null, ""approved_by"": null, ""mod_note"": null, ""all_awardings"": [], ""body"": ""Hi pls can you share how to? Really need lotions."", ""edited"": false, ""top_awarded_type"": null, ""author_flair_css_class"": null, ""name"": ""t1_lz7dxsv"", ""is_submitter"": false, ""downs"": 0, ""author_flair_richtext"": [], ""author_patreon_flair"": false, ""body_html"": ""&lt;div class=\""md\""&gt;&lt;p&gt;Hi pls can you share how to? Really need lotions.&lt;/p&gt;\n&lt;/div&gt;"", ""gildings"": {}, ""collapsed_reason"": null, ""distinguished"": null, ""associated_award"": null, ""stickied"": false, ""author_premium"": false, ""can_gild"": false, ""link_id"": ""t3_1h0vrhe"", ""unrepliable_reason"": null, ""author_flair_text_color"": null, ""score_hidden"": false, ""permalink"": ""/r/IndianBeautyDeals/comments/1h0vrhe/anything_worth_buying_on_myntra_now_that_their/lz7dxsv/"", ""subreddit_type"": ""public"", ""locked"": false, ""report_reasons"": null, ""created"": 1732688665.0, ""author_flair_text"": null, ""treatment_tags"": [], ""collapsed"": false, ""subreddit_name_prefixed"": ""r/IndianBeautyDeals"", ""controversiality"": 0, ""depth"": 1, ""author_flair_background_color"": null, ""collapsed_because_crowd_control"": null, ""mod_reports"": [], ""num_reports"": null, ""ups"": 1}}, {""kind"": ""t1"", ""data"": {""subreddit_id"": ""t5_39dg2c"", ""approved_at_utc"": null, ""author_is_blocked"": false, ""comment_type"": null, ""awarders"": [], ""mod_reason_by"": null, ""banned_by"": null, ""author_flair_type"": ""text"", ""total_awards_received"": 0, ""subreddit"": ""IndianBeautyDeals"", ""author_flair_template_id"": null, ""likes"": null, ""replies"": {""kind"": ""Listing"", ""data"": {""after"": null, ""dist"": null, ""modhash"": ""5ic0am9ide51995e1c867c58e50024941615feebd5f8119235"", ""geo_filter"": """", ""children"": [{""kind"": ""t1"", ""data"": {""subreddit_id"": ""t5_39dg2c"", ""approved_at_utc"": null, ""author_is_blocked"": false, ""comment_type"": null, ""awarders"": [], ""mod_reason_by"": null, ""banned_by"": null, ""author_flair_type"": ""text"", ""total_awards_received"": 0, ""subreddit"": ""IndianBeautyDeals"", ""author_flair_template_id"": null, ""likes"": null, ""replies"": """", ""user_reports"": [], ""saved"": false, ""id"": ""lz7ekwn"", ""banned_at_utc"": null, ""mod_reason_title"": null, ""gilded"": 0, ""archived"": false, ""collapsed_reason_code"": null, ""no_follow"": true, ""author"": ""Fluid-Health-3754"", ""can_mod_post"": false, ""send_replies"": true, ""parent_id"": ""t1_lz7eaa1"", ""score"": 1, ""author_fullname"": ""t2_wtv9tvmfj"", ""removal_reason"": null, ""approved_by"": null, ""mod_note"": null, ""all_awardings"": [], ""body"": ""https://preview.redd.it/ejpvype12e3e1.jpeg?width=1290&amp;format=pjpg&amp;auto=webp&amp;s=f45194d300d496cdc25a0eb21fb890c77833a6b3\n\nSee\ud83e\udd70"", ""edited"": false, ""top_awarded_type"": null, ""downs"": 0, ""author_flair_css_class"": null, ""name"": ""t1_lz7ekwn"", ""is_submitter"": false, ""collapsed"": false, ""author_flair_richtext"": [], ""author_patreon_flair"": false, ""body_html"": ""&lt;div class=\""md\""&gt;&lt;p&gt;&lt;a href=\""https://preview.redd.it/ejpvype12e3e1.jpeg?width=1290&amp;amp;format=pjpg&amp;amp;auto=webp&amp;amp;s=f45194d300d496cdc25a0eb21fb890c77833a6b3\""&gt;https://preview.redd.it/ejpvype12e3e1.jpeg?width=1290&amp;amp;format=pjpg&amp;amp;auto=webp&amp;amp;s=f45194d300d496cdc25a0eb21fb890c77833a6b3&lt;/a&gt;&lt;/p&gt;\n\n&lt;p&gt;See\ud83e\udd70&lt;/p&gt;\n&lt;/div&gt;"", ""gildings"": {}, ""collapsed_reason"": null, ""distinguished"": null, ""associated_award"": null, ""stickied"": false, ""author_premium"": false, ""can_gild"": false, ""link_id"": ""t3_1h0vrhe"", ""unrepliable_reason"": null, ""author_flair_text_color"": null, ""score_hidden"": false, ""permalink"": ""/r/IndianBeautyDeals/comments/1h0vrhe/anything_worth_buying_on_myntra_now_that_their/lz7ekwn/"", ""subreddit_type"": ""public"", ""locked"": false, ""report_reasons"": null, ""created"": 1732689024.0, ""media_metadata"": {""ejpvype12e3e1"": {""status"": ""valid"", ""e"": ""Image"", ""m"": ""image/jpeg"", ""p"": [{""y"": 76, ""x"": 108, ""u"": ""https://preview.redd.it/ejpvype12e3e1.jpeg?width=108&amp;crop=smart&amp;auto=webp&amp;s=28549e86a81b794f9d1daa300f36eb80a0c4eb33""}, {""y"": 152, ""x"": 216, ""u"": ""https://preview.redd.it/ejpvype12e3e1.jpeg?width=216&amp;crop=smart&amp;auto=webp&amp;s=e4a0d15042a59ec6cf0cadbc41276357dc47f0a6""}, {""y"": 226, ""x"": 320, ""u"": ""https://preview.redd.it/ejpvype12e3e1.jpeg?width=320&amp;crop=smart&amp;auto=webp&amp;s=54ea6b869c07d2449128974308d500595c42b96b""}, {""y"": 452, ""x"": 640, ""u"": ""https://preview.redd.it/ejpvype12e3e1.jpeg?width=640&amp;crop=smart&amp;auto=webp&amp;s=1718c508e02fc17cdf651e7e696ac14ca95c149b""}, {""y"": 678, ""x"": 960, ""u"": ""https://preview.redd.it/ejpvype12e3e1.jpeg?width=960&amp;crop=smart&amp;auto=webp&amp;s=aad87613c91b2efbd2c9e5e267822d35cdc9b297""}, {""y"": 763, ""x"": 1080, ""u"": ""https://preview.redd.it/ejpvype12e3e1.jpeg?width=1080&amp;crop=smart&amp;auto=webp&amp;s=5217480aca055a054f877d292b420764c3d20924""}], ""s"": {""y"": 912, ""x"": 1290, ""u"": ""https://preview.redd.it/ejpvype12e3e1.jpeg?width=1290&amp;format=pjpg&amp;auto=webp&amp;s=f45194d300d496cdc25a0eb21fb890c77833a6b3""}, ""id"": ""ejpvype12e3e1""}}, ""author_flair_text"": null, ""treatment_tags"": [], ""created_utc"": 1732689024.0, ""subreddit_name_prefixed"": ""r/IndianBeautyDeals"", ""controversiality"": 0, ""depth"": 2, ""author_flair_background_color"": null, ""collapsed_because_crowd_control"": null, ""mod_reports"": [], ""num_reports"": null, ""ups"": 1}}], ""before"": null}}, ""user_reports"": [], ""saved"": false, ""id"": ""lz7eaa1"", ""banned_at_utc"": null, ""mod_reason_title"": null, ""gilded"": 0, ""archived"": false, ""collapsed_reason_code"": null, ""no_follow"": true, ""author"": ""purplehearts_x"", ""can_mod_post"": false, ""created_utc"": 1732688857.0, ""send_replies"": true, ""parent_id"": ""t1_lz7b7vz"", ""score"": 1, ""author_fullname"": ""t2_ty0xqksa"", ""removal_reason"": null, ""approved_by"": null, ""mod_note"": null, ""all_awardings"": [], ""body"": ""Howw"", ""edited"": false, ""top_awarded_type"": null, ""author_flair_css_class"": null, ""name"": ""t1_lz7eaa1"", ""is_submitter"": false, ""downs"": 0, ""author_flair_richtext"": [], ""author_patreon_flair"": false, ""body_html"": ""&lt;div class=\""md\""&gt;&lt;p&gt;Howw&lt;/p&gt;\n&lt;/div&gt;"", ""gildings"": {}, ""collapsed_reason"": null, ""distinguished"": null, ""associated_award"": null, ""stickied"": false, ""author_premium"": false, ""can_gild"": false, ""link_id"": ""t3_1h0vrhe"", ""unrepliable_reason"": null, ""author_flair_text_color"": null, ""score_hidden"": false, ""permalink"": ""/r/IndianBeautyDeals/comments/1h0vrhe/anything_worth_buying_on_myntra_now_that_their/lz7eaa1/"", ""subreddit_type"": ""public"", ""locked"": false, ""report_reasons"": null, ""created"": 1732688857.0, ""author_flair_text"": null, ""treatment_tags"": [], ""collapsed"": false, ""subreddit_name_prefixed"": ""r/IndianBeautyDeals"", ""controversiality"": 0, ""depth"": 1, ""author_flair_background_color"": null, ""collapsed_because_crowd_control"": null, ""mod_reports"": [], ""num_reports"": null, ""ups"": 1}}], ""before"": null}}, ""user_reports"": [], ""saved"": false, ""id"": ""lz7b7vz"", ""banned_at_utc"": null, ""mod_reason_title"": null, ""gilded"": 0, ""archived"": false, ""collapsed_reason_code"": null, ""no_follow"": false, ""author"": ""Fluid-Health-3754"", ""can_mod_post"": false, ""created_utc"": 1732687178.0, ""send_replies"": true, ""parent_id"": ""t3_1h0vrhe"", ""score"": 8, ""author_fullname"": ""t2_wtv9tvmfj"", ""approved_by"": null, ""mod_note"": null, ""all_awardings"": [], ""collapsed"": false, ""body"": ""BBW is on sale, esp w coupons and supercoins, u can get mists/lotions/shower gels for 500-600"", ""edited"": false, ""top_awarded_type"": null, ""author_flair_css_class"": null, ""name"": ""t1_lz7b7vz"", ""is_submitter"": false, ""downs"": 0, ""author_flair_richtext"": [], ""author_patreon_flair"": false, ""body_html"": ""&lt;div class=\""md\""&gt;&lt;p&gt;BBW is on sale, esp w coupons and supercoins, u can get mists/lotions/shower gels for 500-600&lt;/p&gt;\n&lt;/div&gt;"", ""removal_reason"": null, ""collapsed_reason"": null, ""distinguished"": null, ""associated_award"": null, ""stickied"": false, ""author_premium"": false, ""can_gild"": false, ""gildings"": {}, ""unrepliable_reason"": null, ""author_flair_text_color"": null, ""score_hidden"": false, ""permalink"": ""/r/IndianBeautyDeals/comments/1h0vrhe/anything_worth_buying_on_myntra_now_that_their/lz7b7vz/"", ""subreddit_type"": ""public"", ""locked"": false, ""report_reasons"": null, ""created"": 1732687178.0, ""author_flair_text"": null, ""treatment_tags"": [], ""link_id"": ""t3_1h0vrhe"", ""subreddit_name_prefixed"": ""r/IndianBeautyDeals"", ""controversiality"": 0, ""depth"": 0, ""author_flair_background_color"": null, ""collapsed_because_crowd_control"": null, ""mod_reports"": [], ""num_reports"": null, ""ups"": 8}}, {""kind"": ""t1"", ""data"": {""body"": ""Bath&amp;body works.. i bought shower gels at 540 ish"", ""subreddit_id"": ""t5_39dg2c"", ""approved_at_utc"": null, ""author_is_blocked"": false, ""comment_type"": null, ""awarders"": [], ""mod_reason_by"": null, ""banned_by"": null, ""author_flair_type"": ""text"", ""total_awards_received"": 0, ""subreddit"": ""IndianBeautyDeals"", ""author_flair_template_id"": null, ""likes"": null, ""replies"": {""kind"": ""Listing"", ""data"": {""after"": null, ""dist"": null, ""modhash"": ""5ic0am9ide51995e1c867c58e50024941615feebd5f8119235"", ""geo_filter"": """", ""children"": [{""kind"": ""t1"", ""data"": {""subreddit_id"": ""t5_39dg2c"", ""approved_at_utc"": null, ""author_is_blocked"": false, ""comment_type"": null, ""awarders"": [], ""mod_reason_by"": null, ""banned_by"": null, ""author_flair_type"": ""text"", ""total_awards_received"": 0, ""subreddit"": ""IndianBeautyDeals"", ""author_flair_template_id"": null, ""likes"": null, ""replies"": """", ""user_reports"": [], ""saved"": false, ""id"": ""lz77pir"", ""banned_at_utc"": null, ""mod_reason_title"": null, ""gilded"": 0, ""archived"": false, ""collapsed_reason_code"": null, ""no_follow"": true, ""author"": ""Financial_Summer5300"", ""can_mod_post"": false, ""created_utc"": 1732685363.0, ""send_replies"": true, ""parent_id"": ""t1_lz752k7"", ""score"": 3, ""author_fullname"": ""t2_aj70ibkui"", ""removal_reason"": null, ""approved_by"": null, ""mod_note"": null, ""all_awardings"": [], ""body"": ""how\ud83d\ude2d"", ""edited"": false, ""top_awarded_type"": null, ""author_flair_css_class"": null, ""name"": ""t1_lz77pir"", ""is_submitter"": false, ""downs"": 0, ""author_flair_richtext"": [], ""author_patreon_flair"": false, ""body_html"": ""&lt;div class=\""md\""&gt;&lt;p&gt;how\ud83d\ude2d&lt;/p&gt;\n&lt;/div&gt;"", ""gildings"": {}, ""collapsed_reason"": null, ""distinguished"": null, ""associated_award"": null, ""stickied"": false, ""author_premium"": false, ""can_gild"": false, ""link_id"": ""t3_1h0vrhe"", ""unrepliable_reason"": null, ""author_flair_text_color"": null, ""score_hidden"": false, ""permalink"": ""/r/IndianBeautyDeals/comments/1h0vrhe/anything_worth_buying_on_myntra_now_that_their/lz77pir/"", ""subreddit_type"": ""public"", ""locked"": false, ""report_reasons"": null, ""created"": 1732685363.0, ""author_flair_text"": null, ""treatment_tags"": [], ""collapsed"": false, ""subreddit_name_prefixed"": ""r/IndianBeautyDeals"", ""controversiality"": 0, ""depth"": 1, ""author_flair_background_color"": null, ""collapsed_because_crowd_control"": null, ""mod_reports"": [], ""num_reports"": null, ""ups"": 3}}, {""kind"": ""t1"", ""data"": {""subreddit_id"": ""t5_39dg2c"", ""approved_at_utc"": null, ""author_is_blocked"": false, ""comment_type"": null, ""awarders"": [], ""mod_reason_by"": null, ""banned_by"": null, ""author_flair_type"": ""text"", ""total_awards_received"": 0, ""subreddit"": ""IndianBeautyDeals"", ""author_flair_template_id"": null, ""likes"": null, ""replies"": """", ""user_reports"": [], ""saved"": false, ""id"": ""lz7e95c"", ""banned_at_utc"": null, ""mod_reason_title"": null, ""gilded"": 0, ""archived"": false, ""collapsed_reason_code"": null, ""no_follow"": true, ""author"": ""purplehearts_x"", ""can_mod_post"": false, ""created_utc"": 1732688840.0, ""send_replies"": true, ""parent_id"": ""t1_lz752k7"", ""score"": 2, ""author_fullname"": ""t2_ty0xqksa"", ""removal_reason"": null, ""approved_by"": null, ""mod_note"": null, ""all_awardings"": [], ""body"": ""Howwww"", ""edited"": false, ""top_awarded_type"": null, ""author_flair_css_class"": null, ""name"": ""t1_lz7e95c"", ""is_submitter"": false, ""downs"": 0, ""author_flair_richtext"": [], ""author_patreon_flair"": false, ""body_html"": ""&lt;div class=\""md\""&gt;&lt;p&gt;Howwww&lt;/p&gt;\n&lt;/div&gt;"", ""gildings"": {}, ""collapsed_reason"": null, ""distinguished"": null, ""associated_award"": null, ""stickied"": false, ""author_premium"": false, ""can_gild"": false, ""link_id"": ""t3_1h0vrhe"", ""unrepliable_reason"": null, ""author_flair_text_color"": null, ""score_hidden"": false, ""permalink"": ""/r/IndianBeautyDeals/comments/1h0vrhe/anything_worth_buying_on_myntra_now_that_their/lz7e95c/"", ""subreddit_type"": ""public"", ""locked"": false, ""report_reasons"": null, ""created"": 1732688840.0, ""author_flair_text"": null, ""treatment_tags"": [], ""collapsed"": false, ""subreddit_name_prefixed"": ""r/IndianBeautyDeals"", ""controversiality"": 0, ""depth"": 1, ""author_flair_background_color"": null, ""collapsed_because_crowd_control"": null, ""mod_reports"": [], ""num_reports"": null, ""ups"": 2}}], ""before"": null}}, ""user_reports"": [], ""saved"": false, ""id"": ""lz752k7"", ""banned_at_utc"": null, ""mod_reason_title"": null, ""gilded"": 0, ""archived"": false, ""collapsed_reason_code"": null, ""no_follow"": false, ""author"": ""SilkRumble2021"", ""can_mod_post"": false, ""created_utc"": 1732684065.0, ""send_replies"": true, ""parent_id"": ""t3_1h0vrhe"", ""score"": 14, ""author_fullname"": ""t2_dhvxrjab"", ""approved_by"": null, ""mod_note"": null, ""all_awardings"": [], ""collapsed"": false, ""author_cakeday"": true, ""edited"": false, ""top_awarded_type"": null, ""author_flair_css_class"": null, ""name"": ""t1_lz752k7"", ""is_submitter"": false, ""downs"": 0, ""author_flair_richtext"": [], ""author_patreon_flair"": false, ""body_html"": ""&lt;div class=\""md\""&gt;&lt;p&gt;Bath&amp;amp;body works.. i bought shower gels at 540 ish&lt;/p&gt;\n&lt;/div&gt;"", ""removal_reason"": null, ""collapsed_reason"": null, ""distinguished"": null, ""associated_award"": null, ""stickied"": false, ""author_premium"": false, ""can_gild"": false, ""gildings"": {}, ""unrepliable_reason"": null, ""author_flair_text_color"": null, ""score_hidden"": false, ""permalink"": ""/r/IndianBeautyDeals/comments/1h0vrhe/anything_worth_buying_on_myntra_now_that_their/lz752k7/"", ""subreddit_type"": ""public"", ""locked"": false, ""report_reasons"": null, ""created"": 1732684065.0, ""author_flair_text"": null, ""treatment_tags"": [], ""link_id"": ""t3_1h0vrhe"", ""subreddit_name_prefixed"": ""r/IndianBeautyDeals"", ""controversiality"": 0, ""depth"": 0, ""author_flair_background_color"": null, ""collapsed_because_crowd_control"": null, ""mod_reports"": [], ""num_reports"": null, ""ups"": 14}}, {""kind"": ""t1"", ""data"": {""subreddit_id"": ""t5_39dg2c"", ""approved_at_utc"": null, ""author_is_blocked"": false, ""comment_type"": null, ""awarders"": [], ""mod_reason_by"": null, ""banned_by"": null, ""author_flair_type"": ""text"", ""total_awards_received"": 0, ""subreddit"": ""IndianBeautyDeals"", ""author_flair_template_id"": null, ""likes"": null, ""replies"": {""kind"": ""Listing"", ""data"": {""after"": null, ""dist"": null, ""modhash"": ""5ic0am9ide51995e1c867c58e50024941615feebd5f8119235"", ""geo_filter"": """", ""children"": [{""kind"": ""t1"", ""data"": {""subreddit_id"": ""t5_39dg2c"", ""approved_at_utc"": null, ""author_is_blocked"": false, ""comment_type"": null, ""awarders"": [], ""mod_reason_by"": null, ""banned_by"": null, ""author_flair_type"": ""text"", ""total_awards_received"": 0, ""subreddit"": ""IndianBeautyDeals"", ""author_flair_template_id"": null, ""likes"": null, ""replies"": {""kind"": ""Listing"", ""data"": {""after"": null, ""dist"": null, ""modhash"": ""5ic0am9ide51995e1c867c58e50024941615feebd5f8119235"", ""geo_filter"": """", ""children"": [{""kind"": ""t1"", ""data"": {""total_awards_received"": 0, ""approved_at_utc"": null, ""author_is_blocked"": false, ""comment_type"": null, ""awarders"": [], ""mod_reason_by"": null, ""banned_by"": null, ""ups"": 3, ""removal_reason"": null, ""link_id"": ""t3_1h0vrhe"", ""author_flair_template_id"": null, ""likes"": null, ""replies"": """", ""user_reports"": [], ""saved"": false, ""id"": ""lz7e7jd"", ""banned_at_utc"": null, ""mod_reason_title"": null, ""gilded"": 0, ""archived"": false, ""collapsed_reason_code"": null, ""no_follow"": true, ""author"": ""[deleted]"", ""can_mod_post"": false, ""created_utc"": 1732688815.0, ""send_replies"": true, ""parent_id"": ""t1_lz794bi"", ""score"": 3, ""approved_by"": null, ""report_reasons"": null, ""all_awardings"": [], ""subreddit_id"": ""t5_39dg2c"", ""body"": ""Is bath &amp; body works gonna be on that sale too ? Wanna buy some mists"", ""edited"": false, ""author_flair_css_class"": null, ""downs"": 0, ""is_submitter"": false, ""body_html"": ""&lt;div class=\""md\""&gt;&lt;p&gt;Is bath &amp;amp; body works gonna be on that sale too ? Wanna buy some mists&lt;/p&gt;\n&lt;/div&gt;"", ""gildings"": {}, ""collapsed_reason"": null, ""associated_award"": null, ""stickied"": false, ""subreddit_type"": ""public"", ""can_gild"": false, ""top_awarded_type"": null, ""unrepliable_reason"": null, ""author_flair_text_color"": ""dark"", ""score_hidden"": false, ""permalink"": ""/r/IndianBeautyDeals/comments/1h0vrhe/anything_worth_buying_on_myntra_now_that_their/lz7e7jd/"", ""num_reports"": null, ""locked"": false, ""name"": ""t1_lz7e7jd"", ""created"": 1732688815.0, ""subreddit"": ""IndianBeautyDeals"", ""author_flair_text"": null, ""treatment_tags"": [], ""collapsed"": false, ""subreddit_name_prefixed"": ""r/IndianBeautyDeals"", ""controversiality"": 0, ""depth"": 2, ""author_flair_background_color"": """", ""collapsed_because_crowd_control"": null, ""mod_reports"": [], ""mod_note"": null, ""distinguished"": null}}, {""kind"": ""t1"", ""data"": {""subreddit_id"": ""t5_39dg2c"", ""approved_at_utc"": null, ""author_is_blocked"": false, ""comment_type"": null, ""awarders"": [], ""mod_reason_by"": null, ""banned_by"": null, ""author_flair_type"": ""text"", ""total_awards_received"": 0, ""subreddit"": ""IndianBeautyDeals"", ""author_flair_template_id"": null, ""likes"": null, ""replies"": """", ""user_reports"": [], ""saved"": false, ""id"": ""lz7op49"", ""banned_at_utc"": null, ""mod_reason_title"": null, ""gilded"": 0, ""archived"": false, ""collapsed_reason_code"": null, ""no_follow"": true, ""author"": ""Antique_Swing2072"", ""can_mod_post"": false, ""send_replies"": true, ""parent_id"": ""t1_lz794bi"", ""score"": 2, ""author_fullname"": ""t2_9rw7on7y"", ""removal_reason"": null, ""approved_by"": null, ""mod_note"": null, ""all_awardings"": [], ""body"": ""Thank you ji\ud83d\ude4f"", ""edited"": false, ""top_awarded_type"": null, ""downs"": 0, ""author_flair_css_class"": null, ""name"": ""t1_lz7op49"", ""is_submitter"": false, ""collapsed"": false, ""author_flair_richtext"": [], ""author_patreon_flair"": false, ""body_html"": ""&lt;div class=\""md\""&gt;&lt;p&gt;Thank you ji\ud83d\ude4f&lt;/p&gt;\n&lt;/div&gt;"", ""gildings"": {}, ""collapsed_reason"": null, ""distinguished"": null, ""associated_award"": null, ""stickied"": false, ""author_premium"": false, ""can_gild"": false, ""link_id"": ""t3_1h0vrhe"", ""unrepliable_reason"": null, ""author_flair_text_color"": null, ""score_hidden"": false, ""permalink"": ""/r/IndianBeautyDeals/comments/1h0vrhe/anything_worth_buying_on_myntra_now_that_their/lz7op49/"", ""subreddit_type"": ""public"", ""locked"": false, ""report_reasons"": null, ""created"": 1732695122.0, ""author_flair_text"": null, ""treatment_tags"": [], ""created_utc"": 1732695122.0, ""subreddit_name_prefixed"": ""r/IndianBeautyDeals"", ""controversiality"": 0, ""depth"": 2, ""author_flair_background_color"": null, ""collapsed_because_crowd_control"": null, ""mod_reports"": [], ""num_reports"": null, ""ups"": 2}}], ""before"": null}}, ""user_reports"": [], ""saved"": false, ""id"": ""lz794bi"", ""banned_at_utc"": null, ""mod_reason_title"": null, ""gilded"": 0, ""archived"": false, ""collapsed_reason_code"": null, ""no_follow"": false, ""author"": ""LazyPanda2211"", ""can_mod_post"": false, ""created_utc"": 1732686083.0, ""send_replies"": true, ""parent_id"": ""t1_lz75m1d"", ""score"": 6, ""author_fullname"": ""t2_v9ha5jxv"", ""removal_reason"": null, ""approved_by"": null, ""mod_note"": null, ""all_awardings"": [], ""body"": ""If possible just wait for 10 more days... It'll most likely go on discount during EORS... Then you can purchase it."", ""edited"": false, ""top_awarded_type"": null, ""author_flair_css_class"": null, ""name"": ""t1_lz794bi"", ""is_submitter"": false, ""downs"": 0, ""author_flair_richtext"": [], ""author_patreon_flair"": false, ""body_html"": ""&lt;div class=\""md\""&gt;&lt;p&gt;If possible just wait for 10 more days... It&amp;#39;ll most likely go on discount during EORS... Then you can purchase it.&lt;/p&gt;\n&lt;/div&gt;"", ""gildings"": {}, ""collapsed_reason"": null, ""distinguished"": null, ""associated_award"": null, ""stickied"": false, ""author_premium"": false, ""can_gild"": false, ""link_id"": ""t3_1h0vrhe"", ""unrepliable_reason"": null, ""author_flair_text_color"": null, ""score_hidden"": false, ""permalink"": ""/r/IndianBeautyDeals/comments/1h0vrhe/anything_worth_buying_on_myntra_now_that_their/lz794bi/"", ""subreddit_type"": ""public"", ""locked"": false, ""report_reasons"": null, ""created"": 1732686083.0, ""author_flair_text"": null, ""treatment_tags"": [], ""collapsed"": false, ""subreddit_name_prefixed"": ""r/IndianBeautyDeals"", ""controversiality"": 0, ""depth"": 1, ""author_flair_background_color"": null, ""collapsed_because_crowd_control"": null, ""mod_reports"": [], ""num_reports"": null, ""ups"": 6}}], ""before"": null}}, ""user_reports"": [], ""saved"": false, ""id"": ""lz75m1d"", ""banned_at_utc"": null, ""mod_reason_title"": null, ""gilded"": 0, ""archived"": false, ""collapsed_reason_code"": null, ""no_follow"": false, ""author"": ""Antique_Swing2072"", ""can_mod_post"": false, ""created_utc"": 1732684326.0, ""send_replies"": true, ""parent_id"": ""t3_1h0vrhe"", ""score"": 15, ""author_fullname"": ""t2_9rw7on7y"", ""approved_by"": null, ""mod_note"": null, ""all_awardings"": [], ""collapsed"": false, ""body"": ""item in my wishlist actually got expensive\ud83d\ude2d\ud83d\ude2d\ud83d\ude2d\ni wanted to gift it to my gf"", ""edited"": false, ""top_awarded_type"": null, ""author_flair_css_class"": null, ""name"": ""t1_lz75m1d"", ""is_submitter"": false, ""downs"": 0, ""author_flair_richtext"": [], ""author_patreon_flair"": false, ""body_html"": ""&lt;div class=\""md\""&gt;&lt;p&gt;item in my wishlist actually got expensive\ud83d\ude2d\ud83d\ude2d\ud83d\ude2d\ni wanted to gift it to my gf&lt;/p&gt;\n&lt;/div&gt;"", ""removal_reason"": null, ""collapsed_reason"": null, ""distinguished"": null, ""associated_award"": null, ""stickied"": false, ""author_premium"": false, ""can_gild"": false, ""gildings"": {}, ""unrepliable_reason"": null, ""author_flair_text_color"": null, ""score_hidden"": false, ""permalink"": ""/r/IndianBeautyDeals/comments/1h0vrhe/anything_worth_buying_on_myntra_now_that_their/lz75m1d/"", ""subreddit_type"": ""public"", ""locked"": false, ""report_reasons"": null, ""created"": 1732684326.0, ""author_flair_text"": null, ""treatment_tags"": [], ""link_id"": ""t3_1h0vrhe"", ""subreddit_name_prefixed"": ""r/IndianBeautyDeals"", ""controversiality"": 0, ""depth"": 0, ""author_flair_background_color"": null, ""collapsed_because_crowd_control"": null, ""mod_reports"": [], ""num_reports"": null, ""ups"": 15}}, {""kind"": ""t1"", ""data"": {""subreddit_id"": ""t5_39dg2c"", ""approved_at_utc"": null, ""author_is_blocked"": false, ""comment_type"": null, ""awarders"": [], ""mod_reason_by"": null, ""banned_by"": null, ""author_flair_type"": ""text"", ""total_awards_received"": 0, ""subreddit"": ""IndianBeautyDeals"", ""author_flair_template_id"": null, ""likes"": null, ""replies"": {""kind"": ""Listing"", ""data"": {""after"": null, ""dist"": null, ""modhash"": ""5ic0am9ide51995e1c867c58e50024941615feebd5f8119235"", ""geo_filter"": """", ""children"": [{""kind"": ""t1"", ""data"": {""subreddit_id"": ""t5_39dg2c"", ""approved_at_utc"": null, ""author_is_blocked"": false, ""comment_type"": null, ""awarders"": [], ""mod_reason_by"": null, ""banned_by"": null, ""author_flair_type"": ""text"", ""total_awards_received"": 0, ""subreddit"": ""IndianBeautyDeals"", ""author_flair_template_id"": null, ""likes"": null, ""replies"": """", ""user_reports"": [], ""saved"": false, ""id"": ""lz82olw"", ""banned_at_utc"": null, ""mod_reason_title"": null, ""gilded"": 0, ""archived"": false, ""collapsed_reason_code"": null, ""no_follow"": true, ""author"": ""Happiegeek"", ""can_mod_post"": false, ""created_utc"": 1732704348.0, ""send_replies"": true, ""parent_id"": ""t1_lz6zpgt"", ""score"": 1, ""author_fullname"": ""t2_e8lv4m5f"", ""removal_reason"": null, ""approved_by"": null, ""mod_note"": null, ""all_awardings"": [], ""body"": ""How is the quality?"", ""edited"": false, ""top_awarded_type"": null, ""author_flair_css_class"": null, ""name"": ""t1_lz82olw"", ""is_submitter"": false, ""downs"": 0, ""author_flair_richtext"": [], ""author_patreon_flair"": false, ""body_html"": ""&lt;div class=\""md\""&gt;&lt;p&gt;How is the quality?&lt;/p&gt;\n&lt;/div&gt;"", ""gildings"": {}, ""collapsed_reason"": null, ""distinguished"": null, ""associated_award"": null, ""stickied"": false, ""author_premium"": false, ""can_gild"": false, ""link_id"": ""t3_1h0vrhe"", ""unrepliable_reason"": null, ""author_flair_text_color"": null, ""score_hidden"": false, ""permalink"": ""/r/IndianBeautyDeals/comments/1h0vrhe/anything_worth_buying_on_myntra_now_that_their/lz82olw/"", ""subreddit_type"": ""public"", ""locked"": false, ""report_reasons"": null, ""created"": 1732704348.0, ""author_flair_text"": null, ""treatment_tags"": [], ""collapsed"": false, ""subreddit_name_prefixed"": ""r/IndianBeautyDeals"", ""controversiality"": 0, ""depth"": 1, ""author_flair_background_color"": null, ""collapsed_because_crowd_control"": null, ""mod_reports"": [], ""num_reports"": null, ""ups"": 1}}], ""before"": null}}, ""user_reports"": [], ""saved"": false, ""id"": ""lz6zpgt"", ""banned_at_utc"": null, ""mod_reason_title"": null, ""gilded"": 0, ""archived"": false, ""collapsed_reason_code"": null, ""no_follow"": false, ""author"": ""Suspicious-Coyote540"", ""can_mod_post"": false, ""created_utc"": 1732681611.0, ""send_replies"": true, ""parent_id"": ""t3_1h0vrhe"", ""score"": 6, ""author_fullname"": ""t2_uh1568cox"", ""approved_by"": null, ""mod_note"": null, ""all_awardings"": [], ""collapsed"": false, ""body"": ""You can check zink london website amazing sale is going on under 399"", ""edited"": false, ""top_awarded_type"": null, ""author_flair_css_class"": null, ""name"": ""t1_lz6zpgt"", ""is_submitter"": false, ""downs"": 0, ""author_flair_richtext"": [], ""author_patreon_flair"": false, ""body_html"": ""&lt;div class=\""md\""&gt;&lt;p&gt;You can check zink london website amazing sale is going on under 399&lt;/p&gt;\n&lt;/div&gt;"", ""removal_reason"": null, ""collapsed_reason"": null, ""distinguished"": null, ""associated_award"": null, ""stickied"": false, ""author_premium"": false, ""can_gild"": false, ""gildings"": {}, ""unrepliable_reason"": null, ""author_flair_text_color"": null, ""score_hidden"": false, ""permalink"": ""/r/IndianBeautyDeals/comments/1h0vrhe/anything_worth_buying_on_myntra_now_that_their/lz6zpgt/"", ""subreddit_type"": ""public"", ""locked"": false, ""report_reasons"": null, ""created"": 1732681611.0, ""author_flair_text"": null, ""treatment_tags"": [], ""link_id"": ""t3_1h0vrhe"", ""subreddit_name_prefixed"": ""r/IndianBeautyDeals"", ""controversiality"": 0, ""depth"": 0, ""author_flair_background_color"": null, ""collapsed_because_crowd_control"": null, ""mod_reports"": [], ""num_reports"": null, ""ups"": 6}}, {""kind"": ""t1"", ""data"": {""subreddit_id"": ""t5_39dg2c"", ""approved_at_utc"": null, ""author_is_blocked"": false, ""comment_type"": null, ""awarders"": [], ""mod_reason_by"": null, ""banned_by"": null, ""author_flair_type"": ""text"", ""total_awards_received"": 0, ""subreddit"": ""IndianBeautyDeals"", ""author_flair_template_id"": null, ""likes"": null, ""replies"": {""kind"": ""Listing"", ""data"": {""after"": null, ""dist"": null, ""modhash"": ""5ic0am9ide51995e1c867c58e50024941615feebd5f8119235"", ""geo_filter"": """", ""children"": [{""kind"": ""t1"", ""data"": {""subreddit_id"": ""t5_39dg2c"", ""approved_at_utc"": null, ""author_is_blocked"": false, ""comment_type"": null, ""awarders"": [], ""mod_reason_by"": null, ""banned_by"": null, ""author_flair_type"": ""text"", ""total_awards_received"": 0, ""subreddit"": ""IndianBeautyDeals"", ""author_flair_template_id"": null, ""likes"": null, ""replies"": {""kind"": ""Listing"", ""data"": {""after"": null, ""dist"": null, ""modhash"": ""5ic0am9ide51995e1c867c58e50024941615feebd5f8119235"", ""geo_filter"": """", ""children"": [{""kind"": ""t1"", ""data"": {""total_awards_received"": 0, ""approved_at_utc"": null, ""author_is_blocked"": false, ""comment_type"": null, ""awarders"": [], ""mod_reason_by"": null, ""banned_by"": null, ""ups"": 1, ""removal_reason"": null, ""link_id"": ""t3_1h0vrhe"", ""author_flair_template_id"": null, ""likes"": null, ""replies"": {""kind"": ""Listing"", ""data"": {""after"": null, ""dist"": null, ""modhash"": ""5ic0am9ide51995e1c867c58e50024941615feebd5f8119235"", ""geo_filter"": """", ""children"": [{""kind"": ""t1"", ""data"": {""subreddit_id"": ""t5_39dg2c"", ""approved_at_utc"": null, ""author_is_blocked"": false, ""comment_type"": null, ""awarders"": [], ""mod_reason_by"": null, ""banned_by"": null, ""author_flair_type"": ""text"", ""total_awards_received"": 0, ""subreddit"": ""IndianBeautyDeals"", ""author_flair_template_id"": null, ""likes"": null, ""replies"": {""kind"": ""Listing"", ""data"": {""after"": null, ""dist"": null, ""modhash"": ""5ic0am9ide51995e1c867c58e50024941615feebd5f8119235"", ""geo_filter"": """", ""children"": [{""kind"": ""t1"", ""data"": {""total_awards_received"": 0, ""approved_at_utc"": null, ""author_is_blocked"": false, ""comment_type"": null, ""awarders"": [], ""mod_reason_by"": null, ""banned_by"": null, ""ups"": 2, ""removal_reason"": null, ""link_id"": ""t3_1h0vrhe"", ""author_flair_template_id"": null, ""likes"": null, ""replies"": {""kind"": ""Listing"", ""data"": {""after"": null, ""dist"": null, ""modhash"": ""5ic0am9ide51995e1c867c58e50024941615feebd5f8119235"", ""geo_filter"": """", ""children"": [{""kind"": ""t1"", ""data"": {""subreddit_id"": ""t5_39dg2c"", ""approved_at_utc"": null, ""author_is_blocked"": false, ""comment_type"": null, ""awarders"": [], ""mod_reason_by"": null, ""banned_by"": null, ""author_flair_type"": ""text"", ""total_awards_received"": 0, ""subreddit"": ""IndianBeautyDeals"", ""author_flair_template_id"": null, ""distinguished"": null, ""likes"": null, ""replies"": """", ""user_reports"": [], ""saved"": false, ""id"": ""lz7h00m"", ""banned_at_utc"": null, ""mod_reason_title"": null, ""gilded"": 0, ""archived"": false, ""collapsed_reason_code"": null, ""no_follow"": true, ""author"": ""LlamaSidekick"", ""can_mod_post"": false, ""send_replies"": true, ""parent_id"": ""t1_lz7f428"", ""score"": 2, ""author_fullname"": ""t2_iojkm6816"", ""approved_by"": null, ""mod_note"": null, ""all_awardings"": [], ""body"": ""Semi Annual sales happen twice a year- I believe in June and December. Mostly the end of those months.\n\nCandle day (in the US) happens sometime on the 1st or 2nd week of December but no idea if it'll happen in India:(\n\nAnd this Friday (29th Nov) is Black Friday in the US so I'm hoping there is a sale in India as well."", ""edited"": false, ""gildings"": {}, ""downs"": 0, ""author_flair_css_class"": null, ""name"": ""t1_lz7h00m"", ""is_submitter"": false, ""collapsed"": false, ""author_flair_richtext"": [], ""author_patreon_flair"": false, ""body_html"": ""&lt;div class=\""md\""&gt;&lt;p&gt;Semi Annual sales happen twice a year- I believe in June and December. Mostly the end of those months.&lt;/p&gt;\n\n&lt;p&gt;Candle day (in the US) happens sometime on the 1st or 2nd week of December but no idea if it&amp;#39;ll happen in India:(&lt;/p&gt;\n\n&lt;p&gt;And this Friday (29th Nov) is Black Friday in the US so I&amp;#39;m hoping there is a sale in India as well.&lt;/p&gt;\n&lt;/div&gt;"", ""removal_reason"": null, ""collapsed_reason"": null, ""link_id"": ""t3_1h0vrhe"", ""associated_award"": null, ""stickied"": false, ""author_premium"": false, ""can_gild"": false, ""top_awarded_type"": null, ""unrepliable_reason"": null, ""author_flair_text_color"": null, ""score_hidden"": false, ""permalink"": ""/r/IndianBeautyDeals/comments/1h0vrhe/anything_worth_buying_on_myntra_now_that_their/lz7h00m/"", ""subreddit_type"": ""public"", ""locked"": false, ""report_reasons"": null, ""created"": 1732690393.0, ""author_flair_text"": null, ""treatment_tags"": [], ""created_utc"": 1732690393.0, ""subreddit_name_prefixed"": ""r/IndianBeautyDeals"", ""controversiality"": 0, ""depth"": 5, ""author_flair_background_color"": null, ""collapsed_because_crowd_control"": null, ""mod_reports"": [], ""num_reports"": null, ""ups"": 2}}], ""before"": null}}, ""user_reports"": [], ""saved"": false, ""id"": ""lz7f428"", ""banned_at_utc"": null, ""mod_reason_title"": null, ""gilded"": 0, ""archived"": false, ""collapsed_reason_code"": null, ""no_follow"": true, ""author"": ""[deleted]"", ""can_mod_post"": false, ""send_replies"": true, ""parent_id"": ""t1_lz7dxso"", ""score"": 2, ""approved_by"": null, ""report_reasons"": null, ""all_awardings"": [], ""subreddit_id"": ""t5_39dg2c"", ""body"": ""got it! any clue when that's coming?"", ""edited"": false, ""author_flair_css_class"": null, ""collapsed"": false, ""downs"": 0, ""is_submitter"": false, ""body_html"": ""&lt;div class=\""md\""&gt;&lt;p&gt;got it! any clue when that&amp;#39;s coming?&lt;/p&gt;\n&lt;/div&gt;"", ""gildings"": {}, ""collapsed_reason"": null, ""associated_award"": null, ""stickied"": false, ""subreddit_type"": ""public"", ""can_gild"": false, ""top_awarded_type"": null, ""unrepliable_reason"": null, ""author_flair_text_color"": ""dark"", ""score_hidden"": false, ""permalink"": ""/r/IndianBeautyDeals/comments/1h0vrhe/anything_worth_buying_on_myntra_now_that_their/lz7f428/"", ""num_reports"": null, ""locked"": false, ""name"": ""t1_lz7f428"", ""created"": 1732689323.0, ""subreddit"": ""IndianBeautyDeals"", ""author_flair_text"": null, ""treatment_tags"": [], ""created_utc"": 1732689323.0, ""subreddit_name_prefixed"": ""r/IndianBeautyDeals"", ""controversiality"": 0, ""depth"": 4, ""author_flair_background_color"": """", ""collapsed_because_crowd_control"": null, ""mod_reports"": [], ""mod_note"": null, ""distinguished"": null}}], ""before"": null}}, ""user_reports"": [], ""saved"": false, ""id"": ""lz7dxso"", ""banned_at_utc"": null, ""mod_reason_title"": null, ""gilded"": 0, ""archived"": false, ""collapsed_reason_code"": null, ""no_follow"": false, ""author"": ""LlamaSidekick"", ""can_mod_post"": false, ""send_replies"": true, ""parent_id"": ""t1_lz7buj0"", ""score"": 6, ""author_fullname"": ""t2_iojkm6816"", ""removal_reason"": null, ""approved_by"": null, ""mod_note"": null, ""all_awardings"": [], ""collapsed"": false, ""body"": ""Not for me. B1G1 is essentially 50% off and we'd get about 60-70% off during Semi Annual sale."", ""edited"": false, ""top_awarded_type"": null, ""author_flair_css_class"": null, ""name"": ""t1_lz7dxso"", ""is_submitter"": false, ""downs"": 0, ""author_flair_richtext"": [], ""author_patreon_flair"": false, ""body_html"": ""&lt;div class=\""md\""&gt;&lt;p&gt;Not for me. B1G1 is essentially 50% off and we&amp;#39;d get about 60-70% off during Semi Annual sale.&lt;/p&gt;\n&lt;/div&gt;"", ""gildings"": {}, ""collapsed_reason"": null, ""distinguished"": null, ""associated_award"": null, ""stickied"": false, ""author_premium"": false, ""can_gild"": false, ""link_id"": ""t3_1h0vrhe"", ""unrepliable_reason"": null, ""author_flair_text_color"": null, ""score_hidden"": false, ""permalink"": ""/r/IndianBeautyDeals/comments/1h0vrhe/anything_worth_buying_on_myntra_now_that_their/lz7dxso/"", ""subreddit_type"": ""public"", ""locked"": false, ""report_reasons"": null, ""created"": 1732688665.0, ""author_flair_text"": null, ""treatment_tags"": [], ""created_utc"": 1732688665.0, ""subreddit_name_prefixed"": ""r/IndianBeautyDeals"", ""controversiality"": 0, ""depth"": 3, ""author_flair_background_color"": null, ""collapsed_because_crowd_control"": null, ""mod_reports"": [], ""num_reports"": null, ""ups"": 6}}, {""kind"": ""t1"", ""data"": {""subreddit_id"": ""t5_39dg2c"", ""approved_at_utc"": null, ""author_is_blocked"": false, ""comment_type"": null, ""awarders"": [], ""mod_reason_by"": null, ""banned_by"": null, ""author_flair_type"": ""text"", ""total_awards_received"": 0, ""subreddit"": ""IndianBeautyDeals"", ""author_flair_template_id"": null, ""likes"": null, ""replies"": """", ""user_reports"": [], ""saved"": false, ""id"": ""lz7i22u"", ""banned_at_utc"": null, ""mod_reason_title"": null, ""gilded"": 0, ""archived"": false, ""collapsed_reason_code"": null, ""no_follow"": true, ""author"": ""AdventurousMusician6"", ""can_mod_post"": false, ""send_replies"": true, ""parent_id"": ""t1_lz7buj0"", ""score"": 2, ""author_fullname"": ""t2_44wgfwli"", ""removal_reason"": null, ""approved_by"": null, ""mod_note"": null, ""all_awardings"": [], ""collapsed"": false, ""body"": ""It should be around 700-800 to be considered a good deal. Some candles are priced at 500/- on myntra during the sales."", ""edited"": false, ""top_awarded_type"": null, ""author_flair_css_class"": null, ""name"": ""t1_lz7i22u"", ""is_submitter"": false, ""downs"": 0, ""author_flair_richtext"": [], ""author_patreon_flair"": false, ""body_html"": ""&lt;div class=\""md\""&gt;&lt;p&gt;It should be around 700-800 to be considered a good deal. Some candles are priced at 500/- on myntra during the sales.&lt;/p&gt;\n&lt;/div&gt;"", ""gildings"": {}, ""collapsed_reason"": null, ""distinguished"": null, ""associated_award"": null, ""stickied"": false, ""author_premium"": false, ""can_gild"": false, ""link_id"": ""t3_1h0vrhe"", ""unrepliable_reason"": null, ""author_flair_text_color"": null, ""score_hidden"": false, ""permalink"": ""/r/IndianBeautyDeals/comments/1h0vrhe/anything_worth_buying_on_myntra_now_that_their/lz7i22u/"", ""subreddit_type"": ""public"", ""locked"": false, ""report_reasons"": null, ""created"": 1732691017.0, ""author_flair_text"": null, ""treatment_tags"": [], ""created_utc"": 1732691017.0, ""subreddit_name_prefixed"": ""r/IndianBeautyDeals"", ""controversiality"": 0, ""depth"": 3, ""author_flair_background_color"": null, ""collapsed_because_crowd_control"": null, ""mod_reports"": [], ""num_reports"": null, ""ups"": 2}}], ""before"": null}}, ""user_reports"": [], ""saved"": false, ""id"": ""lz7buj0"", ""banned_at_utc"": null, ""mod_reason_title"": null, ""gilded"": 0, ""archived"": false, ""collapsed_reason_code"": null, ""no_follow"": true, ""author"": ""[deleted]"", ""can_mod_post"": false, ""created_utc"": 1732687514.0, ""send_replies"": true, ""parent_id"": ""t1_lz78vhe"", ""score"": 1, ""approved_by"": null, ""report_reasons"": null, ""all_awardings"": [], ""subreddit_id"": ""t5_39dg2c"", ""body"": ""is b1g1 a good deal on 3 wick candles?"", ""edited"": false, ""author_flair_css_class"": null, ""downs"": 0, ""is_submitter"": false, ""body_html"": ""&lt;div class=\""md\""&gt;&lt;p&gt;is b1g1 a good deal on 3 wick candles?&lt;/p&gt;\n&lt;/div&gt;"", ""gildings"": {}, ""collapsed_reason"": null, ""associated_award"": null, ""stickied"": false, ""subreddit_type"": ""public"", ""can_gild"": false, ""top_awarded_type"": null, ""unrepliable_reason"": null, ""author_flair_text_color"": ""dark"", ""score_hidden"": false, ""permalink"": ""/r/IndianBeautyDeals/comments/1h0vrhe/anything_worth_buying_on_myntra_now_that_their/lz7buj0/"", ""num_reports"": null, ""locked"": false, ""name"": ""t1_lz7buj0"", ""created"": 1732687514.0, ""subreddit"": ""IndianBeautyDeals"", ""author_flair_text"": null, ""treatment_tags"": [], ""collapsed"": false, ""subreddit_name_prefixed"": ""r/IndianBeautyDeals"", ""controversiality"": 0, ""depth"": 2, ""author_flair_background_color"": """", ""collapsed_because_crowd_control"": null, ""mod_reports"": [], ""mod_note"": null, ""distinguished"": null}}], ""before"": null}}, ""user_reports"": [], ""saved"": false, ""id"": ""lz78vhe"", ""banned_at_utc"": null, ""mod_reason_title"": null, ""gilded"": 0, ""archived"": false, ""collapsed_reason_code"": null, ""no_follow"": false, ""author"": ""LlamaSidekick"", ""can_mod_post"": false, ""created_utc"": 1732685959.0, ""send_replies"": true, ""parent_id"": ""t1_lz78gj6"", ""score"": 5, ""author_fullname"": ""t2_iojkm6816"", ""removal_reason"": null, ""approved_by"": null, ""mod_note"": null, ""all_awardings"": [], ""body"": ""Same! I'm hoping there's a candle day sale on the BBW website and very much looking forward to their Semi-Annual sale. At that time, prices are good on Myntra too!"", ""edited"": false, ""top_awarded_type"": null, ""author_flair_css_class"": null, ""name"": ""t1_lz78vhe"", ""is_submitter"": false, ""downs"": 0, ""author_flair_richtext"": [], ""author_patreon_flair"": false, ""body_html"": ""&lt;div class=\""md\""&gt;&lt;p&gt;Same! I&amp;#39;m hoping there&amp;#39;s a candle day sale on the BBW website and very much looking forward to their Semi-Annual sale. At that time, prices are good on Myntra too!&lt;/p&gt;\n&lt;/div&gt;"", ""gildings"": {}, ""collapsed_reason"": null, ""distinguished"": null, ""associated_award"": null, ""stickied"": false, ""author_premium"": false, ""can_gild"": false, ""link_id"": ""t3_1h0vrhe"", ""unrepliable_reason"": null, ""author_flair_text_color"": null, ""score_hidden"": false, ""permalink"": ""/r/IndianBeautyDeals/comments/1h0vrhe/anything_worth_buying_on_myntra_now_that_their/lz78vhe/"", ""subreddit_type"": ""public"", ""locked"": false, ""report_reasons"": null, ""created"": 1732685959.0, ""author_flair_text"": null, ""treatment_tags"": [], ""collapsed"": false, ""subreddit_name_prefixed"": ""r/IndianBeautyDeals"", ""controversiality"": 0, ""depth"": 1, ""author_flair_background_color"": null, ""collapsed_because_crowd_control"": null, ""mod_reports"": [], ""num_reports"": null, ""ups"": 5}}, {""kind"": ""t1"", ""data"": {""subreddit_id"": ""t5_39dg2c"", ""approved_at_utc"": null, ""author_is_blocked"": false, ""comment_type"": null, ""awarders"": [], ""mod_reason_by"": null, ""banned_by"": null, ""author_flair_type"": ""text"", ""total_awards_received"": 0, ""subreddit"": ""IndianBeautyDeals"", ""author_flair_template_id"": null, ""likes"": null, ""replies"": """", ""user_reports"": [], ""saved"": false, ""id"": ""lz79tij"", ""banned_at_utc"": null, ""mod_reason_title"": null, ""gilded"": 0, ""archived"": false, ""collapsed_reason_code"": null, ""no_follow"": true, ""author"": ""Fine-Okra11"", ""can_mod_post"": false, ""created_utc"": 1732686440.0, ""send_replies"": true, ""parent_id"": ""t1_lz78gj6"", ""score"": 1, ""author_fullname"": ""t2_u91ag3b0"", ""removal_reason"": null, ""approved_by"": null, ""mod_note"": null, ""all_awardings"": [], ""body"": ""Wait for candle day sales!"", ""edited"": false, ""top_awarded_type"": null, ""author_flair_css_class"": null, ""name"": ""t1_lz79tij"", ""is_submitter"": false, ""downs"": 0, ""author_flair_richtext"": [], ""author_patreon_flair"": false, ""body_html"": ""&lt;div class=\""md\""&gt;&lt;p&gt;Wait for candle day sales!&lt;/p&gt;\n&lt;/div&gt;"", ""gildings"": {}, ""collapsed_reason"": null, ""distinguished"": null, ""associated_award"": null, ""stickied"": false, ""author_premium"": false, ""can_gild"": false, ""link_id"": ""t3_1h0vrhe"", ""unrepliable_reason"": null, ""author_flair_text_color"": null, ""score_hidden"": false, ""permalink"": ""/r/IndianBeautyDeals/comments/1h0vrhe/anything_worth_buying_on_myntra_now_that_their/lz79tij/"", ""subreddit_type"": ""public"", ""locked"": false, ""report_reasons"": null, ""created"": 1732686440.0, ""author_flair_text"": null, ""treatment_tags"": [], ""collapsed"": false, ""subreddit_name_prefixed"": ""r/IndianBeautyDeals"", ""controversiality"": 0, ""depth"": 1, ""author_flair_background_color"": null, ""collapsed_because_crowd_control"": null, ""mod_reports"": [], ""num_reports"": null, ""ups"": 1}}, {""kind"": ""t1"", ""data"": {""subreddit_id"": ""t5_39dg2c"", ""approved_at_utc"": null, ""author_is_blocked"": false, ""comment_type"": null, ""awarders"": [], ""mod_reason_by"": null, ""banned_by"": null, ""author_flair_type"": ""text"", ""total_awards_received"": 0, ""subreddit"": ""IndianBeautyDeals"", ""author_flair_template_id"": null, ""likes"": null, ""replies"": {""kind"": ""Listing"", ""data"": {""after"": null, ""dist"": null, ""modhash"": ""5ic0am9ide51995e1c867c58e50024941615feebd5f8119235"", ""geo_filter"": """", ""children"": [{""kind"": ""t1"", ""data"": {""subreddit_id"": ""t5_39dg2c"", ""approved_at_utc"": null, ""author_is_blocked"": false, ""comment_type"": null, ""awarders"": [], ""mod_reason_by"": null, ""banned_by"": null, ""author_flair_type"": ""text"", ""total_awards_received"": 0, ""subreddit"": ""IndianBeautyDeals"", ""author_flair_template_id"": null, ""likes"": null, ""replies"": {""kind"": ""Listing"", ""data"": {""after"": null, ""dist"": null, ""modhash"": ""5ic0am9ide51995e1c867c58e50024941615feebd5f8119235"", ""geo_filter"": """", ""children"": [{""kind"": ""t1"", ""data"": {""subreddit_id"": ""t5_39dg2c"", ""approved_at_utc"": null, ""author_is_blocked"": false, ""comment_type"": null, ""awarders"": [], ""mod_reason_by"": null, ""banned_by"": null, ""author_flair_type"": ""text"", ""total_awards_received"": 0, ""subreddit"": ""IndianBeautyDeals"", ""author_flair_template_id"": null, ""likes"": null, ""replies"": """", ""user_reports"": [], ""saved"": false, ""id"": ""lz8v43w"", ""banned_at_utc"": null, ""mod_reason_title"": null, ""gilded"": 0, ""archived"": false, ""collapsed_reason_code"": null, ""no_follow"": true, ""author"": ""brook0810"", ""can_mod_post"": false, ""send_replies"": true, ""parent_id"": ""t1_lz8mene"", ""score"": 1, ""author_fullname"": ""t2_5iouv41mg"", ""removal_reason"": null, ""approved_by"": null, ""mod_note"": null, ""all_awardings"": [], ""collapsed"": false, ""body"": ""Yup! I recently bought a few candles as the winters are approaching and for gifting purposes too. I bought them from Alviya\u2019s apothecary, they\u2019re on Instagram. And trust me I\u2019m just feeling so much fomo as to why didn\u2019t I find her earlier!! They\u2019re soy wax candles and the scents are too good\ud83e\udd0c\ud83e\udd0c"", ""edited"": false, ""top_awarded_type"": null, ""author_flair_css_class"": null, ""name"": ""t1_lz8v43w"", ""is_submitter"": false, ""downs"": 0, ""author_flair_richtext"": [], ""author_patreon_flair"": false, ""body_html"": ""&lt;div class=\""md\""&gt;&lt;p&gt;Yup! I recently bought a few candles as the winters are approaching and for gifting purposes too. I bought them from Alviya\u2019s apothecary, they\u2019re on Instagram. And trust me I\u2019m just feeling so much fomo as to why didn\u2019t I find her earlier!! They\u2019re soy wax candles and the scents are too good\ud83e\udd0c\ud83e\udd0c&lt;/p&gt;\n&lt;/div&gt;"", ""gildings"": {}, ""collapsed_reason"": null, ""distinguished"": null, ""associated_award"": null, ""stickied"": false, ""author_premium"": false, ""can_gild"": false, ""link_id"": ""t3_1h0vrhe"", ""unrepliable_reason"": null, ""author_flair_text_color"": null, ""score_hidden"": false, ""permalink"": ""/r/IndianBeautyDeals/comments/1h0vrhe/anything_worth_buying_on_myntra_now_that_their/lz8v43w/"", ""subreddit_type"": ""public"", ""locked"": false, ""report_reasons"": null, ""created"": 1732717607.0, ""author_flair_text"": null, ""treatment_tags"": [], ""created_utc"": 1732717607.0, ""subreddit_name_prefixed"": ""r/IndianBeautyDeals"", ""controversiality"": 0, ""depth"": 3, ""author_flair_background_color"": null, ""collapsed_because_crowd_control"": null, ""mod_reports"": [], ""num_reports"": null, ""ups"": 1}}], ""before"": null}}, ""user_reports"": [], ""saved"": false, ""id"": ""lz8mene"", ""banned_at_utc"": null, ""mod_reason_title"": null, ""gilded"": 0, ""archived"": false, ""collapsed_reason_code"": null, ""no_follow"": true, ""author"": ""AdventurousMusician6"", ""can_mod_post"": false, ""send_replies"": true, ""parent_id"": ""t1_lz8lhrf"", ""score"": 1, ""author_fullname"": ""t2_44wgfwli"", ""removal_reason"": null, ""approved_by"": null, ""mod_note"": null, ""all_awardings"": [], ""body"": ""Yep! I have forgotten about this case. Thanks for reminding. Can you suggest any better alternatives?"", ""edited"": false, ""top_awarded_type"": null, ""downs"": 0, ""author_flair_css_class"": null, ""name"": ""t1_lz8mene"", ""is_submitter"": false, ""collapsed"": false, ""author_flair_richtext"": [], ""author_patreon_flair"": false, ""body_html"": ""&lt;div class=\""md\""&gt;&lt;p&gt;Yep! I have forgotten about this case. Thanks for reminding. Can you suggest any better alternatives?&lt;/p&gt;\n&lt;/div&gt;"", ""gildings"": {}, ""collapsed_reason"": null, ""distinguished"": null, ""associated_award"": null, ""stickied"": false, ""author_premium"": false, ""can_gild"": false, ""link_id"": ""t3_1h0vrhe"", ""unrepliable_reason"": null, ""author_flair_text_color"": null, ""score_hidden"": false, ""permalink"": ""/r/IndianBeautyDeals/comments/1h0vrhe/anything_worth_buying_on_myntra_now_that_their/lz8mene/"", ""subreddit_type"": ""public"", ""locked"": false, ""report_reasons"": null, ""created"": 1732714310.0, ""author_flair_text"": null, ""treatment_tags"": [], ""created_utc"": 1732714310.0, ""subreddit_name_prefixed"": ""r/IndianBeautyDeals"", ""controversiality"": 0, ""depth"": 2, ""author_flair_background_color"": null, ""collapsed_because_crowd_control"": null, ""mod_reports"": [], ""num_reports"": null, ""ups"": 1}}], ""before"": null}}, ""user_reports"": [], ""saved"": false, ""id"": ""lz8lhrf"", ""banned_at_utc"": null, ""mod_reason_title"": null, ""gilded"": 0, ""archived"": false, ""collapsed_reason_code"": null, ""no_follow"": true, ""author"": ""brook0810"", ""can_mod_post"": false, ""created_utc"": 1732713949.0, ""send_replies"": true, ""parent_id"": ""t1_lz78gj6"", ""score"": 1, ""author_fullname"": ""t2_5iouv41mg"", ""removal_reason"": null, ""approved_by"": null, ""mod_note"": null, ""all_awardings"": [], ""body"": ""Hello! This is totally unrelated but since I\u2019m an individual who loveees candles but is wary of problematic candles I highly do not recommend BBW candles. They contain paraffin wax which is really toxic and produce carcinogens. So a heads up!"", ""edited"": false, ""top_awarded_type"": null, ""author_flair_css_class"": null, ""name"": ""t1_lz8lhrf"", ""is_submitter"": false, ""downs"": 0, ""author_flair_richtext"": [], ""author_patreon_flair"": false, ""body_html"": ""&lt;div class=\""md\""&gt;&lt;p&gt;Hello! This is totally unrelated but since I\u2019m an individual who loveees candles but is wary of problematic candles I highly do not recommend BBW candles. They contain paraffin wax which is really toxic and produce carcinogens. So a heads up!&lt;/p&gt;\n&lt;/div&gt;"", ""gildings"": {}, ""collapsed_reason"": null, ""distinguished"": null, ""associated_award"": null, ""stickied"": false, ""author_premium"": false, ""can_gild"": false, ""link_id"": ""t3_1h0vrhe"", ""unrepliable_reason"": null, ""author_flair_text_color"": null, ""score_hidden"": false, ""permalink"": ""/r/IndianBeautyDeals/comments/1h0vrhe/anything_worth_buying_on_myntra_now_that_their/lz8lhrf/"", ""subreddit_type"": ""public"", ""locked"": false, ""report_reasons"": null, ""created"": 1732713949.0, ""author_flair_text"": null, ""treatment_tags"": [], ""collapsed"": false, ""subreddit_name_prefixed"": ""r/IndianBeautyDeals"", ""controversiality"": 0, ""depth"": 1, ""author_flair_background_color"": null, ""collapsed_because_crowd_control"": null, ""mod_reports"": [], ""num_reports"": null, ""ups"": 1}}], ""before"": null}}, ""user_reports"": [], ""saved"": false, ""id"": ""lz78gj6"", ""banned_at_utc"": null, ""mod_reason_title"": null, ""gilded"": 0, ""archived"": false, ""collapsed_reason_code"": null, ""no_follow"": false, ""author"": ""AdventurousMusician6"", ""can_mod_post"": false, ""created_utc"": 1732685747.0, ""send_replies"": true, ""parent_id"": ""t3_1h0vrhe"", ""score"": 10, ""author_fullname"": ""t2_44wgfwli"", ""approved_by"": null, ""mod_note"": null, ""all_awardings"": [], ""collapsed"": false, ""body"": ""I need BBW candles\ud83e\udd1e"", ""edited"": false, ""top_awarded_type"": null, ""author_flair_css_class"": null, ""name"": ""t1_lz78gj6"", ""is_submitter"": false, ""downs"": 0, ""author_flair_richtext"": [], ""author_patreon_flair"": false, ""body_html"": ""&lt;div class=\""md\""&gt;&lt;p&gt;I need BBW candles\ud83e\udd1e&lt;/p&gt;\n&lt;/div&gt;"", ""removal_reason"": null, ""collapsed_reason"": null, ""distinguished"": null, ""associated_award"": null, ""stickied"": false, ""author_premium"": false, ""can_gild"": false, ""gildings"": {}, ""unrepliable_reason"": null, ""author_flair_text_color"": null, ""score_hidden"": false, ""permalink"": ""/r/IndianBeautyDeals/comments/1h0vrhe/anything_worth_buying_on_myntra_now_that_their/lz78gj6/"", ""subreddit_type"": ""public"", ""locked"": false, ""report_reasons"": null, ""created"": 1732685747.0, ""author_flair_text"": null, ""treatment_tags"": [], ""link_id"": ""t3_1h0vrhe"", ""subreddit_name_prefixed"": ""r/IndianBeautyDeals"", ""controversiality"": 0, ""depth"": 0, ""author_flair_background_color"": null, ""collapsed_because_crowd_control"": null, ""mod_reports"": [], ""num_reports"": null, ""ups"": 10}}, {""kind"": ""t1"", ""data"": {""subreddit_id"": ""t5_39dg2c"", ""approved_at_utc"": null, ""author_is_blocked"": false, ""comment_type"": null, ""awarders"": [], ""mod_reason_by"": null, ""banned_by"": null, ""author_flair_type"": ""text"", ""total_awards_received"": 0, ""subreddit"": ""IndianBeautyDeals"", ""author_flair_template_id"": null, ""likes"": null, ""replies"": {""kind"": ""Listing"", ""data"": {""after"": null, ""dist"": null, ""modhash"": ""5ic0am9ide51995e1c867c58e50024941615feebd5f8119235"", ""geo_filter"": """", ""children"": [{""kind"": ""t1"", ""data"": {""subreddit_id"": ""t5_39dg2c"", ""approved_at_utc"": null, ""author_is_blocked"": false, ""comment_type"": null, ""awarders"": [], ""mod_reason_by"": null, ""banned_by"": null, ""author_flair_type"": ""text"", ""total_awards_received"": 0, ""subreddit"": ""IndianBeautyDeals"", ""author_flair_template_id"": null, ""likes"": null, ""replies"": {""kind"": ""Listing"", ""data"": {""after"": null, ""dist"": null, ""modhash"": ""5ic0am9ide51995e1c867c58e50024941615feebd5f8119235"", ""geo_filter"": """", ""children"": [{""kind"": ""t1"", ""data"": {""subreddit_id"": ""t5_39dg2c"", ""approved_at_utc"": null, ""author_is_blocked"": false, ""comment_type"": null, ""awarders"": [], ""mod_reason_by"": null, ""banned_by"": null, ""author_flair_type"": ""text"", ""total_awards_received"": 0, ""subreddit"": ""IndianBeautyDeals"", ""author_flair_template_id"": null, ""likes"": null, ""replies"": """", ""user_reports"": [], ""saved"": false, ""id"": ""lz7c5u1"", ""banned_at_utc"": null, ""mod_reason_title"": null, ""gilded"": 0, ""archived"": false, ""collapsed_reason_code"": null, ""no_follow"": true, ""author"": ""OssifiedCrystal46496"", ""can_mod_post"": false, ""send_replies"": true, ""parent_id"": ""t1_lz7bnum"", ""score"": 2, ""author_fullname"": ""t2_s1he9z8r"", ""removal_reason"": null, ""approved_by"": null, ""mod_note"": null, ""all_awardings"": [], ""body"": ""For the product?"", ""edited"": false, ""top_awarded_type"": null, ""downs"": 0, ""author_flair_css_class"": null, ""name"": ""t1_lz7c5u1"", ""is_submitter"": false, ""collapsed"": false, ""author_flair_richtext"": [], ""author_patreon_flair"": false, ""body_html"": ""&lt;div class=\""md\""&gt;&lt;p&gt;For the product?&lt;/p&gt;\n&lt;/div&gt;"", ""gildings"": {}, ""collapsed_reason"": null, ""distinguished"": null, ""associated_award"": null, ""stickied"": false, ""author_premium"": false, ""can_gild"": false, ""link_id"": ""t3_1h0vrhe"", ""unrepliable_reason"": null, ""author_flair_text_color"": null, ""score_hidden"": false, ""permalink"": ""/r/IndianBeautyDeals/comments/1h0vrhe/anything_worth_buying_on_myntra_now_that_their/lz7c5u1/"", ""subreddit_type"": ""public"", ""locked"": false, ""report_reasons"": null, ""created"": 1732687685.0, ""author_flair_text"": null, ""treatment_tags"": [], ""created_utc"": 1732687685.0, ""subreddit_name_prefixed"": ""r/IndianBeautyDeals"", ""controversiality"": 0, ""depth"": 2, ""author_flair_background_color"": null, ""collapsed_because_crowd_control"": null, ""mod_reports"": [], ""num_reports"": null, ""ups"": 2}}], ""before"": null}}, ""user_reports"": [], ""saved"": false, ""id"": ""lz7bnum"", ""banned_at_utc"": null, ""mod_reason_title"": null, ""gilded"": 0, ""archived"": false, ""collapsed_reason_code"": null, ""no_follow"": true, ""author"": ""Constant-Train8635"", ""can_mod_post"": false, ""created_utc"": 1732687415.0, ""send_replies"": true, ""parent_id"": ""t1_lz7a8gx"", ""score"": 2, ""author_fullname"": ""t2_12c4c3e5uz"", ""removal_reason"": null, ""approved_by"": null, ""mod_note"": null, ""all_awardings"": [], ""body"": ""Links?"", ""edited"": false, ""top_awarded_type"": null, ""author_flair_css_class"": null, ""name"": ""t1_lz7bnum"", ""is_submitter"": false, ""downs"": 0, ""author_flair_richtext"": [], ""author_patreon_flair"": false, ""body_html"": ""&lt;div class=\""md\""&gt;&lt;p&gt;Links?&lt;/p&gt;\n&lt;/div&gt;"", ""gildings"": {}, ""collapsed_reason"": null, ""distinguished"": null, ""associated_award"": null, ""stickied"": false, ""author_premium"": false, ""can_gild"": false, ""link_id"": ""t3_1h0vrhe"", ""unrepliable_reason"": null, ""author_flair_text_color"": null, ""score_hidden"": false, ""permalink"": ""/r/IndianBeautyDeals/comments/1h0vrhe/anything_worth_buying_on_myntra_now_that_their/lz7bnum/"", ""subreddit_type"": ""public"", ""locked"": false, ""report_reasons"": null, ""created"": 1732687415.0, ""author_flair_text"": null, ""treatment_tags"": [], ""collapsed"": false, ""subreddit_name_prefixed"": ""r/IndianBeautyDeals"", ""controversiality"": 0, ""depth"": 1, ""author_flair_background_color"": null, ""collapsed_because_crowd_control"": null, ""mod_reports"": [], ""num_reports"": null, ""ups"": 2}}, {""kind"": ""t1"", ""data"": {""subreddit_id"": ""t5_39dg2c"", ""approved_at_utc"": null, ""author_is_blocked"": false, ""comment_type"": null, ""awarders"": [], ""mod_reason_by"": null, ""banned_by"": null, ""author_flair_type"": ""text"", ""total_awards_received"": 0, ""subreddit"": ""IndianBeautyDeals"", ""author_flair_template_id"": null, ""likes"": null, ""replies"": """", ""user_reports"": [], ""saved"": false, ""id"": ""lz7pqrf"", ""banned_at_utc"": null, ""mod_reason_title"": null, ""gilded"": 0, ""archived"": false, ""collapsed_reason_code"": null, ""no_follow"": true, ""author"": ""Dangerous-Olive7463"", ""can_mod_post"": false, ""created_utc"": 1732695801.0, ""send_replies"": true, ""parent_id"": ""t1_lz7a8gx"", ""score"": 1, ""author_fullname"": ""t2_ij7x8zx5"", ""removal_reason"": null, ""approved_by"": null, ""mod_note"": null, ""all_awardings"": [], ""body"": ""It's not showing for me \ud83d\ude2d"", ""edited"": false, ""top_awarded_type"": null, ""author_flair_css_class"": null, ""name"": ""t1_lz7pqrf"", ""is_submitter"": false, ""downs"": 0, ""author_flair_richtext"": [], ""author_patreon_flair"": false, ""body_html"": ""&lt;div class=\""md\""&gt;&lt;p&gt;It&amp;#39;s not showing for me \ud83d\ude2d&lt;/p&gt;\n&lt;/div&gt;"", ""gildings"": {}, ""collapsed_reason"": null, ""distinguished"": null, ""associated_award"": null, ""stickied"": false, ""author_premium"": false, ""can_gild"": false, ""link_id"": ""t3_1h0vrhe"", ""unrepliable_reason"": null, ""author_flair_text_color"": null, ""score_hidden"": false, ""permalink"": ""/r/IndianBeautyDeals/comments/1h0vrhe/anything_worth_buying_on_myntra_now_that_their/lz7pqrf/"", ""subreddit_type"": ""public"", ""locked"": false, ""report_reasons"": null, ""created"": 1732695801.0, ""author_flair_text"": null, ""treatment_tags"": [], ""collapsed"": false, ""subreddit_name_prefixed"": ""r/IndianBeautyDeals"", ""controversiality"": 0, ""depth"": 1, ""author_flair_background_color"": null, ""collapsed_because_crowd_control"": null, ""mod_reports"": [], ""num_reports"": null, ""ups"": 1}}], ""before"": null}}, ""user_reports"": [], ""saved"": false, ""id"": ""lz7a8gx"", ""banned_at_utc"": null, ""mod_reason_title"": null, ""gilded"": 0, ""archived"": false, ""collapsed_reason_code"": null, ""no_follow"": true, ""author"": ""OssifiedCrystal46496"", ""can_mod_post"": false, ""created_utc"": 1732686657.0, ""send_replies"": true, ""parent_id"": ""t3_1h0vrhe"", ""score"": 3, ""author_fullname"": ""t2_s1he9z8r"", ""approved_by"": null, ""mod_note"": null, ""all_awardings"": [], ""collapsed"": false, ""body"": ""Laneige is on sale, especially if you have supercoins"", ""edited"": false, ""top_awarded_type"": null, ""author_flair_css_class"": null, ""name"": ""t1_lz7a8gx"", ""is_submitter"": false, ""downs"": 0, ""author_flair_richtext"": [], ""author_patreon_flair"": false, ""body_html"": ""&lt;div class=\""md\""&gt;&lt;p&gt;Laneige is on sale, especially if you have supercoins&lt;/p&gt;\n&lt;/div&gt;"", ""removal_reason"": null, ""collapsed_reason"": null, ""distinguished"": null, ""associated_award"": null, ""stickied"": false, ""author_premium"": false, ""can_gild"": false, ""gildings"": {}, ""unrepliable_reason"": null, ""author_flair_text_color"": null, ""score_hidden"": false, ""permalink"": ""/r/IndianBeautyDeals/comments/1h0vrhe/anything_worth_buying_on_myntra_now_that_their/lz7a8gx/"", ""subreddit_type"": ""public"", ""locked"": false, ""report_reasons"": null, ""created"": 1732686657.0, ""author_flair_text"": null, ""treatment_tags"": [], ""link_id"": ""t3_1h0vrhe"", ""subreddit_name_prefixed"": ""r/IndianBeautyDeals"", ""controversiality"": 0, ""depth"": 0, ""author_flair_background_color"": null, ""collapsed_because_crowd_control"": null, ""mod_reports"": [], ""num_reports"": null, ""ups"": 3}}, {""kind"": ""t1"", ""data"": {""subreddit_id"": ""t5_39dg2c"", ""approved_at_utc"": null, ""author_is_blocked"": false, ""comment_type"": null, ""awarders"": [], ""mod_reason_by"": null, ""banned_by"": null, ""author_flair_type"": ""text"", ""total_awards_received"": 0, ""subreddit"": ""IndianBeautyDeals"", ""author_flair_template_id"": null, ""likes"": null, ""replies"": """", ""user_reports"": [], ""saved"": false, ""id"": ""lz7h0a5"", ""banned_at_utc"": null, ""mod_reason_title"": null, ""gilded"": 0, ""archived"": false, ""collapsed_reason_code"": null, ""no_follow"": true, ""author"": ""PriyaSR26"", ""can_mod_post"": false, ""created_utc"": 1732690398.0, ""send_replies"": true, ""parent_id"": ""t3_1h0vrhe"", ""score"": 4, ""author_fullname"": ""t2_632ho2ao"", ""approved_by"": null, ""mod_note"": null, ""all_awardings"": [], ""collapsed"": false, ""body"": ""I haven't got anything. I'll wait for bigger sales for the perfume prices to go down.\n\nFor makeup and skincare I got them from Nykaa."", ""edited"": false, ""top_awarded_type"": null, ""author_flair_css_class"": null, ""name"": ""t1_lz7h0a5"", ""is_submitter"": false, ""downs"": 0, ""author_flair_richtext"": [], ""author_patreon_flair"": false, ""body_html"": ""&lt;div class=\""md\""&gt;&lt;p&gt;I haven&amp;#39;t got anything. I&amp;#39;ll wait for bigger sales for the perfume prices to go down.&lt;/p&gt;\n\n&lt;p&gt;For makeup and skincare I got them from Nykaa.&lt;/p&gt;\n&lt;/div&gt;"", ""removal_reason"": null, ""collapsed_reason"": null, ""distinguished"": null, ""associated_award"": null, ""stickied"": false, ""author_premium"": false, ""can_gild"": false, ""gildings"": {}, ""unrepliable_reason"": null, ""author_flair_text_color"": null, ""score_hidden"": false, ""permalink"": ""/r/IndianBeautyDeals/comments/1h0vrhe/anything_worth_buying_on_myntra_now_that_their/lz7h0a5/"", ""subreddit_type"": ""public"", ""locked"": false, ""report_reasons"": null, ""created"": 1732690398.0, ""author_flair_text"": null, ""treatment_tags"": [], ""link_id"": ""t3_1h0vrhe"", ""subreddit_name_prefixed"": ""r/IndianBeautyDeals"", ""controversiality"": 0, ""depth"": 0, ""author_flair_background_color"": null, ""collapsed_because_crowd_control"": null, ""mod_reports"": [], ""num_reports"": null, ""ups"": 4}}, {""kind"": ""t1"", ""data"": {""subreddit_id"": ""t5_39dg2c"", ""approved_at_utc"": null, ""author_is_blocked"": false, ""comment_type"": null, ""awarders"": [], ""mod_reason_by"": null, ""banned_by"": null, ""author_flair_type"": ""text"", ""total_awards_received"": 0, ""subreddit"": ""IndianBeautyDeals"", ""author_flair_template_id"": null, ""likes"": null, ""replies"": {""kind"": ""Listing"", ""data"": {""after"": null, ""dist"": null, ""modhash"": ""5ic0am9ide51995e1c867c58e50024941615feebd5f8119235"", ""geo_filter"": """", ""children"": [{""kind"": ""t1"", ""data"": {""subreddit_id"": ""t5_39dg2c"", ""approved_at_utc"": null, ""author_is_blocked"": false, ""comment_type"": null, ""awarders"": [], ""mod_reason_by"": null, ""banned_by"": null, ""author_flair_type"": ""text"", ""total_awards_received"": 0, ""subreddit"": ""IndianBeautyDeals"", ""author_flair_template_id"": null, ""likes"": null, ""replies"": """", ""user_reports"": [], ""saved"": false, ""id"": ""lz7eqlx"", ""banned_at_utc"": null, ""mod_reason_title"": null, ""gilded"": 0, ""archived"": false, ""collapsed_reason_code"": null, ""no_follow"": true, ""author"": ""RemindMeBot"", ""can_mod_post"": false, ""created_utc"": 1732689113.0, ""send_replies"": true, ""parent_id"": ""t1_lz7emx2"", ""score"": 0, ""author_fullname"": ""t2_gbm4p"", ""removal_reason"": null, ""approved_by"": null, ""mod_note"": null, ""all_awardings"": [], ""body"": ""I will be messaging you in 2 days on [**2024-11-29 06:30:54 UTC**](http://www.wolframalpha.com/input/?i=2024-11-29%2006:30:54%20UTC%20To%20Local%20Time) to remind you of [**this link**](https://www.reddit.com/r/IndianBeautyDeals/comments/1h0vrhe/anything_worth_buying_on_myntra_now_that_their/lz7emx2/?context=3)\n\n[**CLICK THIS LINK**](https://www.reddit.com/message/compose/?to=RemindMeBot&amp;subject=Reminder&amp;message=%5Bhttps%3A%2F%2Fwww.reddit.com%2Fr%2FIndianBeautyDeals%2Fcomments%2F1h0vrhe%2Fanything_worth_buying_on_myntra_now_that_their%2Flz7emx2%2F%5D%0A%0ARemindMe%21%202024-11-29%2006%3A30%3A54%20UTC) to send a PM to also be reminded and to reduce spam.\n\n^(Parent commenter can ) [^(delete this message to hide from others.)](https://www.reddit.com/message/compose/?to=RemindMeBot&amp;subject=Delete%20Comment&amp;message=Delete%21%201h0vrhe)\n\n*****\n\n|[^(Info)](https://www.reddit.com/r/RemindMeBot/comments/e1bko7/remindmebot_info_v21/)|[^(Custom)](https://www.reddit.com/message/compose/?to=RemindMeBot&amp;subject=Reminder&amp;message=%5BLink%20or%20message%20inside%20square%20brackets%5D%0A%0ARemindMe%21%20Time%20period%20here)|[^(Your Reminders)](https://www.reddit.com/message/compose/?to=RemindMeBot&amp;subject=List%20Of%20Reminders&amp;message=MyReminders%21)|[^(Feedback)](https://www.reddit.com/message/compose/?to=Watchful1&amp;subject=RemindMeBot%20Feedback)|\n|-|-|-|-|"", ""edited"": false, ""top_awarded_type"": null, ""author_flair_css_class"": null, ""name"": ""t1_lz7eqlx"", ""is_submitter"": false, ""downs"": 0, ""author_flair_richtext"": [], ""author_patreon_flair"": false, ""body_html"": ""&lt;div class=\""md\""&gt;&lt;p&gt;I will be messaging you in 2 days on &lt;a href=\""http://www.wolframalpha.com/input/?i=2024-11-29%2006:30:54%20UTC%20To%20Local%20Time\""&gt;&lt;strong&gt;2024-11-29 06:30:54 UTC&lt;/strong&gt;&lt;/a&gt; to remind you of &lt;a href=\""https://www.reddit.com/r/IndianBeautyDeals/comments/1h0vrhe/anything_worth_buying_on_myntra_now_that_their/lz7emx2/?context=3\""&gt;&lt;strong&gt;this link&lt;/strong&gt;&lt;/a&gt;&lt;/p&gt;\n\n&lt;p&gt;&lt;a href=\""https://www.reddit.com/message/compose/?to=RemindMeBot&amp;amp;subject=Reminder&amp;amp;message=%5Bhttps%3A%2F%2Fwww.reddit.com%2Fr%2FIndianBeautyDeals%2Fcomments%2F1h0vrhe%2Fanything_worth_buying_on_myntra_now_that_their%2Flz7emx2%2F%5D%0A%0ARemindMe%21%202024-11-29%2006%3A30%3A54%20UTC\""&gt;&lt;strong&gt;CLICK THIS LINK&lt;/strong&gt;&lt;/a&gt; to send a PM to also be reminded and to reduce spam.&lt;/p&gt;\n\n&lt;p&gt;&lt;sup&gt;Parent commenter can &lt;/sup&gt; &lt;a href=\""https://www.reddit.com/message/compose/?to=RemindMeBot&amp;amp;subject=Delete%20Comment&amp;amp;message=Delete%21%201h0vrhe\""&gt;&lt;sup&gt;delete this message to hide from others.&lt;/sup&gt;&lt;/a&gt;&lt;/p&gt;\n\n&lt;hr/&gt;\n\n&lt;table&gt;&lt;thead&gt;\n&lt;tr&gt;\n&lt;th&gt;&lt;a href=\""https://www.reddit.com/r/RemindMeBot/comments/e1bko7/remindmebot_info_v21/\""&gt;&lt;sup&gt;Info&lt;/sup&gt;&lt;/a&gt;&lt;/th&gt;\n&lt;th&gt;&lt;a href=\""https://www.reddit.com/message/compose/?to=RemindMeBot&amp;amp;subject=Reminder&amp;amp;message=%5BLink%20or%20message%20inside%20square%20brackets%5D%0A%0ARemindMe%21%20Time%20period%20here\""&gt;&lt;sup&gt;Custom&lt;/sup&gt;&lt;/a&gt;&lt;/th&gt;\n&lt;th&gt;&lt;a href=\""https://www.reddit.com/message/compose/?to=RemindMeBot&amp;amp;subject=List%20Of%20Reminders&amp;amp;message=MyReminders%21\""&gt;&lt;sup&gt;Your Reminders&lt;/sup&gt;&lt;/a&gt;&lt;/th&gt;\n&lt;th&gt;&lt;a href=\""https://www.reddit.com/message/compose/?to=Watchful1&amp;amp;subject=RemindMeBot%20Feedback\""&gt;&lt;sup&gt;Feedback&lt;/sup&gt;&lt;/a&gt;&lt;/th&gt;\n&lt;/tr&gt;\n&lt;/thead&gt;&lt;tbody&gt;\n&lt;/tbody&gt;&lt;/table&gt;\n&lt;/div&gt;"", ""gildings"": {}, ""collapsed_reason"": null, ""distinguished"": null, ""associated_award"": null, ""stickied"": false, ""author_premium"": false, ""can_gild"": false, ""link_id"": ""t3_1h0vrhe"", ""unrepliable_reason"": null, ""author_flair_text_color"": null, ""score_hidden"": false, ""permalink"": ""/r/IndianBeautyDeals/comments/1h0vrhe/anything_worth_buying_on_myntra_now_that_their/lz7eqlx/"", ""subreddit_type"": ""public"", ""locked"": false, ""report_reasons"": null, ""created"": 1732689113.0, ""author_flair_text"": null, ""treatment_tags"": [], ""collapsed"": false, ""subreddit_name_prefixed"": ""r/IndianBeautyDeals"", ""controversiality"": 0, ""depth"": 1, ""author_flair_background_color"": null, ""collapsed_because_crowd_control"": null, ""mod_reports"": [], ""num_reports"": null, ""ups"": 0}}], ""before"": null}}, ""user_reports"": [], ""saved"": false, ""id"": ""lz7emx2"", ""banned_at_utc"": null, ""mod_reason_title"": null, ""gilded"": 0, ""archived"": false, ""collapsed_reason_code"": null, ""no_follow"": true, ""author"": ""kim_k_darshan"", ""can_mod_post"": false, ""created_utc"": 1732689054.0, ""send_replies"": true, ""parent_id"": ""t3_1h0vrhe"", ""score"": 1, ""author_fullname"": ""t2_18y9hsscv5"", ""approved_by"": null, ""mod_note"": null, ""all_awardings"": [], ""collapsed"": false, ""body"": ""Remind me! 2days"", ""edited"": false, ""top_awarded_type"": null, ""author_flair_css_class"": null, ""name"": ""t1_lz7emx2"", ""is_submitter"": false, ""downs"": 0, ""author_flair_richtext"": [], ""author_patreon_flair"": false, ""body_html"": ""&lt;div class=\""md\""&gt;&lt;p&gt;Remind me! 2days&lt;/p&gt;\n&lt;/div&gt;"", ""removal_reason"": null, ""collapsed_reason"": null, ""distinguished"": null, ""associated_award"": null, ""stickied"": false, ""author_premium"": false, ""can_gild"": false, ""gildings"": {}, ""unrepliable_reason"": null, ""author_flair_text_color"": null, ""score_hidden"": false, ""permalink"": ""/r/IndianBeautyDeals/comments/1h0vrhe/anything_worth_buying_on_myntra_now_that_their/lz7emx2/"", ""subreddit_type"": ""public"", ""locked"": false, ""report_reasons"": null, ""created"": 1732689054.0, ""author_flair_text"": null, ""treatment_tags"": [], ""link_id"": ""t3_1h0vrhe"", ""subreddit_name_prefixed"": ""r/IndianBeautyDeals"", ""controversiality"": 0, ""depth"": 0, ""author_flair_background_color"": null, ""collapsed_because_crowd_control"": null, ""mod_reports"": [], ""num_reports"": null, ""ups"": 1}}, {""kind"": ""t1"", ""data"": {""subreddit_id"": ""t5_39dg2c"", ""approved_at_utc"": null, ""author_is_blocked"": false, ""comment_type"": null, ""awarders"": [], ""mod_reason_by"": null, ""banned_by"": null, ""author_flair_type"": ""text"", ""total_awards_received"": 0, ""subreddit"": ""IndianBeautyDeals"", ""author_flair_template_id"": null, ""likes"": null, ""replies"": """", ""user_reports"": [], ""saved"": false, ""id"": ""lzanvhp"", ""banned_at_utc"": null, ""mod_reason_title"": null, ""gilded"": 0, ""archived"": false, ""collapsed_reason_code"": null, ""no_follow"": true, ""author"": ""iisehar"", ""can_mod_post"": false, ""created_utc"": 1732738113.0, ""send_replies"": true, ""parent_id"": ""t3_1h0vrhe"", ""score"": 1, ""author_fullname"": ""t2_ciml18o0"", ""approved_by"": null, ""mod_note"": null, ""all_awardings"": [], ""collapsed"": false, ""body"": ""Remind me! 1day"", ""edited"": false, ""top_awarded_type"": null, ""author_flair_css_class"": null, ""name"": ""t1_lzanvhp"", ""is_submitter"": false, ""downs"": 0, ""author_flair_richtext"": [], ""author_patreon_flair"": false, ""body_html"": ""&lt;div class=\""md\""&gt;&lt;p&gt;Remind me! 1day&lt;/p&gt;\n&lt;/div&gt;"", ""removal_reason"": null, ""collapsed_reason"": null, ""distinguished"": null, ""associated_award"": null, ""stickied"": false, ""author_premium"": false, ""can_gild"": false, ""gildings"": {}, ""unrepliable_reason"": null, ""author_flair_text_color"": null, ""score_hidden"": false, ""permalink"": ""/r/IndianBeautyDeals/comments/1h0vrhe/anything_worth_buying_on_myntra_now_that_their/lzanvhp/"", ""subreddit_type"": ""public"", ""locked"": false, ""report_reasons"": null, ""created"": 1732738113.0, ""author_flair_text"": null, ""treatment_tags"": [], ""link_id"": ""t3_1h0vrhe"", ""subreddit_name_prefixed"": ""r/IndianBeautyDeals"", ""controversiality"": 0, ""depth"": 0, ""author_flair_background_color"": null, ""collapsed_because_crowd_control"": null, ""mod_reports"": [], ""num_reports"": null, ""ups"": 1}}], ""before"": null}}]
",19,
reddit,myncash purchase,2026-07-11,"[{""kind"": ""Listing"", ""data"": {""after"": null, ""dist"": 1, ""modhash"": ""hh64t0uhundc94956cdf3bea17c42ab711c8ffde206fbf87a4"", ""geo_filter"": """", ""children"": [{""kind"": ""t3"", ""data"": {""approved_at_utc"": null, ""subreddit"": ""MyntraSucks"", ""selftext"": ""What to do!? What should I get. "", ""user_reports"": [], ""saved"": false, ""mod_reason_title"": null, ""gilded"": 0, ""clicked"": false, ""title"": ""Life is worth livinnn!!! (myntra god blessed me)"", ""link_flair_richtext"": [], ""subreddit_name_prefixed"": ""r/MyntraSucks"", ""hidden"": false, ""pwls"": 6, ""link_flair_css_class"": """", ""downs"": 0, ""thumbnail_height"": 140, ""top_awarded_type"": null, ""hide_score"": false, ""name"": ""t3_1utdtl4"", ""quarantine"": false, ""link_flair_text_color"": ""dark"", ""upvote_ratio"": 0.91, ""author_flair_background_color"": null, ""ups"": 39, ""total_awards_received"": 0, ""media_embed"": {}, ""thumbnail_width"": 140, ""author_flair_template_id"": null, ""is_original_content"": false, ""author_fullname"": ""t2_1rvjr70e64"", ""secure_media"": null, ""is_reddit_media_domain"": true, ""is_meta"": false, ""category"": null, ""secure_media_embed"": {}, ""link_flair_text"": ""Questions/ Advice/ Discussions \ud83e\udee2"", ""can_mod_post"": false, ""score"": 39, ""approved_by"": null, ""is_created_from_ads_ui"": false, ""author_premium"": false, ""thumbnail"": ""https://preview.redd.it/s1p3f86l3kch1.jpeg?width=140&amp;height=140&amp;crop=1:1,smart&amp;auto=webp&amp;s=8b7524d6ed56c301535d69f116938b86287ed8b3"", ""edited"": false, ""author_flair_css_class"": null, ""author_flair_richtext"": [], ""gildings"": {}, ""post_hint"": ""image"", ""content_categories"": null, ""is_self"": false, ""subreddit_type"": ""public"", ""created"": 1783756402.0, ""link_flair_type"": ""text"", ""wls"": 6, ""removed_by_category"": null, ""banned_by"": null, ""author_flair_type"": ""text"", ""domain"": ""i.redd.it"", ""allow_live_comments"": false, ""selftext_html"": ""&lt;!-- SC_OFF --&gt;&lt;div class=\""md\""&gt;&lt;p&gt;What to do!? What should I get. &lt;/p&gt;\n&lt;/div&gt;&lt;!-- SC_ON --&gt;"", ""likes"": null, ""suggested_sort"": null, ""banned_at_utc"": null, ""url_overridden_by_dest"": ""https://i.redd.it/s1p3f86l3kch1.jpeg"", ""view_count"": null, ""archived"": false, ""no_follow"": false, ""is_crosspostable"": true, ""pinned"": false, ""over_18"": false, ""preview"": {""images"": [{""source"": {""url"": ""https://preview.redd.it/s1p3f86l3kch1.jpeg?auto=webp&amp;s=c33811de16f7955c752ccfbe3294b7043a3e9db1"", ""width"": 1079, ""height"": 2147}, ""resolutions"": [{""url"": ""https://preview.redd.it/s1p3f86l3kch1.jpeg?width=108&amp;crop=smart&amp;auto=webp&amp;s=78d9b8299f21fb91f59f92c2a0d89ce561bd598f"", ""width"": 108, ""height"": 214}, {""url"": ""https://preview.redd.it/s1p3f86l3kch1.jpeg?width=216&amp;crop=smart&amp;auto=webp&amp;s=23e355136aed9ad741130901a27c245983e3c8fe"", ""width"": 216, ""height"": 429}, {""url"": ""https://preview.redd.it/s1p3f86l3kch1.jpeg?width=320&amp;crop=smart&amp;auto=webp&amp;s=647e29ac4f030c6a6ebce3ce221e786f10ea297d"", ""width"": 320, ""height"": 636}, {""url"": ""https://preview.redd.it/s1p3f86l3kch1.jpeg?width=640&amp;crop=smart&amp;auto=webp&amp;s=8933e95dfc72cd60df03ae75a0dd361adce72983"", ""width"": 640, ""height"": 1273}, {""url"": ""https://preview.redd.it/s1p3f86l3kch1.jpeg?width=960&amp;crop=smart&amp;auto=webp&amp;s=1d5798f611c3823c3fffce34b5d02bedfa0baacf"", ""width"": 960, ""height"": 1910}], ""variants"": {}, ""id"": ""s1p3f86l3kch1""}], ""enabled"": true}, ""all_awardings"": [], ""awarders"": [], ""media_only"": false, ""link_flair_template_id"": ""17ba441e-b1e6-11f0-83d7-76f59fee96cd"", ""can_gild"": false, ""spoiler"": false, ""locked"": false, ""author_flair_text"": null, ""treatment_tags"": [], ""visited"": false, ""removed_by"": null, ""mod_note"": null, ""distinguished"": null, ""subreddit_id"": ""t5_fqqzab"", ""author_is_blocked"": false, ""mod_reason_by"": null, ""num_reports"": null, ""removal_reason"": null, ""link_flair_background_color"": ""#dadada"", ""id"": ""1utdtl4"", ""is_robot_indexable"": true, ""num_duplicates"": 0, ""report_reasons"": null, ""author"": ""sriiyancee"", ""discussion_type"": null, ""num_comments"": 51, ""send_replies"": true, ""media"": null, ""contest_mode"": false, ""author_patreon_flair"": false, ""author_flair_text_color"": null, ""permalink"": ""/r/MyntraSucks/comments/1utdtl4/life_is_worth_livinnn_myntra_god_blessed_me/"", ""stickied"": false, ""url"": ""https://i.redd.it/s1p3f86l3kch1.jpeg"", ""subreddit_subscribers"": 2045, ""created_utc"": 1783756402.0, ""num_crossposts"": 0, ""mod_reports"": [], ""is_video"": false}}], ""before"": null}}, {""kind"": ""Listing"", ""data"": {""after"": null, ""dist"": null, ""modhash"": ""hh64t0uhundc94956cdf3bea17c42ab711c8ffde206fbf87a4"", ""geo_filter"": """", ""children"": [{""kind"": ""t1"", ""data"": {""subreddit_id"": ""t5_fqqzab"", ""approved_at_utc"": null, ""author_is_blocked"": false, ""comment_type"": null, ""awarders"": [], ""mod_reason_by"": null, ""banned_by"": null, ""author_flair_type"": ""text"", ""total_awards_received"": 0, ""subreddit"": ""MyntraSucks"", ""author_flair_template_id"": null, ""likes"": null, ""replies"": {""kind"": ""Listing"", ""data"": {""after"": null, ""dist"": null, ""modhash"": ""hh64t0uhundc94956cdf3bea17c42ab711c8ffde206fbf87a4"", ""geo_filter"": """", ""children"": [{""kind"": ""t1"", ""data"": {""subreddit_id"": ""t5_fqqzab"", ""approved_at_utc"": null, ""author_is_blocked"": false, ""comment_type"": null, ""awarders"": [], ""mod_reason_by"": null, ""banned_by"": null, ""author_flair_type"": ""text"", ""total_awards_received"": 0, ""subreddit"": ""MyntraSucks"", ""author_flair_template_id"": null, ""likes"": null, ""replies"": """", ""user_reports"": [], ""saved"": false, ""id"": ""owvwdik"", ""banned_at_utc"": null, ""mod_reason_title"": null, ""gilded"": 0, ""archived"": false, ""collapsed_reason_code"": null, ""no_follow"": true, ""author"": ""sriiyancee"", ""can_mod_post"": false, ""created_utc"": 1783774163.0, ""send_replies"": true, ""parent_id"": ""t1_owuyqpb"", ""score"": 2, ""author_fullname"": ""t2_1rvjr70e64"", ""removal_reason"": null, ""approved_by"": null, ""mod_note"": null, ""all_awardings"": [], ""body"": ""Join the glam clan "", ""edited"": false, ""top_awarded_type"": null, ""author_flair_css_class"": null, ""name"": ""t1_owvwdik"", ""is_submitter"": true, ""downs"": 0, ""author_flair_richtext"": [], ""author_patreon_flair"": false, ""body_html"": ""&lt;div class=\""md\""&gt;&lt;p&gt;Join the glam clan &lt;/p&gt;\n&lt;/div&gt;"", ""gildings"": {}, ""collapsed_reason"": null, ""distinguished"": null, ""associated_award"": null, ""stickied"": false, ""author_premium"": false, ""can_gild"": false, ""link_id"": ""t3_1utdtl4"", ""unrepliable_reason"": null, ""author_flair_text_color"": null, ""score_hidden"": false, ""permalink"": ""/r/MyntraSucks/comments/1utdtl4/life_is_worth_livinnn_myntra_god_blessed_me/owvwdik/"", ""subreddit_type"": ""public"", ""locked"": false, ""report_reasons"": null, ""created"": 1783774163.0, ""author_flair_text"": null, ""treatment_tags"": [], ""collapsed"": false, ""subreddit_name_prefixed"": ""r/MyntraSucks"", ""controversiality"": 0, ""depth"": 1, ""author_flair_background_color"": null, ""collapsed_because_crowd_control"": null, ""mod_reports"": [], ""num_reports"": null, ""ups"": 2}}, {""kind"": ""t1"", ""data"": {""total_awards_received"": 0, ""approved_at_utc"": null, ""author_is_blocked"": false, ""comment_type"": null, ""awarders"": [], ""mod_reason_by"": null, ""banned_by"": null, ""ups"": 1, ""removal_reason"": null, ""link_id"": ""t3_1utdtl4"", ""author_flair_template_id"": null, ""likes"": null, ""replies"": {""kind"": ""Listing"", ""data"": {""after"": null, ""dist"": null, ""modhash"": ""hh64t0uhundc94956cdf3bea17c42ab711c8ffde206fbf87a4"", ""geo_filter"": """", ""children"": [{""kind"": ""t1"", ""data"": {""subreddit_id"": ""t5_fqqzab"", ""approved_at_utc"": null, ""author_is_blocked"": false, ""comment_type"": null, ""awarders"": [], ""mod_reason_by"": null, ""banned_by"": null, ""author_flair_type"": ""text"", ""total_awards_received"": 0, ""subreddit"": ""MyntraSucks"", ""author_flair_template_id"": null, ""likes"": null, ""replies"": {""kind"": ""Listing"", ""data"": {""after"": null, ""dist"": null, ""modhash"": ""hh64t0uhundc94956cdf3bea17c42ab711c8ffde206fbf87a4"", ""geo_filter"": """", ""children"": [{""kind"": ""t1"", ""data"": {""total_awards_received"": 0, ""approved_at_utc"": null, ""author_is_blocked"": false, ""comment_type"": null, ""awarders"": [], ""mod_reason_by"": null, ""banned_by"": null, ""ups"": 1, ""removal_reason"": null, ""link_id"": ""t3_1utdtl4"", ""author_flair_template_id"": null, ""likes"": null, ""replies"": {""kind"": ""Listing"", ""data"": {""after"": null, ""dist"": null, ""modhash"": ""hh64t0uhundc94956cdf3bea17c42ab711c8ffde206fbf87a4"", ""geo_filter"": """", ""children"": [{""kind"": ""t1"", ""data"": {""subreddit_id"": ""t5_fqqzab"", ""approved_at_utc"": null, ""author_is_blocked"": false, ""comment_type"": null, ""awarders"": [], ""mod_reason_by"": null, ""banned_by"": null, ""author_flair_type"": ""text"", ""total_awards_received"": 0, ""subreddit"": ""MyntraSucks"", ""author_flair_template_id"": null, ""distinguished"": null, ""likes"": null, ""replies"": """", ""user_reports"": [], ""saved"": false, ""id"": ""owv644q"", ""banned_at_utc"": null, ""mod_reason_title"": null, ""gilded"": 0, ""archived"": false, ""collapsed_reason_code"": null, ""no_follow"": true, ""author"": ""Linuxbuoy"", ""can_mod_post"": false, ""send_replies"": true, ""parent_id"": ""t1_owv5yhw"", ""score"": 1, ""author_fullname"": ""t2_1fkhm3xckq"", ""removal_reason"": null, ""approved_by"": null, ""mod_note"": null, ""all_awardings"": [], ""body"": ""\ud83d\ude02\ud83d\ude02"", ""edited"": false, ""author_flair_css_class"": null, ""name"": ""t1_owv644q"", ""is_submitter"": false, ""downs"": 0, ""author_flair_richtext"": [], ""author_patreon_flair"": false, ""body_html"": ""&lt;div class=\""md\""&gt;&lt;p&gt;\ud83d\ude02\ud83d\ude02&lt;/p&gt;\n&lt;/div&gt;"", ""gildings"": {}, ""collapsed_reason"": null, ""link_id"": ""t3_1utdtl4"", ""associated_award"": null, ""stickied"": false, ""author_premium"": false, ""can_gild"": false, ""top_awarded_type"": null, ""unrepliable_reason"": null, ""author_flair_text_color"": null, ""treatment_tags"": [], ""score_hidden"": false, ""permalink"": ""/r/MyntraSucks/comments/1utdtl4/life_is_worth_livinnn_myntra_god_blessed_me/owv644q/"", ""subreddit_type"": ""public"", ""locked"": false, ""report_reasons"": null, ""created"": 1783762674.0, ""author_flair_text"": null, ""collapsed"": false, ""created_utc"": 1783762674.0, ""subreddit_name_prefixed"": ""r/MyntraSucks"", ""controversiality"": 0, ""depth"": 4, ""author_flair_background_color"": null, ""collapsed_because_crowd_control"": null, ""mod_reports"": [], ""num_reports"": null, ""ups"": 1}}], ""before"": null}}, ""user_reports"": [], ""saved"": false, ""id"": ""owv5yhw"", ""banned_at_utc"": null, ""mod_reason_title"": null, ""gilded"": 0, ""archived"": false, ""collapsed_reason_code"": ""DELETED"", ""no_follow"": true, ""author"": ""[deleted]"", ""can_mod_post"": false, ""send_replies"": true, ""parent_id"": ""t1_owv5o4h"", ""score"": 1, ""approved_by"": null, ""report_reasons"": null, ""all_awardings"": [], ""subreddit_id"": ""t5_fqqzab"", ""body"": ""[removed]"", ""edited"": false, ""downs"": 0, ""author_flair_css_class"": null, ""collapsed"": true, ""is_submitter"": false, ""body_html"": ""&lt;div class=\""md\""&gt;&lt;p&gt;[removed]&lt;/p&gt;\n&lt;/div&gt;"", ""gildings"": {}, ""collapsed_reason"": null, ""associated_award"": null, ""stickied"": false, ""subreddit_type"": ""public"", ""can_gild"": false, ""top_awarded_type"": null, ""unrepliable_reason"": null, ""author_flair_text_color"": ""dark"", ""score_hidden"": false, ""permalink"": ""/r/MyntraSucks/comments/1utdtl4/life_is_worth_livinnn_myntra_god_blessed_me/owv5yhw/"", ""num_reports"": null, ""locked"": false, ""name"": ""t1_owv5yhw"", ""created"": 1783762592.0, ""subreddit"": ""MyntraSucks"", ""author_flair_text"": null, ""treatment_tags"": [], ""created_utc"": 1783762592.0, ""subreddit_name_prefixed"": ""r/MyntraSucks"", ""controversiality"": 0, ""depth"": 3, ""author_flair_background_color"": """", ""collapsed_because_crowd_control"": null, ""mod_reports"": [], ""mod_note"": null, ""distinguished"": null}}], ""before"": null}}, ""user_reports"": [], ""saved"": false, ""id"": ""owv5o4h"", ""banned_at_utc"": null, ""mod_reason_title"": null, ""gilded"": 0, ""archived"": false, ""collapsed_reason_code"": null, ""no_follow"": true, ""author"": ""Linuxbuoy"", ""can_mod_post"": false, ""send_replies"": true, ""parent_id"": ""t1_owv5h0p"", ""score"": 2, ""author_fullname"": ""t2_1fkhm3xckq"", ""removal_reason"": null, ""approved_by"": null, ""mod_note"": null, ""all_awardings"": [], ""body"": ""Lol! Nothing is there"", ""edited"": false, ""top_awarded_type"": null, ""downs"": 0, ""author_flair_css_class"": null, ""name"": ""t1_owv5o4h"", ""is_submitter"": false, ""collapsed"": false, ""author_flair_richtext"": [], ""author_patreon_flair"": false, ""body_html"": ""&lt;div class=\""md\""&gt;&lt;p&gt;Lol! Nothing is there&lt;/p&gt;\n&lt;/div&gt;"", ""gildings"": {}, ""collapsed_reason"": null, ""distinguished"": null, ""associated_award"": null, ""stickied"": false, ""author_premium"": false, ""can_gild"": false, ""link_id"": ""t3_1utdtl4"", ""unrepliable_reason"": null, ""author_flair_text_color"": null, ""score_hidden"": false, ""permalink"": ""/r/MyntraSucks/comments/1utdtl4/life_is_worth_livinnn_myntra_god_blessed_me/owv5o4h/"", ""subreddit_type"": ""public"", ""locked"": false, ""report_reasons"": null, ""created"": 1783762438.0, ""author_flair_text"": null, ""treatment_tags"": [], ""created_utc"": 1783762438.0, ""subreddit_name_prefixed"": ""r/MyntraSucks"", ""controversiality"": 0, ""depth"": 2, ""author_flair_background_color"": null, ""collapsed_because_crowd_control"": null, ""mod_reports"": [], ""num_reports"": null, ""ups"": 2}}, {""kind"": ""t1"", ""data"": {""subreddit_id"": ""t5_fqqzab"", ""approved_at_utc"": null, ""author_is_blocked"": false, ""comment_type"": null, ""awarders"": [], ""mod_reason_by"": null, ""banned_by"": null, ""author_flair_type"": ""text"", ""total_awards_received"": 0, ""subreddit"": ""MyntraSucks"", ""author_flair_template_id"": null, ""likes"": null, ""replies"": {""kind"": ""Listing"", ""data"": {""after"": null, ""dist"": null, ""modhash"": ""hh64t0uhundc94956cdf3bea17c42ab711c8ffde206fbf87a4"", ""geo_filter"": """", ""children"": [{""kind"": ""t1"", ""data"": {""total_awards_received"": 0, ""approved_at_utc"": null, ""author_is_blocked"": false, ""comment_type"": null, ""awarders"": [], ""mod_reason_by"": null, ""banned_by"": null, ""ups"": 1, ""removal_reason"": null, ""link_id"": ""t3_1utdtl4"", ""author_flair_template_id"": null, ""likes"": null, ""replies"": {""kind"": ""Listing"", ""data"": {""after"": null, ""dist"": null, ""modhash"": ""hh64t0uhundc94956cdf3bea17c42ab711c8ffde206fbf87a4"", ""geo_filter"": """", ""children"": [{""kind"": ""t1"", ""data"": {""subreddit_id"": ""t5_fqqzab"", ""approved_at_utc"": null, ""author_is_blocked"": false, ""comment_type"": null, ""awarders"": [], ""mod_reason_by"": null, ""banned_by"": null, ""author_flair_type"": ""text"", ""total_awards_received"": 0, ""subreddit"": ""MyntraSucks"", ""author_flair_template_id"": null, ""distinguished"": null, ""likes"": null, ""replies"": """", ""user_reports"": [], ""saved"": false, ""id"": ""owxjvco"", ""banned_at_utc"": null, ""mod_reason_title"": null, ""gilded"": 0, ""archived"": false, ""collapsed_reason_code"": null, ""no_follow"": true, ""author"": ""Dontlurk44"", ""can_mod_post"": false, ""send_replies"": true, ""parent_id"": ""t1_owxjiqs"", ""score"": 1, ""author_fullname"": ""t2_102vjsp2cq"", ""removal_reason"": null, ""approved_by"": null, ""mod_note"": null, ""all_awardings"": [], ""body"": ""Yes you are promoting your sub."", ""edited"": false, ""author_flair_css_class"": null, ""name"": ""t1_owxjvco"", ""is_submitter"": false, ""downs"": 0, ""author_flair_richtext"": [], ""author_patreon_flair"": false, ""body_html"": ""&lt;div class=\""md\""&gt;&lt;p&gt;Yes you are promoting your sub.&lt;/p&gt;\n&lt;/div&gt;"", ""gildings"": {}, ""collapsed_reason"": null, ""link_id"": ""t3_1utdtl4"", ""associated_award"": null, ""stickied"": false, ""author_premium"": false, ""can_gild"": false, ""top_awarded_type"": null, ""unrepliable_reason"": null, ""author_flair_text_color"": null, ""treatment_tags"": [], ""score_hidden"": false, ""permalink"": ""/r/MyntraSucks/comments/1utdtl4/life_is_worth_livinnn_myntra_god_blessed_me/owxjvco/"", ""subreddit_type"": ""public"", ""locked"": false, ""report_reasons"": null, ""created"": 1783791991.0, ""author_flair_text"": null, ""collapsed"": false, ""created_utc"": 1783791991.0, ""subreddit_name_prefixed"": ""r/MyntraSucks"", ""controversiality"": 0, ""depth"": 4, ""author_flair_background_color"": null, ""collapsed_because_crowd_control"": null, ""mod_reports"": [], ""num_reports"": null, ""ups"": 1}}], ""before"": null}}, ""user_reports"": [], ""saved"": false, ""id"": ""owxjiqs"", ""banned_at_utc"": null, ""mod_reason_title"": null, ""gilded"": 0, ""archived"": false, ""collapsed_reason_code"": ""DELETED"", ""no_follow"": true, ""author"": ""[deleted]"", ""can_mod_post"": false, ""send_replies"": true, ""parent_id"": ""t1_owxc31l"", ""score"": 1, ""approved_by"": null, ""report_reasons"": null, ""all_awardings"": [], ""subreddit_id"": ""t5_fqqzab"", ""body"": ""[removed]"", ""edited"": false, ""downs"": 0, ""author_flair_css_class"": null, ""collapsed"": true, ""is_submitter"": false, ""body_html"": ""&lt;div class=\""md\""&gt;&lt;p&gt;[removed]&lt;/p&gt;\n&lt;/div&gt;"", ""gildings"": {}, ""collapsed_reason"": null, ""associated_award"": null, ""stickied"": false, ""subreddit_type"": ""public"", ""can_gild"": false, ""top_awarded_type"": null, ""unrepliable_reason"": null, ""author_flair_text_color"": ""dark"", ""score_hidden"": false, ""permalink"": ""/r/MyntraSucks/comments/1utdtl4/life_is_worth_livinnn_myntra_god_blessed_me/owxjiqs/"", ""num_reports"": null, ""locked"": false, ""name"": ""t1_owxjiqs"", ""created"": 1783791893.0, ""subreddit"": ""MyntraSucks"", ""author_flair_text"": null, ""treatment_tags"": [], ""created_utc"": 1783791893.0, ""subreddit_name_prefixed"": ""r/MyntraSucks"", ""controversiality"": 0, ""depth"": 3, ""author_flair_background_color"": """", ""collapsed_because_crowd_control"": null, ""mod_reports"": [], ""mod_note"": null, ""distinguished"": null}}], ""before"": null}}, ""user_reports"": [], ""saved"": false, ""id"": ""owxc31l"", ""banned_at_utc"": null, ""mod_reason_title"": null, ""gilded"": 0, ""archived"": false, ""collapsed_reason_code"": null, ""no_follow"": true, ""author"": ""Dontlurk44"", ""can_mod_post"": false, ""send_replies"": true, ""parent_id"": ""t1_owv5h0p"", ""score"": 2, ""author_fullname"": ""t2_102vjsp2cq"", ""removal_reason"": null, ""approved_by"": null, ""mod_note"": null, ""all_awardings"": [], ""body"": ""Stop promoting your sub."", ""edited"": false, ""top_awarded_type"": null, ""downs"": 0, ""author_flair_css_class"": null, ""name"": ""t1_owxc31l"", ""is_submitter"": false, ""collapsed"": false, ""author_flair_richtext"": [], ""author_patreon_flair"": false, ""body_html"": ""&lt;div class=\""md\""&gt;&lt;p&gt;Stop promoting your sub.&lt;/p&gt;\n&lt;/div&gt;"", ""gildings"": {}, ""collapsed_reason"": null, ""distinguished"": null, ""associated_award"": null, ""stickied"": false, ""author_premium"": false, ""can_gild"": false, ""link_id"": ""t3_1utdtl4"", ""unrepliable_reason"": null, ""author_flair_text_color"": null, ""score_hidden"": false, ""permalink"": ""/r/MyntraSucks/comments/1utdtl4/life_is_worth_livinnn_myntra_god_blessed_me/owxc31l/"", ""subreddit_type"": ""public"", ""locked"": false, ""report_reasons"": null, ""created"": 1783789811.0, ""author_flair_text"": null, ""treatment_tags"": [], ""created_utc"": 1783789811.0, ""subreddit_name_prefixed"": ""r/MyntraSucks"", ""controversiality"": 0, ""depth"": 2, ""author_flair_background_color"": null, ""collapsed_because_crowd_control"": null, ""mod_reports"": [], ""num_reports"": null, ""ups"": 2}}], ""before"": null}}, ""user_reports"": [], ""saved"": false, ""id"": ""owv5h0p"", ""banned_at_utc"": null, ""mod_reason_title"": null, ""gilded"": 0, ""archived"": false, ""collapsed_reason_code"": ""DELETED"", ""no_follow"": true, ""author"": ""[deleted]"", ""can_mod_post"": false, ""send_replies"": true, ""parent_id"": ""t1_owuyqpb"", ""score"": 1, ""approved_by"": null, ""report_reasons"": null, ""all_awardings"": [], ""subreddit_id"": ""t5_fqqzab"", ""body"": ""[removed]"", ""edited"": false, ""author_flair_css_class"": null, ""collapsed"": true, ""downs"": 0, ""is_submitter"": false, ""body_html"": ""&lt;div class=\""md\""&gt;&lt;p&gt;[removed]&lt;/p&gt;\n&lt;/div&gt;"", ""gildings"": {}, ""collapsed_reason"": null, ""associated_award"": null, ""stickied"": false, ""subreddit_type"": ""public"", ""can_gild"": false, ""top_awarded_type"": null, ""unrepliable_reason"": null, ""author_flair_text_color"": ""dark"", ""score_hidden"": false, ""permalink"": ""/r/MyntraSucks/comments/1utdtl4/life_is_worth_livinnn_myntra_god_blessed_me/owv5h0p/"", ""num_reports"": null, ""locked"": false, ""name"": ""t1_owv5h0p"", ""created"": 1783762333.0, ""subreddit"": ""MyntraSucks"", ""author_flair_text"": null, ""treatment_tags"": [], ""created_utc"": 1783762333.0, ""subreddit_name_prefixed"": ""r/MyntraSucks"", ""controversiality"": 0, ""depth"": 1, ""author_flair_background_color"": """", ""collapsed_because_crowd_control"": null, ""mod_reports"": [], ""mod_note"": null, ""distinguished"": null}}], ""before"": null}}, ""user_reports"": [], ""saved"": false, ""id"": ""owuyqpb"", ""banned_at_utc"": null, ""mod_reason_title"": null, ""gilded"": 0, ""archived"": false, ""collapsed_reason_code"": null, ""no_follow"": true, ""author"": ""Linuxbuoy"", ""can_mod_post"": false, ""created_utc"": 1783758778.0, ""send_replies"": true, ""parent_id"": ""t3_1utdtl4"", ""score"": 2, ""author_fullname"": ""t2_1fkhm3xckq"", ""approved_by"": null, ""mod_note"": null, ""all_awardings"": [], ""collapsed"": false, ""body"": ""Howww???"", ""edited"": false, ""top_awarded_type"": null, ""author_flair_css_class"": null, ""name"": ""t1_owuyqpb"", ""is_submitter"": false, ""downs"": 0, ""author_flair_richtext"": [], ""author_patreon_flair"": false, ""body_html"": ""&lt;div class=\""md\""&gt;&lt;p&gt;Howww???&lt;/p&gt;\n&lt;/div&gt;"", ""removal_reason"": null, ""collapsed_reason"": null, ""distinguished"": null, ""associated_award"": null, ""stickied"": false, ""author_premium"": false, ""can_gild"": false, ""gildings"": {}, ""unrepliable_reason"": null, ""author_flair_text_color"": null, ""score_hidden"": false, ""permalink"": ""/r/MyntraSucks/comments/1utdtl4/life_is_worth_livinnn_myntra_god_blessed_me/owuyqpb/"", ""subreddit_type"": ""public"", ""locked"": false, ""report_reasons"": null, ""created"": 1783758778.0, ""author_flair_text"": null, ""treatment_tags"": [], ""link_id"": ""t3_1utdtl4"", ""subreddit_name_prefixed"": ""r/MyntraSucks"", ""controversiality"": 0, ""depth"": 0, ""author_flair_background_color"": null, ""collapsed_because_crowd_control"": null, ""mod_reports"": [], ""num_reports"": null, ""ups"": 2}}, {""kind"": ""t1"", ""data"": {""subreddit_id"": ""t5_fqqzab"", ""approved_at_utc"": null, ""author_is_blocked"": false, ""comment_type"": null, ""awarders"": [], ""mod_reason_by"": null, ""banned_by"": null, ""author_flair_type"": ""text"", ""total_awards_received"": 0, ""subreddit"": ""MyntraSucks"", ""author_flair_template_id"": null, ""likes"": null, ""replies"": {""kind"": ""Listing"", ""data"": {""after"": null, ""dist"": null, ""modhash"": ""hh64t0uhundc94956cdf3bea17c42ab711c8ffde206fbf87a4"", ""geo_filter"": """", ""children"": [{""kind"": ""t1"", ""data"": {""subreddit_id"": ""t5_fqqzab"", ""approved_at_utc"": null, ""author_is_blocked"": false, ""comment_type"": null, ""awarders"": [], ""mod_reason_by"": null, ""banned_by"": null, ""author_flair_type"": ""text"", ""total_awards_received"": 0, ""subreddit"": ""MyntraSucks"", ""author_flair_template_id"": null, ""likes"": null, ""replies"": """", ""user_reports"": [], ""saved"": false, ""id"": ""owvwcgl"", ""banned_at_utc"": null, ""mod_reason_title"": null, ""gilded"": 0, ""archived"": false, ""collapsed_reason_code"": null, ""no_follow"": true, ""author"": ""sriiyancee"", ""can_mod_post"": false, ""created_utc"": 1783774153.0, ""send_replies"": true, ""parent_id"": ""t1_owv1v02"", ""score"": 1, ""author_fullname"": ""t2_1rvjr70e64"", ""removal_reason"": null, ""approved_by"": null, ""mod_note"": null, ""all_awardings"": [], ""body"": ""Join the glam clan "", ""edited"": false, ""top_awarded_type"": null, ""author_flair_css_class"": null, ""name"": ""t1_owvwcgl"", ""is_submitter"": true, ""downs"": 0, ""author_flair_richtext"": [], ""author_patreon_flair"": false, ""body_html"": ""&lt;div class=\""md\""&gt;&lt;p&gt;Join the glam clan &lt;/p&gt;\n&lt;/div&gt;"", ""gildings"": {}, ""collapsed_reason"": null, ""distinguished"": null, ""associated_award"": null, ""stickied"": false, ""author_premium"": false, ""can_gild"": false, ""link_id"": ""t3_1utdtl4"", ""unrepliable_reason"": null, ""author_flair_text_color"": null, ""score_hidden"": false, ""permalink"": ""/r/MyntraSucks/comments/1utdtl4/life_is_worth_livinnn_myntra_god_blessed_me/owvwcgl/"", ""subreddit_type"": ""public"", ""locked"": false, ""report_reasons"": null, ""created"": 1783774153.0, ""author_flair_text"": null, ""treatment_tags"": [], ""collapsed"": false, ""subreddit_name_prefixed"": ""r/MyntraSucks"", ""controversiality"": 0, ""depth"": 1, ""author_flair_background_color"": null, ""collapsed_because_crowd_control"": null, ""mod_reports"": [], ""num_reports"": null, ""ups"": 1}}], ""before"": null}}, ""user_reports"": [], ""saved"": false, ""id"": ""owv1v02"", ""banned_at_utc"": null, ""mod_reason_title"": null, ""gilded"": 0, ""archived"": false, ""collapsed_reason_code"": null, ""no_follow"": true, ""author"": ""Mumbaikar777"", ""can_mod_post"": false, ""created_utc"": 1783760412.0, ""send_replies"": true, ""parent_id"": ""t3_1utdtl4"", ""score"": 2, ""author_fullname"": ""t2_1gnz3eb16h"", ""approved_by"": null, ""mod_note"": null, ""all_awardings"": [], ""collapsed"": false, ""body"": ""How? "", ""edited"": false, ""top_awarded_type"": null, ""author_flair_css_class"": null, ""name"": ""t1_owv1v02"", ""is_submitter"": false, ""downs"": 0, ""author_flair_richtext"": [], ""author_patreon_flair"": false, ""body_html"": ""&lt;div class=\""md\""&gt;&lt;p&gt;How? &lt;/p&gt;\n&lt;/div&gt;"", ""removal_reason"": null, ""collapsed_reason"": null, ""distinguished"": null, ""associated_award"": null, ""stickied"": false, ""author_premium"": false, ""can_gild"": false, ""gildings"": {}, ""unrepliable_reason"": null, ""author_flair_text_color"": null, ""score_hidden"": false, ""permalink"": ""/r/MyntraSucks/comments/1utdtl4/life_is_worth_livinnn_myntra_god_blessed_me/owv1v02/"", ""subreddit_type"": ""public"", ""locked"": false, ""report_reasons"": null, ""created"": 1783760412.0, ""author_flair_text"": null, ""treatment_tags"": [], ""link_id"": ""t3_1utdtl4"", ""subreddit_name_prefixed"": ""r/MyntraSucks"", ""controversiality"": 0, ""depth"": 0, ""author_flair_background_color"": null, ""collapsed_because_crowd_control"": null, ""mod_reports"": [], ""num_reports"": null, ""ups"": 2}}, {""kind"": ""t1"", ""data"": {""subreddit_id"": ""t5_fqqzab"", ""approved_at_utc"": null, ""author_is_blocked"": false, ""comment_type"": null, ""awarders"": [], ""mod_reason_by"": null, ""banned_by"": null, ""author_flair_type"": ""text"", ""total_awards_received"": 0, ""subreddit"": ""MyntraSucks"", ""author_flair_template_id"": null, ""likes"": null, ""replies"": {""kind"": ""Listing"", ""data"": {""after"": null, ""dist"": null, ""modhash"": ""hh64t0uhundc94956cdf3bea17c42ab711c8ffde206fbf87a4"", ""geo_filter"": """", ""children"": [{""kind"": ""t1"", ""data"": {""subreddit_id"": ""t5_fqqzab"", ""approved_at_utc"": null, ""author_is_blocked"": false, ""comment_type"": null, ""awarders"": [], ""mod_reason_by"": null, ""banned_by"": null, ""author_flair_type"": ""text"", ""total_awards_received"": 0, ""subreddit"": ""MyntraSucks"", ""author_flair_template_id"": null, ""likes"": null, ""replies"": {""kind"": ""Listing"", ""data"": {""after"": null, ""dist"": null, ""modhash"": ""hh64t0uhundc94956cdf3bea17c42ab711c8ffde206fbf87a4"", ""geo_filter"": """", ""children"": [{""kind"": ""t1"", ""data"": {""subreddit_id"": ""t5_fqqzab"", ""approved_at_utc"": null, ""author_is_blocked"": false, ""comment_type"": null, ""awarders"": [], ""mod_reason_by"": null, ""banned_by"": null, ""author_flair_type"": ""text"", ""total_awards_received"": 0, ""subreddit"": ""MyntraSucks"", ""author_flair_template_id"": null, ""likes"": null, ""replies"": {""kind"": ""Listing"", ""data"": {""after"": null, ""dist"": null, ""modhash"": ""hh64t0uhundc94956cdf3bea17c42ab711c8ffde206fbf87a4"", ""geo_filter"": """", ""children"": [{""kind"": ""t1"", ""data"": {""subreddit_id"": ""t5_fqqzab"", ""approved_at_utc"": null, ""author_is_blocked"": false, ""comment_type"": null, ""awarders"": [], ""mod_reason_by"": null, ""banned_by"": null, ""author_flair_type"": ""text"", ""total_awards_received"": 0, ""subreddit"": ""MyntraSucks"", ""author_flair_template_id"": null, ""likes"": null, ""replies"": """", ""user_reports"": [], ""saved"": false, ""id"": ""oww7r07"", ""banned_at_utc"": null, ""mod_reason_title"": null, ""gilded"": 0, ""archived"": false, ""collapsed_reason_code"": null, ""no_follow"": true, ""author"": ""sriiyancee"", ""can_mod_post"": false, ""send_replies"": true, ""parent_id"": ""t1_owvzqtk"", ""score"": 2, ""author_fullname"": ""t2_1rvjr70e64"", ""removal_reason"": null, ""approved_by"": null, ""mod_note"": null, ""all_awardings"": [], ""collapsed"": false, ""body"": ""Let me check that out then.. "", ""edited"": false, ""top_awarded_type"": null, ""author_flair_css_class"": null, ""name"": ""t1_oww7r07"", ""is_submitter"": true, ""downs"": 0, ""author_flair_richtext"": [], ""author_patreon_flair"": false, ""body_html"": ""&lt;div class=\""md\""&gt;&lt;p&gt;Let me check that out then.. &lt;/p&gt;\n&lt;/div&gt;"", ""gildings"": {}, ""collapsed_reason"": null, ""distinguished"": null, ""associated_award"": null, ""stickied"": false, ""author_premium"": false, ""can_gild"": false, ""link_id"": ""t3_1utdtl4"", ""unrepliable_reason"": null, ""author_flair_text_color"": null, ""score_hidden"": false, ""permalink"": ""/r/MyntraSucks/comments/1utdtl4/life_is_worth_livinnn_myntra_god_blessed_me/oww7r07/"", ""subreddit_type"": ""public"", ""locked"": false, ""report_reasons"": null, ""created"": 1783777972.0, ""author_flair_text"": null, ""treatment_tags"": [], ""created_utc"": 1783777972.0, ""subreddit_name_prefixed"": ""r/MyntraSucks"", ""controversiality"": 0, ""depth"": 3, ""author_flair_background_color"": null, ""collapsed_because_crowd_control"": null, ""mod_reports"": [], ""num_reports"": null, ""ups"": 2}}], ""before"": null}}, ""user_reports"": [], ""saved"": false, ""id"": ""owvzqtk"", ""banned_at_utc"": null, ""mod_reason_title"": null, ""gilded"": 0, ""archived"": false, ""collapsed_reason_code"": null, ""no_follow"": true, ""author"": ""Relative_Forever9534"", ""can_mod_post"": false, ""send_replies"": true, ""parent_id"": ""t1_owvxyaw"", ""score"": 1, ""author_fullname"": ""t2_ypt7u679s"", ""removal_reason"": null, ""approved_by"": null, ""mod_note"": null, ""all_awardings"": [], ""body"": ""Yeah I would recommend em5 red elixer it's generic but in the air it smells good...it's like strawberry cherry with herbal nuances...like a sweet candy but in a good way .."", ""edited"": false, ""top_awarded_type"": null, ""downs"": 0, ""author_flair_css_class"": null, ""name"": ""t1_owvzqtk"", ""is_submitter"": false, ""collapsed"": false, ""author_flair_richtext"": [], ""author_patreon_flair"": false, ""body_html"": ""&lt;div class=\""md\""&gt;&lt;p&gt;Yeah I would recommend em5 red elixer it&amp;#39;s generic but in the air it smells good...it&amp;#39;s like strawberry cherry with herbal nuances...like a sweet candy but in a good way ..&lt;/p&gt;\n&lt;/div&gt;"", ""gildings"": {}, ""collapsed_reason"": null, ""distinguished"": null, ""associated_award"": null, ""stickied"": false, ""author_premium"": false, ""can_gild"": false, ""link_id"": ""t3_1utdtl4"", ""unrepliable_reason"": null, ""author_flair_text_color"": null, ""score_hidden"": false, ""permalink"": ""/r/MyntraSucks/comments/1utdtl4/life_is_worth_livinnn_myntra_god_blessed_me/owvzqtk/"", ""subreddit_type"": ""public"", ""locked"": false, ""report_reasons"": null, ""created"": 1783775337.0, ""author_flair_text"": null, ""treatment_tags"": [], ""created_utc"": 1783775337.0, ""subreddit_name_prefixed"": ""r/MyntraSucks"", ""controversiality"": 0, ""depth"": 2, ""author_flair_background_color"": null, ""collapsed_because_crowd_control"": null, ""mod_reports"": [], ""num_reports"": null, ""ups"": 1}}], ""before"": null}}, ""user_reports"": [], ""saved"": false, ""id"": ""owvxyaw"", ""banned_at_utc"": null, ""mod_reason_title"": null, ""gilded"": 0, ""archived"": false, ""collapsed_reason_code"": null, ""no_follow"": true, ""author"": ""sriiyancee"", ""can_mod_post"": false, ""created_utc"": 1783774717.0, ""send_replies"": true, ""parent_id"": ""t1_owuv29q"", ""score"": 1, ""author_fullname"": ""t2_1rvjr70e64"", ""removal_reason"": null, ""approved_by"": null, ""mod_note"": null, ""all_awardings"": [], ""body"": ""thankyou for the suggestions (ordering a perfume)"", ""edited"": false, ""top_awarded_type"": null, ""author_flair_css_class"": null, ""name"": ""t1_owvxyaw"", ""is_submitter"": true, ""downs"": 0, ""author_flair_richtext"": [], ""author_patreon_flair"": false, ""body_html"": ""&lt;div class=\""md\""&gt;&lt;p&gt;thankyou for the suggestions (ordering a perfume)&lt;/p&gt;\n&lt;/div&gt;"", ""gildings"": {}, ""collapsed_reason"": null, ""distinguished"": null, ""associated_award"": null, ""stickied"": false, ""author_premium"": false, ""can_gild"": false, ""link_id"": ""t3_1utdtl4"", ""unrepliable_reason"": null, ""author_flair_text_color"": null, ""score_hidden"": false, ""permalink"": ""/r/MyntraSucks/comments/1utdtl4/life_is_worth_livinnn_myntra_god_blessed_me/owvxyaw/"", ""subreddit_type"": ""public"", ""locked"": false, ""report_reasons"": null, ""created"": 1783774717.0, ""author_flair_text"": null, ""treatment_tags"": [], ""collapsed"": false, ""subreddit_name_prefixed"": ""r/MyntraSucks"", ""controversiality"": 0, ""depth"": 1, ""author_flair_background_color"": null, ""collapsed_because_crowd_control"": null, ""mod_reports"": [], ""num_reports"": null, ""ups"": 1}}], ""before"": null}}, ""user_reports"": [], ""saved"": false, ""id"": ""owuv29q"", ""banned_at_utc"": null, ""mod_reason_title"": null, ""gilded"": 0, ""archived"": false, ""collapsed_reason_code"": null, ""no_follow"": true, ""author"": ""Relative_Forever9534"", ""can_mod_post"": false, ""created_utc"": 1783756852.0, ""send_replies"": true, ""parent_id"": ""t3_1utdtl4"", ""score"": 1, ""author_fullname"": ""t2_ypt7u679s"", ""approved_by"": null, ""mod_note"": null, ""all_awardings"": [], ""collapsed"": false, ""body"": ""U can buy t shirt, shorts or even grooming products or perfumes ..."", ""edited"": false, ""top_awarded_type"": null, ""author_flair_css_class"": null, ""name"": ""t1_owuv29q"", ""is_submitter"": false, ""downs"": 0, ""author_flair_richtext"": [], ""author_patreon_flair"": false, ""body_html"": ""&lt;div class=\""md\""&gt;&lt;p&gt;U can buy t shirt, shorts or even grooming products or perfumes ...&lt;/p&gt;\n&lt;/div&gt;"", ""removal_reason"": null, ""collapsed_reason"": null, ""distinguished"": null, ""associated_award"": null, ""stickied"": false, ""author_premium"": false, ""can_gild"": false, ""gildings"": {}, ""unrepliable_reason"": null, ""author_flair_text_color"": null, ""score_hidden"": false, ""permalink"": ""/r/MyntraSucks/comments/1utdtl4/life_is_worth_livinnn_myntra_god_blessed_me/owuv29q/"", ""subreddit_type"": ""public"", ""locked"": false, ""report_reasons"": null, ""created"": 1783756852.0, ""author_flair_text"": null, ""treatment_tags"": [], ""link_id"": ""t3_1utdtl4"", ""subreddit_name_prefixed"": ""r/MyntraSucks"", ""controversiality"": 0, ""depth"": 0, ""author_flair_background_color"": null, ""collapsed_because_crowd_control"": null, ""mod_reports"": [], ""num_reports"": null, ""ups"": 1}}, {""kind"": ""t1"", ""data"": {""subreddit_id"": ""t5_fqqzab"", ""approved_at_utc"": null, ""author_is_blocked"": false, ""comment_type"": null, ""awarders"": [], ""mod_reason_by"": null, ""banned_by"": null, ""author_flair_type"": ""text"", ""total_awards_received"": 0, ""subreddit"": ""MyntraSucks"", ""author_flair_template_id"": null, ""likes"": null, ""replies"": {""kind"": ""Listing"", ""data"": {""after"": null, ""dist"": null, ""modhash"": ""hh64t0uhundc94956cdf3bea17c42ab711c8ffde206fbf87a4"", ""geo_filter"": """", ""children"": [{""kind"": ""t1"", ""data"": {""total_awards_received"": 0, ""approved_at_utc"": null, ""author_is_blocked"": false, ""comment_type"": null, ""awarders"": [], ""mod_reason_by"": null, ""banned_by"": null, ""ups"": 1, ""removal_reason"": null, ""link_id"": ""t3_1utdtl4"", ""author_flair_template_id"": null, ""likes"": null, ""replies"": {""kind"": ""Listing"", ""data"": {""after"": null, ""dist"": null, ""modhash"": ""hh64t0uhundc94956cdf3bea17c42ab711c8ffde206fbf87a4"", ""geo_filter"": """", ""children"": [{""kind"": ""t1"", ""data"": {""subreddit_id"": ""t5_fqqzab"", ""approved_at_utc"": null, ""author_is_blocked"": false, ""comment_type"": null, ""awarders"": [], ""mod_reason_by"": null, ""banned_by"": null, ""author_flair_type"": ""text"", ""total_awards_received"": 0, ""subreddit"": ""MyntraSucks"", ""author_flair_template_id"": null, ""likes"": null, ""replies"": {""kind"": ""Listing"", ""data"": {""after"": null, ""dist"": null, ""modhash"": ""hh64t0uhundc94956cdf3bea17c42ab711c8ffde206fbf87a4"", ""geo_filter"": """", ""children"": [{""kind"": ""t1"", ""data"": {""total_awards_received"": 0, ""approved_at_utc"": null, ""author_is_blocked"": false, ""comment_type"": null, ""awarders"": [], ""mod_reason_by"": null, ""banned_by"": null, ""ups"": 1, ""removal_reason"": null, ""link_id"": ""t3_1utdtl4"", ""author_flair_template_id"": null, ""likes"": null, ""replies"": {""kind"": ""Listing"", ""data"": {""after"": null, ""dist"": null, ""modhash"": ""hh64t0uhundc94956cdf3bea17c42ab711c8ffde206fbf87a4"", ""geo_filter"": """", ""children"": [{""kind"": ""t1"", ""data"": {""subreddit_id"": ""t5_fqqzab"", ""approved_at_utc"": null, ""author_is_blocked"": false, ""comment_type"": null, ""awarders"": [], ""mod_reason_by"": null, ""banned_by"": null, ""author_flair_type"": ""text"", ""total_awards_received"": 0, ""subreddit"": ""MyntraSucks"", ""author_flair_template_id"": null, ""distinguished"": null, ""likes"": null, ""replies"": """", ""user_reports"": [], ""saved"": false, ""id"": ""owx6p89"", ""banned_at_utc"": null, ""mod_reason_title"": null, ""gilded"": 0, ""archived"": false, ""collapsed_reason_code"": null, ""no_follow"": true, ""author"": ""sriiyancee"", ""can_mod_post"": false, ""send_replies"": true, ""parent_id"": ""t1_owx21mz"", ""score"": 1, ""author_fullname"": ""t2_1rvjr70e64"", ""removal_reason"": null, ""approved_by"": null, ""mod_note"": null, ""all_awardings"": [], ""body"": ""Here you go!\n\nhttps://preview.redd.it/cqkybf1eqmch1.png?width=904&amp;format=png&amp;auto=webp&amp;s=b841eed1cd21e220465cfec823ef04cea33a8c73"", ""edited"": false, ""author_flair_css_class"": null, ""name"": ""t1_owx6p89"", ""is_submitter"": true, ""downs"": 0, ""author_flair_richtext"": [], ""author_patreon_flair"": false, ""body_html"": ""&lt;div class=\""md\""&gt;&lt;p&gt;Here you go!&lt;/p&gt;\n\n&lt;p&gt;&lt;a href=\""https://preview.redd.it/cqkybf1eqmch1.png?width=904&amp;amp;format=png&amp;amp;auto=webp&amp;amp;s=b841eed1cd21e220465cfec823ef04cea33a8c73\""&gt;https://preview.redd.it/cqkybf1eqmch1.png?width=904&amp;amp;format=png&amp;amp;auto=webp&amp;amp;s=b841eed1cd21e220465cfec823ef04cea33a8c73&lt;/a&gt;&lt;/p&gt;\n&lt;/div&gt;"", ""gildings"": {}, ""collapsed_reason"": null, ""link_id"": ""t3_1utdtl4"", ""associated_award"": null, ""stickied"": false, ""author_premium"": false, ""can_gild"": false, ""top_awarded_type"": null, ""unrepliable_reason"": null, ""author_flair_text_color"": null, ""treatment_tags"": [], ""score_hidden"": false, ""permalink"": ""/r/MyntraSucks/comments/1utdtl4/life_is_worth_livinnn_myntra_god_blessed_me/owx6p89/"", ""subreddit_type"": ""public"", ""locked"": false, ""report_reasons"": null, ""created"": 1783788285.0, ""media_metadata"": {""cqkybf1eqmch1"": {""status"": ""valid"", ""e"": ""Image"", ""m"": ""image/png"", ""p"": [{""y"": 201, ""x"": 108, ""u"": ""https://preview.redd.it/cqkybf1eqmch1.png?width=108&amp;crop=smart&amp;auto=webp&amp;s=766098ae4d121fc0396432eb44297edc948ed6ab""}, {""y"": 402, ""x"": 216, ""u"": ""https://preview.redd.it/cqkybf1eqmch1.png?width=216&amp;crop=smart&amp;auto=webp&amp;s=603d23efa996b63b5f69ec8c93b0fb35948c6f95""}, {""y"": 596, ""x"": 320, ""u"": ""https://preview.redd.it/cqkybf1eqmch1.png?width=320&amp;crop=smart&amp;auto=webp&amp;s=4e7d8a39caa7f206e2bad5ad8a43b1e7872435a0""}, {""y"": 1192, ""x"": 640, ""u"": ""https://preview.redd.it/cqkybf1eqmch1.png?width=640&amp;crop=smart&amp;auto=webp&amp;s=36fb9e0421fd105cb8f53d9c654bd43d12df41dc""}], ""s"": {""y"": 1684, ""x"": 904, ""u"": ""https://preview.redd.it/cqkybf1eqmch1.png?width=904&amp;format=png&amp;auto=webp&amp;s=b841eed1cd21e220465cfec823ef04cea33a8c73""}, ""id"": ""cqkybf1eqmch1""}}, ""author_flair_text"": null, ""collapsed"": false, ""created_utc"": 1783788285.0, ""subreddit_name_prefixed"": ""r/MyntraSucks"", ""controversiality"": 0, ""depth"": 4, ""author_flair_background_color"": null, ""collapsed_because_crowd_control"": null, ""mod_reports"": [], ""num_reports"": null, ""ups"": 1}}], ""before"": null}}, ""user_reports"": [], ""saved"": false, ""id"": ""owx21mz"", ""banned_at_utc"": null, ""mod_reason_title"": null, ""gilded"": 0, ""archived"": false, ""collapsed_reason_code"": ""DELETED"", ""no_follow"": true, ""author"": ""[deleted]"", ""can_mod_post"": false, ""send_replies"": true, ""parent_id"": ""t1_owvwbir"", ""score"": 1, ""approved_by"": null, ""report_reasons"": null, ""all_awardings"": [], ""subreddit_id"": ""t5_fqqzab"", ""body"": ""[removed]"", ""edited"": false, ""downs"": 0, ""author_flair_css_class"": null, ""collapsed"": true, ""is_submitter"": false, ""body_html"": ""&lt;div class=\""md\""&gt;&lt;p&gt;[removed]&lt;/p&gt;\n&lt;/div&gt;"", ""gildings"": {}, ""collapsed_reason"": null, ""associated_award"": null, ""stickied"": false, ""subreddit_type"": ""public"", ""can_gild"": false, ""top_awarded_type"": null, ""unrepliable_reason"": null, ""author_flair_text_color"": ""dark"", ""score_hidden"": false, ""permalink"": ""/r/MyntraSucks/comments/1utdtl4/life_is_worth_livinnn_myntra_god_blessed_me/owx21mz/"", ""num_reports"": null, ""locked"": false, ""name"": ""t1_owx21mz"", ""created"": 1783786946.0, ""subreddit"": ""MyntraSucks"", ""author_flair_text"": null, ""treatment_tags"": [], ""created_utc"": 1783786946.0, ""subreddit_name_prefixed"": ""r/MyntraSucks"", ""controversiality"": 0, ""depth"": 3, ""author_flair_background_color"": """", ""collapsed_because_crowd_control"": null, ""mod_reports"": [], ""mod_note"": null, ""distinguished"": null}}], ""before"": null}}, ""user_reports"": [], ""saved"": false, ""id"": ""owvwbir"", ""banned_at_utc"": null, ""mod_reason_title"": null, ""gilded"": 0, ""archived"": false, ""collapsed_reason_code"": null, ""no_follow"": true, ""author"": ""sriiyancee"", ""can_mod_post"": false, ""send_replies"": true, ""parent_id"": ""t1_owv5ife"", ""score"": 1, ""author_fullname"": ""t2_1rvjr70e64"", ""removal_reason"": null, ""approved_by"": null, ""mod_note"": null, ""all_awardings"": [], ""body"": ""Join the glam clan "", ""edited"": false, ""top_awarded_type"": null, ""downs"": 0, ""author_flair_css_class"": null, ""name"": ""t1_owvwbir"", ""is_submitter"": true, ""collapsed"": false, ""author_flair_richtext"": [], ""author_patreon_flair"": false, ""body_html"": ""&lt;div class=\""md\""&gt;&lt;p&gt;Join the glam clan &lt;/p&gt;\n&lt;/div&gt;"", ""gildings"": {}, ""collapsed_reason"": null, ""distinguished"": null, ""associated_award"": null, ""stickied"": false, ""author_premium"": false, ""can_gild"": false, ""link_id"": ""t3_1utdtl4"", ""unrepliable_reason"": null, ""author_flair_text_color"": null, ""score_hidden"": false, ""permalink"": ""/r/MyntraSucks/comments/1utdtl4/life_is_worth_livinnn_myntra_god_blessed_me/owvwbir/"", ""subreddit_type"": ""public"", ""locked"": false, ""report_reasons"": null, ""created"": 1783774143.0, ""author_flair_text"": null, ""treatment_tags"": [], ""created_utc"": 1783774143.0, ""subreddit_name_prefixed"": ""r/MyntraSucks"", ""controversiality"": 0, ""depth"": 2, ""author_flair_background_color"": null, ""collapsed_because_crowd_control"": null, ""mod_reports"": [], ""num_reports"": null, ""ups"": 1}}], ""before"": null}}, ""user_reports"": [], ""saved"": false, ""id"": ""owv5ife"", ""banned_at_utc"": null, ""mod_reason_title"": null, ""gilded"": 0, ""archived"": false, ""collapsed_reason_code"": ""DELETED"", ""no_follow"": true, ""author"": ""[deleted]"", ""can_mod_post"": false, ""send_replies"": true, ""parent_id"": ""t1_owv26nh"", ""score"": 1, ""approved_by"": null, ""report_reasons"": null, ""all_awardings"": [], ""subreddit_id"": ""t5_fqqzab"", ""body"": ""[removed]"", ""edited"": false, ""author_flair_css_class"": null, ""collapsed"": true, ""downs"": 0, ""is_submitter"": false, ""body_html"": ""&lt;div class=\""md\""&gt;&lt;p&gt;[removed]&lt;/p&gt;\n&lt;/div&gt;"", ""gildings"": {}, ""collapsed_reason"": null, ""associated_award"": null, ""stickied"": false, ""subreddit_type"": ""public"", ""can_gild"": false, ""top_awarded_type"": null, ""unrepliable_reason"": null, ""author_flair_text_color"": ""dark"", ""score_hidden"": false, ""permalink"": ""/r/MyntraSucks/comments/1utdtl4/life_is_worth_livinnn_myntra_god_blessed_me/owv5ife/"", ""num_reports"": null, ""locked"": false, ""name"": ""t1_owv5ife"", ""created"": 1783762354.0, ""subreddit"": ""MyntraSucks"", ""author_flair_text"": null, ""treatment_tags"": [], ""created_utc"": 1783762354.0, ""subreddit_name_prefixed"": ""r/MyntraSucks"", ""controversiality"": 0, ""depth"": 1, ""author_flair_background_color"": """", ""collapsed_because_crowd_control"": null, ""mod_reports"": [], ""mod_note"": null, ""distinguished"": null}}], ""before"": null}}, ""user_reports"": [], ""saved"": false, ""id"": ""owv26nh"", ""banned_at_utc"": null, ""mod_reason_title"": null, ""gilded"": 0, ""archived"": false, ""collapsed_reason_code"": null, ""no_follow"": true, ""author"": ""bloody_marry01"", ""can_mod_post"": false, ""created_utc"": 1783760583.0, ""send_replies"": true, ""parent_id"": ""t3_1utdtl4"", ""score"": 1, ""author_fullname"": ""t2_25059e99nx"", ""approved_by"": null, ""mod_note"": null, ""all_awardings"": [], ""collapsed"": false, ""body"": ""How. \ud83e\udd7a"", ""edited"": false, ""top_awarded_type"": null, ""author_flair_css_class"": null, ""name"": ""t1_owv26nh"", ""is_submitter"": false, ""downs"": 0, ""author_flair_richtext"": [], ""author_patreon_flair"": false, ""body_html"": ""&lt;div class=\""md\""&gt;&lt;p&gt;How. \ud83e\udd7a&lt;/p&gt;\n&lt;/div&gt;"", ""removal_reason"": null, ""collapsed_reason"": null, ""distinguished"": null, ""associated_award"": null, ""stickied"": false, ""author_premium"": false, ""can_gild"": false, ""gildings"": {}, ""unrepliable_reason"": null, ""author_flair_text_color"": null, ""score_hidden"": false, ""permalink"": ""/r/MyntraSucks/comments/1utdtl4/life_is_worth_livinnn_myntra_god_blessed_me/owv26nh/"", ""subreddit_type"": ""public"", ""locked"": false, ""report_reasons"": null, ""created"": 1783760583.0, ""author_flair_text"": null, ""treatment_tags"": [], ""link_id"": ""t3_1utdtl4"", ""subreddit_name_prefixed"": ""r/MyntraSucks"", ""controversiality"": 0, ""depth"": 0, ""author_flair_background_color"": null, ""collapsed_because_crowd_control"": null, ""mod_reports"": [], ""num_reports"": null, ""ups"": 1}}, {""kind"": ""t1"", ""data"": {""total_awards_received"": 0, ""approved_at_utc"": null, ""author_is_blocked"": false, ""comment_type"": null, ""awarders"": [], ""mod_reason_by"": null, ""banned_by"": null, ""ups"": 1, ""removal_reason"": null, ""link_id"": ""t3_1utdtl4"", ""author_flair_template_id"": null, ""likes"": null, ""replies"": {""kind"": ""Listing"", ""data"": {""after"": null, ""dist"": null, ""modhash"": ""hh64t0uhundc94956cdf3bea17c42ab711c8ffde206fbf87a4"", ""geo_filter"": """", ""children"": [{""kind"": ""t1"", ""data"": {""subreddit_id"": ""t5_fqqzab"", ""approved_at_utc"": null, ""author_is_blocked"": false, ""comment_type"": null, ""awarders"": [], ""mod_reason_by"": null, ""banned_by"": null, ""author_flair_type"": ""text"", ""total_awards_received"": 0, ""subreddit"": ""MyntraSucks"", ""author_flair_template_id"": null, ""likes"": null, ""replies"": """", ""user_reports"": [], ""saved"": false, ""id"": ""owvwewy"", ""banned_at_utc"": null, ""mod_reason_title"": null, ""gilded"": 0, ""archived"": false, ""collapsed_reason_code"": null, ""no_follow"": true, ""author"": ""sriiyancee"", ""can_mod_post"": false, ""created_utc"": 1783774177.0, ""send_replies"": true, ""parent_id"": ""t1_owv9nt5"", ""score"": 1, ""author_fullname"": ""t2_1rvjr70e64"", ""removal_reason"": null, ""approved_by"": null, ""mod_note"": null, ""all_awardings"": [], ""body"": ""Woahh! Crazyyy"", ""edited"": false, ""top_awarded_type"": null, ""author_flair_css_class"": null, ""name"": ""t1_owvwewy"", ""is_submitter"": true, ""downs"": 0, ""author_flair_richtext"": [], ""author_patreon_flair"": false, ""body_html"": ""&lt;div class=\""md\""&gt;&lt;p&gt;Woahh! Crazyyy&lt;/p&gt;\n&lt;/div&gt;"", ""gildings"": {}, ""collapsed_reason"": null, ""distinguished"": null, ""associated_award"": null, ""stickied"": false, ""author_premium"": false, ""can_gild"": false, ""link_id"": ""t3_1utdtl4"", ""unrepliable_reason"": null, ""author_flair_text_color"": null, ""score_hidden"": false, ""permalink"": ""/r/MyntraSucks/comments/1utdtl4/life_is_worth_livinnn_myntra_god_blessed_me/owvwewy/"", ""subreddit_type"": ""public"", ""locked"": false, ""report_reasons"": null, ""created"": 1783774177.0, ""author_flair_text"": null, ""treatment_tags"": [], ""collapsed"": false, ""subreddit_name_prefixed"": ""r/MyntraSucks"", ""controversiality"": 0, ""depth"": 1, ""author_flair_background_color"": null, ""collapsed_because_crowd_control"": null, ""mod_reports"": [], ""num_reports"": null, ""ups"": 1}}], ""before"": null}}, ""user_reports"": [], ""saved"": false, ""id"": ""owv9nt5"", ""banned_at_utc"": null, ""mod_reason_title"": null, ""gilded"": 0, ""archived"": false, ""collapsed_reason_code"": ""DELETED"", ""no_follow"": true, ""author"": ""[deleted]"", ""can_mod_post"": false, ""send_replies"": true, ""parent_id"": ""t3_1utdtl4"", ""score"": 1, ""approved_by"": null, ""report_reasons"": null, ""subreddit"": ""MyntraSucks"", ""all_awardings"": [], ""subreddit_id"": ""t5_fqqzab"", ""body"": ""[removed]"", ""edited"": false, ""downs"": 0, ""author_flair_css_class"": null, ""collapsed"": true, ""is_submitter"": false, ""body_html"": ""&lt;div class=\""md\""&gt;&lt;p&gt;[removed]&lt;/p&gt;\n&lt;/div&gt;"", ""gildings"": {}, ""collapsed_reason"": null, ""associated_award"": null, ""stickied"": false, ""subreddit_type"": ""public"", ""can_gild"": false, ""top_awarded_type"": null, ""unrepliable_reason"": null, ""author_flair_text_color"": ""dark"", ""score_hidden"": false, ""permalink"": ""/r/MyntraSucks/comments/1utdtl4/life_is_worth_livinnn_myntra_god_blessed_me/owv9nt5/"", ""num_reports"": null, ""locked"": false, ""name"": ""t1_owv9nt5"", ""created"": 1783764472.0, ""media_metadata"": {""u6mn5bpjrkch1"": {""status"": ""valid"", ""e"": ""Image"", ""m"": ""image/jpeg"", ""p"": [{""y"": 192, ""x"": 108, ""u"": ""https://preview.redd.it/u6mn5bpjrkch1.jpeg?width=108&amp;crop=smart&amp;auto=webp&amp;s=cee68d1a1152fad530ce85d0fb58d247eba19c95""}, {""y"": 384, ""x"": 216, ""u"": ""https://preview.redd.it/u6mn5bpjrkch1.jpeg?width=216&amp;crop=smart&amp;auto=webp&amp;s=cc8af4b60e329927c2ed3c88cde5af6771e95bf7""}, {""y"": 568, ""x"": 320, ""u"": ""https://preview.redd.it/u6mn5bpjrkch1.jpeg?width=320&amp;crop=smart&amp;auto=webp&amp;s=86b434a01c38b89cfadc1815ced7f1d31cc4fdf7""}, {""y"": 1137, ""x"": 640, ""u"": ""https://preview.redd.it/u6mn5bpjrkch1.jpeg?width=640&amp;crop=smart&amp;auto=webp&amp;s=252333993ae4284ab1fa22b803db541a8701a8a3""}, {""y"": 1706, ""x"": 960, ""u"": ""https://preview.redd.it/u6mn5bpjrkch1.jpeg?width=960&amp;crop=smart&amp;auto=webp&amp;s=9eb986c56d7d841e28a04dcb3830f71c4e6ef5ce""}, {""y"": 1920, ""x"": 1080, ""u"": ""https://preview.redd.it/u6mn5bpjrkch1.jpeg?width=1080&amp;crop=smart&amp;auto=webp&amp;s=062d5cba0162aeaed2865fa7aeb20f2e1fe716af""}], ""s"": {""y"": 3840, ""x"": 2160, ""u"": ""https://preview.redd.it/u6mn5bpjrkch1.jpeg?width=2160&amp;format=pjpg&amp;auto=webp&amp;s=3064119966b7354973265f903f36d5c46c28624f""}, ""id"": ""u6mn5bpjrkch1""}}, ""author_flair_text"": null, ""treatment_tags"": [], ""created_utc"": 1783764472.0, ""subreddit_name_prefixed"": ""r/MyntraSucks"", ""controversiality"": 0, ""depth"": 0, ""author_flair_background_color"": """", ""collapsed_because_crowd_control"": null, ""mod_reports"": [], ""mod_note"": null, ""distinguished"": null}}, {""kind"": ""t1"", ""data"": {""subreddit_id"": ""t5_fqqzab"", ""approved_at_utc"": null, ""author_is_blocked"": false, ""comment_type"": null, ""awarders"": [], ""mod_reason_by"": null, ""banned_by"": null, ""author_flair_type"": ""text"", ""total_awards_received"": 0, ""subreddit"": ""MyntraSucks"", ""author_flair_template_id"": null, ""likes"": null, ""replies"": {""kind"": ""Listing"", ""data"": {""after"": null, ""dist"": null, ""modhash"": ""hh64t0uhundc94956cdf3bea17c42ab711c8ffde206fbf87a4"", ""geo_filter"": """", ""children"": [{""kind"": ""t1"", ""data"": {""subreddit_id"": ""t5_fqqzab"", ""approved_at_utc"": null, ""author_is_blocked"": false, ""comment_type"": null, ""awarders"": [], ""mod_reason_by"": null, ""banned_by"": null, ""author_flair_type"": ""text"", ""total_awards_received"": 0, ""subreddit"": ""MyntraSucks"", ""author_flair_template_id"": null, ""likes"": null, ""replies"": """", ""user_reports"": [], ""saved"": false, ""id"": ""owvw96b"", ""banned_at_utc"": null, ""mod_reason_title"": null, ""gilded"": 0, ""archived"": false, ""collapsed_reason_code"": null, ""no_follow"": true, ""author"": ""sriiyancee"", ""can_mod_post"": false, ""created_utc"": 1783774120.0, ""send_replies"": true, ""parent_id"": ""t1_owvorhe"", ""score"": 1, ""author_fullname"": ""t2_1rvjr70e64"", ""removal_reason"": null, ""approved_by"": null, ""mod_note"": null, ""all_awardings"": [], ""body"": ""True that"", ""edited"": false, ""top_awarded_type"": null, ""author_flair_css_class"": null, ""name"": ""t1_owvw96b"", ""is_submitter"": true, ""downs"": 0, ""author_flair_richtext"": [], ""author_patreon_flair"": false, ""body_html"": ""&lt;div class=\""md\""&gt;&lt;p&gt;True that&lt;/p&gt;\n&lt;/div&gt;"", ""gildings"": {}, ""collapsed_reason"": null, ""distinguished"": null, ""associated_award"": null, ""stickied"": false, ""author_premium"": false, ""can_gild"": false, ""link_id"": ""t3_1utdtl4"", ""unrepliable_reason"": null, ""author_flair_text_color"": null, ""score_hidden"": false, ""permalink"": ""/r/MyntraSucks/comments/1utdtl4/life_is_worth_livinnn_myntra_god_blessed_me/owvw96b/"", ""subreddit_type"": ""public"", ""locked"": false, ""report_reasons"": null, ""created"": 1783774120.0, ""author_flair_text"": null, ""treatment_tags"": [], ""collapsed"": false, ""subreddit_name_prefixed"": ""r/MyntraSucks"", ""controversiality"": 0, ""depth"": 1, ""author_flair_background_color"": null, ""collapsed_because_crowd_control"": null, ""mod_reports"": [], ""num_reports"": null, ""ups"": 1}}, {""kind"": ""t1"", ""data"": {""subreddit_id"": ""t5_fqqzab"", ""approved_at_utc"": null, ""author_is_blocked"": false, ""comment_type"": null, ""awarders"": [], ""mod_reason_by"": null, ""banned_by"": null, ""author_flair_type"": ""text"", ""total_awards_received"": 0, ""subreddit"": ""MyntraSucks"", ""author_flair_template_id"": null, ""likes"": null, ""replies"": """", ""user_reports"": [], ""saved"": false, ""id"": ""ox1oie1"", ""banned_at_utc"": null, ""mod_reason_title"": null, ""gilded"": 0, ""archived"": false, ""collapsed_reason_code"": null, ""no_follow"": true, ""author"": ""Indiansexygirl"", ""can_mod_post"": false, ""created_utc"": 1783843179.0, ""send_replies"": true, ""parent_id"": ""t1_owvorhe"", ""score"": 1, ""author_fullname"": ""t2_ukswxzj7"", ""removal_reason"": null, ""approved_by"": null, ""mod_note"": null, ""all_awardings"": [], ""body"": ""Thanks lol. This person is being so cryptic "", ""edited"": false, ""top_awarded_type"": null, ""author_flair_css_class"": null, ""name"": ""t1_ox1oie1"", ""is_submitter"": false, ""downs"": 0, ""author_flair_richtext"": [], ""author_patreon_flair"": false, ""body_html"": ""&lt;div class=\""md\""&gt;&lt;p&gt;Thanks lol. This person is being so cryptic &lt;/p&gt;\n&lt;/div&gt;"", ""gildings"": {}, ""collapsed_reason"": null, ""distinguished"": null, ""associated_award"": null, ""stickied"": false, ""author_premium"": false, ""can_gild"": false, ""link_id"": ""t3_1utdtl4"", ""unrepliable_reason"": null, ""author_flair_text_color"": null, ""score_hidden"": false, ""permalink"": ""/r/MyntraSucks/comments/1utdtl4/life_is_worth_livinnn_myntra_god_blessed_me/ox1oie1/"", ""subreddit_type"": ""public"", ""locked"": false, ""report_reasons"": null, ""created"": 1783843179.0, ""author_flair_text"": null, ""treatment_tags"": [], ""collapsed"": false, ""subreddit_name_prefixed"": ""r/MyntraSucks"", ""controversiality"": 0, ""depth"": 1, ""author_flair_background_color"": null, ""collapsed_because_crowd_control"": null, ""mod_reports"": [], ""num_reports"": null, ""ups"": 1}}], ""before"": null}}, ""user_reports"": [], ""saved"": false, ""id"": ""owvorhe"", ""banned_at_utc"": null, ""mod_reason_title"": null, ""gilded"": 0, ""archived"": false, ""collapsed_reason_code"": null, ""no_follow"": true, ""author"": ""summer_bro"", ""can_mod_post"": false, ""created_utc"": 1783771307.0, ""send_replies"": true, ""parent_id"": ""t3_1utdtl4"", ""score"": 1, ""author_fullname"": ""t2_1r0hkgm5ry"", ""approved_by"": null, ""mod_note"": null, ""all_awardings"": [], ""collapsed"": false, ""body"": ""Those who are unable to understand it's basically about reviewing the products u buy with pic and video . So they credit myncash on behalf your review approval "", ""edited"": false, ""top_awarded_type"": null, ""author_flair_css_class"": null, ""name"": ""t1_owvorhe"", ""is_submitter"": false, ""downs"": 0, ""author_flair_richtext"": [], ""author_patreon_flair"": false, ""body_html"": ""&lt;div class=\""md\""&gt;&lt;p&gt;Those who are unable to understand it&amp;#39;s basically about reviewing the products u buy with pic and video . So they credit myncash on behalf your review approval &lt;/p&gt;\n&lt;/div&gt;"", ""removal_reason"": null, ""collapsed_reason"": null, ""distinguished"": null, ""associated_award"": null, ""stickied"": false, ""author_premium"": false, ""can_gild"": false, ""gildings"": {}, ""unrepliable_reason"": null, ""author_flair_text_color"": null, ""score_hidden"": false, ""permalink"": ""/r/MyntraSucks/comments/1utdtl4/life_is_worth_livinnn_myntra_god_blessed_me/owvorhe/"", ""subreddit_type"": ""public"", ""locked"": false, ""report_reasons"": null, ""created"": 1783771307.0, ""author_flair_text"": null, ""treatment_tags"": [], ""link_id"": ""t3_1utdtl4"", ""subreddit_name_prefixed"": ""r/MyntraSucks"", ""controversiality"": 0, ""depth"": 0, ""author_flair_background_color"": null, ""collapsed_because_crowd_control"": null, ""mod_reports"": [], ""num_reports"": null, ""ups"": 1}}, {""kind"": ""t1"", ""data"": {""subreddit_id"": ""t5_fqqzab"", ""approved_at_utc"": null, ""author_is_blocked"": false, ""comment_type"": null, ""awarders"": [], ""mod_reason_by"": null, ""banned_by"": null, ""author_flair_type"": ""text"", ""total_awards_received"": 0, ""subreddit"": ""MyntraSucks"", ""author_flair_template_id"": null, ""likes"": null, ""replies"": {""kind"": ""Listing"", ""data"": {""after"": null, ""dist"": null, ""modhash"": ""hh64t0uhundc94956cdf3bea17c42ab711c8ffde206fbf87a4"", ""geo_filter"": """", ""children"": [{""kind"": ""t1"", ""data"": {""subreddit_id"": ""t5_fqqzab"", ""approved_at_utc"": null, ""author_is_blocked"": false, ""comment_type"": null, ""awarders"": [], ""mod_reason_by"": null, ""banned_by"": null, ""author_flair_type"": ""text"", ""total_awards_received"": 0, ""subreddit"": ""MyntraSucks"", ""author_flair_template_id"": null, ""likes"": null, ""replies"": {""kind"": ""Listing"", ""data"": {""after"": null, ""dist"": null, ""modhash"": ""hh64t0uhundc94956cdf3bea17c42ab711c8ffde206fbf87a4"", ""geo_filter"": """", ""children"": [{""kind"": ""t1"", ""data"": {""subreddit_id"": ""t5_fqqzab"", ""approved_at_utc"": null, ""author_is_blocked"": false, ""comment_type"": null, ""awarders"": [], ""mod_reason_by"": null, ""banned_by"": null, ""author_flair_type"": ""text"", ""total_awards_received"": 0, ""subreddit"": ""MyntraSucks"", ""author_flair_template_id"": null, ""likes"": null, ""replies"": {""kind"": ""Listing"", ""data"": {""after"": null, ""dist"": null, ""modhash"": ""hh64t0uhundc94956cdf3bea17c42ab711c8ffde206fbf87a4"", ""geo_filter"": """", ""children"": [{""kind"": ""t1"", ""data"": {""subreddit_id"": ""t5_fqqzab"", ""approved_at_utc"": null, ""author_is_blocked"": false, ""comment_type"": null, ""awarders"": [], ""mod_reason_by"": null, ""banned_by"": null, ""author_flair_type"": ""text"", ""total_awards_received"": 0, ""subreddit"": ""MyntraSucks"", ""author_flair_template_id"": null, ""likes"": null, ""replies"": {""kind"": ""Listing"", ""data"": {""after"": null, ""dist"": null, ""modhash"": ""hh64t0uhundc94956cdf3bea17c42ab711c8ffde206fbf87a4"", ""geo_filter"": """", ""children"": [{""kind"": ""t1"", ""data"": {""subreddit_id"": ""t5_fqqzab"", ""approved_at_utc"": null, ""author_is_blocked"": false, ""comment_type"": null, ""awarders"": [], ""mod_reason_by"": null, ""banned_by"": null, ""author_flair_type"": ""text"", ""total_awards_received"": 0, ""subreddit"": ""MyntraSucks"", ""author_flair_template_id"": null, ""distinguished"": null, ""likes"": null, ""replies"": """", ""user_reports"": [], ""saved"": false, ""id"": ""owwd4h2"", ""banned_at_utc"": null, ""mod_reason_title"": null, ""gilded"": 0, ""archived"": false, ""collapsed_reason_code"": null, ""no_follow"": true, ""author"": ""nishu_07"", ""can_mod_post"": false, ""send_replies"": true, ""parent_id"": ""t1_owwcsup"", ""score"": 2, ""author_fullname"": ""t2_gcbf52t4"", ""removal_reason"": null, ""approved_by"": null, ""mod_note"": null, ""all_awardings"": [], ""body"": ""welcome \ud83d\ude01"", ""edited"": false, ""author_flair_css_class"": null, ""name"": ""t1_owwd4h2"", ""is_submitter"": false, ""downs"": 0, ""author_flair_richtext"": [], ""author_patreon_flair"": false, ""body_html"": ""&lt;div class=\""md\""&gt;&lt;p&gt;welcome \ud83d\ude01&lt;/p&gt;\n&lt;/div&gt;"", ""gildings"": {}, ""collapsed_reason"": null, ""link_id"": ""t3_1utdtl4"", ""associated_award"": null, ""stickied"": false, ""author_premium"": false, ""can_gild"": false, ""top_awarded_type"": null, ""unrepliable_reason"": null, ""author_flair_text_color"": null, ""treatment_tags"": [], ""score_hidden"": false, ""permalink"": ""/r/MyntraSucks/comments/1utdtl4/life_is_worth_livinnn_myntra_god_blessed_me/owwd4h2/"", ""subreddit_type"": ""public"", ""locked"": false, ""report_reasons"": null, ""created"": 1783779658.0, ""author_flair_text"": null, ""collapsed"": false, ""created_utc"": 1783779658.0, ""subreddit_name_prefixed"": ""r/MyntraSucks"", ""controversiality"": 0, ""depth"": 4, ""author_flair_background_color"": null, ""collapsed_because_crowd_control"": null, ""mod_reports"": [], ""num_reports"": null, ""ups"": 2}}], ""before"": null}}, ""user_reports"": [], ""saved"": false, ""id"": ""owwcsup"", ""banned_at_utc"": null, ""mod_reason_title"": null, ""gilded"": 0, ""archived"": false, ""collapsed_reason_code"": null, ""no_follow"": true, ""author"": ""sriiyancee"", ""can_mod_post"": false, ""send_replies"": true, ""parent_id"": ""t1_owwchk2"", ""score"": 1, ""author_fullname"": ""t2_1rvjr70e64"", ""removal_reason"": null, ""approved_by"": null, ""mod_note"": null, ""all_awardings"": [], ""collapsed"": false, ""body"": ""alrightttt! thankyouu"", ""edited"": false, ""top_awarded_type"": null, ""author_flair_css_class"": null, ""name"": ""t1_owwcsup"", ""is_submitter"": true, ""downs"": 0, ""author_flair_richtext"": [], ""author_patreon_flair"": false, ""body_html"": ""&lt;div class=\""md\""&gt;&lt;p&gt;alrightttt! thankyouu&lt;/p&gt;\n&lt;/div&gt;"", ""gildings"": {}, ""collapsed_reason"": null, ""distinguished"": null, ""associated_award"": null, ""stickied"": false, ""author_premium"": false, ""can_gild"": false, ""link_id"": ""t3_1utdtl4"", ""unrepliable_reason"": null, ""author_flair_text_color"": null, ""score_hidden"": false, ""permalink"": ""/r/MyntraSucks/comments/1utdtl4/life_is_worth_livinnn_myntra_god_blessed_me/owwcsup/"", ""subreddit_type"": ""public"", ""locked"": false, ""report_reasons"": null, ""created"": 1783779557.0, ""author_flair_text"": null, ""treatment_tags"": [], ""created_utc"": 1783779557.0, ""subreddit_name_prefixed"": ""r/MyntraSucks"", ""controversiality"": 0, ""depth"": 3, ""author_flair_background_color"": null, ""collapsed_because_crowd_control"": null, ""mod_reports"": [], ""num_reports"": null, ""ups"": 1}}], ""before"": null}}, ""user_reports"": [], ""saved"": false, ""id"": ""owwchk2"", ""banned_at_utc"": null, ""mod_reason_title"": null, ""gilded"": 0, ""archived"": false, ""collapsed_reason_code"": null, ""no_follow"": true, ""author"": ""nishu_07"", ""can_mod_post"": false, ""send_replies"": true, ""parent_id"": ""t1_owwc3id"", ""score"": 1, ""author_fullname"": ""t2_gcbf52t4"", ""removal_reason"": null, ""approved_by"": null, ""mod_note"": null, ""all_awardings"": [], ""body"": ""tonymoly sheet mask.. \n\nagar chaho toh iski jagah tum wild turmeric,  chandan powder le sakte ho face pack ke liye yh zda benefits dega"", ""edited"": false, ""top_awarded_type"": null, ""downs"": 0, ""author_flair_css_class"": null, ""name"": ""t1_owwchk2"", ""is_submitter"": false, ""collapsed"": false, ""author_flair_richtext"": [], ""author_patreon_flair"": false, ""body_html"": ""&lt;div class=\""md\""&gt;&lt;p&gt;tonymoly sheet mask.. &lt;/p&gt;\n\n&lt;p&gt;agar chaho toh iski jagah tum wild turmeric,  chandan powder le sakte ho face pack ke liye yh zda benefits dega&lt;/p&gt;\n&lt;/div&gt;"", ""gildings"": {}, ""collapsed_reason"": null, ""distinguished"": null, ""associated_award"": null, ""stickied"": false, ""author_premium"": false, ""can_gild"": false, ""link_id"": ""t3_1utdtl4"", ""unrepliable_reason"": null, ""author_flair_text_color"": null, ""score_hidden"": false, ""permalink"": ""/r/MyntraSucks/comments/1utdtl4/life_is_worth_livinnn_myntra_god_blessed_me/owwchk2/"", ""subreddit_type"": ""public"", ""locked"": false, ""report_reasons"": null, ""created"": 1783779460.0, ""author_flair_text"": null, ""treatment_tags"": [], ""created_utc"": 1783779460.0, ""subreddit_name_prefixed"": ""r/MyntraSucks"", ""controversiality"": 0, ""depth"": 2, ""author_flair_background_color"": null, ""collapsed_because_crowd_control"": null, ""mod_reports"": [], ""num_reports"": null, ""ups"": 1}}], ""before"": null}}, ""user_reports"": [], ""saved"": false, ""id"": ""owwc3id"", ""banned_at_utc"": null, ""mod_reason_title"": null, ""gilded"": 0, ""archived"": false, ""collapsed_reason_code"": null, ""no_follow"": true, ""author"": ""sriiyancee"", ""can_mod_post"": false, ""created_utc"": 1783779338.0, ""send_replies"": true, ""parent_id"": ""t1_owwbu5b"", ""score"": 1, ""author_fullname"": ""t2_1rvjr70e64"", ""removal_reason"": null, ""approved_by"": null, ""mod_note"": null, ""all_awardings"": [], ""body"": ""any recommendations for sheet masks? "", ""edited"": false, ""top_awarded_type"": null, ""author_flair_css_class"": null, ""name"": ""t1_owwc3id"", ""is_submitter"": true, ""downs"": 0, ""author_flair_richtext"": [], ""author_patreon_flair"": false, ""body_html"": ""&lt;div class=\""md\""&gt;&lt;p&gt;any recommendations for sheet masks? &lt;/p&gt;\n&lt;/div&gt;"", ""gildings"": {}, ""collapsed_reason"": null, ""distinguished"": null, ""associated_award"": null, ""stickied"": false, ""author_premium"": false, ""can_gild"": false, ""link_id"": ""t3_1utdtl4"", ""unrepliable_reason"": null, ""author_flair_text_color"": null, ""score_hidden"": false, ""permalink"": ""/r/MyntraSucks/comments/1utdtl4/life_is_worth_livinnn_myntra_god_blessed_me/owwc3id/"", ""subreddit_type"": ""public"", ""locked"": false, ""report_reasons"": null, ""created"": 1783779338.0, ""author_flair_text"": null, ""treatment_tags"": [], ""collapsed"": false, ""subreddit_name_prefixed"": ""r/MyntraSucks"", ""controversiality"": 0, ""depth"": 1, ""author_flair_background_color"": null, ""collapsed_because_crowd_control"": null, ""mod_reports"": [], ""num_reports"": null, ""ups"": 1}}], ""before"": null}}, ""user_reports"": [], ""saved"": false, ""id"": ""owwbu5b"", ""banned_at_utc"": null, ""mod_reason_title"": null, ""gilded"": 0, ""archived"": false, ""collapsed_reason_code"": null, ""no_follow"": true, ""author"": ""nishu_07"", ""can_mod_post"": false, ""created_utc"": 1783779257.0, ""send_replies"": true, ""parent_id"": ""t3_1utdtl4"", ""score"": 1, ""author_fullname"": ""t2_gcbf52t4"", ""approved_by"": null, ""mod_note"": null, ""all_awardings"": [], ""collapsed"": false, ""body"": ""sunscreen, serum, sheet mask lelo "", ""edited"": false, ""top_awarded_type"": null, ""author_flair_css_class"": null, ""name"": ""t1_owwbu5b"", ""is_submitter"": false, ""downs"": 0, ""author_flair_richtext"": [], ""author_patreon_flair"": false, ""body_html"": ""&lt;div class=\""md\""&gt;&lt;p&gt;sunscreen, serum, sheet mask lelo &lt;/p&gt;\n&lt;/div&gt;"", ""removal_reason"": null, ""collapsed_reason"": null, ""distinguished"": null, ""associated_award"": null, ""stickied"": false, ""author_premium"": false, ""can_gild"": false, ""gildings"": {}, ""unrepliable_reason"": null, ""author_flair_text_color"": null, ""score_hidden"": false, ""permalink"": ""/r/MyntraSucks/comments/1utdtl4/life_is_worth_livinnn_myntra_god_blessed_me/owwbu5b/"", ""subreddit_type"": ""public"", ""locked"": false, ""report_reasons"": null, ""created"": 1783779257.0, ""author_flair_text"": null, ""treatment_tags"": [], ""link_id"": ""t3_1utdtl4"", ""subreddit_name_prefixed"": ""r/MyntraSucks"", ""controversiality"": 0, ""depth"": 0, ""author_flair_background_color"": null, ""collapsed_because_crowd_control"": null, ""mod_reports"": [], ""num_reports"": null, ""ups"": 1}}, {""kind"": ""t1"", ""data"": {""subreddit_id"": ""t5_fqqzab"", ""approved_at_utc"": null, ""author_is_blocked"": false, ""comment_type"": null, ""awarders"": [], ""mod_reason_by"": null, ""banned_by"": null, ""author_flair_type"": ""text"", ""total_awards_received"": 0, ""subreddit"": ""MyntraSucks"", ""author_flair_template_id"": null, ""likes"": null, ""replies"": {""kind"": ""Listing"", ""data"": {""after"": null, ""dist"": null, ""modhash"": ""hh64t0uhundc94956cdf3bea17c42ab711c8ffde206fbf87a4"", ""geo_filter"": """", ""children"": [{""kind"": ""t1"", ""data"": {""subreddit_id"": ""t5_fqqzab"", ""approved_at_utc"": null, ""author_is_blocked"": false, ""comment_type"": null, ""awarders"": [], ""mod_reason_by"": null, ""banned_by"": null, ""author_flair_type"": ""text"", ""total_awards_received"": 0, ""subreddit"": ""MyntraSucks"", ""author_flair_template_id"": null, ""likes"": null, ""replies"": """", ""user_reports"": [], ""saved"": false, ""id"": ""owwcxff"", ""banned_at_utc"": null, ""mod_reason_title"": null, ""gilded"": 0, ""archived"": false, ""collapsed_reason_code"": null, ""no_follow"": true, ""author"": ""sriiyancee"", ""can_mod_post"": false, ""created_utc"": 1783779596.0, ""send_replies"": true, ""parent_id"": ""t1_owwc3hw"", ""score"": 1, ""author_fullname"": ""t2_1rvjr70e64"", ""removal_reason"": null, ""approved_by"": null, ""mod_note"": null, ""all_awardings"": [], ""body"": ""Girll \ud83d\ude4c\ud83c\udffb\ud83d\ude4c\ud83c\udffb"", ""edited"": false, ""top_awarded_type"": null, ""author_flair_css_class"": null, ""name"": ""t1_owwcxff"", ""is_submitter"": true, ""downs"": 0, ""author_flair_richtext"": [], ""author_patreon_flair"": false, ""body_html"": ""&lt;div class=\""md\""&gt;&lt;p&gt;Girll \ud83d\ude4c\ud83c\udffb\ud83d\ude4c\ud83c\udffb&lt;/p&gt;\n&lt;/div&gt;"", ""gildings"": {}, ""collapsed_reason"": null, ""distinguished"": null, ""associated_award"": null, ""stickied"": false, ""author_premium"": false, ""can_gild"": false, ""link_id"": ""t3_1utdtl4"", ""unrepliable_reason"": null, ""author_flair_text_color"": null, ""score_hidden"": false, ""permalink"": ""/r/MyntraSucks/comments/1utdtl4/life_is_worth_livinnn_myntra_god_blessed_me/owwcxff/"", ""subreddit_type"": ""public"", ""locked"": false, ""report_reasons"": null, ""created"": 1783779596.0, ""author_flair_text"": null, ""treatment_tags"": [], ""collapsed"": false, ""subreddit_name_prefixed"": ""r/MyntraSucks"", ""controversiality"": 0, ""depth"": 1, ""author_flair_background_color"": null, ""collapsed_because_crowd_control"": null, ""mod_reports"": [], ""num_reports"": null, ""ups"": 1}}, {""kind"": ""t1"", ""data"": {""subreddit_id"": ""t5_fqqzab"", ""approved_at_utc"": null, ""author_is_blocked"": false, ""comment_type"": null, ""awarders"": [], ""mod_reason_by"": null, ""banned_by"": null, ""author_flair_type"": ""text"", ""total_awards_received"": 0, ""subreddit"": ""MyntraSucks"", ""author_flair_template_id"": null, ""likes"": null, ""replies"": {""kind"": ""Listing"", ""data"": {""after"": null, ""dist"": null, ""modhash"": ""hh64t0uhundc94956cdf3bea17c42ab711c8ffde206fbf87a4"", ""geo_filter"": """", ""children"": [{""kind"": ""t1"", ""data"": {""subreddit_id"": ""t5_fqqzab"", ""approved_at_utc"": null, ""author_is_blocked"": false, ""comment_type"": null, ""awarders"": [], ""mod_reason_by"": null, ""banned_by"": null, ""author_flair_type"": ""text"", ""total_awards_received"": 0, ""subreddit"": ""MyntraSucks"", ""author_flair_template_id"": null, ""likes"": null, ""replies"": """", ""user_reports"": [], ""saved"": false, ""id"": ""ox19pz2"", ""banned_at_utc"": null, ""mod_reason_title"": null, ""gilded"": 0, ""archived"": false, ""collapsed_reason_code"": null, ""no_follow"": true, ""author"": ""nishu_07"", ""can_mod_post"": false, ""send_replies"": true, ""parent_id"": ""t1_owz5u4y"", ""score"": 1, ""author_fullname"": ""t2_gcbf52t4"", ""removal_reason"": null, ""approved_by"": null, ""mod_note"": null, ""all_awardings"": [], ""body"": ""what do u mean? "", ""edited"": false, ""top_awarded_type"": null, ""downs"": 0, ""author_flair_css_class"": null, ""name"": ""t1_ox19pz2"", ""is_submitter"": false, ""collapsed"": false, ""author_flair_richtext"": [], ""author_patreon_flair"": false, ""body_html"": ""&lt;div class=\""md\""&gt;&lt;p&gt;what do u mean? &lt;/p&gt;\n&lt;/div&gt;"", ""gildings"": {}, ""collapsed_reason"": null, ""distinguished"": null, ""associated_award"": null, ""stickied"": false, ""author_premium"": false, ""can_gild"": false, ""link_id"": ""t3_1utdtl4"", ""unrepliable_reason"": null, ""author_flair_text_color"": null, ""score_hidden"": false, ""permalink"": ""/r/MyntraSucks/comments/1utdtl4/life_is_worth_livinnn_myntra_god_blessed_me/ox19pz2/"", ""subreddit_type"": ""public"", ""locked"": false, ""report_reasons"": null, ""created"": 1783835930.0, ""author_flair_text"": null, ""treatment_tags"": [], ""created_utc"": 1783835930.0, ""subreddit_name_prefixed"": ""r/MyntraSucks"", ""controversiality"": 0, ""depth"": 2, ""author_flair_background_color"": null, ""collapsed_because_crowd_control"": null, ""mod_reports"": [], ""num_reports"": null, ""ups"": 1}}], ""before"": null}}, ""user_reports"": [], ""saved"": false, ""id"": ""owz5u4y"", ""banned_at_utc"": null, ""mod_reason_title"": null, ""gilded"": 0, ""archived"": false, ""collapsed_reason_code"": null, ""no_follow"": true, ""author"": ""Aromatic_Slide_4502"", ""can_mod_post"": false, ""created_utc"": 1783809303.0, ""send_replies"": true, ""parent_id"": ""t1_owwc3hw"", ""score"": 1, ""author_fullname"": ""t2_tov3oiww"", ""removal_reason"": null, ""approved_by"": null, ""mod_note"": null, ""all_awardings"": [], ""body"": ""Are the image posts the amount of images you\u2019re posting? 175,150 are a lot so it cant be that na"", ""edited"": false, ""top_awarded_type"": null, ""author_flair_css_class"": null, ""name"": ""t1_owz5u4y"", ""is_submitter"": false, ""downs"": 0, ""author_flair_richtext"": [], ""author_patreon_flair"": false, ""body_html"": ""&lt;div class=\""md\""&gt;&lt;p&gt;Are the image posts the amount of images you\u2019re posting? 175,150 are a lot so it cant be that na&lt;/p&gt;\n&lt;/div&gt;"", ""gildings"": {}, ""collapsed_reason"": null, ""distinguished"": null, ""associated_award"": null, ""stickied"": false, ""author_premium"": false, ""can_gild"": false, ""link_id"": ""t3_1utdtl4"", ""unrepliable_reason"": null, ""author_flair_text_color"": null, ""score_hidden"": false, ""permalink"": ""/r/MyntraSucks/comments/1utdtl4/life_is_worth_livinnn_myntra_god_blessed_me/owz5u4y/"", ""subreddit_type"": ""public"", ""locked"": false, ""report_reasons"": null, ""created"": 1783809303.0, ""author_flair_text"": null, ""treatment_tags"": [], ""collapsed"": false, ""subreddit_name_prefixed"": ""r/MyntraSucks"", ""controversiality"": 0, ""depth"": 1, ""author_flair_background_color"": null, ""collapsed_because_crowd_control"": null, ""mod_reports"": [], ""num_reports"": null, ""ups"": 1}}], ""before"": null}}, ""user_reports"": [], ""saved"": false, ""id"": ""owwc3hw"", ""banned_at_utc"": null, ""mod_reason_title"": null, ""gilded"": 0, ""archived"": false, ""collapsed_reason_code"": null, ""no_follow"": true, ""author"": ""nishu_07"", ""can_mod_post"": false, ""created_utc"": 1783779338.0, ""send_replies"": true, ""parent_id"": ""t3_1utdtl4"", ""score"": 1, ""author_fullname"": ""t2_gcbf52t4"", ""approved_by"": null, ""mod_note"": null, ""all_awardings"": [], ""collapsed"": false, ""body"": ""heheh\n\nhttps://preview.redd.it/bd1hgbbszlch1.jpeg?width=1080&amp;format=pjpg&amp;auto=webp&amp;s=067b281070706578e1d003ebe685d49fb469c1b2"", ""edited"": false, ""top_awarded_type"": null, ""author_flair_css_class"": null, ""name"": ""t1_owwc3hw"", ""is_submitter"": false, ""downs"": 0, ""author_flair_richtext"": [], ""author_patreon_flair"": false, ""body_html"": ""&lt;div class=\""md\""&gt;&lt;p&gt;heheh&lt;/p&gt;\n\n&lt;p&gt;&lt;a href=\""https://preview.redd.it/bd1hgbbszlch1.jpeg?width=1080&amp;amp;format=pjpg&amp;amp;auto=webp&amp;amp;s=067b281070706578e1d003ebe685d49fb469c1b2\""&gt;https://preview.redd.it/bd1hgbbszlch1.jpeg?width=1080&amp;amp;format=pjpg&amp;amp;auto=webp&amp;amp;s=067b281070706578e1d003ebe685d49fb469c1b2&lt;/a&gt;&lt;/p&gt;\n&lt;/div&gt;"", ""removal_reason"": null, ""collapsed_reason"": null, ""distinguished"": null, ""associated_award"": null, ""stickied"": false, ""author_premium"": false, ""can_gild"": false, ""gildings"": {}, ""unrepliable_reason"": null, ""author_flair_text_color"": null, ""score_hidden"": false, ""permalink"": ""/r/MyntraSucks/comments/1utdtl4/life_is_worth_livinnn_myntra_god_blessed_me/owwc3hw/"", ""subreddit_type"": ""public"", ""locked"": false, ""report_reasons"": null, ""created"": 1783779338.0, ""media_metadata"": {""bd1hgbbszlch1"": {""status"": ""valid"", ""e"": ""Image"", ""m"": ""image/jpeg"", ""p"": [{""y"": 216, ""x"": 108, ""u"": ""https://preview.redd.it/bd1hgbbszlch1.jpeg?width=108&amp;crop=smart&amp;auto=webp&amp;s=c3cee02023f500d52e322317ed4ab13fc2a090ba""}, {""y"": 432, ""x"": 216, ""u"": ""https://preview.redd.it/bd1hgbbszlch1.jpeg?width=216&amp;crop=smart&amp;auto=webp&amp;s=d4cd0b7868ed542731a886e2223ed0e0d2c1da02""}, {""y"": 640, ""x"": 320, ""u"": ""https://preview.redd.it/bd1hgbbszlch1.jpeg?width=320&amp;crop=smart&amp;auto=webp&amp;s=3b8dcff7b892f36553ac5c0c0813970adde4e773""}, {""y"": 1280, ""x"": 640, ""u"": ""https://preview.redd.it/bd1hgbbszlch1.jpeg?width=640&amp;crop=smart&amp;auto=webp&amp;s=aae0b67980a6e3ca061ae1d701d70c2093e6db07""}, {""y"": 1920, ""x"": 960, ""u"": ""https://preview.redd.it/bd1hgbbszlch1.jpeg?width=960&amp;crop=smart&amp;auto=webp&amp;s=dacf825ad60ca99fcafa145ed489dd40ffbfa1fc""}, {""y"": 2160, ""x"": 1080, ""u"": ""https://preview.redd.it/bd1hgbbszlch1.jpeg?width=1080&amp;crop=smart&amp;auto=webp&amp;s=a59091e8b4f87e3053b844d52908cf087f0db0b9""}], ""s"": {""y"": 2400, ""x"": 1080, ""u"": ""https://preview.redd.it/bd1hgbbszlch1.jpeg?width=1080&amp;format=pjpg&amp;auto=webp&amp;s=067b281070706578e1d003ebe685d49fb469c1b2""}, ""id"": ""bd1hgbbszlch1""}}, ""author_flair_text"": null, ""treatment_tags"": [], ""link_id"": ""t3_1utdtl4"", ""subreddit_name_prefixed"": ""r/MyntraSucks"", ""controversiality"": 0, ""depth"": 0, ""author_flair_background_color"": null, ""collapsed_because_crowd_control"": null, ""mod_reports"": [], ""num_reports"": null, ""ups"": 1}}, {""kind"": ""t1"", ""data"": {""subreddit_id"": ""t5_fqqzab"", ""approved_at_utc"": null, ""author_is_blocked"": false, ""comment_type"": null, ""awarders"": [], ""mod_reason_by"": null, ""banned_by"": null, ""author_flair_type"": ""text"", ""total_awards_received"": 0, ""subreddit"": ""MyntraSucks"", ""author_flair_template_id"": null, ""likes"": null, ""replies"": """", ""user_reports"": [], ""saved"": false, ""id"": ""ox2m7ad"", ""banned_at_utc"": null, ""mod_reason_title"": null, ""gilded"": 0, ""archived"": false, ""collapsed_reason_code"": null, ""no_follow"": true, ""author"": ""Dry-Air-4962"", ""can_mod_post"": false, ""created_utc"": 1783859200.0, ""send_replies"": true, ""parent_id"": ""t3_1utdtl4"", ""score"": 1, ""author_fullname"": ""t2_j2zfc4m7"", ""approved_by"": null, ""mod_note"": null, ""all_awardings"": [], ""collapsed"": false, ""body"": ""They looted my 7k\n\nhttps://www.reddit.com/r/LegalAdviceIndia/s/8s6O9nqZVk"", ""edited"": false, ""top_awarded_type"": null, ""author_flair_css_class"": null, ""name"": ""t1_ox2m7ad"", ""is_submitter"": false, ""downs"": 0, ""author_flair_richtext"": [], ""author_patreon_flair"": false, ""body_html"": ""&lt;div class=\""md\""&gt;&lt;p&gt;They looted my 7k&lt;/p&gt;\n\n&lt;p&gt;&lt;a href=\""https://www.reddit.com/r/LegalAdviceIndia/s/8s6O9nqZVk\""&gt;https://www.reddit.com/r/LegalAdviceIndia/s/8s6O9nqZVk&lt;/a&gt;&lt;/p&gt;\n&lt;/div&gt;"", ""removal_reason"": null, ""collapsed_reason"": null, ""distinguished"": null, ""associated_award"": null, ""stickied"": false, ""author_premium"": false, ""can_gild"": false, ""gildings"": {}, ""unrepliable_reason"": null, ""author_flair_text_color"": null, ""score_hidden"": false, ""permalink"": ""/r/MyntraSucks/comments/1utdtl4/life_is_worth_livinnn_myntra_god_blessed_me/ox2m7ad/"", ""subreddit_type"": ""public"", ""locked"": false, ""report_reasons"": null, ""created"": 1783859200.0, ""author_flair_text"": null, ""treatment_tags"": [], ""link_id"": ""t3_1utdtl4"", ""subreddit_name_prefixed"": ""r/MyntraSucks"", ""controversiality"": 0, ""depth"": 0, ""author_flair_background_color"": null, ""collapsed_because_crowd_control"": null, ""mod_reports"": [], ""num_reports"": null, ""ups"": 1}}, {""kind"": ""t1"", ""data"": {""subreddit_id"": ""t5_fqqzab"", ""approved_at_utc"": null, ""author_is_blocked"": false, ""comment_type"": null, ""awarders"": [], ""mod_reason_by"": null, ""banned_by"": null, ""author_flair_type"": ""text"", ""total_awards_received"": 0, ""subreddit"": ""MyntraSucks"", ""author_flair_template_id"": null, ""likes"": null, ""replies"": {""kind"": ""Listing"", ""data"": {""after"": null, ""dist"": null, ""modhash"": ""hh64t0uhundc94956cdf3bea17c42ab711c8ffde206fbf87a4"", ""geo_filter"": """", ""children"": [{""kind"": ""t1"", ""data"": {""subreddit_id"": ""t5_fqqzab"", ""approved_at_utc"": null, ""author_is_blocked"": false, ""comment_type"": null, ""awarders"": [], ""mod_reason_by"": null, ""banned_by"": null, ""author_flair_type"": ""text"", ""total_awards_received"": 0, ""subreddit"": ""MyntraSucks"", ""author_flair_template_id"": null, ""likes"": null, ""replies"": """", ""user_reports"": [], ""saved"": false, ""id"": ""ox86tnf"", ""banned_at_utc"": null, ""mod_reason_title"": null, ""gilded"": 0, ""archived"": false, ""collapsed_reason_code"": null, ""no_follow"": true, ""author"": ""sriiyancee"", ""can_mod_post"": false, ""created_utc"": 1783925504.0, ""send_replies"": true, ""parent_id"": ""t1_ox7icy3"", ""score"": 1, ""author_fullname"": ""t2_1rvjr70e64"", ""removal_reason"": null, ""approved_by"": null, ""mod_note"": null, ""all_awardings"": [], ""body"": ""Strongly agreee\ud83d\ude4c\ud83c\udffb"", ""edited"": false, ""top_awarded_type"": null, ""author_flair_css_class"": null, ""name"": ""t1_ox86tnf"", ""is_submitter"": true, ""downs"": 0, ""author_flair_richtext"": [], ""author_patreon_flair"": false, ""body_html"": ""&lt;div class=\""md\""&gt;&lt;p&gt;Strongly agreee\ud83d\ude4c\ud83c\udffb&lt;/p&gt;\n&lt;/div&gt;"", ""gildings"": {}, ""collapsed_reason"": null, ""distinguished"": null, ""associated_award"": null, ""stickied"": false, ""author_premium"": false, ""can_gild"": false, ""link_id"": ""t3_1utdtl4"", ""unrepliable_reason"": null, ""author_flair_text_color"": null, ""score_hidden"": false, ""permalink"": ""/r/MyntraSucks/comments/1utdtl4/life_is_worth_livinnn_myntra_god_blessed_me/ox86tnf/"", ""subreddit_type"": ""public"", ""locked"": false, ""report_reasons"": null, ""created"": 1783925504.0, ""author_flair_text"": null, ""treatment_tags"": [], ""collapsed"": false, ""subreddit_name_prefixed"": ""r/MyntraSucks"", ""controversiality"": 0, ""depth"": 1, ""author_flair_background_color"": null, ""collapsed_because_crowd_control"": null, ""mod_reports"": [], ""num_reports"": null, ""ups"": 1}}], ""before"": null}}, ""user_reports"": [], ""saved"": false, ""id"": ""ox7icy3"", ""banned_at_utc"": null, ""mod_reason_title"": null, ""gilded"": 0, ""archived"": false, ""collapsed_reason_code"": null, ""no_follow"": true, ""author"": ""whateverrrr6617"", ""can_mod_post"": false, ""created_utc"": 1783914434.0, ""send_replies"": true, ""parent_id"": ""t3_1utdtl4"", ""score"": 1, ""author_fullname"": ""t2_126eks3mei"", ""approved_by"": null, ""mod_note"": null, ""all_awardings"": [], ""collapsed"": false, ""body"": ""I had 300 haha and used it tbh glam clan is osm"", ""edited"": false, ""top_awarded_type"": null, ""author_flair_css_class"": null, ""name"": ""t1_ox7icy3"", ""is_submitter"": false, ""downs"": 0, ""author_flair_richtext"": [], ""author_patreon_flair"": false, ""body_html"": ""&lt;div class=\""md\""&gt;&lt;p&gt;I had 300 haha and used it tbh glam clan is osm&lt;/p&gt;\n&lt;/div&gt;"", ""removal_reason"": null, ""collapsed_reason"": null, ""distinguished"": null, ""associated_award"": null, ""stickied"": false, ""author_premium"": false, ""can_gild"": false, ""gildings"": {}, ""unrepliable_reason"": null, ""author_flair_text_color"": null, ""score_hidden"": false, ""permalink"": ""/r/MyntraSucks/comments/1utdtl4/life_is_worth_livinnn_myntra_god_blessed_me/ox7icy3/"", ""subreddit_type"": ""public"", ""locked"": false, ""report_reasons"": null, ""created"": 1783914434.0, ""author_flair_text"": null, ""treatment_tags"": [], ""link_id"": ""t3_1utdtl4"", ""subreddit_name_prefixed"": ""r/MyntraSucks"", ""controversiality"": 0, ""depth"": 0, ""author_flair_background_color"": null, ""collapsed_because_crowd_control"": null, ""mod_reports"": [], ""num_reports"": null, ""ups"": 1}}, {""kind"": ""t1"", ""data"": {""subreddit_id"": ""t5_fqqzab"", ""approved_at_utc"": null, ""author_is_blocked"": false, ""comment_type"": null, ""awarders"": [], ""mod_reason_by"": null, ""banned_by"": null, ""author_flair_type"": ""text"", ""total_awards_received"": 0, ""subreddit"": ""MyntraSucks"", ""author_flair_template_id"": null, ""likes"": null, ""replies"": {""kind"": ""Listing"", ""data"": {""after"": null, ""dist"": null, ""modhash"": ""hh64t0uhundc94956cdf3bea17c42ab711c8ffde206fbf87a4"", ""geo_filter"": """", ""children"": [{""kind"": ""t1"", ""data"": {""subreddit_id"": ""t5_fqqzab"", ""approved_at_utc"": null, ""author_is_blocked"": false, ""comment_type"": null, ""awarders"": [], ""mod_reason_by"": null, ""banned_by"": null, ""author_flair_type"": ""text"", ""total_awards_received"": 0, ""subreddit"": ""MyntraSucks"", ""author_flair_template_id"": null, ""likes"": null, ""replies"": """", ""user_reports"": [], ""saved"": false, ""id"": ""oxg3jtx"", ""banned_at_utc"": null, ""mod_reason_title"": null, ""gilded"": 0, ""archived"": false, ""collapsed_reason_code"": null, ""no_follow"": true, ""author"": ""sriiyancee"", ""can_mod_post"": false, ""created_utc"": 1784024134.0, ""send_replies"": true, ""parent_id"": ""t1_oxejw4r"", ""score"": 1, ""author_fullname"": ""t2_1rvjr70e64"", ""removal_reason"": null, ""approved_by"": null, ""mod_note"": null, ""all_awardings"": [], ""body"": ""good luck..i had to around somewhere around a month "", ""edited"": false, ""top_awarded_type"": null, ""author_flair_css_class"": null, ""name"": ""t1_oxg3jtx"", ""is_submitter"": true, ""downs"": 0, ""author_flair_richtext"": [], ""author_patreon_flair"": false, ""body_html"": ""&lt;div class=\""md\""&gt;&lt;p&gt;good luck..i had to around somewhere around a month &lt;/p&gt;\n&lt;/div&gt;"", ""gildings"": {}, ""collapsed_reason"": null, ""distinguished"": null, ""associated_award"": null, ""stickied"": false, ""author_premium"": false, ""can_gild"": false, ""link_id"": ""t3_1utdtl4"", ""unrepliable_reason"": null, ""author_flair_text_color"": null, ""score_hidden"": false, ""permalink"": ""/r/MyntraSucks/comments/1utdtl4/life_is_worth_livinnn_myntra_god_blessed_me/oxg3jtx/"", ""subreddit_type"": ""public"", ""locked"": false, ""report_reasons"": null, ""created"": 1784024134.0, ""author_flair_text"": null, ""treatment_tags"": [], ""collapsed"": false, ""subreddit_name_prefixed"": ""r/MyntraSucks"", ""controversiality"": 0, ""depth"": 1, ""author_flair_background_color"": null, ""collapsed_because_crowd_control"": null, ""mod_reports"": [], ""num_reports"": null, ""ups"": 1}}], ""before"": null}}, ""user_reports"": [], ""saved"": false, ""id"": ""oxejw4r"", ""banned_at_utc"": null, ""mod_reason_title"": null, ""gilded"": 0, ""archived"": false, ""collapsed_reason_code"": null, ""no_follow"": true, ""author"": ""Hot-Training-7529"", ""can_mod_post"": false, ""created_utc"": 1783998343.0, ""send_replies"": true, ""parent_id"": ""t3_1utdtl4"", ""score"": 1, ""author_fullname"": ""t2_r2jlfvl9o"", ""approved_by"": null, ""mod_note"": null, ""all_awardings"": [], ""collapsed"": false, ""body"": ""Hoping to get mine soon "", ""edited"": false, ""top_awarded_type"": null, ""author_flair_css_class"": null, ""name"": ""t1_oxejw4r"", ""is_submitter"": false, ""downs"": 0, ""author_flair_richtext"": [], ""author_patreon_flair"": false, ""body_html"": ""&lt;div class=\""md\""&gt;&lt;p&gt;Hoping to get mine soon &lt;/p&gt;\n&lt;/div&gt;"", ""removal_reason"": null, ""collapsed_reason"": null, ""distinguished"": null, ""associated_award"": null, ""stickied"": false, ""author_premium"": false, ""can_gild"": false, ""gildings"": {}, ""unrepliable_reason"": null, ""author_flair_text_color"": null, ""score_hidden"": false, ""permalink"": ""/r/MyntraSucks/comments/1utdtl4/life_is_worth_livinnn_myntra_god_blessed_me/oxejw4r/"", ""subreddit_type"": ""public"", ""locked"": false, ""report_reasons"": null, ""created"": 1783998343.0, ""author_flair_text"": null, ""treatment_tags"": [], ""link_id"": ""t3_1utdtl4"", ""subreddit_name_prefixed"": ""r/MyntraSucks"", ""controversiality"": 0, ""depth"": 0, ""author_flair_background_color"": null, ""collapsed_because_crowd_control"": null, ""mod_reports"": [], ""num_reports"": null, ""ups"": 1}}, {""kind"": ""t1"", ""data"": {""subreddit_id"": ""t5_fqqzab"", ""approved_at_utc"": null, ""author_is_blocked"": false, ""comment_type"": null, ""awarders"": [], ""mod_reason_by"": null, ""banned_by"": null, ""author_flair_type"": ""text"", ""total_awards_received"": 0, ""subreddit"": ""MyntraSucks"", ""author_flair_template_id"": null, ""likes"": null, ""replies"": """", ""user_reports"": [], ""saved"": false, ""id"": ""oxfqooj"", ""banned_at_utc"": null, ""mod_reason_title"": null, ""gilded"": 0, ""archived"": false, ""collapsed_reason_code"": null, ""no_follow"": true, ""author"": ""Chill_Spectrum"", ""can_mod_post"": false, ""created_utc"": 1784017766.0, ""send_replies"": true, ""parent_id"": ""t3_1utdtl4"", ""score"": 1, ""author_fullname"": ""t2_23lpwhkdoa"", ""approved_by"": null, ""mod_note"": null, ""all_awardings"": [], ""collapsed"": false, ""body"": ""https://preview.redd.it/s19i917ro5dh1.jpeg?width=1080&amp;format=pjpg&amp;auto=webp&amp;s=cac7aa33977b62096e08e7ecb2a871a7951669de"", ""edited"": false, ""top_awarded_type"": null, ""author_flair_css_class"": null, ""name"": ""t1_oxfqooj"", ""is_submitter"": false, ""downs"": 0, ""author_flair_richtext"": [], ""author_patreon_flair"": false, ""body_html"": ""&lt;div class=\""md\""&gt;&lt;p&gt;&lt;a href=\""https://preview.redd.it/s19i917ro5dh1.jpeg?width=1080&amp;amp;format=pjpg&amp;amp;auto=webp&amp;amp;s=cac7aa33977b62096e08e7ecb2a871a7951669de\""&gt;https://preview.redd.it/s19i917ro5dh1.jpeg?width=1080&amp;amp;format=pjpg&amp;amp;auto=webp&amp;amp;s=cac7aa33977b62096e08e7ecb2a871a7951669de&lt;/a&gt;&lt;/p&gt;\n&lt;/div&gt;"", ""removal_reason"": null, ""collapsed_reason"": null, ""distinguished"": null, ""associated_award"": null, ""stickied"": false, ""author_premium"": false, ""can_gild"": false, ""gildings"": {}, ""unrepliable_reason"": null, ""author_flair_text_color"": null, ""score_hidden"": false, ""permalink"": ""/r/MyntraSucks/comments/1utdtl4/life_is_worth_livinnn_myntra_god_blessed_me/oxfqooj/"", ""subreddit_type"": ""public"", ""locked"": false, ""report_reasons"": null, ""created"": 1784017766.0, ""media_metadata"": {""s19i917ro5dh1"": {""status"": ""valid"", ""e"": ""Image"", ""m"": ""image/jpeg"", ""p"": [{""y"": 216, ""x"": 108, ""u"": ""https://preview.redd.it/s19i917ro5dh1.jpeg?width=108&amp;crop=smart&amp;auto=webp&amp;s=fe736e39c71fd24d395de82178ca01800f71c8dd""}, {""y"": 432, ""x"": 216, ""u"": ""https://preview.redd.it/s19i917ro5dh1.jpeg?width=216&amp;crop=smart&amp;auto=webp&amp;s=3939d1b08841b74ddf4bb872f1f7a05ad33a7ff4""}, {""y"": 640, ""x"": 320, ""u"": ""https://preview.redd.it/s19i917ro5dh1.jpeg?width=320&amp;crop=smart&amp;auto=webp&amp;s=dc7e1b2f0e251a4c4848ceea756f80c82df586b8""}, {""y"": 1280, ""x"": 640, ""u"": ""https://preview.redd.it/s19i917ro5dh1.jpeg?width=640&amp;crop=smart&amp;auto=webp&amp;s=758d133d9211e1477766c452ba341fc0b353e544""}, {""y"": 1920, ""x"": 960, ""u"": ""https://preview.redd.it/s19i917ro5dh1.jpeg?width=960&amp;crop=smart&amp;auto=webp&amp;s=19bc3e46f827fd02d974169ed00671826a7141cb""}, {""y"": 2160, ""x"": 1080, ""u"": ""https://preview.redd.it/s19i917ro5dh1.jpeg?width=1080&amp;crop=smart&amp;auto=webp&amp;s=07cf249ecaf0d881df9468c2d4172f9560f0ee03""}], ""s"": {""y"": 2376, ""x"": 1080, ""u"": ""https://preview.redd.it/s19i917ro5dh1.jpeg?width=1080&amp;format=pjpg&amp;auto=webp&amp;s=cac7aa33977b62096e08e7ecb2a871a7951669de""}, ""id"": ""s19i917ro5dh1""}}, ""author_flair_text"": null, ""treatment_tags"": [], ""link_id"": ""t3_1utdtl4"", ""subreddit_name_prefixed"": ""r/MyntraSucks"", ""controversiality"": 0, ""depth"": 0, ""author_flair_background_color"": null, ""collapsed_because_crowd_control"": null, ""mod_reports"": [], ""num_reports"": null, ""ups"": 1}}, {""kind"": ""t1"", ""data"": {""subreddit_id"": ""t5_fqqzab"", ""approved_at_utc"": null, ""author_is_blocked"": false, ""comment_type"": null, ""awarders"": [], ""mod_reason_by"": null, ""banned_by"": null, ""author_flair_type"": ""text"", ""total_awards_received"": 0, ""subreddit"": ""MyntraSucks"", ""author_flair_template_id"": null, ""likes"": null, ""replies"": {""kind"": ""Listing"", ""data"": {""after"": null, ""dist"": null, ""modhash"": ""hh64t0uhundc94956cdf3bea17c42ab711c8ffde206fbf87a4"", ""geo_filter"": """", ""children"": [{""kind"": ""t1"", ""data"": {""subreddit_id"": ""t5_fqqzab"", ""approved_at_utc"": null, ""author_is_blocked"": false, ""comment_type"": null, ""awarders"": [], ""mod_reason_by"": null, ""banned_by"": null, ""author_flair_type"": ""text"", ""total_awards_received"": 0, ""subreddit"": ""MyntraSucks"", ""author_flair_template_id"": null, ""likes"": null, ""replies"": """", ""user_reports"": [], ""saved"": false, ""id"": ""oxg3fos"", ""banned_at_utc"": null, ""mod_reason_title"": null, ""gilded"": 0, ""archived"": false, ""collapsed_reason_code"": null, ""no_follow"": true, ""author"": ""sriiyancee"", ""can_mod_post"": false, ""created_utc"": 1784024082.0, ""send_replies"": true, ""parent_id"": ""t1_oxg1kxi"", ""score"": 1, ""author_fullname"": ""t2_1rvjr70e64"", ""removal_reason"": null, ""approved_by"": null, ""mod_note"": null, ""all_awardings"": [], ""body"": ""such a stealll! "", ""edited"": false, ""top_awarded_type"": null, ""author_flair_css_class"": null, ""name"": ""t1_oxg3fos"", ""is_submitter"": true, ""downs"": 0, ""author_flair_richtext"": [], ""author_patreon_flair"": false, ""body_html"": ""&lt;div class=\""md\""&gt;&lt;p&gt;such a stealll! &lt;/p&gt;\n&lt;/div&gt;"", ""gildings"": {}, ""collapsed_reason"": null, ""distinguished"": null, ""associated_award"": null, ""stickied"": false, ""author_premium"": false, ""can_gild"": false, ""link_id"": ""t3_1utdtl4"", ""unrepliable_reason"": null, ""author_flair_text_color"": null, ""score_hidden"": false, ""permalink"": ""/r/MyntraSucks/comments/1utdtl4/life_is_worth_livinnn_myntra_god_blessed_me/oxg3fos/"", ""subreddit_type"": ""public"", ""locked"": false, ""report_reasons"": null, ""created"": 1784024082.0, ""author_flair_text"": null, ""treatment_tags"": [], ""collapsed"": false, ""subreddit_name_prefixed"": ""r/MyntraSucks"", ""controversiality"": 0, ""depth"": 1, ""author_flair_background_color"": null, ""collapsed_because_crowd_control"": null, ""mod_reports"": [], ""num_reports"": null, ""ups"": 1}}], ""before"": null}}, ""user_reports"": [], ""saved"": false, ""id"": ""oxg1kxi"", ""banned_at_utc"": null, ""mod_reason_title"": null, ""gilded"": 0, ""archived"": false, ""collapsed_reason_code"": null, ""no_follow"": true, ""author"": ""DramaticButterfly595"", ""can_mod_post"": false, ""created_utc"": 1784023225.0, ""send_replies"": true, ""parent_id"": ""t3_1utdtl4"", ""score"": 1, ""author_fullname"": ""t2_1917uumvre"", ""approved_by"": null, ""mod_note"": null, ""all_awardings"": [], ""collapsed"": false, ""body"": ""Girl I got 8k off and bought a mango bag and a forever new dress"", ""edited"": false, ""top_awarded_type"": null, ""author_flair_css_class"": null, ""name"": ""t1_oxg1kxi"", ""is_submitter"": false, ""downs"": 0, ""author_flair_richtext"": [], ""author_patreon_flair"": false, ""body_html"": ""&lt;div class=\""md\""&gt;&lt;p&gt;Girl I got 8k off and bought a mango bag and a forever new dress&lt;/p&gt;\n&lt;/div&gt;"", ""removal_reason"": null, ""collapsed_reason"": null, ""distinguished"": null, ""associated_award"": null, ""stickied"": false, ""author_premium"": false, ""can_gild"": false, ""gildings"": {}, ""unrepliable_reason"": null, ""author_flair_text_color"": null, ""score_hidden"": false, ""permalink"": ""/r/MyntraSucks/comments/1utdtl4/life_is_worth_livinnn_myntra_god_blessed_me/oxg1kxi/"", ""subreddit_type"": ""public"", ""locked"": false, ""report_reasons"": null, ""created"": 1784023225.0, ""author_flair_text"": null, ""treatment_tags"": [], ""link_id"": ""t3_1utdtl4"", ""subreddit_name_prefixed"": ""r/MyntraSucks"", ""controversiality"": 0, ""depth"": 0, ""author_flair_background_color"": null, ""collapsed_because_crowd_control"": null, ""mod_reports"": [], ""num_reports"": null, ""ups"": 1}}, {""kind"": ""t1"", ""data"": {""subreddit_id"": ""t5_fqqzab"", ""approved_at_utc"": null, ""author_is_blocked"": false, ""comment_type"": null, ""awarders"": [], ""mod_reason_by"": null, ""banned_by"": null, ""author_flair_type"": ""text"", ""total_awards_received"": 0, ""subreddit"": ""MyntraSucks"", ""author_flair_template_id"": null, ""likes"": null, ""replies"": {""kind"": ""Listing"", ""data"": {""after"": null, ""dist"": null, ""modhash"": ""hh64t0uhundc94956cdf3bea17c42ab711c8ffde206fbf87a4"", ""geo_filter"": """", ""children"": [{""kind"": ""t1"", ""data"": {""subreddit_id"": ""t5_fqqzab"", ""approved_at_utc"": null, ""author_is_blocked"": false, ""comment_type"": null, ""awarders"": [], ""mod_reason_by"": null, ""banned_by"": null, ""author_flair_type"": ""text"", ""total_awards_received"": 0, ""subreddit"": ""MyntraSucks"", ""author_flair_template_id"": null, ""likes"": null, ""replies"": """", ""user_reports"": [], ""saved"": false, ""id"": ""oxg6wx2"", ""banned_at_utc"": null, ""mod_reason_title"": null, ""gilded"": 0, ""archived"": false, ""collapsed_reason_code"": null, ""no_follow"": true, ""author"": ""sriiyancee"", ""can_mod_post"": false, ""created_utc"": 1784025631.0, ""send_replies"": true, ""parent_id"": ""t1_oxg53w7"", ""score"": 1, ""author_fullname"": ""t2_1rvjr70e64"", ""removal_reason"": null, ""approved_by"": null, ""mod_note"": null, ""all_awardings"": [], ""body"": ""Join the glam clan"", ""edited"": false, ""top_awarded_type"": null, ""author_flair_css_class"": null, ""name"": ""t1_oxg6wx2"", ""is_submitter"": true, ""downs"": 0, ""author_flair_richtext"": [], ""author_patreon_flair"": false, ""body_html"": ""&lt;div class=\""md\""&gt;&lt;p&gt;Join the glam clan&lt;/p&gt;\n&lt;/div&gt;"", ""gildings"": {}, ""collapsed_reason"": null, ""distinguished"": null, ""associated_award"": null, ""stickied"": false, ""author_premium"": false, ""can_gild"": false, ""link_id"": ""t3_1utdtl4"", ""unrepliable_reason"": null, ""author_flair_text_color"": null, ""score_hidden"": false, ""permalink"": ""/r/MyntraSucks/comments/1utdtl4/life_is_worth_livinnn_myntra_god_blessed_me/oxg6wx2/"", ""subreddit_type"": ""public"", ""locked"": false, ""report_reasons"": null, ""created"": 1784025631.0, ""author_flair_text"": null, ""treatment_tags"": [], ""collapsed"": false, ""subreddit_name_prefixed"": ""r/MyntraSucks"", ""controversiality"": 0, ""depth"": 1, ""author_flair_background_color"": null, ""collapsed_because_crowd_control"": null, ""mod_reports"": [], ""num_reports"": null, ""ups"": 1}}], ""before"": null}}, ""user_reports"": [], ""saved"": false, ""id"": ""oxg53w7"", ""banned_at_utc"": null, ""mod_reason_title"": null, ""gilded"": 0, ""archived"": false, ""collapsed_reason_code"": null, ""no_follow"": true, ""author"": ""hiii_00"", ""can_mod_post"": false, ""created_utc"": 1784024836.0, ""send_replies"": true, ""parent_id"": ""t3_1utdtl4"", ""score"": 1, ""author_fullname"": ""t2_bzwfytn41"", ""approved_by"": null, ""mod_note"": null, ""all_awardings"": [], ""collapsed"": false, ""body"": ""How??"", ""edited"": false, ""top_awarded_type"": null, ""author_flair_css_class"": null, ""name"": ""t1_oxg53w7"", ""is_submitter"": false, ""downs"": 0, ""author_flair_richtext"": [], ""author_patreon_flair"": false, ""body_html"": ""&lt;div class=\""md\""&gt;&lt;p&gt;How??&lt;/p&gt;\n&lt;/div&gt;"", ""removal_reason"": null, ""collapsed_reason"": null, ""distinguished"": null, ""associated_award"": null, ""stickied"": false, ""author_premium"": false, ""can_gild"": false, ""gildings"": {}, ""unrepliable_reason"": null, ""author_flair_text_color"": null, ""score_hidden"": false, ""permalink"": ""/r/MyntraSucks/comments/1utdtl4/life_is_worth_livinnn_myntra_god_blessed_me/oxg53w7/"", ""subreddit_type"": ""public"", ""locked"": false, ""report_reasons"": null, ""created"": 1784024836.0, ""author_flair_text"": null, ""treatment_tags"": [], ""link_id"": ""t3_1utdtl4"", ""subreddit_name_prefixed"": ""r/MyntraSucks"", ""controversiality"": 0, ""depth"": 0, ""author_flair_background_color"": null, ""collapsed_because_crowd_control"": null, ""mod_reports"": [], ""num_reports"": null, ""ups"": 1}}, {""kind"": ""t1"", ""data"": {""subreddit_id"": ""t5_fqqzab"", ""approved_at_utc"": null, ""author_is_blocked"": false, ""comment_type"": null, ""awarders"": [], ""mod_reason_by"": null, ""banned_by"": null, ""author_flair_type"": ""text"", ""total_awards_received"": 0, ""subreddit"": ""MyntraSucks"", ""author_flair_template_id"": null, ""likes"": null, ""replies"": {""kind"": ""Listing"", ""data"": {""after"": null, ""dist"": null, ""modhash"": ""hh64t0uhundc94956cdf3bea17c42ab711c8ffde206fbf87a4"", ""geo_filter"": """", ""children"": [{""kind"": ""t1"", ""data"": {""subreddit_id"": ""t5_fqqzab"", ""approved_at_utc"": null, ""author_is_blocked"": false, ""comment_type"": null, ""awarders"": [], ""mod_reason_by"": null, ""banned_by"": null, ""author_flair_type"": ""text"", ""total_awards_received"": 0, ""subreddit"": ""MyntraSucks"", ""author_flair_template_id"": null, ""likes"": null, ""replies"": {""kind"": ""Listing"", ""data"": {""after"": null, ""dist"": null, ""modhash"": ""hh64t0uhundc94956cdf3bea17c42ab711c8ffde206fbf87a4"", ""geo_filter"": """", ""children"": [{""kind"": ""t1"", ""data"": {""subreddit_id"": ""t5_fqqzab"", ""approved_at_utc"": null, ""author_is_blocked"": false, ""comment_type"": null, ""awarders"": [], ""mod_reason_by"": null, ""banned_by"": null, ""author_flair_type"": ""text"", ""total_awards_received"": 0, ""subreddit"": ""MyntraSucks"", ""author_flair_template_id"": null, ""likes"": null, ""replies"": {""kind"": ""Listing"", ""data"": {""after"": null, ""dist"": null, ""modhash"": ""hh64t0uhundc94956cdf3bea17c42ab711c8ffde206fbf87a4"", ""geo_filter"": """", ""children"": [{""kind"": ""t1"", ""data"": {""subreddit_id"": ""t5_fqqzab"", ""approved_at_utc"": null, ""author_is_blocked"": false, ""comment_type"": null, ""awarders"": [], ""mod_reason_by"": null, ""banned_by"": null, ""author_flair_type"": ""text"", ""total_awards_received"": 0, ""subreddit"": ""MyntraSucks"", ""author_flair_template_id"": null, ""likes"": null, ""replies"": {""kind"": ""Listing"", ""data"": {""after"": null, ""dist"": null, ""modhash"": ""hh64t0uhundc94956cdf3bea17c42ab711c8ffde206fbf87a4"", ""geo_filter"": """", ""children"": [{""kind"": ""t1"", ""data"": {""subreddit_id"": ""t5_fqqzab"", ""approved_at_utc"": null, ""author_is_blocked"": false, ""comment_type"": null, ""awarders"": [], ""mod_reason_by"": null, ""banned_by"": null, ""author_flair_type"": ""text"", ""total_awards_received"": 0, ""subreddit"": ""MyntraSucks"", ""author_flair_template_id"": null, ""distinguished"": null, ""likes"": null, ""replies"": """", ""user_reports"": [], ""saved"": false, ""id"": ""oxhb3g0"", ""banned_at_utc"": null, ""mod_reason_title"": null, ""gilded"": 0, ""archived"": false, ""collapsed_reason_code"": null, ""no_follow"": true, ""author"": ""Joooniii69"", ""can_mod_post"": false, ""send_replies"": true, ""parent_id"": ""t1_oxhamha"", ""score"": 1, ""author_fullname"": ""t2_u9v1p06j"", ""removal_reason"": null, ""approved_by"": null, ""mod_note"": null, ""all_awardings"": [], ""body"": ""Exactly.. nvm I quit on UGC"", ""edited"": false, ""author_flair_css_class"": null, ""name"": ""t1_oxhb3g0"", ""is_submitter"": false, ""downs"": 0, ""author_flair_richtext"": [], ""author_patreon_flair"": false, ""body_html"": ""&lt;div class=\""md\""&gt;&lt;p&gt;Exactly.. nvm I quit on UGC&lt;/p&gt;\n&lt;/div&gt;"", ""gildings"": {}, ""collapsed_reason"": null, ""link_id"": ""t3_1utdtl4"", ""associated_award"": null, ""stickied"": false, ""author_premium"": false, ""can_gild"": false, ""top_awarded_type"": null, ""unrepliable_reason"": null, ""author_flair_text_color"": null, ""treatment_tags"": [], ""score_hidden"": false, ""permalink"": ""/r/MyntraSucks/comments/1utdtl4/life_is_worth_livinnn_myntra_god_blessed_me/oxhb3g0/"", ""subreddit_type"": ""public"", ""locked"": false, ""report_reasons"": null, ""created"": 1784038835.0, ""author_flair_text"": null, ""collapsed"": false, ""created_utc"": 1784038835.0, ""subreddit_name_prefixed"": ""r/MyntraSucks"", ""controversiality"": 0, ""depth"": 4, ""author_flair_background_color"": null, ""collapsed_because_crowd_control"": null, ""mod_reports"": [], ""num_reports"": null, ""ups"": 1}}], ""before"": null}}, ""user_reports"": [], ""saved"": false, ""id"": ""oxhamha"", ""banned_at_utc"": null, ""mod_reason_title"": null, ""gilded"": 0, ""archived"": false, ""collapsed_reason_code"": null, ""no_follow"": true, ""author"": ""sriiyancee"", ""can_mod_post"": false, ""send_replies"": true, ""parent_id"": ""t1_oxh9q85"", ""score"": 1, ""author_fullname"": ""t2_1rvjr70e64"", ""removal_reason"": null, ""approved_by"": null, ""mod_note"": null, ""all_awardings"": [], ""collapsed"": false, ""body"": ""then I thinks there's something wrong.. (it shouldn't take that long)"", ""edited"": false, ""top_awarded_type"": null, ""author_flair_css_class"": null, ""name"": ""t1_oxhamha"", ""is_submitter"": true, ""downs"": 0, ""author_flair_richtext"": [], ""author_patreon_flair"": false, ""body_html"": ""&lt;div class=\""md\""&gt;&lt;p&gt;then I thinks there&amp;#39;s something wrong.. (it shouldn&amp;#39;t take that long)&lt;/p&gt;\n&lt;/div&gt;"", ""gildings"": {}, ""collapsed_reason"": null, ""distinguished"": null, ""associated_award"": null, ""stickied"": false, ""author_premium"": false, ""can_gild"": false, ""link_id"": ""t3_1utdtl4"", ""unrepliable_reason"": null, ""author_flair_text_color"": null, ""score_hidden"": false, ""permalink"": ""/r/MyntraSucks/comments/1utdtl4/life_is_worth_livinnn_myntra_god_blessed_me/oxhamha/"", ""subreddit_type"": ""public"", ""locked"": false, ""report_reasons"": null, ""created"": 1784038708.0, ""author_flair_text"": null, ""treatment_tags"": [], ""created_utc"": 1784038708.0, ""subreddit_name_prefixed"": ""r/MyntraSucks"", ""controversiality"": 0, ""depth"": 3, ""author_flair_background_color"": null, ""collapsed_because_crowd_control"": null, ""mod_reports"": [], ""num_reports"": null, ""ups"": 1}}], ""before"": null}}, ""user_reports"": [], ""saved"": false, ""id"": ""oxh9q85"", ""banned_at_utc"": null, ""mod_reason_title"": null, ""gilded"": 0, ""archived"": false, ""collapsed_reason_code"": null, ""no_follow"": true, ""author"": ""Joooniii69"", ""can_mod_post"": false, ""send_replies"": true, ""parent_id"": ""t1_oxh9kdr"", ""score"": 1, ""author_fullname"": ""t2_u9v1p06j"", ""removal_reason"": null, ""approved_by"": null, ""mod_note"": null, ""all_awardings"": [], ""body"": ""Man my posts are under review for like 2 months \ud83e\udeea"", ""edited"": false, ""top_awarded_type"": null, ""downs"": 0, ""author_flair_css_class"": null, ""name"": ""t1_oxh9q85"", ""is_submitter"": false, ""collapsed"": false, ""author_flair_richtext"": [], ""author_patreon_flair"": false, ""body_html"": ""&lt;div class=\""md\""&gt;&lt;p&gt;Man my posts are under review for like 2 months \ud83e\udeea&lt;/p&gt;\n&lt;/div&gt;"", ""gildings"": {}, ""collapsed_reason"": null, ""distinguished"": null, ""associated_award"": null, ""stickied"": false, ""author_premium"": false, ""can_gild"": false, ""link_id"": ""t3_1utdtl4"", ""unrepliable_reason"": null, ""author_flair_text_color"": null, ""score_hidden"": false, ""permalink"": ""/r/MyntraSucks/comments/1utdtl4/life_is_worth_livinnn_myntra_god_blessed_me/oxh9q85/"", ""subreddit_type"": ""public"", ""locked"": false, ""report_reasons"": null, ""created"": 1784038465.0, ""author_flair_text"": null, ""treatment_tags"": [], ""created_utc"": 1784038465.0, ""subreddit_name_prefixed"": ""r/MyntraSucks"", ""controversiality"": 0, ""depth"": 2, ""author_flair_background_color"": null, ""collapsed_because_crowd_control"": null, ""mod_reports"": [], ""num_reports"": null, ""ups"": 1}}], ""before"": null}}, ""user_reports"": [], ""saved"": false, ""id"": ""oxh9kdr"", ""banned_at_utc"": null, ""mod_reason_title"": null, ""gilded"": 0, ""archived"": false, ""collapsed_reason_code"": null, ""no_follow"": true, ""author"": ""sriiyancee"", ""can_mod_post"": false, ""created_utc"": 1784038420.0, ""send_replies"": true, ""parent_id"": ""t1_oxgtayn"", ""score"": 1, ""author_fullname"": ""t2_1rvjr70e64"", ""removal_reason"": null, ""approved_by"": null, ""mod_note"": null, ""all_awardings"": [], ""body"": ""I had to wait for more than a month aswell. First the post will get approved and then after few weeks the money will get credited (it's a time taking process)"", ""edited"": false, ""top_awarded_type"": null, ""author_flair_css_class"": null, ""name"": ""t1_oxh9kdr"", ""is_submitter"": true, ""downs"": 0, ""author_flair_richtext"": [], ""author_patreon_flair"": false, ""body_html"": ""&lt;div class=\""md\""&gt;&lt;p&gt;I had to wait for more than a month aswell. First the post will get approved and then after few weeks the money will get credited (it&amp;#39;s a time taking process)&lt;/p&gt;\n&lt;/div&gt;"", ""gildings"": {}, ""collapsed_reason"": null, ""distinguished"": null, ""associated_award"": null, ""stickied"": false, ""author_premium"": false, ""can_gild"": false, ""link_id"": ""t3_1utdtl4"", ""unrepliable_reason"": null, ""author_flair_text_color"": null, ""score_hidden"": false, ""permalink"": ""/r/MyntraSucks/comments/1utdtl4/life_is_worth_livinnn_myntra_god_blessed_me/oxh9kdr/"", ""subreddit_type"": ""public"", ""locked"": false, ""report_reasons"": null, ""created"": 1784038420.0, ""author_flair_text"": null, ""treatment_tags"": [], ""collapsed"": false, ""subreddit_name_prefixed"": ""r/MyntraSucks"", ""controversiality"": 0, ""depth"": 1, ""author_flair_background_color"": null, ""collapsed_because_crowd_control"": null, ""mod_reports"": [], ""num_reports"": null, ""ups"": 1}}], ""before"": null}}, ""user_reports"": [], ""saved"": false, ""id"": ""oxgtayn"", ""banned_at_utc"": null, ""mod_reason_title"": null, ""gilded"": 0, ""archived"": false, ""collapsed_reason_code"": null, ""no_follow"": true, ""author"": ""Joooniii69"", ""can_mod_post"": false, ""created_utc"": 1784033705.0, ""send_replies"": true, ""parent_id"": ""t3_1utdtl4"", ""score"": 1, ""author_fullname"": ""t2_u9v1p06j"", ""approved_by"": null, ""mod_note"": null, ""all_awardings"": [], ""collapsed"": false, ""body"": ""Wtf! My posts are under review for like a month"", ""edited"": false, ""top_awarded_type"": null, ""author_flair_css_class"": null, ""name"": ""t1_oxgtayn"", ""is_submitter"": false, ""downs"": 0, ""author_flair_richtext"": [], ""author_patreon_flair"": false, ""body_html"": ""&lt;div class=\""md\""&gt;&lt;p&gt;Wtf! My posts are under review for like a month&lt;/p&gt;\n&lt;/div&gt;"", ""removal_reason"": null, ""collapsed_reason"": null, ""distinguished"": null, ""associated_award"": null, ""stickied"": false, ""author_premium"": false, ""can_gild"": false, ""gildings"": {}, ""unrepliable_reason"": null, ""author_flair_text_color"": null, ""score_hidden"": false, ""permalink"": ""/r/MyntraSucks/comments/1utdtl4/life_is_worth_livinnn_myntra_god_blessed_me/oxgtayn/"", ""subreddit_type"": ""public"", ""locked"": false, ""report_reasons"": null, ""created"": 1784033705.0, ""author_flair_text"": null, ""treatment_tags"": [], ""link_id"": ""t3_1utdtl4"", ""subreddit_name_prefixed"": ""r/MyntraSucks"", ""controversiality"": 0, ""depth"": 0, ""author_flair_background_color"": null, ""collapsed_because_crowd_control"": null, ""mod_reports"": [], ""num_reports"": null, ""ups"": 1}}], ""before"": null}}]
",39,
reddit,myncash,2026-07-14,"[{""kind"": ""Listing"", ""data"": {""after"": null, ""dist"": 1, ""modhash"": ""wj8hdgsvjvba96d6d845c458f0530f255a38a6e50048e24479"", ""geo_filter"": """", ""children"": [{""kind"": ""t3"", ""data"": {""approved_at_utc"": null, ""subreddit"": ""MyntraSucks"", ""selftext"": ""Same as title"", ""user_reports"": [], ""saved"": false, ""mod_reason_title"": null, ""gilded"": 0, ""clicked"": false, ""title"": ""136 rupees Myncash going to expire starting tomorrow, pls suggest something to buy under 200-300"", ""link_flair_richtext"": [], ""subreddit_name_prefixed"": ""r/MyntraSucks"", ""hidden"": false, ""pwls"": 6, ""link_flair_css_class"": """", ""downs"": 0, ""thumbnail_height"": null, ""top_awarded_type"": null, ""hide_score"": false, ""name"": ""t3_1uw8l8q"", ""quarantine"": false, ""link_flair_text_color"": ""dark"", ""upvote_ratio"": 1.0, ""author_flair_background_color"": null, ""subreddit_type"": ""public"", ""ups"": 1, ""total_awards_received"": 0, ""media_embed"": {}, ""thumbnail_width"": null, ""author_flair_template_id"": null, ""is_original_content"": false, ""author_fullname"": ""t2_1ynyrn132x"", ""secure_media"": null, ""is_reddit_media_domain"": false, ""is_meta"": false, ""category"": null, ""secure_media_embed"": {}, ""link_flair_text"": ""Questions/ Advice/ Discussions \ud83e\udee2"", ""can_mod_post"": false, ""score"": 1, ""approved_by"": null, ""is_created_from_ads_ui"": false, ""author_premium"": false, ""thumbnail"": ""self"", ""edited"": false, ""author_flair_css_class"": null, ""author_flair_richtext"": [], ""gildings"": {}, ""content_categories"": null, ""is_self"": true, ""mod_note"": null, ""created"": 1784035385.0, ""link_flair_type"": ""text"", ""wls"": 6, ""removed_by_category"": null, ""banned_by"": null, ""author_flair_type"": ""text"", ""domain"": ""self.MyntraSucks"", ""allow_live_comments"": false, ""selftext_html"": ""&lt;!-- SC_OFF --&gt;&lt;div class=\""md\""&gt;&lt;p&gt;Same as title&lt;/p&gt;\n&lt;/div&gt;&lt;!-- SC_ON --&gt;"", ""likes"": null, ""suggested_sort"": null, ""banned_at_utc"": null, ""view_count"": null, ""archived"": false, ""no_follow"": true, ""is_crosspostable"": true, ""pinned"": false, ""over_18"": false, ""all_awardings"": [], ""awarders"": [], ""media_only"": false, ""link_flair_template_id"": ""17ba441e-b1e6-11f0-83d7-76f59fee96cd"", ""can_gild"": false, ""spoiler"": false, ""locked"": false, ""author_flair_text"": null, ""treatment_tags"": [], ""visited"": false, ""removed_by"": null, ""num_reports"": null, ""distinguished"": null, ""subreddit_id"": ""t5_fqqzab"", ""author_is_blocked"": false, ""mod_reason_by"": null, ""removal_reason"": null, ""link_flair_background_color"": ""#dadada"", ""id"": ""1uw8l8q"", ""is_robot_indexable"": true, ""num_duplicates"": 0, ""report_reasons"": null, ""author"": ""U2F0eWFH"", ""discussion_type"": null, ""num_comments"": 10, ""send_replies"": true, ""media"": null, ""contest_mode"": false, ""author_patreon_flair"": false, ""author_flair_text_color"": null, ""permalink"": ""/r/MyntraSucks/comments/1uw8l8q/136_rupees_myncash_going_to_expire_starting/"", ""stickied"": false, ""url"": ""https://www.reddit.com/r/MyntraSucks/comments/1uw8l8q/136_rupees_myncash_going_to_expire_starting/"", ""subreddit_subscribers"": 2045, ""created_utc"": 1784035385.0, ""num_crossposts"": 0, ""mod_reports"": [], ""is_video"": false}}], ""before"": null}}, {""kind"": ""Listing"", ""data"": {""after"": null, ""dist"": null, ""modhash"": ""wj8hdgsvjvba96d6d845c458f0530f255a38a6e50048e24479"", ""geo_filter"": """", ""children"": [{""kind"": ""t1"", ""data"": {""subreddit_id"": ""t5_fqqzab"", ""approved_at_utc"": null, ""author_is_blocked"": false, ""comment_type"": null, ""awarders"": [], ""mod_reason_by"": null, ""banned_by"": null, ""author_flair_type"": ""text"", ""total_awards_received"": 0, ""subreddit"": ""MyntraSucks"", ""author_flair_template_id"": null, ""likes"": null, ""replies"": """", ""user_reports"": [], ""saved"": false, ""id"": ""oxhml9f"", ""banned_at_utc"": null, ""mod_reason_title"": null, ""gilded"": 0, ""archived"": false, ""collapsed_reason_code"": null, ""no_follow"": false, ""author"": ""Teateasesh"", ""can_mod_post"": false, ""created_utc"": 1784041843.0, ""send_replies"": true, ""parent_id"": ""t3_1uw8l8q"", ""score"": 2, ""author_fullname"": ""t2_1b6tovmx4a"", ""approved_by"": null, ""mod_note"": null, ""all_awardings"": [], ""collapsed"": false, ""body"": ""Lip balm dot and keys"", ""edited"": false, ""top_awarded_type"": null, ""author_flair_css_class"": null, ""name"": ""t1_oxhml9f"", ""is_submitter"": false, ""downs"": 0, ""author_flair_richtext"": [], ""author_patreon_flair"": false, ""body_html"": ""&lt;div class=\""md\""&gt;&lt;p&gt;Lip balm dot and keys&lt;/p&gt;\n&lt;/div&gt;"", ""removal_reason"": null, ""collapsed_reason"": null, ""distinguished"": null, ""associated_award"": null, ""stickied"": false, ""author_premium"": false, ""can_gild"": false, ""gildings"": {}, ""unrepliable_reason"": null, ""author_flair_text_color"": null, ""score_hidden"": false, ""permalink"": ""/r/MyntraSucks/comments/1uw8l8q/136_rupees_myncash_going_to_expire_starting/oxhml9f/"", ""subreddit_type"": ""public"", ""locked"": false, ""report_reasons"": null, ""created"": 1784041843.0, ""author_flair_text"": null, ""treatment_tags"": [], ""link_id"": ""t3_1uw8l8q"", ""subreddit_name_prefixed"": ""r/MyntraSucks"", ""controversiality"": 0, ""depth"": 0, ""author_flair_background_color"": null, ""collapsed_because_crowd_control"": null, ""mod_reports"": [], ""num_reports"": null, ""ups"": 2}}, {""kind"": ""t1"", ""data"": {""subreddit_id"": ""t5_fqqzab"", ""approved_at_utc"": null, ""author_is_blocked"": false, ""comment_type"": null, ""awarders"": [], ""mod_reason_by"": null, ""banned_by"": null, ""author_flair_type"": ""text"", ""total_awards_received"": 0, ""subreddit"": ""MyntraSucks"", ""author_flair_template_id"": null, ""likes"": null, ""replies"": """", ""user_reports"": [], ""saved"": false, ""id"": ""oxh0efl"", ""banned_at_utc"": null, ""mod_reason_title"": null, ""gilded"": 0, ""archived"": false, ""collapsed_reason_code"": null, ""no_follow"": false, ""author"": ""Happyface09"", ""can_mod_post"": false, ""created_utc"": 1784035827.0, ""send_replies"": true, ""parent_id"": ""t3_1uw8l8q"", ""score"": 1, ""author_fullname"": ""t2_jb5ldu9ep"", ""approved_by"": null, ""mod_note"": null, ""all_awardings"": [], ""collapsed"": false, ""body"": ""Thr r these decent crop T-shirts u can get"", ""edited"": false, ""top_awarded_type"": null, ""author_flair_css_class"": null, ""name"": ""t1_oxh0efl"", ""is_submitter"": false, ""downs"": 0, ""author_flair_richtext"": [], ""author_patreon_flair"": false, ""body_html"": ""&lt;div class=\""md\""&gt;&lt;p&gt;Thr r these decent crop T-shirts u can get&lt;/p&gt;\n&lt;/div&gt;"", ""removal_reason"": null, ""collapsed_reason"": null, ""distinguished"": null, ""associated_award"": null, ""stickied"": false, ""author_premium"": false, ""can_gild"": false, ""gildings"": {}, ""unrepliable_reason"": null, ""author_flair_text_color"": null, ""score_hidden"": false, ""permalink"": ""/r/MyntraSucks/comments/1uw8l8q/136_rupees_myncash_going_to_expire_starting/oxh0efl/"", ""subreddit_type"": ""public"", ""locked"": false, ""report_reasons"": null, ""created"": 1784035827.0, ""author_flair_text"": null, ""treatment_tags"": [], ""link_id"": ""t3_1uw8l8q"", ""subreddit_name_prefixed"": ""r/MyntraSucks"", ""controversiality"": 0, ""depth"": 0, ""author_flair_background_color"": null, ""collapsed_because_crowd_control"": null, ""mod_reports"": [], ""num_reports"": null, ""ups"": 1}}, {""kind"": ""t1"", ""data"": {""subreddit_id"": ""t5_fqqzab"", ""approved_at_utc"": null, ""author_is_blocked"": false, ""comment_type"": null, ""awarders"": [], ""mod_reason_by"": null, ""banned_by"": null, ""author_flair_type"": ""text"", ""total_awards_received"": 0, ""subreddit"": ""MyntraSucks"", ""author_flair_template_id"": null, ""likes"": null, ""replies"": """", ""user_reports"": [], ""saved"": false, ""id"": ""oxh1ziz"", ""banned_at_utc"": null, ""mod_reason_title"": null, ""gilded"": 0, ""archived"": false, ""collapsed_reason_code"": null, ""no_follow"": false, ""author"": ""Consistent-Theme2841"", ""can_mod_post"": false, ""created_utc"": 1784036289.0, ""send_replies"": true, ""parent_id"": ""t3_1uw8l8q"", ""score"": 1, ""author_fullname"": ""t2_2evqhj3y8h"", ""approved_by"": null, ""mod_note"": null, ""all_awardings"": [], ""collapsed"": false, ""body"": ""envy perfume   \nsoap bars"", ""edited"": false, ""top_awarded_type"": null, ""author_flair_css_class"": null, ""name"": ""t1_oxh1ziz"", ""is_submitter"": false, ""downs"": 0, ""author_flair_richtext"": [], ""author_patreon_flair"": false, ""body_html"": ""&lt;div class=\""md\""&gt;&lt;p&gt;envy perfume&lt;br/&gt;\nsoap bars&lt;/p&gt;\n&lt;/div&gt;"", ""removal_reason"": null, ""collapsed_reason"": null, ""distinguished"": null, ""associated_award"": null, ""stickied"": false, ""author_premium"": false, ""can_gild"": false, ""gildings"": {}, ""unrepliable_reason"": null, ""author_flair_text_color"": null, ""score_hidden"": false, ""permalink"": ""/r/MyntraSucks/comments/1uw8l8q/136_rupees_myncash_going_to_expire_starting/oxh1ziz/"", ""subreddit_type"": ""public"", ""locked"": false, ""report_reasons"": null, ""created"": 1784036289.0, ""author_flair_text"": null, ""treatment_tags"": [], ""link_id"": ""t3_1uw8l8q"", ""subreddit_name_prefixed"": ""r/MyntraSucks"", ""controversiality"": 0, ""depth"": 0, ""author_flair_background_color"": null, ""collapsed_because_crowd_control"": null, ""mod_reports"": [], ""num_reports"": null, ""ups"": 1}}, {""kind"": ""t1"", ""data"": {""subreddit_id"": ""t5_fqqzab"", ""approved_at_utc"": null, ""author_is_blocked"": false, ""comment_type"": null, ""awarders"": [], ""mod_reason_by"": null, ""banned_by"": null, ""author_flair_type"": ""text"", ""total_awards_received"": 0, ""subreddit"": ""MyntraSucks"", ""author_flair_template_id"": null, ""likes"": null, ""replies"": """", ""user_reports"": [], ""saved"": false, ""id"": ""oxh5x5h"", ""banned_at_utc"": null, ""mod_reason_title"": null, ""gilded"": 0, ""archived"": false, ""collapsed_reason_code"": null, ""no_follow"": false, ""author"": ""Ok-Moment7907"", ""can_mod_post"": false, ""created_utc"": 1784037407.0, ""send_replies"": true, ""parent_id"": ""t3_1uw8l8q"", ""score"": 1, ""author_fullname"": ""t2_22cx5h39ry"", ""approved_by"": null, ""mod_note"": null, ""all_awardings"": [], ""collapsed"": false, ""body"": ""Sampoo body wash moisturizer, jwellery t shirts etc"", ""edited"": false, ""top_awarded_type"": null, ""author_flair_css_class"": null, ""name"": ""t1_oxh5x5h"", ""is_submitter"": false, ""downs"": 0, ""author_flair_richtext"": [], ""author_patreon_flair"": false, ""body_html"": ""&lt;div class=\""md\""&gt;&lt;p&gt;Sampoo body wash moisturizer, jwellery t shirts etc&lt;/p&gt;\n&lt;/div&gt;"", ""removal_reason"": null, ""collapsed_reason"": null, ""distinguished"": null, ""associated_award"": null, ""stickied"": false, ""author_premium"": false, ""can_gild"": false, ""gildings"": {}, ""unrepliable_reason"": null, ""author_flair_text_color"": null, ""score_hidden"": false, ""permalink"": ""/r/MyntraSucks/comments/1uw8l8q/136_rupees_myncash_going_to_expire_starting/oxh5x5h/"", ""subreddit_type"": ""public"", ""locked"": false, ""report_reasons"": null, ""created"": 1784037407.0, ""author_flair_text"": null, ""treatment_tags"": [], ""link_id"": ""t3_1uw8l8q"", ""subreddit_name_prefixed"": ""r/MyntraSucks"", ""controversiality"": 0, ""depth"": 0, ""author_flair_background_color"": null, ""collapsed_because_crowd_control"": null, ""mod_reports"": [], ""num_reports"": null, ""ups"": 1}}, {""kind"": ""t1"", ""data"": {""subreddit_id"": ""t5_fqqzab"", ""approved_at_utc"": null, ""author_is_blocked"": false, ""comment_type"": null, ""awarders"": [], ""mod_reason_by"": null, ""banned_by"": null, ""author_flair_type"": ""text"", ""total_awards_received"": 0, ""subreddit"": ""MyntraSucks"", ""author_flair_template_id"": null, ""likes"": null, ""replies"": """", ""user_reports"": [], ""saved"": false, ""id"": ""oxiy74j"", ""banned_at_utc"": null, ""mod_reason_title"": null, ""gilded"": 0, ""archived"": false, ""collapsed_reason_code"": null, ""no_follow"": false, ""author"": ""PrayagVaasi"", ""can_mod_post"": false, ""created_utc"": 1784053737.0, ""send_replies"": true, ""parent_id"": ""t3_1uw8l8q"", ""score"": 1, ""author_fullname"": ""t2_2h3xo9gb4i"", ""approved_by"": null, ""mod_note"": null, ""all_awardings"": [], ""collapsed"": false, ""body"": ""Ib kro link deta hu under 199 products ki"", ""edited"": false, ""top_awarded_type"": null, ""author_flair_css_class"": null, ""name"": ""t1_oxiy74j"", ""is_submitter"": false, ""downs"": 0, ""author_flair_richtext"": [], ""author_patreon_flair"": false, ""body_html"": ""&lt;div class=\""md\""&gt;&lt;p&gt;Ib kro link deta hu under 199 products ki&lt;/p&gt;\n&lt;/div&gt;"", ""removal_reason"": null, ""collapsed_reason"": null, ""distinguished"": null, ""associated_award"": null, ""stickied"": false, ""author_premium"": false, ""can_gild"": false, ""gildings"": {}, ""unrepliable_reason"": null, ""author_flair_text_color"": null, ""score_hidden"": false, ""permalink"": ""/r/MyntraSucks/comments/1uw8l8q/136_rupees_myncash_going_to_expire_starting/oxiy74j/"", ""subreddit_type"": ""public"", ""locked"": false, ""report_reasons"": null, ""created"": 1784053737.0, ""author_flair_text"": null, ""treatment_tags"": [], ""link_id"": ""t3_1uw8l8q"", ""subreddit_name_prefixed"": ""r/MyntraSucks"", ""controversiality"": 0, ""depth"": 0, ""author_flair_background_color"": null, ""collapsed_because_crowd_control"": null, ""mod_reports"": [], ""num_reports"": null, ""ups"": 1}}, {""kind"": ""t1"", ""data"": {""subreddit_id"": ""t5_fqqzab"", ""approved_at_utc"": null, ""author_is_blocked"": false, ""comment_type"": null, ""awarders"": [], ""mod_reason_by"": null, ""banned_by"": null, ""author_flair_type"": ""text"", ""total_awards_received"": 0, ""subreddit"": ""MyntraSucks"", ""author_flair_template_id"": null, ""likes"": null, ""replies"": """", ""user_reports"": [], ""saved"": false, ""id"": ""oxjruo7"", ""banned_at_utc"": null, ""mod_reason_title"": null, ""gilded"": 0, ""archived"": false, ""collapsed_reason_code"": null, ""no_follow"": false, ""author"": ""AbjectExpression1044"", ""can_mod_post"": false, ""created_utc"": 1784061096.0, ""send_replies"": true, ""parent_id"": ""t3_1uw8l8q"", ""score"": 1, ""author_fullname"": ""t2_pse64hho"", ""approved_by"": null, ""mod_note"": null, ""all_awardings"": [], ""collapsed"": false, ""body"": ""Compact"", ""edited"": false, ""top_awarded_type"": null, ""author_flair_css_class"": null, ""name"": ""t1_oxjruo7"", ""is_submitter"": false, ""downs"": 0, ""author_flair_richtext"": [], ""author_patreon_flair"": false, ""body_html"": ""&lt;div class=\""md\""&gt;&lt;p&gt;Compact&lt;/p&gt;\n&lt;/div&gt;"", ""removal_reason"": null, ""collapsed_reason"": null, ""distinguished"": null, ""associated_award"": null, ""stickied"": false, ""author_premium"": false, ""can_gild"": false, ""gildings"": {}, ""unrepliable_reason"": null, ""author_flair_text_color"": null, ""score_hidden"": false, ""permalink"": ""/r/MyntraSucks/comments/1uw8l8q/136_rupees_myncash_going_to_expire_starting/oxjruo7/"", ""subreddit_type"": ""public"", ""locked"": false, ""report_reasons"": null, ""created"": 1784061096.0, ""author_flair_text"": null, ""treatment_tags"": [], ""link_id"": ""t3_1uw8l8q"", ""subreddit_name_prefixed"": ""r/MyntraSucks"", ""controversiality"": 0, ""depth"": 0, ""author_flair_background_color"": null, ""collapsed_because_crowd_control"": null, ""mod_reports"": [], ""num_reports"": null, ""ups"": 1}}, {""kind"": ""t1"", ""data"": {""subreddit_id"": ""t5_fqqzab"", ""approved_at_utc"": null, ""author_is_blocked"": false, ""comment_type"": null, ""awarders"": [], ""mod_reason_by"": null, ""banned_by"": null, ""author_flair_type"": ""text"", ""total_awards_received"": 0, ""subreddit"": ""MyntraSucks"", ""author_flair_template_id"": null, ""likes"": null, ""replies"": """", ""user_reports"": [], ""saved"": false, ""id"": ""oxmfxhw"", ""banned_at_utc"": null, ""mod_reason_title"": null, ""gilded"": 0, ""archived"": false, ""collapsed_reason_code"": null, ""no_follow"": false, ""author"": ""Weekly-Item-4173"", ""can_mod_post"": false, ""created_utc"": 1784092313.0, ""send_replies"": true, ""parent_id"": ""t3_1uw8l8q"", ""score"": 1, ""author_fullname"": ""t2_28t55lpw00"", ""approved_by"": null, ""mod_note"": null, ""all_awardings"": [], ""collapsed"": false, ""body"": ""You can buy facewash,lipbalm, toothpaste, underarm rollon"", ""edited"": false, ""top_awarded_type"": null, ""author_flair_css_class"": null, ""name"": ""t1_oxmfxhw"", ""is_submitter"": false, ""downs"": 0, ""author_flair_richtext"": [], ""author_patreon_flair"": false, ""body_html"": ""&lt;div class=\""md\""&gt;&lt;p&gt;You can buy facewash,lipbalm, toothpaste, underarm rollon&lt;/p&gt;\n&lt;/div&gt;"", ""removal_reason"": null, ""collapsed_reason"": null, ""distinguished"": null, ""associated_award"": null, ""stickied"": false, ""author_premium"": false, ""can_gild"": false, ""gildings"": {}, ""unrepliable_reason"": null, ""author_flair_text_color"": null, ""score_hidden"": false, ""permalink"": ""/r/MyntraSucks/comments/1uw8l8q/136_rupees_myncash_going_to_expire_starting/oxmfxhw/"", ""subreddit_type"": ""public"", ""locked"": false, ""report_reasons"": null, ""created"": 1784092313.0, ""author_flair_text"": null, ""treatment_tags"": [], ""link_id"": ""t3_1uw8l8q"", ""subreddit_name_prefixed"": ""r/MyntraSucks"", ""controversiality"": 0, ""depth"": 0, ""author_flair_background_color"": null, ""collapsed_because_crowd_control"": null, ""mod_reports"": [], ""num_reports"": null, ""ups"": 1}}, {""kind"": ""t1"", ""data"": {""subreddit_id"": ""t5_fqqzab"", ""approved_at_utc"": null, ""author_is_blocked"": false, ""comment_type"": null, ""awarders"": [], ""mod_reason_by"": null, ""banned_by"": null, ""author_flair_type"": ""text"", ""total_awards_received"": 0, ""subreddit"": ""MyntraSucks"", ""author_flair_template_id"": null, ""likes"": null, ""replies"": """", ""user_reports"": [], ""saved"": false, ""id"": ""oxmvbdj"", ""banned_at_utc"": null, ""mod_reason_title"": null, ""gilded"": 0, ""archived"": false, ""collapsed_reason_code"": null, ""no_follow"": false, ""author"": ""taurus5503"", ""can_mod_post"": false, ""created_utc"": 1784099559.0, ""send_replies"": true, ""parent_id"": ""t3_1uw8l8q"", ""score"": 1, ""author_fullname"": ""t2_1noygqzsgn"", ""approved_by"": null, ""mod_note"": null, ""all_awardings"": [], ""collapsed"": false, ""body"": ""That facemask and scrubber on other side thing "", ""edited"": false, ""top_awarded_type"": null, ""author_flair_css_class"": null, ""name"": ""t1_oxmvbdj"", ""is_submitter"": false, ""downs"": 0, ""author_flair_richtext"": [], ""author_patreon_flair"": false, ""body_html"": ""&lt;div class=\""md\""&gt;&lt;p&gt;That facemask and scrubber on other side thing &lt;/p&gt;\n&lt;/div&gt;"", ""removal_reason"": null, ""collapsed_reason"": null, ""distinguished"": null, ""associated_award"": null, ""stickied"": false, ""author_premium"": false, ""can_gild"": false, ""gildings"": {}, ""unrepliable_reason"": null, ""author_flair_text_color"": null, ""score_hidden"": false, ""permalink"": ""/r/MyntraSucks/comments/1uw8l8q/136_rupees_myncash_going_to_expire_starting/oxmvbdj/"", ""subreddit_type"": ""public"", ""locked"": false, ""report_reasons"": null, ""created"": 1784099559.0, ""author_flair_text"": null, ""treatment_tags"": [], ""link_id"": ""t3_1uw8l8q"", ""subreddit_name_prefixed"": ""r/MyntraSucks"", ""controversiality"": 0, ""depth"": 0, ""author_flair_background_color"": null, ""collapsed_because_crowd_control"": null, ""mod_reports"": [], ""num_reports"": null, ""ups"": 1}}, {""kind"": ""t1"", ""data"": {""subreddit_id"": ""t5_fqqzab"", ""approved_at_utc"": null, ""author_is_blocked"": false, ""comment_type"": null, ""awarders"": [], ""mod_reason_by"": null, ""banned_by"": null, ""author_flair_type"": ""text"", ""total_awards_received"": 0, ""subreddit"": ""MyntraSucks"", ""author_flair_template_id"": null, ""likes"": null, ""replies"": """", ""user_reports"": [], ""saved"": false, ""id"": ""oxp5dyu"", ""banned_at_utc"": null, ""mod_reason_title"": null, ""gilded"": 0, ""archived"": false, ""collapsed_reason_code"": null, ""no_follow"": false, ""author"": ""Big_Wishbone_5324"", ""can_mod_post"": false, ""created_utc"": 1784129382.0, ""send_replies"": true, ""parent_id"": ""t3_1uw8l8q"", ""score"": 1, ""author_fullname"": ""t2_gy52pdd2k"", ""approved_by"": null, ""mod_note"": null, ""all_awardings"": [], ""collapsed"": false, ""body"": ""Trunks."", ""edited"": false, ""top_awarded_type"": null, ""author_flair_css_class"": null, ""name"": ""t1_oxp5dyu"", ""is_submitter"": false, ""downs"": 0, ""author_flair_richtext"": [], ""author_patreon_flair"": false, ""body_html"": ""&lt;div class=\""md\""&gt;&lt;p&gt;Trunks.&lt;/p&gt;\n&lt;/div&gt;"", ""removal_reason"": null, ""collapsed_reason"": null, ""distinguished"": null, ""associated_award"": null, ""stickied"": false, ""author_premium"": false, ""can_gild"": false, ""gildings"": {}, ""unrepliable_reason"": null, ""author_flair_text_color"": null, ""score_hidden"": false, ""permalink"": ""/r/MyntraSucks/comments/1uw8l8q/136_rupees_myncash_going_to_expire_starting/oxp5dyu/"", ""subreddit_type"": ""public"", ""locked"": false, ""report_reasons"": null, ""created"": 1784129382.0, ""author_flair_text"": null, ""treatment_tags"": [], ""link_id"": ""t3_1uw8l8q"", ""subreddit_name_prefixed"": ""r/MyntraSucks"", ""controversiality"": 0, ""depth"": 0, ""author_flair_background_color"": null, ""collapsed_because_crowd_control"": null, ""mod_reports"": [], ""num_reports"": null, ""ups"": 1}}], ""before"": null}}]",1,
reddit,myntra issue,2026-07-10,"[{""kind"": ""Listing"", ""data"": {""after"": null, ""dist"": 1, ""modhash"": ""m223pmkpxq946134e75ea00643e0835f9bfe7722912eb6e8a1"", ""geo_filter"": """", ""children"": [{""kind"": ""t3"", ""data"": {""approved_at_utc"": null, ""subreddit"": ""Indiashopping"", ""selftext"": ""Hi everyone, I'm a student researching online fashion shopping experiences (Myntra, Ajio, Meesho, etc.) for a project \u2014 genuinely trying to understand what people actually struggle with, not looking to promote anything.\n\nWould love to hear about:\n\nWhat's the most annoying part of buying clothes online for you?\n\nIs there anything you wish these apps did but they just don't?\n\nHave you ever given up on buying something online and just went to a local store instead \u2014 why?\n\nAnything about return/exchange that frustrates you?\n\nIf you could fix ONE thing about how you shop for fashion online, what would it be?"", ""user_reports"": [], ""saved"": false, ""mod_reason_title"": null, ""gilded"": 0, ""clicked"": false, ""title"": ""What annoys you most about shopping for clothes online in India?"", ""link_flair_richtext"": [], ""subreddit_name_prefixed"": ""r/Indiashopping"", ""hidden"": false, ""pwls"": 6, ""link_flair_css_class"": """", ""downs"": 0, ""thumbnail_height"": null, ""top_awarded_type"": null, ""hide_score"": false, ""name"": ""t3_1usoyax"", ""quarantine"": false, ""link_flair_text_color"": ""dark"", ""upvote_ratio"": 1.0, ""author_flair_background_color"": null, ""subreddit_type"": ""public"", ""ups"": 1, ""total_awards_received"": 0, ""media_embed"": {}, ""thumbnail_width"": null, ""author_flair_template_id"": null, ""is_original_content"": false, ""author_fullname"": ""t2_uj1kyp8w"", ""secure_media"": null, ""is_reddit_media_domain"": false, ""is_meta"": false, ""category"": null, ""secure_media_embed"": {}, ""link_flair_text"": ""Discussion / Question "", ""can_mod_post"": false, ""score"": 1, ""approved_by"": null, ""is_created_from_ads_ui"": false, ""author_premium"": false, ""thumbnail"": ""self"", ""edited"": false, ""author_flair_css_class"": null, ""author_flair_richtext"": [], ""gildings"": {}, ""content_categories"": null, ""is_self"": true, ""mod_note"": null, ""created"": 1783692952.0, ""link_flair_type"": ""text"", ""wls"": 6, ""removed_by_category"": null, ""banned_by"": null, ""author_flair_type"": ""text"", ""domain"": ""self.Indiashopping"", ""allow_live_comments"": false, ""selftext_html"": ""&lt;!-- SC_OFF --&gt;&lt;div class=\""md\""&gt;&lt;p&gt;Hi everyone, I&amp;#39;m a student researching online fashion shopping experiences (Myntra, Ajio, Meesho, etc.) for a project \u2014 genuinely trying to understand what people actually struggle with, not looking to promote anything.&lt;/p&gt;\n\n&lt;p&gt;Would love to hear about:&lt;/p&gt;\n\n&lt;p&gt;What&amp;#39;s the most annoying part of buying clothes online for you?&lt;/p&gt;\n\n&lt;p&gt;Is there anything you wish these apps did but they just don&amp;#39;t?&lt;/p&gt;\n\n&lt;p&gt;Have you ever given up on buying something online and just went to a local store instead \u2014 why?&lt;/p&gt;\n\n&lt;p&gt;Anything about return/exchange that frustrates you?&lt;/p&gt;\n\n&lt;p&gt;If you could fix ONE thing about how you shop for fashion online, what would it be?&lt;/p&gt;\n&lt;/div&gt;&lt;!-- SC_ON --&gt;"", ""likes"": null, ""suggested_sort"": null, ""banned_at_utc"": null, ""view_count"": null, ""archived"": false, ""no_follow"": true, ""is_crosspostable"": true, ""pinned"": false, ""over_18"": false, ""all_awardings"": [], ""awarders"": [], ""media_only"": false, ""link_flair_template_id"": ""c9c1daf8-2097-11f1-8674-16020ec22d1a"", ""can_gild"": false, ""spoiler"": false, ""locked"": false, ""author_flair_text"": null, ""treatment_tags"": [], ""visited"": false, ""removed_by"": null, ""num_reports"": null, ""distinguished"": null, ""subreddit_id"": ""t5_4u37ni"", ""author_is_blocked"": false, ""mod_reason_by"": null, ""removal_reason"": null, ""link_flair_background_color"": ""#d7bde2"", ""id"": ""1usoyax"", ""is_robot_indexable"": true, ""num_duplicates"": 1, ""report_reasons"": null, ""author"": ""vancy99"", ""discussion_type"": null, ""num_comments"": 1, ""send_replies"": true, ""media"": null, ""contest_mode"": false, ""author_patreon_flair"": false, ""author_flair_text_color"": null, ""permalink"": ""/r/Indiashopping/comments/1usoyax/what_annoys_you_most_about_shopping_for_clothes/"", ""stickied"": false, ""url"": ""https://www.reddit.com/r/Indiashopping/comments/1usoyax/what_annoys_you_most_about_shopping_for_clothes/"", ""subreddit_subscribers"": 3202, ""created_utc"": 1783692952.0, ""num_crossposts"": 1, ""mod_reports"": [], ""is_video"": false}}], ""before"": null}}, {""kind"": ""Listing"", ""data"": {""after"": null, ""dist"": null, ""modhash"": ""m223pmkpxq946134e75ea00643e0835f9bfe7722912eb6e8a1"", ""geo_filter"": """", ""children"": [{""kind"": ""t1"", ""data"": {""subreddit_id"": ""t5_4u37ni"", ""approved_at_utc"": null, ""author_is_blocked"": false, ""comment_type"": null, ""awarders"": [], ""mod_reason_by"": null, ""banned_by"": null, ""author_flair_type"": ""text"", ""total_awards_received"": 0, ""subreddit"": ""Indiashopping"", ""author_flair_template_id"": null, ""likes"": null, ""replies"": """", ""user_reports"": [], ""saved"": false, ""id"": ""oz0cyhb"", ""banned_at_utc"": null, ""mod_reason_title"": null, ""gilded"": 0, ""archived"": false, ""collapsed_reason_code"": null, ""no_follow"": true, ""author"": ""padduu"", ""can_mod_post"": false, ""created_utc"": 1784692381.0, ""send_replies"": true, ""parent_id"": ""t3_1usoyax"", ""score"": 1, ""author_fullname"": ""t2_2ax31ksftg"", ""approved_by"": null, ""mod_note"": null, ""all_awardings"": [], ""collapsed"": false, ""body"": ""Fitting is one main concern at-least for me. I mostly prefer local store. "", ""edited"": false, ""top_awarded_type"": null, ""author_flair_css_class"": null, ""name"": ""t1_oz0cyhb"", ""is_submitter"": false, ""downs"": 0, ""author_flair_richtext"": [], ""author_patreon_flair"": false, ""body_html"": ""&lt;div class=\""md\""&gt;&lt;p&gt;Fitting is one main concern at-least for me. I mostly prefer local store. &lt;/p&gt;\n&lt;/div&gt;"", ""removal_reason"": null, ""collapsed_reason"": null, ""distinguished"": null, ""associated_award"": null, ""stickied"": false, ""author_premium"": false, ""can_gild"": false, ""gildings"": {}, ""unrepliable_reason"": null, ""author_flair_text_color"": null, ""score_hidden"": false, ""permalink"": ""/r/Indiashopping/comments/1usoyax/what_annoys_you_most_about_shopping_for_clothes/oz0cyhb/"", ""subreddit_type"": ""public"", ""locked"": false, ""report_reasons"": null, ""created"": 1784692381.0, ""author_flair_text"": null, ""treatment_tags"": [], ""link_id"": ""t3_1usoyax"", ""subreddit_name_prefixed"": ""r/Indiashopping"", ""controversiality"": 0, ""depth"": 0, ""author_flair_background_color"": null, ""collapsed_because_crowd_control"": null, ""mod_reports"": [], ""num_reports"": null, ""ups"": 1}}], ""before"": null}}]
",1,
reddit,myntra_consider buyibng,2026-06-02,"[{""kind"": ""Listing"", ""data"": {""after"": null, ""dist"": 1, ""modhash"": ""llm63eqbjx50246b6179fa6674cdf964053bd679bf127b2d25"", ""geo_filter"": """", ""children"": [{""kind"": ""t3"", ""data"": {""approved_at_utc"": null, ""subreddit"": ""MyntraSucks"", ""selftext"": ""Myntra shows my preference priced high than the other options.  \nLike suppose - I wishlisted a bag in color white, and there are other options black and brown.  \nThe one I wish listed will show same price as the black and brown one when I am browsing from the wishlist but when I click on it , it\u2019s price is 500 rs more.  \nHappens with a lot of different products.  \nLike my jeans size is 1900 and literally all other sizes are 1500 .  \nAnyone facing the same?"", ""user_reports"": [], ""saved"": false, ""mod_reason_title"": null, ""gilded"": 0, ""clicked"": false, ""title"": ""Weird algorithm"", ""link_flair_richtext"": [], ""subreddit_name_prefixed"": ""r/MyntraSucks"", ""hidden"": false, ""pwls"": 6, ""link_flair_css_class"": """", ""downs"": 0, ""thumbnail_height"": null, ""top_awarded_type"": null, ""hide_score"": false, ""name"": ""t3_1tuhbea"", ""quarantine"": false, ""link_flair_text_color"": ""dark"", ""upvote_ratio"": 1.0, ""author_flair_background_color"": null, ""subreddit_type"": ""public"", ""ups"": 1, ""total_awards_received"": 0, ""media_embed"": {}, ""thumbnail_width"": null, ""author_flair_template_id"": null, ""is_original_content"": false, ""author_fullname"": ""t2_89360ds8x"", ""secure_media"": null, ""is_reddit_media_domain"": false, ""is_meta"": false, ""category"": null, ""secure_media_embed"": {}, ""link_flair_text"": ""Are You Kidding me \ud83d\ude2c"", ""can_mod_post"": false, ""score"": 1, ""approved_by"": null, ""is_created_from_ads_ui"": false, ""author_premium"": false, ""thumbnail"": ""self"", ""edited"": false, ""author_flair_css_class"": null, ""author_flair_richtext"": [], ""gildings"": {}, ""content_categories"": null, ""is_self"": true, ""mod_note"": null, ""created"": 1780377721.0, ""link_flair_type"": ""text"", ""wls"": 6, ""removed_by_category"": null, ""banned_by"": null, ""author_flair_type"": ""text"", ""domain"": ""self.MyntraSucks"", ""allow_live_comments"": false, ""selftext_html"": ""&lt;!-- SC_OFF --&gt;&lt;div class=\""md\""&gt;&lt;p&gt;Myntra shows my preference priced high than the other options.&lt;br/&gt;\nLike suppose - I wishlisted a bag in color white, and there are other options black and brown.&lt;br/&gt;\nThe one I wish listed will show same price as the black and brown one when I am browsing from the wishlist but when I click on it , it\u2019s price is 500 rs more.&lt;br/&gt;\nHappens with a lot of different products.&lt;br/&gt;\nLike my jeans size is 1900 and literally all other sizes are 1500 .&lt;br/&gt;\nAnyone facing the same?&lt;/p&gt;\n&lt;/div&gt;&lt;!-- SC_ON --&gt;"", ""likes"": null, ""suggested_sort"": null, ""banned_at_utc"": null, ""view_count"": null, ""archived"": false, ""no_follow"": true, ""is_crosspostable"": true, ""pinned"": false, ""over_18"": false, ""all_awardings"": [], ""awarders"": [], ""media_only"": false, ""link_flair_template_id"": ""af29b092-b1e5-11f0-b666-9e8852f0ff15"", ""can_gild"": false, ""spoiler"": false, ""locked"": false, ""author_flair_text"": null, ""treatment_tags"": [], ""visited"": false, ""removed_by"": null, ""num_reports"": null, ""distinguished"": null, ""subreddit_id"": ""t5_fqqzab"", ""author_is_blocked"": false, ""mod_reason_by"": null, ""removal_reason"": null, ""link_flair_background_color"": ""#dadada"", ""id"": ""1tuhbea"", ""is_robot_indexable"": true, ""num_duplicates"": 0, ""report_reasons"": null, ""author"": ""WishRough7589"", ""discussion_type"": null, ""num_comments"": 0, ""send_replies"": true, ""media"": null, ""contest_mode"": false, ""author_patreon_flair"": false, ""author_flair_text_color"": null, ""permalink"": ""/r/MyntraSucks/comments/1tuhbea/weird_algorithm/"", ""stickied"": false, ""url"": ""https://www.reddit.com/r/MyntraSucks/comments/1tuhbea/weird_algorithm/"", ""subreddit_subscribers"": 2045, ""created_utc"": 1780377721.0, ""num_crossposts"": 0, ""mod_reports"": [], ""is_video"": false}}], ""before"": null}}, {""kind"": ""Listing"", ""data"": {""after"": null, ""dist"": null, ""modhash"": ""llm63eqbjx50246b6179fa6674cdf964053bd679bf127b2d25"", ""geo_filter"": """", ""children"": [], ""before"": null}}]
",1,
reddit,what is in myntra cart,2021-10-02,"[{""kind"": ""Listing"", ""data"": {""after"": null, ""dist"": 1, ""modhash"": ""h80ace08p0e5ac9eea55ada2ad98f5ea65534e7769766c8509"", ""geo_filter"": """", ""children"": [{""kind"": ""t3"", ""data"": {""approved_at_utc"": null, ""subreddit"": ""IndianBeautyDeals"", ""selftext"": ""Myntra sale seems to be actually a nice sale. I can assume everyone has something in their cart. What's in your cart? What's your budget?\n\nI have a ton of clothes, some &amp; makeup products, and a pair of boots. Clothes are from H&amp;M &amp; Sassafras mostly. Makeup - Mac Go Play blushes &amp; an Essense blush. It all is rounding up to like 12k. I want to cut it in half but let's seee!\n\nWhat's in your cart??"", ""user_reports"": [], ""saved"": false, ""mod_reason_title"": null, ""gilded"": 0, ""clicked"": false, ""title"": ""What's in your Myntra cart??"", ""link_flair_richtext"": [], ""subreddit_name_prefixed"": ""r/IndianBeautyDeals"", ""hidden"": false, ""pwls"": 6, ""link_flair_css_class"": null, ""downs"": 0, ""thumbnail_height"": null, ""top_awarded_type"": null, ""hide_score"": false, ""name"": ""t3_pztrbt"", ""quarantine"": false, ""link_flair_text_color"": ""dark"", ""upvote_ratio"": 1.0, ""author_flair_background_color"": null, ""subreddit_type"": ""public"", ""ups"": 17, ""total_awards_received"": 0, ""media_embed"": {}, ""thumbnail_width"": null, ""author_flair_template_id"": null, ""is_original_content"": false, ""author_fullname"": ""t2_14bd8m"", ""secure_media"": null, ""is_reddit_media_domain"": false, ""is_meta"": false, ""category"": null, ""secure_media_embed"": {}, ""link_flair_text"": null, ""can_mod_post"": false, ""score"": 17, ""approved_by"": null, ""is_created_from_ads_ui"": false, ""author_premium"": false, ""thumbnail"": ""self"", ""edited"": false, ""author_flair_css_class"": null, ""author_flair_richtext"": [], ""gildings"": {}, ""content_categories"": null, ""is_self"": true, ""mod_note"": null, ""created"": 1633175723.0, ""link_flair_type"": ""text"", ""wls"": 6, ""removed_by_category"": null, ""banned_by"": null, ""author_flair_type"": ""text"", ""domain"": ""self.IndianBeautyDeals"", ""allow_live_comments"": false, ""selftext_html"": ""&lt;!-- SC_OFF --&gt;&lt;div class=\""md\""&gt;&lt;p&gt;Myntra sale seems to be actually a nice sale. I can assume everyone has something in their cart. What&amp;#39;s in your cart? What&amp;#39;s your budget?&lt;/p&gt;\n\n&lt;p&gt;I have a ton of clothes, some &amp;amp; makeup products, and a pair of boots. Clothes are from H&amp;amp;M &amp;amp; Sassafras mostly. Makeup - Mac Go Play blushes &amp;amp; an Essense blush. It all is rounding up to like 12k. I want to cut it in half but let&amp;#39;s seee!&lt;/p&gt;\n\n&lt;p&gt;What&amp;#39;s in your cart??&lt;/p&gt;\n&lt;/div&gt;&lt;!-- SC_ON --&gt;"", ""likes"": null, ""suggested_sort"": null, ""banned_at_utc"": null, ""view_count"": null, ""archived"": false, ""no_follow"": false, ""is_crosspostable"": true, ""pinned"": false, ""over_18"": false, ""all_awardings"": [], ""awarders"": [], ""media_only"": false, ""can_gild"": false, ""spoiler"": false, ""locked"": false, ""author_flair_text"": null, ""treatment_tags"": [], ""visited"": false, ""removed_by"": null, ""num_reports"": null, ""distinguished"": null, ""subreddit_id"": ""t5_39dg2c"", ""author_is_blocked"": false, ""mod_reason_by"": null, ""removal_reason"": null, ""link_flair_background_color"": """", ""id"": ""pztrbt"", ""is_robot_indexable"": true, ""num_duplicates"": 0, ""report_reasons"": null, ""author"": ""Aayu07"", ""discussion_type"": null, ""num_comments"": 16, ""send_replies"": true, ""media"": null, ""contest_mode"": false, ""author_patreon_flair"": false, ""author_flair_text_color"": null, ""permalink"": ""/r/IndianBeautyDeals/comments/pztrbt/whats_in_your_myntra_cart/"", ""stickied"": false, ""url"": ""https://www.reddit.com/r/IndianBeautyDeals/comments/pztrbt/whats_in_your_myntra_cart/"", ""subreddit_subscribers"": 157094, ""created_utc"": 1633175723.0, ""num_crossposts"": 0, ""mod_reports"": [], ""is_video"": false}}], ""before"": null}}, {""kind"": ""Listing"", ""data"": {""after"": null, ""dist"": null, ""modhash"": ""h80ace08p0e5ac9eea55ada2ad98f5ea65534e7769766c8509"", ""geo_filter"": """", ""children"": [{""kind"": ""t1"", ""data"": {""subreddit_id"": ""t5_39dg2c"", ""approved_at_utc"": null, ""author_is_blocked"": false, ""comment_type"": null, ""awarders"": [], ""mod_reason_by"": null, ""banned_by"": null, ""author_flair_type"": ""text"", ""total_awards_received"": 0, ""subreddit"": ""IndianBeautyDeals"", ""author_flair_template_id"": null, ""likes"": null, ""replies"": {""kind"": ""Listing"", ""data"": {""after"": null, ""dist"": null, ""modhash"": ""h80ace08p0e5ac9eea55ada2ad98f5ea65534e7769766c8509"", ""geo_filter"": """", ""children"": [{""kind"": ""t1"", ""data"": {""total_awards_received"": 0, ""approved_at_utc"": null, ""author_is_blocked"": false, ""comment_type"": null, ""awarders"": [], ""mod_reason_by"": null, ""banned_by"": null, ""ups"": 1, ""removal_reason"": null, ""link_id"": ""t3_pztrbt"", ""author_flair_template_id"": null, ""likes"": null, ""replies"": {""kind"": ""Listing"", ""data"": {""after"": null, ""dist"": null, ""modhash"": ""h80ace08p0e5ac9eea55ada2ad98f5ea65534e7769766c8509"", ""geo_filter"": """", ""children"": [{""kind"": ""t1"", ""data"": {""subreddit_id"": ""t5_39dg2c"", ""approved_at_utc"": null, ""author_is_blocked"": false, ""comment_type"": null, ""awarders"": [], ""mod_reason_by"": null, ""banned_by"": null, ""author_flair_type"": ""text"", ""total_awards_received"": 0, ""subreddit"": ""IndianBeautyDeals"", ""author_flair_template_id"": null, ""likes"": null, ""replies"": """", ""user_reports"": [], ""saved"": false, ""id"": ""hf8az7p"", ""banned_at_utc"": null, ""mod_reason_title"": null, ""gilded"": 0, ""archived"": false, ""collapsed_reason_code"": null, ""no_follow"": true, ""author"": ""sriv_m"", ""can_mod_post"": false, ""send_replies"": true, ""parent_id"": ""t1_hf7qars"", ""score"": 3, ""author_fullname"": ""t2_177wue"", ""removal_reason"": null, ""approved_by"": null, ""mod_note"": null, ""all_awardings"": [], ""body"": ""I\u2019ve only used one mist but my friends have used a few so I know they\u2019re good! They\u2019ve used I think Warm Vanilla Sugar and Japanese Cherry Blossoms! I think both smell good. I have used a Vanilla body cream. Smell is great but as a cream is not that great \ud83d\ude02\n\nThe one I\u2019ve used is A Thousand Wishes. It smells sort of fruity and is really good. The staying power is also good! I sweat a LOT like just if I move around my room rearranging things, I\u2019ll sweat. So the mist does a good job with the he scent. I\u2019ve now ordered the Sunset one because someone on the ISCA sub said it\u2019s good and smells like caramel!\n\nWrt best scent I think it\u2019s personal preference. For example, I don\u2019t like musky and flowery scents but I\u2019m okay with fruity and vanilla/chocolate types!"", ""edited"": false, ""top_awarded_type"": null, ""downs"": 0, ""author_flair_css_class"": null, ""name"": ""t1_hf8az7p"", ""is_submitter"": false, ""collapsed"": false, ""author_flair_richtext"": [], ""author_patreon_flair"": false, ""body_html"": ""&lt;div class=\""md\""&gt;&lt;p&gt;I\u2019ve only used one mist but my friends have used a few so I know they\u2019re good! They\u2019ve used I think Warm Vanilla Sugar and Japanese Cherry Blossoms! I think both smell good. I have used a Vanilla body cream. Smell is great but as a cream is not that great \ud83d\ude02&lt;/p&gt;\n\n&lt;p&gt;The one I\u2019ve used is A Thousand Wishes. It smells sort of fruity and is really good. The staying power is also good! I sweat a LOT like just if I move around my room rearranging things, I\u2019ll sweat. So the mist does a good job with the he scent. I\u2019ve now ordered the Sunset one because someone on the ISCA sub said it\u2019s good and smells like caramel!&lt;/p&gt;\n\n&lt;p&gt;Wrt best scent I think it\u2019s personal preference. For example, I don\u2019t like musky and flowery scents but I\u2019m okay with fruity and vanilla/chocolate types!&lt;/p&gt;\n&lt;/div&gt;"", ""gildings"": {}, ""collapsed_reason"": null, ""distinguished"": null, ""associated_award"": null, ""stickied"": false, ""author_premium"": false, ""can_gild"": false, ""link_id"": ""t3_pztrbt"", ""unrepliable_reason"": null, ""author_flair_text_color"": null, ""score_hidden"": false, ""permalink"": ""/r/IndianBeautyDeals/comments/pztrbt/whats_in_your_myntra_cart/hf8az7p/"", ""subreddit_type"": ""public"", ""locked"": false, ""report_reasons"": null, ""created"": 1633272074.0, ""author_flair_text"": null, ""treatment_tags"": [], ""created_utc"": 1633272074.0, ""subreddit_name_prefixed"": ""r/IndianBeautyDeals"", ""controversiality"": 0, ""depth"": 2, ""author_flair_background_color"": null, ""collapsed_because_crowd_control"": null, ""mod_reports"": [], ""num_reports"": null, ""ups"": 3}}], ""before"": null}}, ""user_reports"": [], ""saved"": false, ""id"": ""hf7qars"", ""banned_at_utc"": null, ""mod_reason_title"": null, ""gilded"": 0, ""archived"": false, ""collapsed_reason_code"": null, ""no_follow"": true, ""author"": ""[deleted]"", ""can_mod_post"": false, ""send_replies"": true, ""parent_id"": ""t1_hf4sttz"", ""score"": 1, ""approved_by"": null, ""report_reasons"": null, ""all_awardings"": [], ""subreddit_id"": ""t5_39dg2c"", ""body"": ""[deleted]"", ""edited"": false, ""author_flair_css_class"": null, ""collapsed"": false, ""downs"": 0, ""is_submitter"": false, ""body_html"": ""&lt;div class=\""md\""&gt;&lt;p&gt;[deleted]&lt;/p&gt;\n&lt;/div&gt;"", ""gildings"": {}, ""collapsed_reason"": null, ""associated_award"": null, ""stickied"": false, ""subreddit_type"": ""public"", ""can_gild"": false, ""top_awarded_type"": null, ""unrepliable_reason"": null, ""author_flair_text_color"": ""dark"", ""score_hidden"": false, ""permalink"": ""/r/IndianBeautyDeals/comments/pztrbt/whats_in_your_myntra_cart/hf7qars/"", ""num_reports"": null, ""locked"": false, ""name"": ""t1_hf7qars"", ""created"": 1633260886.0, ""subreddit"": ""IndianBeautyDeals"", ""author_flair_text"": null, ""treatment_tags"": [], ""created_utc"": 1633260886.0, ""subreddit_name_prefixed"": ""r/IndianBeautyDeals"", ""controversiality"": 0, ""depth"": 1, ""author_flair_background_color"": """", ""collapsed_because_crowd_control"": null, ""mod_reports"": [], ""mod_note"": null, ""distinguished"": null}}], ""before"": null}}, ""user_reports"": [], ""saved"": false, ""id"": ""hf4sttz"", ""banned_at_utc"": null, ""mod_reason_title"": null, ""gilded"": 0, ""archived"": false, ""collapsed_reason_code"": null, ""no_follow"": false, ""author"": ""sriv_m"", ""can_mod_post"": false, ""created_utc"": 1633202823.0, ""send_replies"": true, ""parent_id"": ""t3_pztrbt"", ""score"": 8, ""author_fullname"": ""t2_177wue"", ""approved_by"": null, ""mod_note"": null, ""all_awardings"": [], ""collapsed"": false, ""body"": ""I bought things that were on on my wishlist / to-buy list and it was the perfect time to restock them because saaale! I usually only buy a new product when my old one is over \n\nI got \n* The Body Shop Vitamin E Eye Cream (replacing my \u00c9clat eye cream)\n* Simple Moisturising Face Wash (my 3rd tube!)\n\n* Bath &amp; Body Works Sunset Glow Body Mist\n* Laneige Lip Sleeping Mask Berry (also my 3rd time purchasing!) \n* Bath &amp; Body Works Japanese Cherry Blossoms Candle (for my mother)\n* And a Zelocity by Zivame sports bra (my first time trying Zivame!)\n\nThe only thing I forgot is a nude lipstick. All of mine are almost over and I need to restock them!"", ""edited"": 1633242304.0, ""top_awarded_type"": null, ""author_flair_css_class"": null, ""name"": ""t1_hf4sttz"", ""is_submitter"": false, ""downs"": 0, ""author_flair_richtext"": [], ""author_patreon_flair"": false, ""body_html"": ""&lt;div class=\""md\""&gt;&lt;p&gt;I bought things that were on on my wishlist / to-buy list and it was the perfect time to restock them because saaale! I usually only buy a new product when my old one is over &lt;/p&gt;\n\n&lt;p&gt;I got \n* The Body Shop Vitamin E Eye Cream (replacing my \u00c9clat eye cream)\n* Simple Moisturising Face Wash (my 3rd tube!)&lt;/p&gt;\n\n&lt;ul&gt;\n&lt;li&gt;Bath &amp;amp; Body Works Sunset Glow Body Mist&lt;/li&gt;\n&lt;li&gt;Laneige Lip Sleeping Mask Berry (also my 3rd time purchasing!) &lt;/li&gt;\n&lt;li&gt;Bath &amp;amp; Body Works Japanese Cherry Blossoms Candle (for my mother)&lt;/li&gt;\n&lt;li&gt;And a Zelocity by Zivame sports bra (my first time trying Zivame!)&lt;/li&gt;\n&lt;/ul&gt;\n\n&lt;p&gt;The only thing I forgot is a nude lipstick. All of mine are almost over and I need to restock them!&lt;/p&gt;\n&lt;/div&gt;"", ""removal_reason"": null, ""collapsed_reason"": null, ""distinguished"": null, ""associated_award"": null, ""stickied"": false, ""author_premium"": false, ""can_gild"": false, ""gildings"": {}, ""unrepliable_reason"": null, ""author_flair_text_color"": null, ""score_hidden"": false, ""permalink"": ""/r/IndianBeautyDeals/comments/pztrbt/whats_in_your_myntra_cart/hf4sttz/"", ""subreddit_type"": ""public"", ""locked"": false, ""report_reasons"": null, ""created"": 1633202823.0, ""author_flair_text"": null, ""treatment_tags"": [], ""link_id"": ""t3_pztrbt"", ""subreddit_name_prefixed"": ""r/IndianBeautyDeals"", ""controversiality"": 0, ""depth"": 0, ""author_flair_background_color"": null, ""collapsed_because_crowd_control"": null, ""mod_reports"": [], ""num_reports"": null, ""ups"": 8}}, {""kind"": ""t1"", ""data"": {""subreddit_id"": ""t5_39dg2c"", ""approved_at_utc"": null, ""author_is_blocked"": false, ""comment_type"": null, ""awarders"": [], ""mod_reason_by"": null, ""banned_by"": null, ""author_flair_type"": ""text"", ""total_awards_received"": 0, ""subreddit"": ""IndianBeautyDeals"", ""author_flair_template_id"": null, ""likes"": null, ""replies"": """", ""user_reports"": [], ""saved"": false, ""id"": ""hf37vks"", ""banned_at_utc"": null, ""mod_reason_title"": null, ""gilded"": 0, ""archived"": false, ""collapsed_reason_code"": null, ""no_follow"": false, ""author"": ""Heavy_Star_2952"", ""can_mod_post"": false, ""created_utc"": 1633176639.0, ""send_replies"": true, ""parent_id"": ""t3_pztrbt"", ""score"": 5, ""author_fullname"": ""t2_btlcqmxz"", ""approved_by"": null, ""mod_note"": null, ""all_awardings"": [], ""collapsed"": false, ""body"": ""I have ordered sweatshirts as winter is coming"", ""edited"": false, ""top_awarded_type"": null, ""author_flair_css_class"": null, ""name"": ""t1_hf37vks"", ""is_submitter"": false, ""downs"": 0, ""author_flair_richtext"": [], ""author_patreon_flair"": false, ""body_html"": ""&lt;div class=\""md\""&gt;&lt;p&gt;I have ordered sweatshirts as winter is coming&lt;/p&gt;\n&lt;/div&gt;"", ""removal_reason"": null, ""collapsed_reason"": null, ""distinguished"": null, ""associated_award"": null, ""stickied"": false, ""author_premium"": false, ""can_gild"": false, ""gildings"": {}, ""unrepliable_reason"": null, ""author_flair_text_color"": null, ""score_hidden"": false, ""permalink"": ""/r/IndianBeautyDeals/comments/pztrbt/whats_in_your_myntra_cart/hf37vks/"", ""subreddit_type"": ""public"", ""locked"": false, ""report_reasons"": null, ""created"": 1633176639.0, ""author_flair_text"": null, ""treatment_tags"": [], ""link_id"": ""t3_pztrbt"", ""subreddit_name_prefixed"": ""r/IndianBeautyDeals"", ""controversiality"": 0, ""depth"": 0, ""author_flair_background_color"": null, ""collapsed_because_crowd_control"": null, ""mod_reports"": [], ""num_reports"": null, ""ups"": 5}}, {""kind"": ""t1"", ""data"": {""total_awards_received"": 0, ""approved_at_utc"": null, ""author_is_blocked"": false, ""comment_type"": null, ""awarders"": [], ""mod_reason_by"": null, ""banned_by"": null, ""ups"": 6, ""removal_reason"": null, ""link_id"": ""t3_pztrbt"", ""author_flair_template_id"": null, ""likes"": null, ""replies"": {""kind"": ""Listing"", ""data"": {""after"": null, ""dist"": null, ""modhash"": ""h80ace08p0e5ac9eea55ada2ad98f5ea65534e7769766c8509"", ""geo_filter"": """", ""children"": [{""kind"": ""t1"", ""data"": {""subreddit_id"": ""t5_39dg2c"", ""approved_at_utc"": null, ""author_is_blocked"": false, ""comment_type"": null, ""awarders"": [], ""mod_reason_by"": null, ""banned_by"": null, ""author_flair_type"": ""text"", ""total_awards_received"": 0, ""subreddit"": ""IndianBeautyDeals"", ""author_flair_template_id"": null, ""likes"": null, ""replies"": {""kind"": ""Listing"", ""data"": {""after"": null, ""dist"": null, ""modhash"": ""h80ace08p0e5ac9eea55ada2ad98f5ea65534e7769766c8509"", ""geo_filter"": """", ""children"": [{""kind"": ""t1"", ""data"": {""total_awards_received"": 0, ""approved_at_utc"": null, ""author_is_blocked"": false, ""comment_type"": null, ""awarders"": [], ""mod_reason_by"": null, ""banned_by"": null, ""ups"": 3, ""removal_reason"": null, ""link_id"": ""t3_pztrbt"", ""author_flair_template_id"": null, ""likes"": null, ""replies"": {""kind"": ""Listing"", ""data"": {""after"": null, ""dist"": null, ""modhash"": ""h80ace08p0e5ac9eea55ada2ad98f5ea65534e7769766c8509"", ""geo_filter"": """", ""children"": [{""kind"": ""t1"", ""data"": {""subreddit_id"": ""t5_39dg2c"", ""approved_at_utc"": null, ""author_is_blocked"": false, ""comment_type"": null, ""awarders"": [], ""mod_reason_by"": null, ""banned_by"": null, ""author_flair_type"": ""text"", ""total_awards_received"": 0, ""subreddit"": ""IndianBeautyDeals"", ""author_flair_template_id"": null, ""likes"": null, ""replies"": """", ""user_reports"": [], ""saved"": false, ""id"": ""hf6u1kn"", ""banned_at_utc"": null, ""mod_reason_title"": null, ""gilded"": 0, ""archived"": false, ""collapsed_reason_code"": null, ""no_follow"": true, ""author"": ""Smooth-Pollution2400"", ""can_mod_post"": false, ""send_replies"": true, ""parent_id"": ""t1_hf6nimy"", ""score"": 2, ""author_fullname"": ""t2_dj2mp9f4"", ""removal_reason"": null, ""approved_by"": null, ""mod_note"": null, ""all_awardings"": [], ""collapsed"": false, ""body"": ""Great thanks! I have combination skin too... This is majorly helpful"", ""edited"": false, ""top_awarded_type"": null, ""author_flair_css_class"": null, ""name"": ""t1_hf6u1kn"", ""is_submitter"": false, ""downs"": 0, ""author_flair_richtext"": [], ""author_patreon_flair"": false, ""body_html"": ""&lt;div class=\""md\""&gt;&lt;p&gt;Great thanks! I have combination skin too... This is majorly helpful&lt;/p&gt;\n&lt;/div&gt;"", ""gildings"": {}, ""collapsed_reason"": null, ""distinguished"": null, ""associated_award"": null, ""stickied"": false, ""author_premium"": false, ""can_gild"": false, ""link_id"": ""t3_pztrbt"", ""unrepliable_reason"": null, ""author_flair_text_color"": null, ""score_hidden"": false, ""permalink"": ""/r/IndianBeautyDeals/comments/pztrbt/whats_in_your_myntra_cart/hf6u1kn/"", ""subreddit_type"": ""public"", ""locked"": false, ""report_reasons"": null, ""created"": 1633237251.0, ""author_flair_text"": null, ""treatment_tags"": [], ""created_utc"": 1633237251.0, ""subreddit_name_prefixed"": ""r/IndianBeautyDeals"", ""controversiality"": 0, ""depth"": 3, ""author_flair_background_color"": null, ""collapsed_because_crowd_control"": null, ""mod_reports"": [], ""num_reports"": null, ""ups"": 2}}], ""before"": null}}, ""user_reports"": [], ""saved"": false, ""id"": ""hf6nimy"", ""banned_at_utc"": null, ""mod_reason_title"": null, ""gilded"": 0, ""archived"": false, ""collapsed_reason_code"": null, ""no_follow"": true, ""author"": ""[deleted]"", ""can_mod_post"": false, ""created_utc"": 1633233528.0, ""send_replies"": true, ""parent_id"": ""t1_hf4ccvo"", ""score"": 3, ""approved_by"": null, ""report_reasons"": null, ""all_awardings"": [], ""subreddit_id"": ""t5_39dg2c"", ""body"": ""Yes I do I have combination skin with extremely oil t zone. It works good to curb whiteheads, but we have to use it for long time to work on blackheads. I also use it only 2 times a week and doesn't layer it with any other actives. \nIt does make my skin sensitive, I usually use a fruit actives facewash from requil. Whenever I use them together my skin becomes sensitive, so I replaced it with my simple facewash. Hope it helps!!"", ""edited"": false, ""author_flair_css_class"": null, ""downs"": 0, ""is_submitter"": false, ""body_html"": ""&lt;div class=\""md\""&gt;&lt;p&gt;Yes I do I have combination skin with extremely oil t zone. It works good to curb whiteheads, but we have to use it for long time to work on blackheads. I also use it only 2 times a week and doesn&amp;#39;t layer it with any other actives. \nIt does make my skin sensitive, I usually use a fruit actives facewash from requil. Whenever I use them together my skin becomes sensitive, so I replaced it with my simple facewash. Hope it helps!!&lt;/p&gt;\n&lt;/div&gt;"", ""gildings"": {}, ""collapsed_reason"": null, ""associated_award"": null, ""stickied"": false, ""subreddit_type"": ""public"", ""can_gild"": false, ""top_awarded_type"": null, ""unrepliable_reason"": null, ""author_flair_text_color"": ""dark"", ""score_hidden"": false, ""permalink"": ""/r/IndianBeautyDeals/comments/pztrbt/whats_in_your_myntra_cart/hf6nimy/"", ""num_reports"": null, ""locked"": false, ""name"": ""t1_hf6nimy"", ""created"": 1633233528.0, ""subreddit"": ""IndianBeautyDeals"", ""author_flair_text"": null, ""treatment_tags"": [], ""collapsed"": false, ""subreddit_name_prefixed"": ""r/IndianBeautyDeals"", ""controversiality"": 0, ""depth"": 2, ""author_flair_background_color"": """", ""collapsed_because_crowd_control"": null, ""mod_reports"": [], ""mod_note"": null, ""distinguished"": null}}], ""before"": null}}, ""user_reports"": [], ""saved"": false, ""id"": ""hf4ccvo"", ""banned_at_utc"": null, ""mod_reason_title"": null, ""gilded"": 0, ""archived"": false, ""collapsed_reason_code"": null, ""no_follow"": true, ""author"": ""Smooth-Pollution2400"", ""can_mod_post"": false, ""created_utc"": 1633195686.0, ""send_replies"": true, ""parent_id"": ""t1_hf3v6vv"", ""score"": 2, ""author_fullname"": ""t2_dj2mp9f4"", ""removal_reason"": null, ""approved_by"": null, ""mod_note"": null, ""all_awardings"": [], ""body"": ""Do you use the salicylic 2% from minimalist? I've heard some negative reviews on here... I'm confused between this and the derma co one"", ""edited"": false, ""top_awarded_type"": null, ""author_flair_css_class"": null, ""name"": ""t1_hf4ccvo"", ""is_submitter"": false, ""downs"": 0, ""author_flair_richtext"": [], ""author_patreon_flair"": false, ""body_html"": ""&lt;div class=\""md\""&gt;&lt;p&gt;Do you use the salicylic 2% from minimalist? I&amp;#39;ve heard some negative reviews on here... I&amp;#39;m confused between this and the derma co one&lt;/p&gt;\n&lt;/div&gt;"", ""gildings"": {}, ""collapsed_reason"": null, ""distinguished"": null, ""associated_award"": null, ""stickied"": false, ""author_premium"": false, ""can_gild"": false, ""link_id"": ""t3_pztrbt"", ""unrepliable_reason"": null, ""author_flair_text_color"": null, ""score_hidden"": false, ""permalink"": ""/r/IndianBeautyDeals/comments/pztrbt/whats_in_your_myntra_cart/hf4ccvo/"", ""subreddit_type"": ""public"", ""locked"": false, ""report_reasons"": null, ""created"": 1633195686.0, ""author_flair_text"": null, ""treatment_tags"": [], ""collapsed"": false, ""subreddit_name_prefixed"": ""r/IndianBeautyDeals"", ""controversiality"": 0, ""depth"": 1, ""author_flair_background_color"": null, ""collapsed_because_crowd_control"": null, ""mod_reports"": [], ""num_reports"": null, ""ups"": 2}}], ""before"": null}}, ""user_reports"": [], ""saved"": false, ""id"": ""hf3v6vv"", ""banned_at_utc"": null, ""mod_reason_title"": null, ""gilded"": 0, ""archived"": false, ""collapsed_reason_code"": null, ""no_follow"": false, ""author"": ""[deleted]"", ""can_mod_post"": false, ""send_replies"": true, ""parent_id"": ""t3_pztrbt"", ""score"": 6, ""approved_by"": null, ""report_reasons"": null, ""all_awardings"": [], ""subreddit_id"": ""t5_39dg2c"", ""body"": ""Stocking my minimalist serums and couple of formal pants."", ""edited"": false, ""downs"": 0, ""author_flair_css_class"": null, ""collapsed"": false, ""is_submitter"": false, ""body_html"": ""&lt;div class=\""md\""&gt;&lt;p&gt;Stocking my minimalist serums and couple of formal pants.&lt;/p&gt;\n&lt;/div&gt;"", ""gildings"": {}, ""collapsed_reason"": null, ""associated_award"": null, ""stickied"": false, ""subreddit_type"": ""public"", ""can_gild"": false, ""top_awarded_type"": null, ""unrepliable_reason"": null, ""author_flair_text_color"": ""dark"", ""score_hidden"": false, ""permalink"": ""/r/IndianBeautyDeals/comments/pztrbt/whats_in_your_myntra_cart/hf3v6vv/"", ""num_reports"": null, ""locked"": false, ""name"": ""t1_hf3v6vv"", ""created"": 1633188338.0, ""subreddit"": ""IndianBeautyDeals"", ""author_flair_text"": null, ""treatment_tags"": [], ""created_utc"": 1633188338.0, ""subreddit_name_prefixed"": ""r/IndianBeautyDeals"", ""controversiality"": 0, ""depth"": 0, ""author_flair_background_color"": """", ""collapsed_because_crowd_control"": null, ""mod_reports"": [], ""mod_note"": null, ""distinguished"": null}}, {""kind"": ""t1"", ""data"": {""subreddit_id"": ""t5_39dg2c"", ""approved_at_utc"": null, ""author_is_blocked"": false, ""comment_type"": null, ""awarders"": [], ""mod_reason_by"": null, ""banned_by"": null, ""author_flair_type"": ""text"", ""total_awards_received"": 0, ""subreddit"": ""IndianBeautyDeals"", ""author_flair_template_id"": null, ""likes"": null, ""replies"": """", ""user_reports"": [], ""saved"": false, ""id"": ""hf3hzyl"", ""banned_at_utc"": null, ""mod_reason_title"": null, ""gilded"": 0, ""archived"": false, ""collapsed_reason_code"": null, ""no_follow"": false, ""author"": ""Prestigious-Rabbit33"", ""can_mod_post"": false, ""created_utc"": 1633182081.0, ""send_replies"": true, ""parent_id"": ""t3_pztrbt"", ""score"": 3, ""author_fullname"": ""t2_akz6xaop"", ""approved_by"": null, ""mod_note"": null, ""all_awardings"": [], ""collapsed"": false, ""body"": ""Innisfree blueberry toner. \nSome lounge pants from Tokyo talkies\nTrousers from sassafras\nHeels from Allen Solly"", ""edited"": false, ""top_awarded_type"": null, ""author_flair_css_class"": null, ""name"": ""t1_hf3hzyl"", ""is_submitter"": false, ""downs"": 0, ""author_flair_richtext"": [], ""author_patreon_flair"": false, ""body_html"": ""&lt;div class=\""md\""&gt;&lt;p&gt;Innisfree blueberry toner. \nSome lounge pants from Tokyo talkies\nTrousers from sassafras\nHeels from Allen Solly&lt;/p&gt;\n&lt;/div&gt;"", ""removal_reason"": null, ""collapsed_reason"": null, ""distinguished"": null, ""associated_award"": null, ""stickied"": false, ""author_premium"": false, ""can_gild"": false, ""gildings"": {}, ""unrepliable_reason"": null, ""author_flair_text_color"": null, ""score_hidden"": false, ""permalink"": ""/r/IndianBeautyDeals/comments/pztrbt/whats_in_your_myntra_cart/hf3hzyl/"", ""subreddit_type"": ""public"", ""locked"": false, ""report_reasons"": null, ""created"": 1633182081.0, ""author_flair_text"": null, ""treatment_tags"": [], ""link_id"": ""t3_pztrbt"", ""subreddit_name_prefixed"": ""r/IndianBeautyDeals"", ""controversiality"": 0, ""depth"": 0, ""author_flair_background_color"": null, ""collapsed_because_crowd_control"": null, ""mod_reports"": [], ""num_reports"": null, ""ups"": 3}}, {""kind"": ""t1"", ""data"": {""subreddit_id"": ""t5_39dg2c"", ""approved_at_utc"": null, ""author_is_blocked"": false, ""comment_type"": null, ""awarders"": [], ""mod_reason_by"": null, ""banned_by"": null, ""author_flair_type"": ""text"", ""total_awards_received"": 0, ""subreddit"": ""IndianBeautyDeals"", ""author_flair_template_id"": null, ""likes"": null, ""replies"": """", ""user_reports"": [], ""saved"": false, ""id"": ""hf3yiqv"", ""banned_at_utc"": null, ""mod_reason_title"": null, ""gilded"": 0, ""archived"": false, ""collapsed_reason_code"": null, ""no_follow"": false, ""author"": ""bharti28"", ""can_mod_post"": false, ""created_utc"": 1633189780.0, ""send_replies"": true, ""parent_id"": ""t3_pztrbt"", ""score"": 3, ""author_fullname"": ""t2_e0bx32e4"", ""approved_by"": null, ""mod_note"": null, ""all_awardings"": [], ""collapsed"": false, ""body"": ""Mac lipsticks"", ""edited"": false, ""top_awarded_type"": null, ""author_flair_css_class"": null, ""name"": ""t1_hf3yiqv"", ""is_submitter"": false, ""downs"": 0, ""author_flair_richtext"": [], ""author_patreon_flair"": false, ""body_html"": ""&lt;div class=\""md\""&gt;&lt;p&gt;Mac lipsticks&lt;/p&gt;\n&lt;/div&gt;"", ""removal_reason"": null, ""collapsed_reason"": null, ""distinguished"": null, ""associated_award"": null, ""stickied"": false, ""author_premium"": false, ""can_gild"": false, ""gildings"": {}, ""unrepliable_reason"": null, ""author_flair_text_color"": null, ""score_hidden"": false, ""permalink"": ""/r/IndianBeautyDeals/comments/pztrbt/whats_in_your_myntra_cart/hf3yiqv/"", ""subreddit_type"": ""public"", ""locked"": false, ""report_reasons"": null, ""created"": 1633189780.0, ""author_flair_text"": null, ""treatment_tags"": [], ""link_id"": ""t3_pztrbt"", ""subreddit_name_prefixed"": ""r/IndianBeautyDeals"", ""controversiality"": 0, ""depth"": 0, ""author_flair_background_color"": null, ""collapsed_because_crowd_control"": null, ""mod_reports"": [], ""num_reports"": null, ""ups"": 3}}, {""kind"": ""t1"", ""data"": {""subreddit_id"": ""t5_39dg2c"", ""approved_at_utc"": null, ""author_is_blocked"": false, ""comment_type"": null, ""awarders"": [], ""mod_reason_by"": null, ""banned_by"": null, ""author_flair_type"": ""text"", ""total_awards_received"": 0, ""subreddit"": ""IndianBeautyDeals"", ""author_flair_template_id"": null, ""likes"": null, ""replies"": {""kind"": ""Listing"", ""data"": {""after"": null, ""dist"": null, ""modhash"": ""h80ace08p0e5ac9eea55ada2ad98f5ea65534e7769766c8509"", ""geo_filter"": """", ""children"": [{""kind"": ""t1"", ""data"": {""subreddit_id"": ""t5_39dg2c"", ""approved_at_utc"": null, ""author_is_blocked"": false, ""comment_type"": null, ""awarders"": [], ""mod_reason_by"": null, ""banned_by"": null, ""author_flair_type"": ""text"", ""total_awards_received"": 0, ""subreddit"": ""IndianBeautyDeals"", ""author_flair_template_id"": null, ""likes"": null, ""replies"": {""kind"": ""Listing"", ""data"": {""after"": null, ""dist"": null, ""modhash"": ""h80ace08p0e5ac9eea55ada2ad98f5ea65534e7769766c8509"", ""geo_filter"": """", ""children"": [{""kind"": ""t1"", ""data"": {""subreddit_id"": ""t5_39dg2c"", ""approved_at_utc"": null, ""author_is_blocked"": false, ""comment_type"": null, ""awarders"": [], ""mod_reason_by"": null, ""banned_by"": null, ""author_flair_type"": ""text"", ""total_awards_received"": 0, ""subreddit"": ""IndianBeautyDeals"", ""author_flair_template_id"": null, ""likes"": null, ""replies"": {""kind"": ""Listing"", ""data"": {""after"": null, ""dist"": null, ""modhash"": ""h80ace08p0e5ac9eea55ada2ad98f5ea65534e7769766c8509"", ""geo_filter"": """", ""children"": [{""kind"": ""t1"", ""data"": {""subreddit_id"": ""t5_39dg2c"", ""approved_at_utc"": null, ""author_is_blocked"": false, ""comment_type"": null, ""awarders"": [], ""mod_reason_by"": null, ""banned_by"": null, ""author_flair_type"": ""text"", ""total_awards_received"": 0, ""subreddit"": ""IndianBeautyDeals"", ""author_flair_template_id"": null, ""likes"": null, ""replies"": """", ""user_reports"": [], ""saved"": false, ""id"": ""hrxl8l2"", ""banned_at_utc"": null, ""mod_reason_title"": null, ""gilded"": 0, ""archived"": false, ""collapsed_reason_code"": null, ""no_follow"": true, ""author"": ""PreparationLong2395"", ""can_mod_post"": false, ""send_replies"": true, ""parent_id"": ""t1_hrwmekm"", ""score"": 1, ""author_fullname"": ""t2_9xlyuhn8"", ""removal_reason"": null, ""approved_by"": null, ""mod_note"": null, ""all_awardings"": [], ""collapsed"": false, ""body"": ""Noted . Thankyou\u2764"", ""edited"": false, ""top_awarded_type"": null, ""author_flair_css_class"": null, ""name"": ""t1_hrxl8l2"", ""is_submitter"": false, ""downs"": 0, ""author_flair_richtext"": [], ""author_patreon_flair"": false, ""body_html"": ""&lt;div class=\""md\""&gt;&lt;p&gt;Noted . Thankyou\u2764&lt;/p&gt;\n&lt;/div&gt;"", ""gildings"": {}, ""collapsed_reason"": null, ""distinguished"": null, ""associated_award"": null, ""stickied"": false, ""author_premium"": false, ""can_gild"": false, ""link_id"": ""t3_pztrbt"", ""unrepliable_reason"": null, ""author_flair_text_color"": null, ""score_hidden"": false, ""permalink"": ""/r/IndianBeautyDeals/comments/pztrbt/whats_in_your_myntra_cart/hrxl8l2/"", ""subreddit_type"": ""public"", ""locked"": false, ""report_reasons"": null, ""created"": 1641746925.0, ""author_flair_text"": null, ""treatment_tags"": [], ""created_utc"": 1641746925.0, ""subreddit_name_prefixed"": ""r/IndianBeautyDeals"", ""controversiality"": 0, ""depth"": 3, ""author_flair_background_color"": null, ""collapsed_because_crowd_control"": null, ""mod_reports"": [], ""num_reports"": null, ""ups"": 1}}], ""before"": null}}, ""user_reports"": [], ""saved"": false, ""id"": ""hrwmekm"", ""banned_at_utc"": null, ""mod_reason_title"": null, ""gilded"": 0, ""archived"": false, ""collapsed_reason_code"": null, ""no_follow"": true, ""author"": ""Introverted_gal"", ""can_mod_post"": false, ""send_replies"": true, ""parent_id"": ""t1_hrvvlpx"", ""score"": 2, ""author_fullname"": ""t2_clgg0ycl"", ""removal_reason"": null, ""approved_by"": null, ""mod_note"": null, ""all_awardings"": [], ""body"": ""Hey...I mostly buy Max and dressberry brands. Max is pretty affordable during sales and decent quality although I feel the quality 5 years back was much better. I have only 2 from dressberry and they are decent too. \n\nMax is my favorite of the two."", ""edited"": false, ""top_awarded_type"": null, ""downs"": 0, ""author_flair_css_class"": null, ""name"": ""t1_hrwmekm"", ""is_submitter"": false, ""collapsed"": false, ""author_flair_richtext"": [], ""author_patreon_flair"": false, ""body_html"": ""&lt;div class=\""md\""&gt;&lt;p&gt;Hey...I mostly buy Max and dressberry brands. Max is pretty affordable during sales and decent quality although I feel the quality 5 years back was much better. I have only 2 from dressberry and they are decent too. &lt;/p&gt;\n\n&lt;p&gt;Max is my favorite of the two.&lt;/p&gt;\n&lt;/div&gt;"", ""gildings"": {}, ""collapsed_reason"": null, ""distinguished"": null, ""associated_award"": null, ""stickied"": false, ""author_premium"": false, ""can_gild"": false, ""link_id"": ""t3_pztrbt"", ""unrepliable_reason"": null, ""author_flair_text_color"": null, ""score_hidden"": false, ""permalink"": ""/r/IndianBeautyDeals/comments/pztrbt/whats_in_your_myntra_cart/hrwmekm/"", ""subreddit_type"": ""public"", ""locked"": false, ""report_reasons"": null, ""created"": 1641730678.0, ""author_flair_text"": null, ""treatment_tags"": [], ""created_utc"": 1641730678.0, ""subreddit_name_prefixed"": ""r/IndianBeautyDeals"", ""controversiality"": 0, ""depth"": 2, ""author_flair_background_color"": null, ""collapsed_because_crowd_control"": null, ""mod_reports"": [], ""num_reports"": null, ""ups"": 2}}], ""before"": null}}, ""user_reports"": [], ""saved"": false, ""id"": ""hrvvlpx"", ""banned_at_utc"": null, ""mod_reason_title"": null, ""gilded"": 0, ""archived"": false, ""collapsed_reason_code"": null, ""no_follow"": true, ""author"": ""PreparationLong2395"", ""can_mod_post"": false, ""created_utc"": 1641711024.0, ""send_replies"": true, ""parent_id"": ""t1_hf6qow6"", ""score"": 1, ""author_fullname"": ""t2_9xlyuhn8"", ""removal_reason"": null, ""approved_by"": null, ""mod_note"": null, ""all_awardings"": [], ""body"": ""Could u please mention the brand of night suites that are quite durable?  TIA"", ""edited"": false, ""top_awarded_type"": null, ""author_flair_css_class"": null, ""name"": ""t1_hrvvlpx"", ""is_submitter"": false, ""downs"": 0, ""author_flair_richtext"": [], ""author_patreon_flair"": false, ""body_html"": ""&lt;div class=\""md\""&gt;&lt;p&gt;Could u please mention the brand of night suites that are quite durable?  TIA&lt;/p&gt;\n&lt;/div&gt;"", ""gildings"": {}, ""collapsed_reason"": null, ""distinguished"": null, ""associated_award"": null, ""stickied"": false, ""author_premium"": false, ""can_gild"": false, ""link_id"": ""t3_pztrbt"", ""unrepliable_reason"": null, ""author_flair_text_color"": null, ""score_hidden"": false, ""permalink"": ""/r/IndianBeautyDeals/comments/pztrbt/whats_in_your_myntra_cart/hrvvlpx/"", ""subreddit_type"": ""public"", ""locked"": false, ""report_reasons"": null, ""created"": 1641711024.0, ""author_flair_text"": null, ""treatment_tags"": [], ""collapsed"": false, ""subreddit_name_prefixed"": ""r/IndianBeautyDeals"", ""controversiality"": 0, ""depth"": 1, ""author_flair_background_color"": null, ""collapsed_because_crowd_control"": null, ""mod_reports"": [], ""num_reports"": null, ""ups"": 1}}], ""before"": null}}, ""user_reports"": [], ""saved"": false, ""id"": ""hf6qow6"", ""banned_at_utc"": null, ""mod_reason_title"": null, ""gilded"": 0, ""archived"": false, ""collapsed_reason_code"": null, ""no_follow"": true, ""author"": ""Introverted_gal"", ""can_mod_post"": false, ""created_utc"": 1633235293.0, ""send_replies"": true, ""parent_id"": ""t3_pztrbt"", ""score"": 3, ""author_fullname"": ""t2_clgg0ycl"", ""approved_by"": null, ""mod_note"": null, ""all_awardings"": [], ""collapsed"": false, ""body"": ""Took advantage of minimalist offer and ordered a bunch of them , a few night suits as most of my current wear are riddled with holes..lol (didn't get my sizes so ordered one size large/small where ever available so fingers crossed!)\n\nAlso have one Vero moda top &amp; one Only top in my cart , contemplating to splurge or not. I am still browsing a bit of accessories...just a simple chain and/or ear rings...so let's see."", ""edited"": false, ""top_awarded_type"": null, ""author_flair_css_class"": null, ""name"": ""t1_hf6qow6"", ""is_submitter"": false, ""downs"": 0, ""author_flair_richtext"": [], ""author_patreon_flair"": false, ""body_html"": ""&lt;div class=\""md\""&gt;&lt;p&gt;Took advantage of minimalist offer and ordered a bunch of them , a few night suits as most of my current wear are riddled with holes..lol (didn&amp;#39;t get my sizes so ordered one size large/small where ever available so fingers crossed!)&lt;/p&gt;\n\n&lt;p&gt;Also have one Vero moda top &amp;amp; one Only top in my cart , contemplating to splurge or not. I am still browsing a bit of accessories...just a simple chain and/or ear rings...so let&amp;#39;s see.&lt;/p&gt;\n&lt;/div&gt;"", ""removal_reason"": null, ""collapsed_reason"": null, ""distinguished"": null, ""associated_award"": null, ""stickied"": false, ""author_premium"": false, ""can_gild"": false, ""gildings"": {}, ""unrepliable_reason"": null, ""author_flair_text_color"": null, ""score_hidden"": false, ""permalink"": ""/r/IndianBeautyDeals/comments/pztrbt/whats_in_your_myntra_cart/hf6qow6/"", ""subreddit_type"": ""public"", ""locked"": false, ""report_reasons"": null, ""created"": 1633235293.0, ""author_flair_text"": null, ""treatment_tags"": [], ""link_id"": ""t3_pztrbt"", ""subreddit_name_prefixed"": ""r/IndianBeautyDeals"", ""controversiality"": 0, ""depth"": 0, ""author_flair_background_color"": null, ""collapsed_because_crowd_control"": null, ""mod_reports"": [], ""num_reports"": null, ""ups"": 3}}, {""kind"": ""t1"", ""data"": {""total_awards_received"": 0, ""approved_at_utc"": null, ""author_is_blocked"": false, ""comment_type"": null, ""awarders"": [], ""mod_reason_by"": null, ""banned_by"": null, ""ups"": 3, ""removal_reason"": null, ""link_id"": ""t3_pztrbt"", ""author_flair_template_id"": null, ""likes"": null, ""replies"": """", ""user_reports"": [], ""saved"": false, ""id"": ""hf6wxfd"", ""banned_at_utc"": null, ""mod_reason_title"": null, ""gilded"": 0, ""archived"": false, ""collapsed_reason_code"": null, ""no_follow"": true, ""author"": ""[deleted]"", ""can_mod_post"": false, ""send_replies"": true, ""parent_id"": ""t3_pztrbt"", ""score"": 3, ""approved_by"": null, ""report_reasons"": null, ""all_awardings"": [], ""subreddit_id"": ""t5_39dg2c"", ""body"": ""Got my hands on the MAC BOGO offer and bought two matte lipsticks Sin (repurchase as my mom loves it and finished the first one) and Marrakesh (loved the shade on screen and I hope it turns out to be even better on my skin). Lol I love myntra for such amazing offers. Other than that just bought two kurtas as not thinking of buying anything more now and pile things up till I clean my vanity and wardrobe."", ""edited"": false, ""downs"": 0, ""author_flair_css_class"": null, ""collapsed"": false, ""is_submitter"": false, ""body_html"": ""&lt;div class=\""md\""&gt;&lt;p&gt;Got my hands on the MAC BOGO offer and bought two matte lipsticks Sin (repurchase as my mom loves it and finished the first one) and Marrakesh (loved the shade on screen and I hope it turns out to be even better on my skin). Lol I love myntra for such amazing offers. Other than that just bought two kurtas as not thinking of buying anything more now and pile things up till I clean my vanity and wardrobe.&lt;/p&gt;\n&lt;/div&gt;"", ""gildings"": {}, ""collapsed_reason"": null, ""associated_award"": null, ""stickied"": false, ""subreddit_type"": ""public"", ""can_gild"": false, ""top_awarded_type"": null, ""unrepliable_reason"": null, ""author_flair_text_color"": ""dark"", ""score_hidden"": false, ""permalink"": ""/r/IndianBeautyDeals/comments/pztrbt/whats_in_your_myntra_cart/hf6wxfd/"", ""num_reports"": null, ""locked"": false, ""name"": ""t1_hf6wxfd"", ""created"": 1633239025.0, ""subreddit"": ""IndianBeautyDeals"", ""author_flair_text"": null, ""treatment_tags"": [], ""created_utc"": 1633239025.0, ""subreddit_name_prefixed"": ""r/IndianBeautyDeals"", ""controversiality"": 0, ""depth"": 0, ""author_flair_background_color"": """", ""collapsed_because_crowd_control"": null, ""mod_reports"": [], ""mod_note"": null, ""distinguished"": null}}, {""kind"": ""t1"", ""data"": {""total_awards_received"": 0, ""approved_at_utc"": null, ""author_is_blocked"": false, ""comment_type"": null, ""awarders"": [], ""mod_reason_by"": null, ""banned_by"": null, ""ups"": 3, ""removal_reason"": null, ""link_id"": ""t3_pztrbt"", ""author_flair_template_id"": null, ""likes"": null, ""replies"": {""kind"": ""Listing"", ""data"": {""after"": null, ""dist"": null, ""modhash"": ""h80ace08p0e5ac9eea55ada2ad98f5ea65534e7769766c8509"", ""geo_filter"": """", ""children"": [{""kind"": ""t1"", ""data"": {""subreddit_id"": ""t5_39dg2c"", ""approved_at_utc"": null, ""author_is_blocked"": false, ""comment_type"": null, ""awarders"": [], ""mod_reason_by"": null, ""banned_by"": null, ""author_flair_type"": ""text"", ""total_awards_received"": 0, ""subreddit"": ""IndianBeautyDeals"", ""author_flair_template_id"": null, ""likes"": null, ""replies"": {""kind"": ""Listing"", ""data"": {""after"": null, ""dist"": null, ""modhash"": ""h80ace08p0e5ac9eea55ada2ad98f5ea65534e7769766c8509"", ""geo_filter"": """", ""children"": [{""kind"": ""t1"", ""data"": {""subreddit_id"": ""t5_39dg2c"", ""approved_at_utc"": null, ""author_is_blocked"": false, ""comment_type"": null, ""awarders"": [], ""mod_reason_by"": null, ""banned_by"": null, ""author_flair_type"": ""text"", ""total_awards_received"": 0, ""subreddit"": ""IndianBeautyDeals"", ""author_flair_template_id"": null, ""likes"": null, ""replies"": """", ""user_reports"": [], ""saved"": false, ""id"": ""hfc5oh2"", ""banned_at_utc"": null, ""mod_reason_title"": null, ""gilded"": 0, ""archived"": false, ""collapsed_reason_code"": null, ""no_follow"": true, ""author"": ""ohkayie"", ""can_mod_post"": false, ""send_replies"": true, ""parent_id"": ""t1_hf7mqrx"", ""score"": 1, ""author_fullname"": ""t2_9mw1pre1"", ""removal_reason"": null, ""approved_by"": null, ""mod_note"": null, ""all_awardings"": [], ""body"": ""how much off does it go then any clue?"", ""edited"": false, ""top_awarded_type"": null, ""downs"": 0, ""author_flair_css_class"": null, ""name"": ""t1_hfc5oh2"", ""is_submitter"": false, ""collapsed"": false, ""author_flair_richtext"": [], ""author_patreon_flair"": false, ""body_html"": ""&lt;div class=\""md\""&gt;&lt;p&gt;how much off does it go then any clue?&lt;/p&gt;\n&lt;/div&gt;"", ""gildings"": {}, ""collapsed_reason"": null, ""distinguished"": null, ""associated_award"": null, ""stickied"": false, ""author_premium"": false, ""can_gild"": false, ""link_id"": ""t3_pztrbt"", ""unrepliable_reason"": null, ""author_flair_text_color"": null, ""score_hidden"": false, ""permalink"": ""/r/IndianBeautyDeals/comments/pztrbt/whats_in_your_myntra_cart/hfc5oh2/"", ""subreddit_type"": ""public"", ""locked"": false, ""report_reasons"": null, ""created"": 1633345452.0, ""author_flair_text"": null, ""treatment_tags"": [], ""created_utc"": 1633345452.0, ""subreddit_name_prefixed"": ""r/IndianBeautyDeals"", ""controversiality"": 0, ""depth"": 2, ""author_flair_background_color"": null, ""collapsed_because_crowd_control"": null, ""mod_reports"": [], ""num_reports"": null, ""ups"": 1}}], ""before"": null}}, ""user_reports"": [], ""saved"": false, ""id"": ""hf7mqrx"", ""banned_at_utc"": null, ""mod_reason_title"": null, ""gilded"": 0, ""archived"": false, ""collapsed_reason_code"": null, ""no_follow"": true, ""author"": ""Lonely-Flamingo-6550"", ""can_mod_post"": false, ""created_utc"": 1633258395.0, ""send_replies"": true, ""parent_id"": ""t1_hf6xqqr"", ""score"": 2, ""author_fullname"": ""t2_8paltfd5"", ""removal_reason"": null, ""approved_by"": null, ""mod_note"": null, ""all_awardings"": [], ""body"": ""You can wait for Myntra end of reason sale - December ending."", ""edited"": false, ""top_awarded_type"": null, ""author_flair_css_class"": null, ""name"": ""t1_hf7mqrx"", ""is_submitter"": false, ""downs"": 0, ""author_flair_richtext"": [], ""author_patreon_flair"": false, ""body_html"": ""&lt;div class=\""md\""&gt;&lt;p&gt;You can wait for Myntra end of reason sale - December ending.&lt;/p&gt;\n&lt;/div&gt;"", ""gildings"": {}, ""collapsed_reason"": null, ""distinguished"": null, ""associated_award"": null, ""stickied"": false, ""author_premium"": false, ""can_gild"": false, ""link_id"": ""t3_pztrbt"", ""unrepliable_reason"": null, ""author_flair_text_color"": null, ""score_hidden"": false, ""permalink"": ""/r/IndianBeautyDeals/comments/pztrbt/whats_in_your_myntra_cart/hf7mqrx/"", ""subreddit_type"": ""public"", ""locked"": false, ""report_reasons"": null, ""created"": 1633258395.0, ""author_flair_text"": null, ""treatment_tags"": [], ""collapsed"": false, ""subreddit_name_prefixed"": ""r/IndianBeautyDeals"", ""controversiality"": 0, ""depth"": 1, ""author_flair_background_color"": null, ""collapsed_because_crowd_control"": null, ""mod_reports"": [], ""num_reports"": null, ""ups"": 2}}], ""before"": null}}, ""user_reports"": [], ""saved"": false, ""id"": ""hf6xqqr"", ""banned_at_utc"": null, ""mod_reason_title"": null, ""gilded"": 0, ""archived"": false, ""collapsed_reason_code"": null, ""no_follow"": true, ""author"": ""[deleted]"", ""can_mod_post"": false, ""send_replies"": true, ""parent_id"": ""t3_pztrbt"", ""score"": 3, ""approved_by"": null, ""report_reasons"": null, ""all_awardings"": [], ""subreddit_id"": ""t5_39dg2c"", ""body"": ""[deleted]"", ""edited"": false, ""downs"": 0, ""author_flair_css_class"": null, ""collapsed"": false, ""is_submitter"": false, ""body_html"": ""&lt;div class=\""md\""&gt;&lt;p&gt;[deleted]&lt;/p&gt;\n&lt;/div&gt;"", ""gildings"": {}, ""collapsed_reason"": null, ""associated_award"": null, ""stickied"": false, ""subreddit_type"": ""public"", ""can_gild"": false, ""top_awarded_type"": null, ""unrepliable_reason"": null, ""author_flair_text_color"": ""dark"", ""score_hidden"": false, ""permalink"": ""/r/IndianBeautyDeals/comments/pztrbt/whats_in_your_myntra_cart/hf6xqqr/"", ""num_reports"": null, ""locked"": false, ""name"": ""t1_hf6xqqr"", ""created"": 1633239573.0, ""subreddit"": ""IndianBeautyDeals"", ""author_flair_text"": null, ""treatment_tags"": [], ""created_utc"": 1633239573.0, ""subreddit_name_prefixed"": ""r/IndianBeautyDeals"", ""controversiality"": 0, ""depth"": 0, ""author_flair_background_color"": """", ""collapsed_because_crowd_control"": null, ""mod_reports"": [], ""mod_note"": null, ""distinguished"": null}}], ""before"": null}}]
",17,
reddit,wishlist algo,2026-06-02,"[{""kind"": ""Listing"", ""data"": {""after"": null, ""dist"": 1, ""modhash"": ""llm63eqbjx50246b6179fa6674cdf964053bd679bf127b2d25"", ""geo_filter"": """", ""children"": [{""kind"": ""t3"", ""data"": {""approved_at_utc"": null, ""subreddit"": ""MyntraSucks"", ""selftext"": ""Myntra shows my preference priced high than the other options.  \nLike suppose - I wishlisted a bag in color white, and there are other options black and brown.  \nThe one I wish listed will show same price as the black and brown one when I am browsing from the wishlist but when I click on it , it\u2019s price is 500 rs more.  \nHappens with a lot of different products.  \nLike my jeans size is 1900 and literally all other sizes are 1500 .  \nAnyone facing the same?"", ""user_reports"": [], ""saved"": false, ""mod_reason_title"": null, ""gilded"": 0, ""clicked"": false, ""title"": ""Weird algorithm"", ""link_flair_richtext"": [], ""subreddit_name_prefixed"": ""r/MyntraSucks"", ""hidden"": false, ""pwls"": 6, ""link_flair_css_class"": """", ""downs"": 0, ""thumbnail_height"": null, ""top_awarded_type"": null, ""hide_score"": false, ""name"": ""t3_1tuhbea"", ""quarantine"": false, ""link_flair_text_color"": ""dark"", ""upvote_ratio"": 1.0, ""author_flair_background_color"": null, ""subreddit_type"": ""public"", ""ups"": 1, ""total_awards_received"": 0, ""media_embed"": {}, ""thumbnail_width"": null, ""author_flair_template_id"": null, ""is_original_content"": false, ""author_fullname"": ""t2_89360ds8x"", ""secure_media"": null, ""is_reddit_media_domain"": false, ""is_meta"": false, ""category"": null, ""secure_media_embed"": {}, ""link_flair_text"": ""Are You Kidding me \ud83d\ude2c"", ""can_mod_post"": false, ""score"": 1, ""approved_by"": null, ""is_created_from_ads_ui"": false, ""author_premium"": false, ""thumbnail"": ""self"", ""edited"": false, ""author_flair_css_class"": null, ""author_flair_richtext"": [], ""gildings"": {}, ""content_categories"": null, ""is_self"": true, ""mod_note"": null, ""created"": 1780377721.0, ""link_flair_type"": ""text"", ""wls"": 6, ""removed_by_category"": null, ""banned_by"": null, ""author_flair_type"": ""text"", ""domain"": ""self.MyntraSucks"", ""allow_live_comments"": false, ""selftext_html"": ""&lt;!-- SC_OFF --&gt;&lt;div class=\""md\""&gt;&lt;p&gt;Myntra shows my preference priced high than the other options.&lt;br/&gt;\nLike suppose - I wishlisted a bag in color white, and there are other options black and brown.&lt;br/&gt;\nThe one I wish listed will show same price as the black and brown one when I am browsing from the wishlist but when I click on it , it\u2019s price is 500 rs more.&lt;br/&gt;\nHappens with a lot of different products.&lt;br/&gt;\nLike my jeans size is 1900 and literally all other sizes are 1500 .&lt;br/&gt;\nAnyone facing the same?&lt;/p&gt;\n&lt;/div&gt;&lt;!-- SC_ON --&gt;"", ""likes"": null, ""suggested_sort"": null, ""banned_at_utc"": null, ""view_count"": null, ""archived"": false, ""no_follow"": true, ""is_crosspostable"": true, ""pinned"": false, ""over_18"": false, ""all_awardings"": [], ""awarders"": [], ""media_only"": false, ""link_flair_template_id"": ""af29b092-b1e5-11f0-b666-9e8852f0ff15"", ""can_gild"": false, ""spoiler"": false, ""locked"": false, ""author_flair_text"": null, ""treatment_tags"": [], ""visited"": false, ""removed_by"": null, ""num_reports"": null, ""distinguished"": null, ""subreddit_id"": ""t5_fqqzab"", ""author_is_blocked"": false, ""mod_reason_by"": null, ""removal_reason"": null, ""link_flair_background_color"": ""#dadada"", ""id"": ""1tuhbea"", ""is_robot_indexable"": true, ""num_duplicates"": 0, ""report_reasons"": null, ""author"": ""WishRough7589"", ""discussion_type"": null, ""num_comments"": 0, ""send_replies"": true, ""media"": null, ""contest_mode"": false, ""author_patreon_flair"": false, ""author_flair_text_color"": null, ""permalink"": ""/r/MyntraSucks/comments/1tuhbea/weird_algorithm/"", ""stickied"": false, ""url"": ""https://www.reddit.com/r/MyntraSucks/comments/1tuhbea/weird_algorithm/"", ""subreddit_subscribers"": 2045, ""created_utc"": 1780377721.0, ""num_crossposts"": 0, ""mod_reports"": [], ""is_video"": false}}], ""before"": null}}, {""kind"": ""Listing"", ""data"": {""after"": null, ""dist"": null, ""modhash"": ""llm63eqbjx50246b6179fa6674cdf964053bd679bf127b2d25"", ""geo_filter"": """", ""children"": [], ""before"": null}}]
",1,
reddit,wishlist,2025-12-05,"[{""kind"": ""Listing"", ""data"": {""after"": null, ""dist"": 1, ""modhash"": ""4novdpbs4z479fa36cfa765e57603d91cc58e15af00e0ee487"", ""geo_filter"": """", ""children"": [{""kind"": ""t3"", ""data"": {""approved_at_utc"": null, ""subreddit"": ""MyntraSucks"", ""selftext"": ""Why? Why is there a capping on whishlisting the items on Myntra?? How does it make sense? What are you trying to achieve? You are literally losing out on a potential customer. No other shopping site does that. Myntra won\u2019t let me wishlist after a certain point of time. So annoying. "", ""user_reports"": [], ""saved"": false, ""mod_reason_title"": null, ""gilded"": 0, ""clicked"": false, ""title"": ""Myntra doesn\u2019t want me to wishlist the products \ud83d\ude44"", ""link_flair_richtext"": [], ""subreddit_name_prefixed"": ""r/MyntraSucks"", ""hidden"": false, ""pwls"": 6, ""link_flair_css_class"": """", ""downs"": 0, ""thumbnail_height"": null, ""top_awarded_type"": null, ""hide_score"": false, ""name"": ""t3_1pemstf"", ""quarantine"": false, ""link_flair_text_color"": ""dark"", ""upvote_ratio"": 0.94, ""author_flair_background_color"": null, ""subreddit_type"": ""public"", ""ups"": 15, ""total_awards_received"": 0, ""media_embed"": {}, ""thumbnail_width"": null, ""author_flair_template_id"": null, ""is_original_content"": false, ""author_fullname"": ""t2_d0srvrj1"", ""secure_media"": null, ""is_reddit_media_domain"": false, ""is_meta"": false, ""category"": null, ""secure_media_embed"": {}, ""link_flair_text"": ""Are You Kidding me \ud83d\ude2c"", ""can_mod_post"": false, ""score"": 15, ""approved_by"": null, ""is_created_from_ads_ui"": false, ""author_premium"": false, ""thumbnail"": ""self"", ""edited"": false, ""author_flair_css_class"": null, ""author_flair_richtext"": [], ""gildings"": {}, ""content_categories"": null, ""is_self"": true, ""mod_note"": null, ""created"": 1764912120.0, ""link_flair_type"": ""text"", ""wls"": 6, ""removed_by_category"": null, ""banned_by"": null, ""author_flair_type"": ""text"", ""domain"": ""self.MyntraSucks"", ""allow_live_comments"": false, ""selftext_html"": ""&lt;!-- SC_OFF --&gt;&lt;div class=\""md\""&gt;&lt;p&gt;Why? Why is there a capping on whishlisting the items on Myntra?? How does it make sense? What are you trying to achieve? You are literally losing out on a potential customer. No other shopping site does that. Myntra won\u2019t let me wishlist after a certain point of time. So annoying. &lt;/p&gt;\n&lt;/div&gt;&lt;!-- SC_ON --&gt;"", ""likes"": null, ""suggested_sort"": null, ""banned_at_utc"": null, ""view_count"": null, ""archived"": false, ""no_follow"": false, ""is_crosspostable"": true, ""pinned"": false, ""over_18"": false, ""all_awardings"": [], ""awarders"": [], ""media_only"": false, ""link_flair_template_id"": ""af29b092-b1e5-11f0-b666-9e8852f0ff15"", ""can_gild"": false, ""spoiler"": false, ""locked"": false, ""author_flair_text"": null, ""treatment_tags"": [], ""visited"": false, ""removed_by"": null, ""num_reports"": null, ""distinguished"": null, ""subreddit_id"": ""t5_fqqzab"", ""author_is_blocked"": false, ""mod_reason_by"": null, ""removal_reason"": null, ""link_flair_background_color"": ""#dadada"", ""id"": ""1pemstf"", ""is_robot_indexable"": true, ""num_duplicates"": 1, ""report_reasons"": null, ""author"": ""MotorBat7953"", ""discussion_type"": null, ""num_comments"": 8, ""send_replies"": true, ""media"": null, ""contest_mode"": false, ""author_patreon_flair"": false, ""author_flair_text_color"": null, ""permalink"": ""/r/MyntraSucks/comments/1pemstf/myntra_doesnt_want_me_to_wishlist_the_products/"", ""stickied"": false, ""url"": ""https://www.reddit.com/r/MyntraSucks/comments/1pemstf/myntra_doesnt_want_me_to_wishlist_the_products/"", ""subreddit_subscribers"": 2041, ""created_utc"": 1764912120.0, ""num_crossposts"": 1, ""mod_reports"": [], ""is_video"": false}}], ""before"": null}}, {""kind"": ""Listing"", ""data"": {""after"": null, ""dist"": null, ""modhash"": ""4novdpbs4z479fa36cfa765e57603d91cc58e15af00e0ee487"", ""geo_filter"": """", ""children"": [{""kind"": ""t1"", ""data"": {""total_awards_received"": 0, ""approved_at_utc"": null, ""author_is_blocked"": false, ""comment_type"": null, ""awarders"": [], ""mod_reason_by"": null, ""banned_by"": null, ""ups"": 5, ""removal_reason"": null, ""link_id"": ""t3_1pemstf"", ""author_flair_template_id"": null, ""likes"": null, ""replies"": {""kind"": ""Listing"", ""data"": {""after"": null, ""dist"": null, ""modhash"": ""4novdpbs4z479fa36cfa765e57603d91cc58e15af00e0ee487"", ""geo_filter"": """", ""children"": [{""kind"": ""t1"", ""data"": {""subreddit_id"": ""t5_fqqzab"", ""approved_at_utc"": null, ""author_is_blocked"": false, ""comment_type"": null, ""awarders"": [], ""mod_reason_by"": null, ""banned_by"": null, ""author_flair_type"": ""text"", ""total_awards_received"": 0, ""subreddit"": ""MyntraSucks"", ""author_flair_template_id"": null, ""likes"": null, ""replies"": """", ""user_reports"": [], ""saved"": false, ""id"": ""nsdypx4"", ""banned_at_utc"": null, ""mod_reason_title"": null, ""gilded"": 0, ""archived"": false, ""collapsed_reason_code"": null, ""no_follow"": true, ""author"": ""MotorBat7953"", ""can_mod_post"": false, ""created_utc"": 1764918836.0, ""send_replies"": true, ""parent_id"": ""t1_nsdsb8l"", ""score"": 3, ""author_fullname"": ""t2_d0srvrj1"", ""removal_reason"": null, ""approved_by"": null, ""mod_note"": null, ""all_awardings"": [], ""body"": ""I swear!!! Then why bombard me with your stupid ads? You want me to buy or no?"", ""edited"": false, ""top_awarded_type"": null, ""author_flair_css_class"": null, ""name"": ""t1_nsdypx4"", ""is_submitter"": true, ""downs"": 0, ""author_flair_richtext"": [], ""author_patreon_flair"": false, ""body_html"": ""&lt;div class=\""md\""&gt;&lt;p&gt;I swear!!! Then why bombard me with your stupid ads? You want me to buy or no?&lt;/p&gt;\n&lt;/div&gt;"", ""gildings"": {}, ""collapsed_reason"": null, ""distinguished"": null, ""associated_award"": null, ""stickied"": false, ""author_premium"": false, ""can_gild"": false, ""link_id"": ""t3_1pemstf"", ""unrepliable_reason"": null, ""author_flair_text_color"": null, ""score_hidden"": false, ""permalink"": ""/r/MyntraSucks/comments/1pemstf/myntra_doesnt_want_me_to_wishlist_the_products/nsdypx4/"", ""subreddit_type"": ""public"", ""locked"": false, ""report_reasons"": null, ""created"": 1764918836.0, ""author_flair_text"": null, ""treatment_tags"": [], ""collapsed"": false, ""subreddit_name_prefixed"": ""r/MyntraSucks"", ""controversiality"": 0, ""depth"": 1, ""author_flair_background_color"": null, ""collapsed_because_crowd_control"": null, ""mod_reports"": [], ""num_reports"": null, ""ups"": 3}}], ""before"": null}}, ""user_reports"": [], ""saved"": false, ""id"": ""nsdsb8l"", ""banned_at_utc"": null, ""mod_reason_title"": null, ""gilded"": 0, ""archived"": false, ""collapsed_reason_code"": null, ""no_follow"": false, ""author"": ""[deleted]"", ""can_mod_post"": false, ""send_replies"": true, ""parent_id"": ""t3_1pemstf"", ""score"": 5, ""approved_by"": null, ""report_reasons"": null, ""all_awardings"": [], ""subreddit_id"": ""t5_fqqzab"", ""body"": ""It has a 1000 product limit which is so stupid! I have to go there and remove some products to keep wishlisting new ones\u00a1"", ""edited"": false, ""downs"": 0, ""author_flair_css_class"": null, ""collapsed"": false, ""is_submitter"": false, ""body_html"": ""&lt;div class=\""md\""&gt;&lt;p&gt;It has a 1000 product limit which is so stupid! I have to go there and remove some products to keep wishlisting new ones\u00a1&lt;/p&gt;\n&lt;/div&gt;"", ""gildings"": {}, ""collapsed_reason"": null, ""associated_award"": null, ""stickied"": false, ""subreddit_type"": ""public"", ""can_gild"": false, ""top_awarded_type"": null, ""unrepliable_reason"": null, ""author_flair_text_color"": ""dark"", ""score_hidden"": false, ""permalink"": ""/r/MyntraSucks/comments/1pemstf/myntra_doesnt_want_me_to_wishlist_the_products/nsdsb8l/"", ""num_reports"": null, ""locked"": false, ""name"": ""t1_nsdsb8l"", ""created"": 1764915375.0, ""subreddit"": ""MyntraSucks"", ""author_flair_text"": null, ""treatment_tags"": [], ""created_utc"": 1764915375.0, ""subreddit_name_prefixed"": ""r/MyntraSucks"", ""controversiality"": 0, ""depth"": 0, ""author_flair_background_color"": """", ""collapsed_because_crowd_control"": null, ""mod_reports"": [], ""mod_note"": null, ""distinguished"": null}}, {""kind"": ""t1"", ""data"": {""total_awards_received"": 0, ""approved_at_utc"": null, ""author_is_blocked"": false, ""comment_type"": null, ""awarders"": [], ""mod_reason_by"": null, ""banned_by"": null, ""ups"": 2, ""removal_reason"": null, ""link_id"": ""t3_1pemstf"", ""author_flair_template_id"": null, ""likes"": null, ""replies"": """", ""user_reports"": [], ""saved"": false, ""id"": ""nsef6gv"", ""banned_at_utc"": null, ""mod_reason_title"": null, ""gilded"": 0, ""archived"": false, ""collapsed_reason_code"": null, ""no_follow"": true, ""author"": ""[deleted]"", ""can_mod_post"": false, ""send_replies"": true, ""parent_id"": ""t3_1pemstf"", ""score"": 2, ""approved_by"": null, ""report_reasons"": null, ""all_awardings"": [], ""subreddit_id"": ""t5_fqqzab"", ""body"": ""thought I was the only one facing this problem lol \ud83d\ude2d"", ""edited"": false, ""downs"": 0, ""author_flair_css_class"": null, ""collapsed"": false, ""is_submitter"": false, ""body_html"": ""&lt;div class=\""md\""&gt;&lt;p&gt;thought I was the only one facing this problem lol \ud83d\ude2d&lt;/p&gt;\n&lt;/div&gt;"", ""gildings"": {}, ""collapsed_reason"": null, ""associated_award"": null, ""stickied"": false, ""subreddit_type"": ""public"", ""can_gild"": false, ""top_awarded_type"": null, ""unrepliable_reason"": null, ""author_flair_text_color"": ""dark"", ""score_hidden"": false, ""permalink"": ""/r/MyntraSucks/comments/1pemstf/myntra_doesnt_want_me_to_wishlist_the_products/nsef6gv/"", ""num_reports"": null, ""locked"": false, ""name"": ""t1_nsef6gv"", ""created"": 1764928484.0, ""subreddit"": ""MyntraSucks"", ""author_flair_text"": null, ""treatment_tags"": [], ""created_utc"": 1764928484.0, ""subreddit_name_prefixed"": ""r/MyntraSucks"", ""controversiality"": 0, ""depth"": 0, ""author_flair_background_color"": """", ""collapsed_because_crowd_control"": null, ""mod_reports"": [], ""mod_note"": null, ""distinguished"": null}}, {""kind"": ""t1"", ""data"": {""subreddit_id"": ""t5_fqqzab"", ""approved_at_utc"": null, ""author_is_blocked"": false, ""comment_type"": null, ""awarders"": [], ""mod_reason_by"": null, ""banned_by"": null, ""author_flair_type"": ""text"", ""total_awards_received"": 0, ""subreddit"": ""MyntraSucks"", ""author_flair_template_id"": null, ""likes"": null, ""replies"": """", ""user_reports"": [], ""saved"": false, ""id"": ""nsf8sz3"", ""banned_at_utc"": null, ""mod_reason_title"": null, ""gilded"": 0, ""archived"": false, ""collapsed_reason_code"": null, ""no_follow"": true, ""author"": ""Strange-Dish-2551"", ""can_mod_post"": false, ""created_utc"": 1764942421.0, ""send_replies"": true, ""parent_id"": ""t3_1pemstf"", ""score"": 1, ""author_fullname"": ""t2_d9elnbsk"", ""approved_by"": null, ""mod_note"": null, ""all_awardings"": [], ""collapsed"": false, ""body"": ""Yeah, the limit is 1000 \ud83d\ude13"", ""edited"": false, ""top_awarded_type"": null, ""author_flair_css_class"": null, ""name"": ""t1_nsf8sz3"", ""is_submitter"": false, ""downs"": 0, ""author_flair_richtext"": [], ""author_patreon_flair"": false, ""body_html"": ""&lt;div class=\""md\""&gt;&lt;p&gt;Yeah, the limit is 1000 \ud83d\ude13&lt;/p&gt;\n&lt;/div&gt;"", ""removal_reason"": null, ""collapsed_reason"": null, ""distinguished"": null, ""associated_award"": null, ""stickied"": false, ""author_premium"": false, ""can_gild"": false, ""gildings"": {}, ""unrepliable_reason"": null, ""author_flair_text_color"": null, ""score_hidden"": false, ""permalink"": ""/r/MyntraSucks/comments/1pemstf/myntra_doesnt_want_me_to_wishlist_the_products/nsf8sz3/"", ""subreddit_type"": ""public"", ""locked"": false, ""report_reasons"": null, ""created"": 1764942421.0, ""author_flair_text"": null, ""treatment_tags"": [], ""link_id"": ""t3_1pemstf"", ""subreddit_name_prefixed"": ""r/MyntraSucks"", ""controversiality"": 0, ""depth"": 0, ""author_flair_background_color"": null, ""collapsed_because_crowd_control"": null, ""mod_reports"": [], ""num_reports"": null, ""ups"": 1}}, {""kind"": ""t1"", ""data"": {""subreddit_id"": ""t5_fqqzab"", ""approved_at_utc"": null, ""author_is_blocked"": false, ""comment_type"": null, ""awarders"": [], ""mod_reason_by"": null, ""banned_by"": null, ""author_flair_type"": ""text"", ""total_awards_received"": 0, ""subreddit"": ""MyntraSucks"", ""author_flair_template_id"": null, ""likes"": null, ""replies"": """", ""user_reports"": [], ""saved"": false, ""id"": ""nsfetyz"", ""banned_at_utc"": null, ""mod_reason_title"": null, ""gilded"": 0, ""archived"": false, ""collapsed_reason_code"": null, ""no_follow"": true, ""author"": ""Zestyclose-Turn-6783"", ""can_mod_post"": false, ""created_utc"": 1764944474.0, ""send_replies"": true, ""parent_id"": ""t3_1pemstf"", ""score"": 1, ""author_fullname"": ""t2_pw4vee4w"", ""approved_by"": null, ""mod_note"": null, ""all_awardings"": [], ""collapsed"": false, ""body"": ""They be like go and buy some wish listed products first. Then come and save others\ud83d\ude02\ud83d\ude02\ud83d\ude02"", ""edited"": false, ""top_awarded_type"": null, ""author_flair_css_class"": null, ""name"": ""t1_nsfetyz"", ""is_submitter"": false, ""downs"": 0, ""author_flair_richtext"": [], ""author_patreon_flair"": false, ""body_html"": ""&lt;div class=\""md\""&gt;&lt;p&gt;They be like go and buy some wish listed products first. Then come and save others\ud83d\ude02\ud83d\ude02\ud83d\ude02&lt;/p&gt;\n&lt;/div&gt;"", ""removal_reason"": null, ""collapsed_reason"": null, ""distinguished"": null, ""associated_award"": null, ""stickied"": false, ""author_premium"": false, ""can_gild"": false, ""gildings"": {}, ""unrepliable_reason"": null, ""author_flair_text_color"": null, ""score_hidden"": false, ""permalink"": ""/r/MyntraSucks/comments/1pemstf/myntra_doesnt_want_me_to_wishlist_the_products/nsfetyz/"", ""subreddit_type"": ""public"", ""locked"": false, ""report_reasons"": null, ""created"": 1764944474.0, ""author_flair_text"": null, ""treatment_tags"": [], ""link_id"": ""t3_1pemstf"", ""subreddit_name_prefixed"": ""r/MyntraSucks"", ""controversiality"": 0, ""depth"": 0, ""author_flair_background_color"": null, ""collapsed_because_crowd_control"": null, ""mod_reports"": [], ""num_reports"": null, ""ups"": 1}}, {""kind"": ""t1"", ""data"": {""subreddit_id"": ""t5_fqqzab"", ""approved_at_utc"": null, ""author_is_blocked"": false, ""comment_type"": null, ""awarders"": [], ""mod_reason_by"": null, ""banned_by"": null, ""author_flair_type"": ""text"", ""total_awards_received"": 0, ""subreddit"": ""MyntraSucks"", ""author_flair_template_id"": null, ""likes"": null, ""replies"": """", ""user_reports"": [], ""saved"": false, ""id"": ""nsmy8jb"", ""banned_at_utc"": null, ""mod_reason_title"": null, ""gilded"": 0, ""archived"": false, ""collapsed_reason_code"": null, ""no_follow"": true, ""author"": ""Tall_Sprinkles7608"", ""can_mod_post"": false, ""created_utc"": 1765047812.0, ""send_replies"": true, ""parent_id"": ""t3_1pemstf"", ""score"": 2, ""author_fullname"": ""t2_ic11sd3x"", ""approved_by"": null, ""mod_note"": null, ""all_awardings"": [], ""collapsed"": false, ""body"": ""True \n\nWhat an unnecessary feature"", ""edited"": false, ""top_awarded_type"": null, ""author_flair_css_class"": null, ""name"": ""t1_nsmy8jb"", ""is_submitter"": false, ""downs"": 0, ""author_flair_richtext"": [], ""author_patreon_flair"": false, ""body_html"": ""&lt;div class=\""md\""&gt;&lt;p&gt;True &lt;/p&gt;\n\n&lt;p&gt;What an unnecessary feature&lt;/p&gt;\n&lt;/div&gt;"", ""removal_reason"": null, ""collapsed_reason"": null, ""distinguished"": null, ""associated_award"": null, ""stickied"": false, ""author_premium"": false, ""can_gild"": false, ""gildings"": {}, ""unrepliable_reason"": null, ""author_flair_text_color"": null, ""score_hidden"": false, ""permalink"": ""/r/MyntraSucks/comments/1pemstf/myntra_doesnt_want_me_to_wishlist_the_products/nsmy8jb/"", ""subreddit_type"": ""public"", ""locked"": false, ""report_reasons"": null, ""created"": 1765047812.0, ""author_flair_text"": null, ""treatment_tags"": [], ""link_id"": ""t3_1pemstf"", ""subreddit_name_prefixed"": ""r/MyntraSucks"", ""controversiality"": 0, ""depth"": 0, ""author_flair_background_color"": null, ""collapsed_because_crowd_control"": null, ""mod_reports"": [], ""num_reports"": null, ""ups"": 2}}, {""kind"": ""t1"", ""data"": {""subreddit_id"": ""t5_fqqzab"", ""approved_at_utc"": null, ""author_is_blocked"": false, ""comment_type"": null, ""awarders"": [], ""mod_reason_by"": null, ""banned_by"": null, ""author_flair_type"": ""text"", ""total_awards_received"": 0, ""subreddit"": ""MyntraSucks"", ""author_flair_template_id"": null, ""likes"": null, ""replies"": {""kind"": ""Listing"", ""data"": {""after"": null, ""dist"": null, ""modhash"": ""4novdpbs4z479fa36cfa765e57603d91cc58e15af00e0ee487"", ""geo_filter"": """", ""children"": [{""kind"": ""t1"", ""data"": {""subreddit_id"": ""t5_fqqzab"", ""approved_at_utc"": null, ""author_is_blocked"": false, ""comment_type"": null, ""awarders"": [], ""mod_reason_by"": null, ""banned_by"": null, ""author_flair_type"": ""text"", ""total_awards_received"": 0, ""subreddit"": ""MyntraSucks"", ""author_flair_template_id"": null, ""likes"": null, ""replies"": """", ""user_reports"": [], ""saved"": false, ""id"": ""nsx03mb"", ""banned_at_utc"": null, ""mod_reason_title"": null, ""gilded"": 0, ""archived"": false, ""collapsed_reason_code"": null, ""no_follow"": true, ""author"": ""MotorBat7953"", ""can_mod_post"": false, ""created_utc"": 1765190579.0, ""send_replies"": true, ""parent_id"": ""t1_nswx0pb"", ""score"": 1, ""author_fullname"": ""t2_d0srvrj1"", ""removal_reason"": null, ""approved_by"": null, ""mod_note"": null, ""all_awardings"": [], ""body"": ""Oh! I keep selective apps on my phone and the ones I have doesn\u2019t put the limit like Ajio and others."", ""edited"": false, ""top_awarded_type"": null, ""author_flair_css_class"": null, ""name"": ""t1_nsx03mb"", ""is_submitter"": true, ""downs"": 0, ""author_flair_richtext"": [], ""author_patreon_flair"": false, ""body_html"": ""&lt;div class=\""md\""&gt;&lt;p&gt;Oh! I keep selective apps on my phone and the ones I have doesn\u2019t put the limit like Ajio and others.&lt;/p&gt;\n&lt;/div&gt;"", ""gildings"": {}, ""collapsed_reason"": null, ""distinguished"": null, ""associated_award"": null, ""stickied"": false, ""author_premium"": false, ""can_gild"": false, ""link_id"": ""t3_1pemstf"", ""unrepliable_reason"": null, ""author_flair_text_color"": null, ""score_hidden"": false, ""permalink"": ""/r/MyntraSucks/comments/1pemstf/myntra_doesnt_want_me_to_wishlist_the_products/nsx03mb/"", ""subreddit_type"": ""public"", ""locked"": false, ""report_reasons"": null, ""created"": 1765190579.0, ""author_flair_text"": null, ""treatment_tags"": [], ""collapsed"": false, ""subreddit_name_prefixed"": ""r/MyntraSucks"", ""controversiality"": 0, ""depth"": 1, ""author_flair_background_color"": null, ""collapsed_because_crowd_control"": null, ""mod_reports"": [], ""num_reports"": null, ""ups"": 1}}], ""before"": null}}, ""user_reports"": [], ""saved"": false, ""id"": ""nswx0pb"", ""banned_at_utc"": null, ""mod_reason_title"": null, ""gilded"": 0, ""archived"": false, ""collapsed_reason_code"": null, ""no_follow"": true, ""author"": ""666wife"", ""can_mod_post"": false, ""created_utc"": 1765188736.0, ""send_replies"": true, ""parent_id"": ""t3_1pemstf"", ""score"": 1, ""author_fullname"": ""t2_1q8tzz50"", ""approved_by"": null, ""mod_note"": null, ""all_awardings"": [], ""collapsed"": false, ""body"": ""Haha it\u2019s so annoying to chronic online shoppers like me but this is not unique to myntra. Urbanic/savana has a cap of 500 and I have definitely seen it on other sites too"", ""edited"": false, ""top_awarded_type"": null, ""author_flair_css_class"": null, ""name"": ""t1_nswx0pb"", ""is_submitter"": false, ""downs"": 0, ""author_flair_richtext"": [], ""author_patreon_flair"": false, ""body_html"": ""&lt;div class=\""md\""&gt;&lt;p&gt;Haha it\u2019s so annoying to chronic online shoppers like me but this is not unique to myntra. Urbanic/savana has a cap of 500 and I have definitely seen it on other sites too&lt;/p&gt;\n&lt;/div&gt;"", ""removal_reason"": null, ""collapsed_reason"": null, ""distinguished"": null, ""associated_award"": null, ""stickied"": false, ""author_premium"": false, ""can_gild"": false, ""gildings"": {}, ""unrepliable_reason"": null, ""author_flair_text_color"": null, ""score_hidden"": false, ""permalink"": ""/r/MyntraSucks/comments/1pemstf/myntra_doesnt_want_me_to_wishlist_the_products/nswx0pb/"", ""subreddit_type"": ""public"", ""locked"": false, ""report_reasons"": null, ""created"": 1765188736.0, ""author_flair_text"": null, ""treatment_tags"": [], ""link_id"": ""t3_1pemstf"", ""subreddit_name_prefixed"": ""r/MyntraSucks"", ""controversiality"": 0, ""depth"": 0, ""author_flair_background_color"": null, ""collapsed_because_crowd_control"": null, ""mod_reports"": [], ""num_reports"": null, ""ups"": 1}}], ""before"": null}}]
",15,
reddit,wishlist_rant,2026-05-01,"[{""kind"": ""Listing"", ""data"": {""after"": null, ""dist"": 1, ""modhash"": ""factj1rspj9425a188b7cb132b0efc62682fa775708f5dcf12"", ""geo_filter"": """", ""children"": [{""kind"": ""t3"", ""data"": {""approved_at_utc"": null, ""subreddit"": ""MyntraSucks"", ""selftext"": ""I\u2019ve noticed something really frustrating with Myntra. Every time I add a product to my wishlist or cart, planning to buy it after a few days or during a sale, the price suddenly increases, or the product becomes unavailable in my area, or just goes out of stock for a long time. It feels way too coincidental.\n\nSometimes I get impatient and end up buying the same product from another platform at a higher price. But then, the very next day, when I check Myntra again, it\u2019s suddenly back in stock and even available at a lower, discounted price. I genuinely don\u2019t understand how or why this keeps happening, but it\u2019s extremely annoying. I honestly hate this experience with Myntra, I absolutely hate myntra!\ud83d\ude2d "", ""user_reports"": [], ""saved"": false, ""mod_reason_title"": null, ""gilded"": 0, ""clicked"": false, ""title"": ""I absolutely hate it when myntra does this\ud83e\udd72 (Rant)"", ""link_flair_richtext"": [], ""subreddit_name_prefixed"": ""r/MyntraSucks"", ""hidden"": false, ""pwls"": 6, ""link_flair_css_class"": """", ""downs"": 0, ""thumbnail_height"": null, ""top_awarded_type"": null, ""hide_score"": false, ""name"": ""t3_1t101mu"", ""quarantine"": false, ""link_flair_text_color"": ""dark"", ""upvote_ratio"": 1.0, ""author_flair_background_color"": null, ""subreddit_type"": ""public"", ""ups"": 17, ""total_awards_received"": 0, ""media_embed"": {}, ""thumbnail_width"": null, ""author_flair_template_id"": null, ""is_original_content"": false, ""author_fullname"": ""t2_1uqw25ie4g"", ""secure_media"": null, ""is_reddit_media_domain"": false, ""is_meta"": false, ""category"": null, ""secure_media_embed"": {}, ""link_flair_text"": ""Fuck Myntra \ud83d\udc7a"", ""can_mod_post"": false, ""score"": 17, ""approved_by"": null, ""is_created_from_ads_ui"": false, ""author_premium"": false, ""thumbnail"": ""self"", ""edited"": false, ""author_flair_css_class"": null, ""author_flair_richtext"": [], ""gildings"": {}, ""content_categories"": null, ""is_self"": true, ""mod_note"": null, ""created"": 1777656589.0, ""link_flair_type"": ""text"", ""wls"": 6, ""removed_by_category"": null, ""banned_by"": null, ""author_flair_type"": ""text"", ""domain"": ""self.MyntraSucks"", ""allow_live_comments"": false, ""selftext_html"": ""&lt;!-- SC_OFF --&gt;&lt;div class=\""md\""&gt;&lt;p&gt;I\u2019ve noticed something really frustrating with Myntra. Every time I add a product to my wishlist or cart, planning to buy it after a few days or during a sale, the price suddenly increases, or the product becomes unavailable in my area, or just goes out of stock for a long time. It feels way too coincidental.&lt;/p&gt;\n\n&lt;p&gt;Sometimes I get impatient and end up buying the same product from another platform at a higher price. But then, the very next day, when I check Myntra again, it\u2019s suddenly back in stock and even available at a lower, discounted price. I genuinely don\u2019t understand how or why this keeps happening, but it\u2019s extremely annoying. I honestly hate this experience with Myntra, I absolutely hate myntra!\ud83d\ude2d &lt;/p&gt;\n&lt;/div&gt;&lt;!-- SC_ON --&gt;"", ""likes"": null, ""suggested_sort"": null, ""banned_at_utc"": null, ""view_count"": null, ""archived"": false, ""no_follow"": false, ""is_crosspostable"": true, ""pinned"": false, ""over_18"": false, ""all_awardings"": [], ""awarders"": [], ""media_only"": false, ""link_flair_template_id"": ""f731e990-b1e5-11f0-8dbb-8676da9e419c"", ""can_gild"": false, ""spoiler"": false, ""locked"": false, ""author_flair_text"": null, ""treatment_tags"": [], ""visited"": false, ""removed_by"": null, ""num_reports"": null, ""distinguished"": null, ""subreddit_id"": ""t5_fqqzab"", ""author_is_blocked"": false, ""mod_reason_by"": null, ""removal_reason"": null, ""link_flair_background_color"": ""#dadada"", ""id"": ""1t101mu"", ""is_robot_indexable"": true, ""num_duplicates"": 0, ""report_reasons"": null, ""author"": ""WiWiWi_WiWiWi"", ""discussion_type"": null, ""num_comments"": 3, ""send_replies"": true, ""media"": null, ""contest_mode"": false, ""author_patreon_flair"": false, ""author_flair_text_color"": null, ""permalink"": ""/r/MyntraSucks/comments/1t101mu/i_absolutely_hate_it_when_myntra_does_this_rant/"", ""stickied"": false, ""url"": ""https://www.reddit.com/r/MyntraSucks/comments/1t101mu/i_absolutely_hate_it_when_myntra_does_this_rant/"", ""subreddit_subscribers"": 2045, ""created_utc"": 1777656589.0, ""num_crossposts"": 0, ""mod_reports"": [], ""is_video"": false}}], ""before"": null}}, {""kind"": ""Listing"", ""data"": {""after"": null, ""dist"": null, ""modhash"": ""factj1rspj9425a188b7cb132b0efc62682fa775708f5dcf12"", ""geo_filter"": """", ""children"": [{""kind"": ""t1"", ""data"": {""subreddit_id"": ""t5_fqqzab"", ""approved_at_utc"": null, ""author_is_blocked"": false, ""comment_type"": null, ""awarders"": [], ""mod_reason_by"": null, ""banned_by"": null, ""author_flair_type"": ""text"", ""total_awards_received"": 0, ""subreddit"": ""MyntraSucks"", ""author_flair_template_id"": null, ""likes"": null, ""replies"": """", ""user_reports"": [], ""saved"": false, ""id"": ""ojh7fcv"", ""banned_at_utc"": null, ""mod_reason_title"": null, ""gilded"": 0, ""archived"": false, ""collapsed_reason_code"": null, ""no_follow"": true, ""author"": ""Dry_Shirt_3334"", ""can_mod_post"": false, ""created_utc"": 1777715693.0, ""send_replies"": true, ""parent_id"": ""t3_1t101mu"", ""score"": 2, ""author_fullname"": ""t2_xwbmrkm5t"", ""approved_by"": null, ""mod_note"": null, ""all_awardings"": [], ""collapsed"": false, ""body"": ""This brand glitchez doesnt deliver any new styles to my pincode dude till like 3-4 months , then when its old it starts delivering \ud83d\ude2d"", ""edited"": false, ""top_awarded_type"": null, ""author_flair_css_class"": null, ""name"": ""t1_ojh7fcv"", ""is_submitter"": false, ""downs"": 0, ""author_flair_richtext"": [], ""author_patreon_flair"": false, ""body_html"": ""&lt;div class=\""md\""&gt;&lt;p&gt;This brand glitchez doesnt deliver any new styles to my pincode dude till like 3-4 months , then when its old it starts delivering \ud83d\ude2d&lt;/p&gt;\n&lt;/div&gt;"", ""removal_reason"": null, ""collapsed_reason"": null, ""distinguished"": null, ""associated_award"": null, ""stickied"": false, ""author_premium"": false, ""can_gild"": false, ""gildings"": {}, ""unrepliable_reason"": null, ""author_flair_text_color"": null, ""score_hidden"": false, ""permalink"": ""/r/MyntraSucks/comments/1t101mu/i_absolutely_hate_it_when_myntra_does_this_rant/ojh7fcv/"", ""subreddit_type"": ""public"", ""locked"": false, ""report_reasons"": null, ""created"": 1777715693.0, ""author_flair_text"": null, ""treatment_tags"": [], ""link_id"": ""t3_1t101mu"", ""subreddit_name_prefixed"": ""r/MyntraSucks"", ""controversiality"": 0, ""depth"": 0, ""author_flair_background_color"": null, ""collapsed_because_crowd_control"": null, ""mod_reports"": [], ""num_reports"": null, ""ups"": 2}}, {""kind"": ""t1"", ""data"": {""subreddit_id"": ""t5_fqqzab"", ""approved_at_utc"": null, ""author_is_blocked"": false, ""comment_type"": null, ""awarders"": [], ""mod_reason_by"": null, ""banned_by"": null, ""author_flair_type"": ""text"", ""total_awards_received"": 0, ""subreddit"": ""MyntraSucks"", ""author_flair_template_id"": null, ""likes"": null, ""replies"": """", ""user_reports"": [], ""saved"": false, ""id"": ""ojfxru5"", ""banned_at_utc"": null, ""mod_reason_title"": null, ""gilded"": 0, ""archived"": false, ""collapsed_reason_code"": null, ""no_follow"": true, ""author"": ""Normal-Style-3293"", ""can_mod_post"": false, ""created_utc"": 1777692697.0, ""send_replies"": true, ""parent_id"": ""t3_1t101mu"", ""score"": 1, ""author_fullname"": ""t2_16p8m0aij4"", ""approved_by"": null, ""mod_note"": null, ""all_awardings"": [], ""collapsed"": false, ""body"": ""That sucks\u00a0"", ""edited"": false, ""top_awarded_type"": null, ""author_flair_css_class"": null, ""name"": ""t1_ojfxru5"", ""is_submitter"": false, ""downs"": 0, ""author_flair_richtext"": [], ""author_patreon_flair"": false, ""body_html"": ""&lt;div class=\""md\""&gt;&lt;p&gt;That sucks\u00a0&lt;/p&gt;\n&lt;/div&gt;"", ""removal_reason"": null, ""collapsed_reason"": null, ""distinguished"": null, ""associated_award"": null, ""stickied"": false, ""author_premium"": false, ""can_gild"": false, ""gildings"": {}, ""unrepliable_reason"": null, ""author_flair_text_color"": null, ""score_hidden"": false, ""permalink"": ""/r/MyntraSucks/comments/1t101mu/i_absolutely_hate_it_when_myntra_does_this_rant/ojfxru5/"", ""subreddit_type"": ""public"", ""locked"": false, ""report_reasons"": null, ""created"": 1777692697.0, ""author_flair_text"": null, ""treatment_tags"": [], ""link_id"": ""t3_1t101mu"", ""subreddit_name_prefixed"": ""r/MyntraSucks"", ""controversiality"": 0, ""depth"": 0, ""author_flair_background_color"": null, ""collapsed_because_crowd_control"": null, ""mod_reports"": [], ""num_reports"": null, ""ups"": 1}}, {""kind"": ""t1"", ""data"": {""subreddit_id"": ""t5_fqqzab"", ""approved_at_utc"": null, ""author_is_blocked"": false, ""comment_type"": null, ""awarders"": [], ""mod_reason_by"": null, ""banned_by"": null, ""author_flair_type"": ""text"", ""total_awards_received"": 0, ""subreddit"": ""MyntraSucks"", ""author_flair_template_id"": null, ""likes"": null, ""replies"": """", ""user_reports"": [], ""saved"": false, ""id"": ""ojr1qm6"", ""banned_at_utc"": null, ""mod_reason_title"": null, ""gilded"": 0, ""archived"": false, ""collapsed_reason_code"": null, ""no_follow"": true, ""author"": ""Consistent-Jacket712"", ""can_mod_post"": false, ""created_utc"": 1777841989.0, ""send_replies"": true, ""parent_id"": ""t3_1t101mu"", ""score"": 1, ""author_fullname"": ""t2_i2mu3m2bu"", ""approved_by"": null, ""mod_note"": null, ""all_awardings"": [], ""collapsed"": false, ""body"": ""bro same shit happens all of a sudden the product is not available for my pincode. I have stopped buying from myntra honestly ass app "", ""edited"": false, ""top_awarded_type"": null, ""author_flair_css_class"": null, ""name"": ""t1_ojr1qm6"", ""is_submitter"": false, ""downs"": 0, ""author_flair_richtext"": [], ""author_patreon_flair"": false, ""body_html"": ""&lt;div class=\""md\""&gt;&lt;p&gt;bro same shit happens all of a sudden the product is not available for my pincode. I have stopped buying from myntra honestly ass app &lt;/p&gt;\n&lt;/div&gt;"", ""removal_reason"": null, ""collapsed_reason"": null, ""distinguished"": null, ""associated_award"": null, ""stickied"": false, ""author_premium"": false, ""can_gild"": false, ""gildings"": {}, ""unrepliable_reason"": null, ""author_flair_text_color"": null, ""score_hidden"": false, ""permalink"": ""/r/MyntraSucks/comments/1t101mu/i_absolutely_hate_it_when_myntra_does_this_rant/ojr1qm6/"", ""subreddit_type"": ""public"", ""locked"": false, ""report_reasons"": null, ""created"": 1777841989.0, ""author_flair_text"": null, ""treatment_tags"": [], ""link_id"": ""t3_1t101mu"", ""subreddit_name_prefixed"": ""r/MyntraSucks"", ""controversiality"": 0, ""depth"": 0, ""author_flair_background_color"": null, ""collapsed_because_crowd_control"": null, ""mod_reports"": [], ""num_reports"": null, ""ups"": 1}}], ""before"": null}}]
",17,
