source,id,date,text,engagement_score,rating_if_available,relevant,category,key_phrase
playstore,92973e72-8d1b-4677-9e4d-48034c428815,2026-08-19T23:45:38,"myntra product quality original A1,and paking just wow",0,5,False,,
playstore,5973ede2-38dc-4d6f-ac9b-d1f6977c42d0,2026-08-19T23:39:19,Very easy to use and quality of the product is very good,0,5,False,,
playstore,32f45751-6604-4b57-89ff-a6ee52825769,2026-08-19T23:34:16,trusted online aap myntra quality very best & branded original item 👌,0,5,False,,
playstore,701a5197-6933-489b-91e9-9d7bdb3f7dce,2026-08-19T23:32:09,Good App that sells genuine products Very good UI,0,5,False,,
playstore,7f429698-5636-46d1-8ad4-1d9aa00820ac,2026-08-19T23:26:22,this is a good app i like it very very much.. i all time use this app for purchase purpose.,0,5,False,,
playstore,233da6ec-3ae0-4505-88b2-9aa7e8761059,2026-08-19T23:24:47,I've used the app it's very great best one,0,5,False,,
playstore,c2c3aba9-c159-4ef9-bd0a-2e39405943ef,2026-08-19T23:23:10,worst app ever the order gets cancelled after waiting for long time without any prior information about cancelled product and the refund money used to get in account after several days,0,1,False,,
playstore,21fa8d22-ebc4-423f-90cd-d7d32a08da4c,2026-08-19T23:21:34,worst app . no customer service,0,1,False,,
playstore,24aff929-d679-4ae1-89bb-549c4d79b6a9,2026-08-19T23:12:32,Myntra is known for its quality products. keep it up 💪,0,5,False,,
playstore,097e1981-04cb-46ac-b43e-e92dbc47ff9e,2026-08-19T23:11:37,nice myntra app,0,5,False,,
playstore,c1456cf9-bb99-4dc7-8856-000c3db56cb0,2026-08-19T23:03:26,everything branded product ✨️,0,5,False,,
playstore,45468760-6192-484e-ab4a-9d6338a26c24,2026-08-19T23:03:24,Best aap for online shopping,0,5,False,,
playstore,b327584d-31b0-48fb-8677-13d3a6f19b23,2026-08-19T23:01:36,it's too smooth,0,5,False,,
playstore,1796fd0f-08fb-4f16-8273-03c5676a0896,2026-08-19T22:58:21,best platform to go with trend 😍😍💖,0,5,False,,
playstore,97de2371-e82b-4b00-9397-488279ae9df2,2026-08-19T22:55:25,Good experience,0,5,False,,
playstore,0de19a08-de32-4e1a-9957-ffac0a836d74,2026-08-19T22:53:19,As a young girl it is always best experience to do shopping but if it's myntra shopping naturally becomes a hobby 😍😇 thank you mantra for great shopping experience with numerous choices with latest fashion 🤗,0,5,False,,
playstore,da8d9cf7-1157-4358-b27b-2609fc8ee45e,2026-08-19T22:45:29,"Very disappointing customer support experience with Myntra. I’ve been trying to get a resolution for my issue, but the chat support keeps giving irrelevant AI-generated responses and doesn’t actually address the problem. The chat even ends on its own without providing any resolution. When I request a callback, an AI answers the call as well, leaving me with no proper assistance or solution. What kind of customer support is this when there’s no actual human support and no resolution?",0,1,False,,
playstore,64201cff-7358-4473-875c-6c02e603119b,2026-08-19T22:38:52,one of the best 🙂,0,5,False,,
playstore,fff0bd2c-e959-44ef-bfaf-b671623e0e75,2026-08-19T22:38:27,great app and have good delivery service,0,5,False,,
playstore,1bf5bbc9-fdbd-401e-b40e-132dd172e4b0,2026-08-19T22:37:15,Absolutely fraud application. return not processed. Customer care executive hold time 30 min. for absolutely rubbish and no resolution. This is happening in 2026 👎👎,0,1,False,,
playstore,09c41f1c-b99f-459e-838f-b78ccc22b63e,2026-08-19T22:34:05,best platform ever😍,0,5,False,,
playstore,94d28282-d6bb-4508-9ad0-f932432aef21,2026-08-19T22:31:37,Neet to improve many things special customers support system,0,2,False,,
playstore,7326c319-d89b-45da-b0e6-f992864d6ba3,2026-08-19T22:31:11,very good products,0,5,False,,
playstore,adf22d96-9a42-4df4-9804-76b4f6570316,2026-08-19T22:17:44,my experience is good with myntra app authentic products good quality of clothes nd unique designs available with reasonable prices nd good offers i m satisfied with all myntra products 😊💫,0,5,False,,
playstore,1668c6fe-2d8c-4a75-a94f-7d1a43c2d8c9,2026-08-19T22:16:38,gud app easy to use,0,5,False,,
playstore,c6105794-28e6-438a-8283-a05dffe18b3c,2026-08-19T22:09:20,Fantastic Experience..customer friendly..,0,5,False,,
playstore,05e6dc8a-9072-41de-ad28-bf7ee69f7b06,2026-08-19T22:07:10,this app was very nice deliever product in less time good offers,0,5,False,,
playstore,c73fbe53-5655-45ab-9c1c-f8eb49b9645f,2026-08-19T22:04:09,wonderful experience,0,5,False,,
playstore,26a08f13-7c24-4fc5-a067-b482251aece4,2026-08-19T21:57:38,"Good for shopping ... but at times prices are too high, return policy is good",0,5,False,,
playstore,6ff5565f-93e0-4344-8eda-b9a58eae5c0b,2026-08-19T21:56:47,good for clothes,0,5,False,,
playstore,994469a6-de23-4d93-b4bf-97195e50f19e,2026-08-19T21:56:35,"Delivery dates don't matter to these people at all; they don't care about the customer's plans. They cancel orders on their own and fail to deliver on time. Their customer service is poor, too. Because they cancelled the delivery, I didn't get my shoes, and my Chandrashila trip had to be cancelled. 💔",1,1,False,,
playstore,edb4e285-2234-412c-9e51-9feb71667d3c,2026-08-19T21:55:57,"worst delivery service and worst customer care service , I never recommend anyone to purchase from myntra. I order a HRX T-shirt whose delivery date was 8th august and I m writing this review on 19th august after 11 days, I contacted each and every day to the customer support after promised delivery date but I got zero support for my order, every single day they said wait for 24 hrs, you'll get your order. I got so much frustrated so cancelled my order.",1,1,False,,
playstore,c18951a9-2adc-4d1b-97ed-76163a9a4e6c,2026-08-19T21:55:07,one of the best shopping apps i have ever used. easy to return or exchange if you have any issue . product quality is top notch.,0,5,False,,
playstore,7254eea0-8981-4925-8b1a-0f14bb336eaf,2026-08-19T21:48:01,lovely and adorable application,0,5,False,,
playstore,1669a0a3-0f03-4f3c-b27d-12101b997f02,2026-08-19T21:43:25,"Crazy good app for quality shopping.. Love their collection and quality choices.. I got a shirt, a jeans, pair of shoes and a wallet from here and trust me guys it's very very great quality..",0,5,False,,
playstore,66be5e42-725a-40d3-ab9c-f5567d8047c7,2026-08-19T21:42:56,delivery delayed for two weeks and cancelled the order without giving a reason and customer support is the same. everyone with automated response.,0,1,False,,
playstore,ac449ec9-ff5a-4a9f-b821-28ad53d3933f,2026-08-19T21:35:12,best shopping app,0,5,False,,
playstore,ad10a9aa-0ec1-410e-aa81-c07bb17d53d2,2026-08-19T21:33:08,"why do they have all these mnow and express delivery systems, if they cannot adhere to the specified delivery times. Honestly, they cannot guarantee the delivery times, it's just false advertising.",1,1,False,,
playstore,1edec2f1-df6e-4a16-9c34-af0f33331c1f,2026-08-19T21:32:45,Very worst experience ever. They can't deliver products within their given timeline and this happened in Delhi. If they can't deliver products in cities like Delhi then guess the standard of this app.,1,1,False,,
playstore,19d3e590-65b4-4921-a387-6066cbc1d8ef,2026-08-19T21:29:12,Best Online Delivery Application,0,5,False,,
playstore,e9cf63ca-a552-469c-bc54-0c2f1d15859d,2026-08-19T21:27:59,good quality of products is here 😁,0,5,False,,
playstore,fb217e8c-0057-444b-9d97-d389b4429ad5,2026-08-19T21:27:30,nice shopping platform,0,5,False,,
playstore,6df6c0ea-fa2d-48ff-a50c-baba54a19926,2026-08-19T21:27:01,I purchased two earrings n both r beautiful like in pic.too happy.thanx,0,5,False,,
playstore,b9e22ba7-af76-4c9a-8dbc-e146b7ff9f65,2026-08-19T21:24:46,"I ordered so many things so many times, but I didn’t receive anything. Ekart is Myntra’s delivery partner, and the Ekart service operating in Pala, Kottayam district, Kerala, simply does not deliver my orders. I tried so many times, and once I even went and collected the parcel myself, but I can’t keep doing that every time. So I decided to uninstall Myntra and get rid of all this stress. Now I can save my time and have some peace of mind instead.",2,1,False,,
playstore,3f52f837-a3f4-4381-ae7a-a28e184212f8,2026-08-19T21:22:46,best of purches,0,5,False,,
playstore,3ce98b31-fd0a-45d1-8b00-199f0dc34ddb,2026-08-19T21:22:17,"These people don't deliver on time, and they treat you like a lot of people. They give you their own time and still don't deliver on time.",0,1,False,,
playstore,c0e4d68c-7a0e-4d3d-a941-d713852d6582,2026-08-19T21:21:53,Very nice product in this app,0,5,False,,
playstore,eadd9b1d-e17e-4134-9931-2c83f93b687b,2026-08-19T21:18:15,worst delivery experience I had faced,0,1,False,,
playstore,ff9334f7-b89f-4e74-be21-6404d3cdfbbd,2026-08-19T21:16:56,"Extremely disappointing experience with Myntra. I ordered Plix Jamun Clarifying Fruity Toner, but the product arrived broken and leaking despite the packaging being unopened. This is clearly unacceptable, especially for a skincare product. What’s even more frustrating is that it has now been 3 days since I raised the issue, and there has been no proper resolution or meaningful action from Myntra. I expected much better customer service.",1,1,False,,
playstore,89f2fc6a-60a5-4fcd-b970-75ad432b5523,2026-08-19T21:15:18,great products...,0,5,False,,
playstore,7032b9f6-810f-4d9e-8ed2-2a30912240c5,2026-08-19T21:12:22,"The product of this application is trustworthy, Flipkart and Amazon fail in front of it, Mantra is the best.good",0,5,False,,
playstore,5e1c4d18-caa2-45ed-a586-b8ad37ae8177,2026-08-19T21:11:04,this app is good 👍,0,5,False,,
playstore,d372ec71-46a0-4467-a5ab-c38683f084f0,2026-08-19T21:09:18,it's a very nice app just wow offers frequently coming in the app and the products are also genuine loved it,0,5,False,,
playstore,3bde7bf1-6c10-4d03-aea8-7674ef71a6c0,2026-08-19T21:08:57,Better than many.,0,5,False,,
playstore,ac1be673-c336-4c72-8373-3192e1dd92f9,2026-08-19T21:04:18,experience is good,0,5,False,,
playstore,d1dac165-fa5d-4d68-bb58-db18f4e8f29b,2026-08-19T21:03:28,Good Experience,0,5,False,,
playstore,82abccde-8466-4d04-8a24-b1c199257b32,2026-08-19T21:03:12,"Products on Myntra are always amazing and of genuine quality, if myntra is selling something then I am assured that it will be a quality material. Services of myntra and policies are matchless in the market. at last...I will say..Leave all, join Myntra.",0,5,False,,
playstore,14457992-8d9c-466b-8575-779f36187ef8,2026-08-19T21:01:13,Very useful app,0,5,False,,
playstore,1b6191df-5947-4030-8703-b96396365e2b,2026-08-19T21:00:47,it's a good app for online shopping,0,4,False,,
playstore,4325ff77-60dd-4407-a5c3-26e740ec39cb,2026-08-19T20:54:08,"1-star experience. I contacted Myntra customer support TWICE about the same issue. The belt I wanted repeatedly showed as non-deliverable to my PIN code in the morning, then suddenly became deliverable in the evening—only for it to go out of stock. I had also previously ordered a belt that took so long to arrive that I had to cancel it, yet Myntra blamed the cancellation on me. Even now, the same belt is showing as deliverable again. Extremely frustrating and poor service.",1,1,True,purchase hesitation due to delivery/stock issues,"The belt I wanted repeatedly showed as non-deliverable to my PIN code in the morning, then suddenly became deliverable in the evening—only for it to go out of stock"
playstore,cc991b19-1b4b-43fd-8625-63e76d78f4cb,2026-08-19T20:50:41,this platform good for fashion.i recently ordered bootcut cut jeans pant by roadster brand. so it delivered within 4days .there is a fastest delivery and interface is also good and convenient.mainly customer support is good they respond within 24 hours,0,5,False,,
playstore,ea702727-2c2f-4be0-b1fc-a3cb4070a5a0,2026-08-19T20:50:02,this application has very very good app product is original and good quality service is very fast,0,5,False,,
playstore,eed824f7-2aa5-4427-98b7-a237a211a287,2026-08-19T20:49:56,good app with best quality,0,5,False,,
playstore,8dad2b85-62d0-493e-8465-9ae40141baa8,2026-08-19T20:49:53,verry nice and trusted app and fast delivery I love it Myntra service and product quality are also so good appreciate it ♥️,0,5,False,,
playstore,e5c9ab8f-3906-41ce-9804-33446934949e,2026-08-19T20:46:18,true app for shopping,0,5,False,,
playstore,b9ee6813-639e-4c58-8434-4943ae72ecf1,2026-08-19T20:45:45,good experience,0,5,False,,
playstore,5d6b9c9d-270d-4690-a31a-4d0b4db6cd38,2026-08-19T20:45:19,very very worst,0,1,False,,
playstore,ef8078ea-6401-453f-879d-4208709b084e,2026-08-19T20:42:18,affordable price and very nice kajal,0,5,False,,
playstore,991b15b1-3c03-4b80-8b1f-3eb4d5f68d5c,2026-08-19T20:37:02,good and the cloth quality was excellent,0,5,False,,
playstore,4106f4bb-62c8-4746-96e3-a7aeb1b71f64,2026-08-19T20:34:42,amazing it save my lots of money....💝i love it,0,5,True,saving_money_general,it save my lots of money
playstore,6227a5fb-a031-4bf4-be5a-70c44ae671b7,2026-08-19T20:26:16,"It is a great shopping app with a wide variety of cloth footwear , and accessories .... The app is easy to use and the product are usually of good quality I am with my shopping experience on Myntra",0,5,False,,
playstore,668ce049-c399-44ee-a6c9-0f2d9517886a,2026-08-19T20:22:56,This app is very nice and easy to shop and has easy returns.,0,5,False,,
playstore,2651b712-3ddb-439e-82b2-7e41612a9d47,2026-08-19T20:20:23,good customer service and products,0,5,False,,
playstore,d5cd90b2-afd1-45e3-ab09-1d17469af1dd,2026-08-19T20:19:11,"The products are excellent.Love the quality,trends going on",0,5,False,,
playstore,e885c858-07ad-41cd-a1b1-162ae81f31a9,2026-08-19T20:08:20,good experience,0,5,False,,
playstore,36371a06-2302-450c-bd34-a24002e3733b,2026-08-19T20:07:43,worst shopping app.,0,1,False,,
playstore,6c72e6d3-3eea-49e6-b31e-f96fb3bda94e,2026-08-19T20:07:39,good app and items,0,5,False,,
playstore,d79cfe69-1c55-44d0-9c68-066f3483d3a8,2026-08-19T20:07:33,very nice aap and all the products in this app is so good,0,5,False,,
playstore,68ea0347-c57d-4e4c-bb24-3f90062f3433,2026-08-19T20:05:33,"i loved the experience, reasonable price and great quality.also the delivery is also very fast",0,5,False,,
playstore,cd159f2c-1b60-4063-88f5-8a4293ce9886,2026-08-19T20:03:04,excellent options and user experience,0,5,False,,
playstore,bcebe587-5bd8-4125-895a-b933d30b5be2,2026-08-19T20:02:17,"one of the worst online shopping apps I have ever seen. i ordered something on this aap everything was going right before, I was waiting 4 to 5 days and suddenly one day before the delivery date my order got cancelled.",1,1,False,,
playstore,3913360f-d99f-4f9c-9121-8a295dbbdb7c,2026-08-19T19:49:38,fraud Myntra replacing order issue and fraud labelling myntra hot replacement order wrong labelling Myntra helpline is not helpful,0,1,False,,
playstore,7be12f85-3049-4cba-9bde-066ce1b627a4,2026-08-19T19:48:49,The prices are expensive but the quality is great and I would love to shop here,0,4,True,purchase_hesitation_price,The prices are expensive but the quality is great and I would love to shop here
playstore,60c1692a-9017-4a95-bf74-68d3a854ed3e,2026-08-19T19:48:37,best for online shopping,0,5,False,,
playstore,0b66e27e-48ea-43bb-ac85-8bc5f45460b5,2026-08-19T19:48:36,"trending clothes options, best app ever to buy clothes because clothes describe your value,",0,5,False,,
playstore,eff9ea4d-d975-465c-9880-59c554cef9be,2026-08-19T19:48:27,"when we return the order if we are disappointed, whole amount is not refunded. wheras they split some amount in my encash which we did not receive. It is really disappointing due to which I am discontinuing this application for shopping.",0,1,False,,
playstore,13d7b01c-c50e-4568-8e72-85b58d0a21d5,2026-08-19T19:37:45,app is not opening always even after numerios tried.why all the time site maintaince showing me . Fix the problem otherwise i cancel all my orders & uninstall this app . This is so irritating..,0,1,False,,
playstore,7f4294d9-92c5-4e7e-be47-04e365229900,2026-08-19T19:36:01,such a nice and easy shopping app,0,5,False,,
playstore,f41fe27a-534c-4486-a760-0cf814101d62,2026-08-19T19:35:48,The no way to confirm when the out for delivery order will reach as agent wont pick up and tgere is no help line number to call and get help myntra wants customers to email most other online big shopping sites have a helip lihe to call and speak to in myntra its so difficulty to get help if asked help PMO will respond but myntra is like deaf ears hope less,5,2,False,,
playstore,461426c7-2335-4f96-87e9-e5af2a5b913c,2026-08-19T19:34:06,The Shopping Experoence is Great Return And Replacment Polocy is Helpful even Customer Care Service People are Great and Helpful,0,5,False,,
playstore,acf823d2-8cb8-45de-965e-e9a572f64f9b,2026-08-19T19:33:08,very nice app helpfull,0,5,False,,
playstore,b5ed3951-d29a-405f-a957-3f92cd31ef53,2026-08-19T19:26:21,Excellent in style quality size . Go for it. best app for good quality,0,5,False,,
playstore,7b504317-baff-406b-aa5f-798ef43096fa,2026-08-19T19:16:51,very nice and perfect size with comfortable...so beautiful ❤️ ❤️ ❤️ i like it...,0,5,False,,
playstore,4eccf293-a114-404c-9167-b939a60f50bb,2026-08-19T19:16:14,app is good with good rates but the platform fees is too high,0,5,False,,
playstore,1cc42b94-d16d-43cf-a9e4-219fe7e4eb22,2026-08-19T19:11:46,"​""Extremely disappointed with Myntra's terrible service and policies. I ordered an iron, but they refused to process either a return or an exchange, completely forcing the item on me. To make matters worse, I ordered a pair of trousers from a different account, and the exact same thing happened—they forced me to keep it and refused to take it back. Myntra has become the worst and most unreliable shopping app. I strongly advise everyone to avoid buying anything from here.""",0,1,False,,
playstore,a6ac663b-036a-4477-b817-c5f4b0b1e29a,2026-08-19T19:10:34,found it best among all other shopping apps.,0,5,False,,
playstore,5add831c-1f52-41be-a781-9d3f99a7aecf,2026-08-19T19:06:46,Unable to cancel order .....,0,4,False,,
playstore,ed73c16a-6e76-47a7-831a-3ebaa7b31054,2026-08-19T19:06:02,good product 👍😄,0,5,False,,
playstore,89f1ab8f-a181-4893-9184-3258805ed880,2026-08-19T19:05:45,myntra is fraud now a days they are not refunding our money and not even respond calls or messages or e-mail. instead of correct bank details they are showing incorrect and not refunding money.,0,1,False,,
playstore,0ce25428-3562-4715-9919-7d913577a2a7,2026-08-19T18:57:56,Good quality products,0,5,False,,
playstore,59629c47-04f5-4467-b472-603957a1e8d0,2026-08-19T18:53:10,i have purchase many products on this app all product was awesome I suggest other people for purchase items from myntra app. authentic brands original products and the quality is very good of all products.,0,5,False,,
playstore,ce28305b-45b7-44e5-b015-02e80a57ada8,2026-08-19T18:51:48,value for money products.,0,5,False,,
playstore,9a62baca-4616-4db1-8dcb-7633a709ec11,2026-08-19T18:41:20,the delivery system is very amazing as ingot the exchange delivered in time .So did the myntra responded to my concerns,0,5,False,,
playstore,44fc2703-dee2-48f9-b6b8-c141f04a6228,2026-08-19T18:32:21,very bad Myntra bhai likha kar bata raha hu ki 100 ki chiz ko ye 500 ki dete h aj hi mai ne paint mangai h ek dam bekar quality ki di h Mt lo bhai log Myntra se,0,1,False,,
playstore,53f62c17-35b1-4510-bd3f-8bd10b53575c,2026-08-19T18:31:15,fascinating experience,0,5,False,,
playstore,df845034-e8a4-41b7-80ef-5b45defba255,2026-08-19T18:27:26,Overall Good Experience,0,5,False,,
playstore,dd9efba1-3987-45b9-8c00-9575a2cca41f,2026-08-19T18:23:29,I lovethis app sooo much gives reasonable prices i ordered a pack of aqualogica body mist on its original website and on purple it costs 1000 and I bought it just for 699,0,5,False,,
playstore,2683e562-bec5-4dad-94ab-e9308f511862,2026-08-19T18:22:39,extremely poor grievance redressal mechanism there is no contact with the customer care team - its impossible to access people there - i am done with talking to bots no one picks up the customer care no. extremely poor performance - very unsatisfied,0,1,False,,
playstore,64c896c4-ba0b-4714-b4b0-90314fbab73b,2026-08-19T18:20:59,easy delivery process.good app,0,5,False,,
playstore,49ed4ed0-5e95-48b0-bc25-75348c460b6d,2026-08-19T18:11:35,Myntra ek number ka ghatiya aur froad banane ke liye aaya Hai ek order delivery karne ke liye ine logon ko ek Mahina lagta hai mere ko date by date dete ja raha hai ek number ka ghatiya hai koi bhi inse kuchh nahin Kar dega Flipkart meesho bahut badhiya hai 😡,0,1,False,,
playstore,d23130cc-5c33-4046-9aea-5980defbbb17,2026-08-19T18:09:27,"Your filter is not working in the mobile App. Once you select the filters, there is no provision to apply the filters.",0,4,False,,
playstore,88dce93c-ce33-4258-9ee0-1a2562b654b7,2026-08-19T18:08:08,This app makes shopping so easy and joyful 🫶🏻,0,5,False,,
playstore,d48efece-36b3-4aa5-b844-3df064fe93d7,2026-08-19T18:06:52,I just love this app the fast delivery ooh la laaa😭😭,0,5,False,,
playstore,71214de4-8745-4906-8787-134a6f4b1570,2026-08-19T18:04:16,khup sundar aap aahe khup swst n best mal aahe pls sarvani shoping kara,0,5,False,,
playstore,b9c3036b-398c-4528-9d0f-1b2c011c7730,2026-08-19T18:01:34,this app is very nice,0,5,False,,
playstore,ab6dcd58-dd3f-4880-9345-6df5fc03e5b3,2026-08-19T18:00:42,"Very disappointed.Myntra deactivated my account without any reason and I complained it by calls, emails but no response.Now I am going to file a complaint with the consumer forum.",0,1,False,,
playstore,1d74481f-f49a-4fdd-b9c3-031b756aa906,2026-08-19T18:00:39,my experience with myntra is mind blowing very nice products at reasonable price n quality is also top notch. I always shop with myntra only I trust it. happy shopping,0,5,False,,
playstore,a8f6075c-3fd5-4e85-a4b7-c5be00586945,2026-08-19T17:52:05,Best for online shopping 🛍 😌 Using this app for more than 5 years.,0,5,False,,
playstore,e4bc67c3-8184-4188-95d1-c6f90779024f,2026-08-19T17:50:47,“Absolutely loved these jeans! The fitting is perfect and the fabric feels really comfortable. The quality is also very good and the jeans look exactly like the pictures. The fit is flattering and easy to style with both crop tops and oversized tops. I’ve worn them for long hours and they’re still comfortable. Definitely worth the price and would recommend them! ❤️”,0,5,False,,
playstore,755d367e-df31-4c45-b2a1-1cfc34a2b0e0,2026-08-19T17:46:45,"I thought in myntra we get only expensive products, but got best deals which was affordable... cheers",0,5,False,,
playstore,184268a1-b58b-4bcd-9d05-a756b1844eec,2026-08-19T17:44:08,best shopping app,0,5,False,,
playstore,69e1552a-85aa-4164-964d-6a940b555dbd,2026-08-19T17:42:08,"It's a good app, good clothes in good prize.",0,5,False,,
playstore,6a70afdd-51e6-4a5d-ab0c-62e4e35ec602,2026-08-19T17:38:33,"Horrible experience with the delivery, my first order still not delivered",0,1,False,,
playstore,7a4f87b2-291f-4c31-a8a3-2528122ce587,2026-08-19T17:34:40,it's good for shopping 🛍️🛒 and it can be purchaseable because myntra have best quality product and dress also so we can easily buy this and make happy.. if we start for shopping then it can be give a discount on your order and make affordable price their quality it best and also it give free coupons when we finished shopping and then we earn award for it .. I aslo earn mainy rewards and cash price on it so don't waste your time and jont with myntra and start to shopping 🛒🛍️ make your day,0,5,False,,
playstore,e8603189-e113-45ce-aacd-149c39477be6,2026-08-19T17:32:20,It is a very good app,0,5,False,,
playstore,a970ecef-548d-4a9c-bb9e-f58f58759980,2026-08-19T17:31:50,nice bag quality is very good 👍🏻,0,5,False,,
playstore,0616ad44-f124-45c5-9b81-d78f0f81046d,2026-08-19T17:28:36,very nice 💯 and genuine,0,5,False,,
playstore,82943dde-4b03-4559-9e9d-02ebf6d3fdec,2026-08-19T17:26:24,Best app for shopping 🛍️,0,5,False,,
playstore,4d66d9ea-8b9b-41ec-9104-073ec8ab4613,2026-08-19T17:20:48,Nice experience,0,5,False,,
playstore,8c2ad67a-75b4-409a-ba16-e7f5117dccf5,2026-08-19T17:19:22,good product available this site ☺️,0,5,False,,
playstore,279c9e40-5c7c-4e68-9574-5bde1f11b79f,2026-08-19T17:16:43,quality products,0,5,False,,
playstore,263af95c-0e0c-4c04-b025-afb49be6205d,2026-08-19T17:16:23,very good quality products,0,5,False,,
playstore,a3dc7b79-c93d-42a5-9fba-aac2155a3997,2026-08-19T17:10:13,Received expired product and after returning it myntra is not giving full refund,0,1,False,,
playstore,e9817275-4787-451c-bba3-6c093fd8d3cc,2026-08-19T17:04:05,product of myntra are perfect,0,5,False,,
playstore,ad2d6841-69ac-4abb-b01a-02cc26515ff1,2026-08-19T16:42:40,received broken product with no brand tags or price tag on return request their delivery partner just says it could not be quality checked and hence the return is put on hold. told this to their customer care they told me to send photos did the same return was scheduled and the delivery partner did the same. I think I will just have to forget about my money as this problem will persist without any real solution,0,1,False,,
playstore,b56d6678-c1d5-417c-8a0d-1e75dea5c30d,2026-08-19T16:38:54,it's a pleasure to use😍,0,5,False,,
playstore,e72041a9-76d2-45c6-b068-0b4ae4fcb033,2026-08-19T16:38:39,"very good app for online shopping, i think best in India , it's items are really good quality, and also good policies of payment returns or exchanges or refund",0,5,False,,
playstore,1a51f4c9-ba74-4e7b-acd5-604cc9415f51,2026-08-19T16:35:52,very nice service and product,0,5,False,,
playstore,ddd4ebe1-9f84-4e67-b0e2-c72337cb312b,2026-08-19T16:34:16,I just love love love myntra,0,5,False,,
playstore,43b92019-010a-4ed1-bdc0-a9ed07c41c68,2026-08-19T16:33:30,great application,0,5,False,,
playstore,1a632552-fa3d-4a55-b2d8-2130b068c1e8,2026-08-19T16:29:37,Customer support and service at its worst. Wrong products are being sent and there is no quick resolution. The bot always says our agents are always busy,0,1,False,,
playstore,87c695fe-6a19-4e5b-b688-5e118507cb5b,2026-08-19T16:18:29,Is better than flipkart,0,5,False,,
playstore,5489d211-20be-4cbc-8203-374343b170d2,2026-08-19T16:18:01,"I have been using Mantra for a few years now. Earlier, I used to order only a few things, but now I keep buying something or the other regularly. So far, everything I have ordered has been really good. Especially since they introduced the cashback and daily rewards options, it has been even more beneficial. I’m really happy with the experience. Thank you, Mantra! ❤️",0,5,False,,
playstore,fd4b865b-09de-4f33-91cf-6f1caf493766,2026-08-19T16:14:56,excellent products and original brands,0,5,False,,
playstore,28c242e5-c0eb-45c8-a57a-7c9055ad540e,2026-08-19T16:12:02,nice app for online shopping.... They give what they show..,0,5,False,,
playstore,127f6dfb-7e7f-4c18-ba62-4c10fda3b8cd,2026-08-19T16:08:13,"PATHETIC APP FOR SHOPPING. MY RETURN IS PENDING SINCE A MONTH ALMOST. RECIEVED ON 5 JUNE. RETURN FILED ON 7 . TODAY IS 28 JUNE . LAST DATE FOR RETURN WAS 19. ITS BEEN OVER 9 DAYS STILL IT SHOWING THEY ARE SAYING """" WE ARE LOOKING INTO YUR RETURN. PLEASE WAIT FOR 24 HOURS"""" JUST A PATHETIC SERVICE. YOU GUYS DONT EVEN DESERVE A SINGLE STAR FROM MY POINT OF YOU.",0,1,False,,
playstore,b8761c62-fd84-46a1-aa8d-120ee2552963,2026-08-19T16:02:50,very fast and good condition delivery service.,0,5,False,,
playstore,0e2974c9-0e20-431e-af23-b7542ab3be38,2026-08-19T16:01:10,myntra is trustable app 🤌 I have purchased from myntra and i received orders in well manner and quality of cloth is awesome 👌,0,5,False,,
playstore,749cc4a9-9ad4-468f-9997-34bab1874f2a,2026-08-19T15:58:09,"best app for clothes, affordable",0,5,False,,
playstore,0a99d124-0138-4f07-8b46-42aafac1efcd,2026-08-19T15:56:51,mast hai sasta hai,0,5,False,,
playstore,348aaa42-cb86-4626-8580-8dd3c3ff3f08,2026-08-19T15:55:57,very bad experience... i ordered a product in a offer and myntra haven't delivered that product instead of delivering the product they are only showing delay and delay... very bad app and support system is also worst... i am unable to make chat or call with the agent.... worst application don't purchase any product from myntra,0,1,False,,
playstore,29861749-996b-49ce-99fd-bce5900cd7d4,2026-08-19T15:55:17,good experience recommended it,0,5,False,,
playstore,43092993-f826-4793-9327-ff36734cf54d,2026-08-19T15:53:15,best app and myncash back bhi acha deta h 👌👌👌,0,5,False,,
playstore,a3f0d9ab-495a-425e-8164-c93796cd028c,2026-08-19T15:49:39,"irrespansible app, and its worst it is not business app reson i asking some thing not accepted",0,1,False,,
playstore,51bfdaed-58f2-4715-8c24-ac48867a7993,2026-08-19T15:49:31,I just love how you don't charge a lot on product,0,5,False,,
playstore,9d9c737d-c2ce-45ec-89e0-c49057e3f7d2,2026-08-19T15:48:42,super I am happy,0,5,False,,
playstore,f494544b-4963-4659-858b-2e6db32456e5,2026-08-19T15:48:05,"the worst app i cancelled my order in August and today is August 18th, but I still haven't received my refund. I really didn't expect this from Myntra. When will my amount be refunded",0,1,False,,
playstore,2364ea40-6f8c-4e4a-8f09-ab1bbad30256,2026-08-19T15:42:00,good product as soon as received 👏👌,0,5,False,,
playstore,5f0627c3-bd29-452f-99da-d7663451167d,2026-08-19T15:39:39,"A very beautiful dress, perfect stich.But the only thing i was dissatisfied is i thought the gold pattern was embroidery but in reality it's just gold print. Otherwise the fit and outlook is really good. Thank you.",0,5,False,,
playstore,ba5c9926-b629-4b9e-810e-1f3d0f79f020,2026-08-19T15:37:47,without seeing my return product they claimed that they have footage of my product. I am using first time Myntra in my life and this is wrost service. Other apps provided better service as compared to this.wrost service of my life delivery agent update status that quality check failed without seeing my return product and the Myntra team saying that they have investigated and find everything okay. send me the footage if you investigated this. Wrost service they don't care about customer value,0,1,False,,
playstore,94b363b8-bdc9-4c4b-b5cf-3adeb8b19632,2026-08-19T15:36:10,quality maintain,0,5,False,,
playstore,09c41eef-628a-4e75-aae9-59cb20c18a4d,2026-08-19T15:24:54,best experience,0,5,False,,
playstore,43ef69b5-5eb2-415b-90e2-eaa7249ea2ae,2026-08-19T15:24:10,very useful and time saving app...,0,5,False,,
playstore,ca0b8fb0-8cb0-4f75-910a-256c9f73aeaf,2026-08-19T15:18:00,my best one and only shopping app. go for itt!!!,0,5,False,,
playstore,73d10e9f-7e21-4ef1-b7ef-97a10e935a8a,2026-08-19T15:15:17,one of worst service provider and not delivered the item in exact date as mentioned I am this stupid mistake continuously 👎👎,0,1,False,,
playstore,41358318-29cc-4b18-82a6-f5f533fb0de0,2026-08-19T15:08:04,myntra app really awesome 👍....I am so glad to use it...,0,5,False,,
playstore,b31dcb8b-5140-437a-a656-c7b92352b57c,2026-08-19T15:05:58,fast delivari and good produced,0,5,False,,
playstore,ed331217-ac1b-47e6-8301-253eef720461,2026-08-19T15:01:57,"Extremely disappointed with Myntra's service. The product quality is terrible, delivery was heavily delayed, and the customer support is completely unhelpful. Definitely not recommended. 1/5 stars.""",0,1,False,,
playstore,d7ab8ac4-f7e6-44ab-862b-c96b19e644b9,2026-08-19T15:01:37,Good to use easy to use and it is trusted also,0,5,False,,
playstore,abc0ef45-59cd-4782-bfd3-451b43dfe6ed,2026-08-19T14:58:55,nice app with exciting offers,0,5,False,,
playstore,5cae7981-3861-4668-bb8a-001f175c29af,2026-08-19T14:57:43,best shopping app... i am really happy,0,5,False,,
playstore,7651c953-0762-4c09-8588-bdcced15dded,2026-08-19T14:36:58,wonderful app for shopping,0,5,False,,
playstore,4c0ff5bb-8feb-4ab5-9c07-e8b75b997370,2026-08-19T14:25:59,customer friendly app too good,0,5,False,,
playstore,a37d9f15-6944-4f00-94d3-cb9d2add5cb1,2026-08-19T14:22:26,"Fantastic experience in ordering, payment and product detailing",0,5,False,,
playstore,d4f52aa8-6126-4bf2-b3a2-dded6b932318,2026-08-19T14:19:07,excellent customer service app 👍 product quality always in good condition and service is good I am always purchasing by this app,0,5,False,,
playstore,7c84660d-f780-4ec0-9d14-4b87c640467e,2026-08-19T14:17:54,don't deliver on the said date delivery is always delivered delayed and cancel themselves and say that the order is cancelled for unwanted reasons my multiple orders have been cancelled unwanted reasons most worst thing is that day charge platform fee cash on handling fee which is not refundable if the product is returned,0,1,False,,
playstore,8f4a6808-5f92-411d-a1ef-9558dafdcbe8,2026-08-19T14:14:02,very good product,0,5,False,,
playstore,93a6b207-e7a4-4d9a-9135-75bcf533e557,2026-08-19T14:12:16,delivery is not faster,0,1,False,,
playstore,a9edcf07-5b98-4da1-84da-ee507974ddbb,2026-08-19T14:08:18,i trusted on myntra last five years... original product and fast delivery 💖,0,5,False,,
playstore,a793019e-3966-41c5-8037-7f5dbe5a5b9b,2026-08-19T14:04:44,beautiful product,0,5,False,,
playstore,9096dea3-0995-4b4f-a95c-45b2966532f9,2026-08-19T14:02:30,good experience,0,4,False,,
playstore,6e7d7045-24d7-491e-9e01-a59849122f1d,2026-08-19T13:49:10,it was very much better rakhii,0,5,False,,
playstore,3c93ada9-b317-4623-88d1-6cdc74c9cf86,2026-08-19T13:45:52,Myntra app is deactivated and not able to longin,0,1,False,,
playstore,d1961c17-1d8f-40ef-bd5a-7704961c4fee,2026-08-19T13:44:01,wow ! fully satisfied,0,5,False,,
playstore,8ede650e-999d-412b-a414-92524e52e5a0,2026-08-19T13:43:12,amazing service providers for myntra . i am happy 😁 lowest price get best fashion items provided. thank you 👍🏻😊 myntra,0,5,False,,
playstore,14ea0ed0-d611-4dbe-96ed-b2f9630275a4,2026-08-19T13:39:14,"myntra is doing amazing especially it's style exchange is so unique , refund is amazing, go for it",0,5,False,,
playstore,fc3fa8f2-ecf7-4ec7-a5a4-39e8129024df,2026-08-19T13:36:01,good experience,0,4,False,,
playstore,ff526d45-01ba-418f-9366-44b268f088d1,2026-08-19T13:35:09,osm products are been delivered,0,5,False,,
playstore,c4fd0f5c-443d-4ec3-96af-7711cf02df17,2026-08-19T13:30:05,this app is very good 👍,0,5,False,,
playstore,18685182-1bf4-41d4-b726-08f790fa253a,2026-08-19T13:22:47,absolutely 100% original quality,0,4,False,,
playstore,acd17f58-f3b8-4aa5-bb2f-848b038e5ef2,2026-08-19T13:12:07,very good experience 😃👍,0,5,False,,
playstore,ef81aeb8-d6a8-4f12-a34b-f5e22ae9977c,2026-08-19T13:09:03,the product Myntra shows is one of best quality,0,5,False,,
playstore,d65c609c-4172-4c07-829e-9e55ae839d0c,2026-08-19T13:07:16,great experience,0,5,False,,
playstore,b9950f9a-bc14-4c3f-93b2-beece509000b,2026-08-19T13:00:34,poor experience and A lot of scams happen on Myntra.,0,1,False,,
playstore,f834b05c-2aaa-4ce9-9c1e-c8b36162e82f,2026-08-19T13:00:22,very good app....For brand purchase...original and authentic product ... Good for it ....,0,5,False,,
playstore,d3b0989b-b95b-4310-8278-9c74bd5c7e5f,2026-08-19T12:57:55,veryyyy veryy6 goodddd 💗🫶🏻,0,5,False,,
playstore,8458363a-579c-4744-af6c-a90b5c344b83,2026-08-19T12:55:03,Bakawas service Bakawas App....All Time Delivered Fake and duplicate products.. return option is not visible...1 Monthno one pick up return order .... customer service also disgusting please don't use Myntra app it's very very bad,0,1,False,,
playstore,f967a89e-7664-409d-98b0-0b25944e15e4,2026-08-19T12:54:34,Good quality and varieties of products are available at Myntra you must visit and buy accordingly.,0,5,False,,
playstore,938a1b7e-3b37-44f3-b065-36a1d31d6492,2026-08-19T12:54:00,been using Myntra for about 12 years. over the years they have improved a lot and gives peace of mind in choosing genuine products. however the platform fee is too high,0,4,False,,
playstore,90e46fdc-d7d7-4858-8957-8801ed1ba923,2026-08-19T12:52:26,Myntra is honestly one of my favourite shopping apps! ❤️ The app is very easy to use. the collection is amazing & there are always great discounts & offers. I love how easy it is to search products compare options & check reviews before buying. The product variety is excellent & the overall shopping experience is smooth and convenient. 🛍️ Delivery & packaging have also been good in my experience & the return/exchange process is quite convenient. Thank u Myntra for making online shopping so easy,0,5,True,comparison_shopping,I love how easy it is to search products compare options & check reviews before buying
playstore,e5973c57-1640-4ae7-900d-b3fe74dca1a1,2026-08-19T12:51:43,nice app and great product take a but longer for deliver products,0,5,False,,
playstore,8e507734-7f37-499d-84c6-bd2065015978,2026-08-19T12:50:53,"Good, but not budget friendly for everyone!",0,5,True,price_consideration,not budget friendly for everyone
playstore,f550ea2a-ef78-4330-95f4-ed0900093de8,2026-08-19T12:50:13,myntra sarvice sabse bekar hai mara order 14 August ko delivered hona tha or aaj 19 august ho gyi hai aaj tak Oder nhi aaya inki helpline pr baat kro to next time next bolte hai koi kuch bhi help nhi krte sabse bekar platform hai 👎👎👎,0,1,False,,
playstore,12a8be28-417f-45a9-b2f2-b759e364ae6c,2026-08-19T12:47:42,Best quality of product,0,5,False,,
playstore,299e8818-893e-4de7-9a11-56fd8e20ad8c,2026-08-19T12:45:02,"today 19 Jul 26 almost 70 days passed, I returned a product worth ₹10,999 but have still not received my refund since 8 jun 26 order. Customer support keeps giving different instructions—first chargeback, then bank statement, bank details, and now a bank denial letter. I have submitted every document requested, yet there is no resolution. I have spent weeks following up and visiting my bank. worst ever merchant in my life. please don't buy anything here 🙏. myntra is complete fraud and scam.",2,1,False,,
playstore,94d225c5-60b3-4d33-8410-64b62751d708,2026-08-19T12:42:28,Myntra's return policy is complicated when you receive the wrong product. I have been waiting for days and still the issue is not getting resolved. Also their packaging is the worst.,0,1,False,,
playstore,68ebe2f1-555e-45f8-8776-7b17a5373150,2026-08-19T12:38:14,Disgusting app it is rascal,0,1,False,,
playstore,bb49a699-7c03-44f1-b380-76fa91671906,2026-08-19T12:36:49,Nice App Placed My Placed First Order And My First Delivered Thank You,0,5,False,,
playstore,92186647-6e13-47bc-988c-872868b587d9,2026-08-19T12:36:47,Myntra is one of the best shopping app not only for clothes but for everything.,0,5,False,,
playstore,18eefa96-93f8-4384-93a6-dae87572635e,2026-08-19T12:36:19,best product and trusted brand,0,5,False,,
playstore,2f105247-2af4-40b6-a008-cfae0dea03e1,2026-08-19T12:32:42,This is the worst app customer ki koi help nhi krte jab unki koi complaint hoti h to I am very disappointed with Myntra,0,5,False,,
playstore,82e85077-0a4f-4899-a9db-5714f3e4cdb2,2026-08-19T12:30:22,This application is absolutely genuine about original product .,0,5,False,,
playstore,240c6a73-26c8-45ed-ac17-1a0fa8cd419d,2026-08-19T12:30:12,bhut hi ghtiya sarvice hai. maltb apne me hi bolte rhate hai ise acha mehso hai kam se kam shai tarike se jabab to deta hai,0,1,False,,
playstore,16c64a58-3bc5-4d2d-8c2d-cd87a4dc9529,2026-08-19T12:28:30,Good & prompt service service .,0,5,False,,
playstore,c1046120-c3f3-4860-85f6-41947d55da61,2026-08-19T12:22:30,Nice shopping experience,0,4,False,,
playstore,72579184-9ba4-44a8-9a71-6deb08d00a85,2026-08-19T12:21:53,worst app ever whenever I order something it gets delay every time for 3-4 days more,0,1,False,,
playstore,0e11391d-be74-4864-8f92-cefb7cb47df0,2026-08-19T12:16:26,super 💯 good quality excellent quality,0,5,False,,
playstore,3dd1b07d-1360-4a05-b837-9474a30fb980,2026-08-19T12:03:22,best quality cloths and exchange fast,0,5,False,,
playstore,7ee4fa3e-a36a-4330-9327-b39b40d828b9,2026-08-19T11:59:55,"good in service, budget friendly and good products",0,5,False,,
playstore,36693c74-7433-4c84-9d9b-54d844e2b739,2026-08-19T11:58:15,trusted application,0,5,False,,
playstore,31024e7e-f5b2-4c6d-b9dd-024434fcd26e,2026-08-19T11:58:00,Good cloth quality and right in size . so nice,0,5,False,,
playstore,70d3b75f-93a2-49c6-9ee8-faf58b0b25c9,2026-08-19T11:54:22,best quality clothes,0,5,False,,
playstore,b67e7abc-acce-4cc5-b968-53581019dcab,2026-08-19T11:52:51,"""One of the best shopping apps out there! Huge brand collection, genuine products, fast delivery and super easy returns. The app is smooth, and the sale offers are amazing. Highly recommend Myntra!""",0,5,False,,
playstore,a8c6fd81-1677-4732-9412-c4c9fd1643d9,2026-08-19T11:49:24,"Myntra is one of the best shopping apps for fashion and clothing. The app is easy to use, there are plenty of options from different brands, and the product quality is generally very good. Delivery is also fast and the return/exchange process is quite convenient. Overall, I've had a great shopping experience with Myntra and would definitely recommend it to others.",0,5,False,,
playstore,8796a556-7bd3-4084-8ba6-b0ba67a771c1,2026-08-19T11:44:23,nice experience,0,4,False,,
playstore,7116b5fe-f4dd-4054-b858-7d683a445c59,2026-08-19T11:39:06,I like this app,0,5,False,,
playstore,32f8a858-6392-4f1f-89a4-1dcb08a8944a,2026-08-19T11:38:35,I have ordered a short sleeve shirt of mast and harbour brand from myntra but received a shirt from different brand,0,1,False,,
playstore,812d9140-dd87-4239-bf43-1ee51ab89130,2026-08-19T11:33:40,Products almost look as good in real life as they do in pictures. The app is fine and somewhat easy to navigate.,0,4,False,,
playstore,9d3ee580-1078-4a6c-a3e2-15b61b4cf2fb,2026-08-19T11:32:19,"Very disappointing delivery service from Myntra. Their delivery chain is extremely poorly managed. Deliveries are often delayed without any proper explanation, and the promised delivery dates are not taken seriously. Customers have to keep waiting and following up for their orders. The shopping experience is completely ruined because of such poor logistics. Myntra seriously needs to improve its delivery system and customer service.",0,1,False,,
playstore,518e7776-239d-4fb5-a5e4-79194df42c85,2026-08-19T11:27:31,"Horrible service, I would happily give zero stars and won't recommend this app to anyone. The order arrives fast but the return process takes years. no one comes for return pick ups and when you use the ""call me"" option an automated annoying bloody voice gives you replies that are absolutely useless that too in Hindi when you specifically choose ""English"". Very frustrating service when it comes to returns and refunds. I'm uninstalling the app.",0,1,False,,
playstore,90e82e21-992c-46d7-8ad7-5c232256a524,2026-08-19T11:17:52,good experience,0,5,False,,
playstore,8c1fdffb-c81a-4409-b6b9-57008de92499,2026-08-19T11:17:22,I totally love the fittt❤️,0,5,False,,
playstore,057e6178-645c-4f64-8754-21e3b279fd93,2026-08-19T11:16:55,very good experience,0,5,False,,
playstore,80806b15-524d-408b-9642-71daa1478abf,2026-08-19T11:13:33,I love to shop in myntra it's always give me a best,0,5,False,,
playstore,d9a71366-8727-44e5-8f12-c601579f02f4,2026-08-19T11:13:26,good products 👍,0,5,False,,
playstore,31c0b6c0-93de-4738-ae5d-a91674103b1c,2026-08-19T11:12:07,My go-to online shopping platform. The quality of the products is too good. I would recommend everyone to try at least once.,0,5,False,,
playstore,8f8c3a8c-aae2-442b-955f-795f20c5488c,2026-08-19T11:11:53,best of the best,0,5,False,,
playstore,8aa33448-a8d5-4cf9-8a08-c07dd8045c19,2026-08-19T11:11:34,"useful app from the pov of merchandise, shoes and crazy deals which gives you better products then other apps.",0,5,False,,
playstore,058cddcd-f4e9-4ae6-8593-d39f6ea349bd,2026-08-19T11:11:20,very useful app and all products are good quality,0,5,False,,
playstore,c9418488-8ad9-4561-bd95-f5742755c3ec,2026-08-19T11:04:59,this is the first time I am using this app for my online purchase i am satisfied.,0,5,False,,
playstore,bfbfabb6-ba58-444e-8661-6dd55e2d033a,2026-08-19T11:01:37,best quality material available in this brand,0,5,False,,
playstore,4c879ee9-e47f-45e1-9fe0-d94e609c8ed6,2026-08-19T10:53:16,Rates is too higher,0,5,True,price_consideration,Rates is too higher
playstore,47b5aa6e-093b-416a-8cd2-1e704675935c,2026-08-19T10:46:49,my fvrt app mai hmesa Myntra se shopping krti hu,0,5,True,favourite_app,my fvrt app mai hmesa Myntra se shopping krti hu
playstore,7595ed20-e9f5-4f7f-9112-4f4b4642dd40,2026-08-19T10:43:56,best online shopping app for cloths,0,5,False,,
playstore,3b35ff0d-a141-4b68-b745-93103eb7ee00,2026-08-19T10:39:48,nice app for fashion shopping,0,5,False,,
playstore,397ad3e9-6998-48aa-a789-ed2c449db1e1,2026-08-19T10:39:11,what happened with you Myntra! What's wrong with your customer support!!! I ordered on 9th August and it's supposed to delivered on 14th of August but it get delayed which I can understand but then I don't have any update that when it will be delivered!let me know if you would like to deliver the item or not!that was gift for someone you ruined that occasion,0,1,False,,
playstore,a8b4751d-1eec-4a30-a8c2-1732191b1755,2026-08-19T10:38:59,it's a fraud company. without any reason my account was deactivated. i have ordered an item there was size issue. i am not unable to use my account for exchange or return. my account is deactivated it is no longer active. such a fraud company 😡,0,1,False,,
playstore,6d9be04e-4ce0-46f3-b9be-f82d2f4f249c,2026-08-19T10:33:02,this is perfect platform clothes and beauty k liye,0,5,False,,
playstore,de0fe98b-828b-4ebf-a3c3-95c98e38c29f,2026-08-19T10:31:51,good but costly,0,5,True,price_consideration,costly
playstore,49324b8d-4d8c-481d-a79c-54f57ddd375a,2026-08-19T10:19:29,good quality product,0,5,False,,
playstore,492c9d43-bbf7-46c7-89d2-0a644a16263c,2026-08-19T10:19:29,best shopping app,0,5,False,,
playstore,6961f302-7de3-4c70-bae8-44beb6968e02,2026-08-19T10:19:14,nice experience,0,5,False,,
playstore,4307e587-6f5f-4fd1-8967-a78ac1d84186,2026-08-19T10:18:34,"worst shopping app 6 orders me 5 cancel ho gye and only 1 receive hua , very show app",0,1,False,,
playstore,6df58a96-0246-4af8-9b97-61b8d13af95d,2026-08-19T10:07:31,orignal brand you can buy from this,0,4,False,,
playstore,bf64f063-8241-47c7-b66c-e7274939dc4f,2026-08-19T09:57:26,All categories available please Make affordable price,0,3,False,,
playstore,5785f971-42bb-4253-ae20-5b982b428018,2026-08-19T09:41:43,like me Thish app,0,5,False,,
playstore,e572c2fd-9024-46bc-92a1-9b544583a4b5,2026-08-19T09:32:40,Myntra is the best shopping platform.,0,5,False,,
playstore,ba4c2867-a08b-4304-939c-c4054d556388,2026-08-19T09:28:01,my account number deactivate how to recovery my account,0,1,False,,
playstore,2f836d4f-c5c4-4c6e-9bd4-82ca218304df,2026-08-19T09:19:02,Amezing experience,0,5,False,,
playstore,c606fcac-793f-45f8-9524-94cf547822c8,2026-08-19T09:16:22,"nice app , authentic product delivered with early delivery",0,5,False,,
playstore,23aa70fa-d653-4b04-a4a4-4d141b86adc7,2026-08-19T09:16:08,perfume fragrance it's osam i like it perfume,0,5,False,,
playstore,536475d6-655a-4b27-814c-b67b1830e053,2026-08-19T09:14:35,i ordered a bag and during the delivery date and after the delivery date which is five days apart i havent got a call from the delivery agent.But they said they have attempted multiple delivery but i havent got a single call from the agent and now my order has been cancelled after waiting for three weeks.Im very disappointed with myntra and even when i talk to customer care they're not responding with a proper answer cant get connected to human at all its full of ai,0,1,False,,
playstore,d6da9dde-efa8-4b3d-955a-17bfbd8b1a67,2026-08-19T09:02:16,good experience,0,5,False,,
playstore,fdfdf058-cec9-44da-9f8f-51c7d8750d3a,2026-08-19T09:00:59,best shopping app,0,5,False,,
playstore,335c1a5d-f6a3-4787-a76e-6d19eea7e216,2026-08-19T08:58:01,my order delivery is delayed so many times,0,5,False,,
playstore,83122d2a-a0f8-414b-a5f7-941eda44cb96,2026-08-19T08:57:42,This app is really safe,0,5,False,,
playstore,42e638da-4975-4404-89b8-74dfc10219c4,2026-08-19T08:52:52,best app for shopping,0,5,False,,
playstore,836cc234-629b-46b7-987f-89b07f901b62,2026-08-19T08:42:20,"Bilkul, thoda strong aur detailed review ye rahega: ““Very disappointing experience with Myntra. This was my first order, but I received a defective product. My account has been blocked for 3 days, so I’m unable to return it or contact customer support properly. Please unblock my account and help me with the return and refund.”",0,1,False,,
playstore,0befdb38-1018-49f7-b758-7849600549e0,2026-08-19T08:41:58,myntra is easy to use and the myntra myncash feature is very good i love this feature of myntra,0,5,False,,
playstore,d8374617-d992-46a4-a1c9-ffdbb6407030,2026-08-19T08:35:42,Amazing delivery experience and genuine products.,0,5,False,,
playstore,1f329cb4-946a-4a2a-882d-d80531100e1c,2026-08-19T08:28:02,clothes are good but it takes much more time to verify return request,0,3,False,,
playstore,cade6257-4741-41bd-b29a-399ffd2fbca0,2026-08-19T08:16:29,"super app to buy clothes,shoes and many more things",0,5,False,,
playstore,192a687d-5a13-4723-a886-0d25d953693b,2026-08-19T08:15:07,"day by day Myntra become Meesho,very poor product in there collection,even it's a worst quality.",1,1,False,,
playstore,8a935ee8-5640-4d32-8067-826624c36bf5,2026-08-19T08:07:23,"I really had a great experience using the Myntra app. The app is easy to use, well-designed, and has a wide variety of products to choose from. I especially like the easy search, filters, product details, and smooth shopping experience. The delivery process is also convenient, and the products I received were good in quality. Overall, Myntra makes online shopping simple, comfortable, and enjoyable. I am very satisfied with the app and would definitely recommend it to others. ⭐⭐⭐⭐⭐",0,5,False,,
playstore,38ab52e9-53b8-4b39-8b7c-20e129f0bcea,2026-08-19T08:03:03,"very fast,stylish and easy app..always fun to buy from myntra as it has plenty options in affordable range",0,5,False,,
playstore,5872ca33-e1b8-46f5-b035-804508cf3e1e,2026-08-19T07:55:55,"Products nowadays are sold by Myntra are of worsts quality. And the best part is that they will reject your return request also, so now end is near for myntra. Lot of other good companies will kick them our like Ajio, Nayka, etc. adding to my last review still Myntra using facing of seasonal sales to sale the defective product to the quality customers still there is a time to change the tactics and provide good quality product.",0,1,False,,
playstore,3820bfd1-7a3e-4992-bc26-6b60a6c75a74,2026-08-19T07:53:25,waste I'm unable to login,1,1,False,,
playstore,4b25bde6-162a-468d-ad8e-c995160432e4,2026-08-19T07:35:38,this app sooo good,0,5,False,,
playstore,7109dac8-3ee4-44bb-a574-64c66fd3a24f,2026-08-19T07:35:07,"not extra charges from "" Cash on delivery 🚚 """,0,4,False,,
playstore,1d8ff829-e1eb-4de5-9ea1-eccff5f7e875,2026-08-19T07:15:40,Yai best app hai yaha sab top quality ka product milta hai I love this app,0,5,False,,
playstore,ff56ebec-8fb2-4bad-a560-f0c0507cba02,2026-08-19T07:14:16,"Pathetic service and worst customer support experience! I ordered a watch (French Connection) well in advance as a special birthday gift for my wife, which was supposed to be delivered by August 9. However, it got delayed indefinitely. When I contacted customer support, the AI chat and automated calls were useless and just kept wasting my time with robotic responses. Then 18 august automatically cancelled my order without proper reason.",0,1,False,,
playstore,d122366e-5a5d-439d-984f-688838d98ad3,2026-08-19T06:57:11,Good experience..Beautiful dress,0,5,False,,
playstore,94ba3357-bf2d-4207-b5bc-f4173db5c1bc,2026-08-19T06:45:01,worst experience .....my return order wasn't picked up...myntra automatically cancelled my return request ....fake cheating app,0,1,False,,
playstore,4b4b8631-781c-44fd-bed2-073870ea72c4,2026-08-19T05:56:50,"Disappointing Experience with Myntra After 10 Years. I have been shopping with Myntra for the past 10 years and have never faced an issue until now. I received an incorrect, damaged product without a tag, and my return is on hold. Despite repeated calls to Customer Care and emails to the Grievance Team, there has been no resolution even after 24–48 hours. This lack of support is extremely disappointing. I hope senior management takes note and resolves this promptly.",0,2,False,,
playstore,8e8e9dc7-ae59-437d-9e5b-e241a99ea990,2026-08-19T05:32:45,worst app the service is very poor return of products cancelling lot of inconvenience caused from this app delivery issues are not solved easily,0,1,False,,
playstore,f2a30e17-c2dd-45ed-b1fe-fcb93d80dffe,2026-08-19T05:18:52,Excellent and comfortable.,0,5,False,,
playstore,8ffcc7af-a52d-4add-9e21-9692775bca64,2026-08-19T04:51:36,I really appericiate myntra for its good quality products and great pricings.It is my pleasure shopping here everytime and i never get disappointed hope the same in future,0,5,False,,
playstore,e1c4513e-aea1-4ea0-8cb1-c07057700f71,2026-08-19T04:19:31,very usefull app bast qwality product available,0,5,False,,
playstore,a0af4018-f3bf-4b07-a393-66c2db0f3b47,2026-08-19T02:36:53,very good shopping app best in the world for fasion,0,5,False,,
playstore,c923b313-4389-45ee-822d-d71c6d383f66,2026-08-19T02:23:56,awesome products.,0,5,False,,
playstore,90830b8d-be1e-4ab4-926c-912ed8f433eb,2026-08-19T01:30:05,I love this app 💯,0,5,False,,
playstore,a4d492ce-98d5-450f-8391-56976009934e,2026-08-19T01:24:26,i number quality i like this,0,5,False,,
playstore,15b543c4-1ce9-484f-8740-7009bd251830,2026-08-19T01:05:04,Didn't get my myntra credit/earnings for my last approved video on ultimate glam clan program.,0,3,False,,
playstore,c2853d97-d463-4d89-8aa2-c39b1afd0449,2026-08-19T01:04:29,"⭐⭐⭐⭐⭐ 10/10! Amazing shopping experience on Myntra! Great collection, good quality products, easy-to-use app, and amazing discounts. Totally loved it! ❤️ Myntra has a great variety of clothes, footwear and beauty products. The app is easy to use, filters are helpful, and there are usually good discounts. Overall, a good shopping app, though customer support and return issues could be improved.",0,5,False,,
playstore,6ec80051-7c2a-4f97-a9fc-2e3c9c80f44a,2026-08-19T00:58:59,I just ordered one minimalist serum and face wash from you and haven't received it but still it showed as delivered. And all you can help is tell that acc to your logistics team I shared some Pin and now I can't get my product nor refund woww My other product was a suit that was ordered on 2 nd aug was meant to be delivered on 13 aug and till now it's not be delivered and I am asked to wait for confirmation till 25aug woow what a timing great ....I won't order from you again 🤬🤬😡😡🤬🤬😡🤬,0,1,False,,
playstore,006ff3c5-4931-4f8b-9057-571496746710,2026-08-19T00:57:53,this app is very intersting,0,5,False,,
playstore,f5d98f85-105d-4754-879e-700b1e0f6809,2026-08-19T00:53:07,"i really like to Shop from here but I don't understand what is their issue ? they always cancel my order without giving any reason just by saying sorry. I mean we are not fool. if we are ordering something again and again that's means we really need that thing and uhh fool your customer like this and their customer care support is so bad they don't even allows uh to type your problems. they gives you specific options to choose your problem, like seriously 😒",0,3,False,,
playstore,72951ab1-0cf9-49ad-bfb5-a7f0a2989d00,2026-08-19T00:48:53,review very nice 👍🏻,0,5,False,,
playstore,a2730bd3-6f6d-4cd3-b938-aed48cb53d05,2026-08-19T00:48:49,too much gd aap for shopping. easily reliable and convinient to use,0,5,False,,
playstore,6085bd35-ec36-4a38-bb83-33cd3fb4359a,2026-08-19T00:47:01,best for fashion & fast delivery,0,5,False,,
playstore,bb343bb1-72a6-4f51-87d3-87c697adb67a,2026-08-19T00:43:21,"⭐⭐⭐⭐⭐ Amazing shopping experience with Myntra! The collection is stylish, trendy, and has something for every budget. The quality is great, delivery is quick, and the packaging is neat. I’ve always had a smooth experience shopping on Myntra. Highly recommended for fashion lovers! 🛍️✨",0,5,False,,
playstore,23c0c310-67f9-4547-9efd-e58638f7607b,2026-08-19T00:37:11,better than flipkart,0,5,False,,
playstore,626765dd-20ac-4a6c-9dfb-95a0ef542437,2026-08-19T00:33:52,very nice app 🫶,0,5,False,,
playstore,3601db35-20f5-4d9e-9cea-15b6bb0ad3a2,2026-08-19T00:24:33,you can really get good products here Loved this platform,0,5,False,,
playstore,a6416a27-558a-4dc7-a2d2-cda4fb83bdae,2026-08-19T00:23:55,"myntra is too bad yr, i got disappointed by its service like no shopping app does this to me that this app cancel my order everytime by showing that it has come in my town than it shows order got delayed and after more few days they extend the date and after that it cancelled!! like they have no accountability , if I have ordered something and it take half a month to come and then cancelled without any reasons , it is seriously annoying .. and also it happens with me always .",0,1,True,purchase_hesitation_due_to_poor_service,if I have ordered something and it take half a month to come and then cancelled without any reasons
playstore,ac8309fe-e9ab-43e3-9759-cc3266a51f9a,2026-08-19T00:22:07,it's a very good app with a good interface for people and has a lot of styles and also it,0,5,False,,
playstore,3c0aee53-72df-4af6-a77f-56600252f7df,2026-08-19T00:15:04,really bad experience,0,1,False,,
playstore,28fadb37-4391-429f-9806-461d9e243e55,2026-08-19T00:04:15,love you myntra 🎉,0,5,False,,
playstore,6789949c-8b1d-4084-bd99-af93d553cb8b,2026-08-18T23:53:22,good online shopping app ☺️ 🤗 I like it 👌,0,5,False,,
playstore,3b822c39-4647-4d5f-93f1-9ef295715cc1,2026-08-18T23:41:39,delivery time Long and items not delivered no coustomer support myntra not purchase all items not,0,1,False,,
playstore,1ba98008-3e18-4463-8b95-622e5514190a,2026-08-18T23:40:59,worst order experience. it I'll take many days more than week . asume if you ordered item on 15 it'll show delivered on between 19-21. on 18 it I'll show delivered on 21,0,1,False,,
playstore,0ebc547b-3be2-47b6-8a2f-c281e692b44d,2026-08-18T23:39:28,good experience 😃,0,5,False,,
playstore,48fc01d9-daf4-44a9-8a3f-51cec10350fb,2026-08-18T23:35:12,worst support worst service,0,1,False,,
playstore,514386ec-1977-4fc0-8e92-dc4980cd7fb4,2026-08-18T23:20:24,Bahat acha hai ye app,0,5,False,,
playstore,a6d9c2ee-ecc2-4b8c-8bd3-fc51b8c726e6,2026-08-18T23:19:15,nyc Shopping app,1,4,False,,
playstore,7b3799a7-e029-4fc8-ad8d-c2f6749f3525,2026-08-18T23:17:23,apne ap cancel krke refund bhi nhi dia,0,1,False,,
playstore,1a7b8fd6-923c-45ba-bf41-cfa1864be8a3,2026-08-18T23:16:24,worst Customer service. First they are not sending product with tag and while returning asking for tag. Customer care team is not responding neither on chat nor on call to discuss on the issue.,0,1,False,,
playstore,c19c7479-3a97-4928-bd4c-c283378009e7,2026-08-18T23:05:53,this app is very awesome 👌,0,5,False,,
playstore,8aea0b58-f815-4b9f-ad4f-da9b00dea725,2026-08-18T23:03:12,unable to apply filters,0,3,False,,
playstore,353d6791-b4b5-486a-a356-bc4a49cb87e7,2026-08-18T23:00:43,"They do not have any support assistant, everything is useless and neither can we get a refund back nor can we talk to the agent through message, they do not give any option and if we call then there is an assistant waiting who is not available. Who doesn't listen to anything and solve our problem, I haven't received refund for the last 8 days and there is no customer support. Firstly, they send old clothes to almost everyone. I have given them proof.",0,1,False,,
playstore,26da16f4-496c-4bd8-aad0-acab5b6889d2,2026-08-18T22:54:53,poor customer service,0,1,False,,
playstore,61d2d263-9ff9-4a77-bb05-c400912f04e7,2026-08-18T22:52:55,mai ache kapdon ke liye bana hi nahi,0,5,False,,
playstore,d938aef2-12c9-4432-b17f-2d76e6fa7f9e,2026-08-18T22:52:36,genuine quality,0,5,False,,
playstore,26bfea81-e552-4f52-aade-dfe14b2c832f,2026-08-18T22:51:41,it is the froud app and it's delivery as not well,0,1,False,,
playstore,7a44511f-37e8-4670-9ad7-f1a9fd5daee5,2026-08-18T22:50:01,nice app and good quality products,0,5,False,,
playstore,2e139c88-0dda-49c4-bb05-e5a7392a6d9c,2026-08-18T22:48:25,"very good in very affordable price,",0,5,False,,
playstore,dea37655-8734-46b8-b8f3-734feff03a91,2026-08-18T22:45:27,amazing .. nice collection fast delivery fast return. fast refund... thanku..,0,5,False,,
playstore,6f63f2c1-c7ce-4e4a-ba08-face641e6d32,2026-08-18T22:42:38,one of the most trusted online shopping app💗,0,5,False,,
playstore,c104a0bc-a807-4d08-abd4-511dcdefdf99,2026-08-18T22:39:18,overall UI is good,0,5,False,,
playstore,885ef711-4526-4fbe-b15d-f7f62118cbc7,2026-08-18T22:39:03,worst customer service not connecting to any real agent to solve my issue,0,1,False,,
playstore,2d3e4bc3-d8ac-4bac-8df7-daafefcf687e,2026-08-18T22:38:44,my first time is very good product,0,5,False,,
playstore,166ee853-8532-4d19-9cde-978fbb2fc732,2026-08-18T22:17:19,"Love this app! Shopping is super easy, delivery is fast and the app is very smooth and responsive. Great collection and amazing deals. Highly recommend!",0,5,False,,
playstore,ca63321c-883f-4d83-82ff-b8921087346f,2026-08-18T22:13:51,fraud app.. product picked up by the delivery boy however myntra said that product is not picked up and did not provide refund.. they don't even post your review on product if reviews are negative.. they have moderated the reviews as only positive reviews are being allowed to post,0,1,False,,
playstore,fe93c1c0-81c7-4a55-bcce-816c61404b63,2026-08-18T22:05:57,Amazing app for shopping,1,5,False,,
playstore,68750ba4-0fbf-471d-ab5d-d42ad91e8bbe,2026-08-18T22:02:51,more collections available.,0,5,False,,
playstore,6a870b7d-9c45-4dfb-a099-578a5abf2207,2026-08-18T21:58:07,overall it's very nice 👍,0,5,False,,
playstore,64eaf366-bdf8-4243-90a5-210d436329ea,2026-08-18T21:56:04,"Really bad experience with customer executive. My order got cancelled after reaching my nearest delivery hub as my pincode suddenly became non serviceable for them. The same pincode where they were ok to deliver when I placed the order. The customer executive only has one thing to say ""i understand your concern pls place a fresh order"". what is the purpose of that....",0,1,False,,
playstore,5b523d75-be20-4c9f-85a3-9afabe0ab4ee,2026-08-18T21:53:15,"Excellent, Fabulous, Mind blowing",0,5,False,,
playstore,ce381d53-9c89-4251-a0a6-ea23281e9b49,2026-08-18T21:48:03,one of the best app for order stuffs and the my glam clan offers gives you credit money so you can redeem on the orders,0,5,False,,
playstore,985ada8f-d674-4be1-9dbe-cb187a46f3e6,2026-08-18T21:47:20,perfect fit and stylish,0,5,False,,
playstore,1fb3672d-5511-4ecb-b2c6-fe633e11cb90,2026-08-18T21:45:58,I just love myntra 🥰,0,5,False,,
playstore,77891395-5bc3-482b-9c59-1f67177f195b,2026-08-18T21:40:43,greatest of all time,0,5,False,,
playstore,a583913c-636b-4a0c-9b4b-00508da8a8bf,2026-08-18T21:32:53,is app se ghatiya service nahi dekha m kisi ptaleform pe ye Nasha kr ke order confirm lete h .aur jo mn me aye date fix kr dete h aur us dilevery date pe pta nahi kaha mar jate h. 15 ko date diye nhi huwa 18 diye wo bhi nhi huwa to bnd kro na online selling jb tumhe delivery hi nahi deni h to,1,1,False,,
playstore,f96d17a5-6379-4d72-b0cc-f73249f29412,2026-08-18T21:30:25,worst application ever I am trying to order something from the app they cancelled after few days bakwas UI bakwas service,0,1,False,,
playstore,50809a0c-9ab2-4a2c-899a-e568c62fc07f,2026-08-18T21:25:44,best for original products and great deals,0,5,False,,
playstore,a7ad60ba-f74b-4e9d-988e-3fa26bde04c9,2026-08-18T21:15:21,"Amazing and trustworthy platform for makeup, dresses and ethnic wear",0,5,False,,
playstore,bfda5137-a2f4-44eb-843a-92e41ce46d64,2026-08-18T21:11:46,"Worst Experience Worst experience with Myntra. My order was supposed to be delivered on 8th August, but it still hasn’t arrived. When I tried to cancel it, the cancellation has been showing “Pending” for the last 5 days with no proper update or resolution. This is extremely frustrating and unacceptable. Customers shouldn’t have to struggle just to cancel an undelivered order. I strongly recommend people not to download this app or use Myntra for purchases. Very poor service.",0,1,False,,
playstore,dded942f-25ad-4ff4-8417-a969637bde76,2026-08-18T21:11:14,"Very bad experience. Applied ""No Return"" coupon by mistake and got poor quality product with faded colour. For return, only ""size exchange"" option was there. Requested refund by deducting coupon but ignored. No support. Myntra delivers bad quality and takes no responsibility. Policy is confusing.",0,1,False,,
playstore,89a4057c-bfcf-4c4b-9107-5182c01a6e5b,2026-08-18T21:11:04,The Best Ever!!! 🐥,0,5,False,,
playstore,cb595598-cd6d-45d0-b03e-6f0510fcc136,2026-08-18T21:10:35,"Extremely Poor Service and Delayed Delivery! My order was scheduled to be delivered by the 8th, but I have not received it yet. There is no clear update regarding the shipment status. Customer support has not been helpful. Very disappointing experience from Myntra.",0,1,False,,
playstore,1ea216fb-6427-4ad1-b71a-6acbaae07ed0,2026-08-18T21:09:56,My experience with Myntra was really good. The website is easy to use and offers a wide variety of products. The product I received was of good quality and matched the description.,0,5,False,,
playstore,a719a01b-460a-4dc3-bdcf-952fac75e947,2026-08-18T21:09:00,Myntra's service is very bad 😔,0,1,False,,
playstore,f089562d-71ff-43bc-9179-2720a049c091,2026-08-18T21:01:21,"myntra is nt giving full refund after returning the whole item dnt buy from myntra wrong product ,issue in size I hve many complaint on myntra there r some resolving sum r igonre",0,1,False,,
playstore,0ad3307f-4f3b-4718-964e-55bfcb2643e1,2026-08-18T20:58:17,"the app was incredible,every product is geniune and has good quality",0,5,False,,
playstore,71a9ce07-9e45-4406-a631-7fea80b2c8a0,2026-08-18T20:56:02,customer care is just name sake and return policy and the return system is rubbbish,0,1,False,,
playstore,ca9b47ae-e505-4503-95ad-1c4e227dd7cc,2026-08-18T20:55:39,my experience is very nice and useful product purchase for me thank you from Myntra,0,5,False,,
playstore,de82bcf7-d6fa-4c2b-8540-292d9a0ec34c,2026-08-18T20:54:48,"Very poor support. I received the wrong product and provided evidence. An Ekart agent called me and collected the product on 14 July, but Myntra later claimed it was never picked up and denied my refund. I have contacted support repeatedly, but they keep sending the same automated replies and closing tickets without investigating. I have neither the product nor my refund. Completely unacceptable customer service.",1,1,False,,
playstore,d725c63e-0fcd-4b87-9b0b-4047fde7786a,2026-08-18T20:50:01,awesome product .,0,5,False,,
playstore,31e85345-2d5c-4981-a00d-11429f555736,2026-08-18T20:48:36,very bad experience worthless delivery agent never deliver the item on time i called them soo many times but they never did anything worst application,0,1,False,,
playstore,dd37e2fd-b569-4943-b085-f1f240abe7fb,2026-08-18T20:48:35,Worst experience in last few orders. Tracking details shows order received at nearest delivery location but never received.,0,1,False,,
playstore,c70af751-a155-46fc-a04f-5b7e0da7a971,2026-08-18T20:39:32,"amazing dress , great fitting 👌 I loved it❤️❤️",0,5,False,,
playstore,ba8f36fb-801c-46fa-974a-bd0618964cc5,2026-08-18T20:39:29,"The services of Myntra were good enough in the past but now it has been downgraded to earth. Products, rates and offers are average but delivery and customer help center are the worst and headache to buyers. Don't buy anything through Myntra if you need timely delivery. Myntra has no control over delivery agents. They reschedule your delivery date without any information. Myntra help center is totally digital based AI. You can't contact a real customer service agent despite repeated efforts.",0,2,False,,
playstore,c4638b43-081d-4399-b301-0d53f82755fa,2026-08-18T20:38:02,much better product,0,5,False,,
playstore,035e834b-e45c-4670-be39-ffa1b4a5e8e4,2026-08-18T20:35:54,"very bad service was given from Myntra, i placed a order and my EDD was given to me on 12th of Aug but delivery partner wasn't delivered my order,so I raised a complaint and my ticket resolution date was given to me till 17th of Aug everyday i received a message that my order was out for delivery but i didn't receive my order on 18th today I received a message that order was out for delivery i wait for the delivery partner till 7.30 he told me that he will not deliver the order very bad service",0,1,False,,
playstore,dfb58fa6-6184-49e1-85db-82257a6b7b05,2026-08-18T20:33:00,"Excellent service and product quality. One of the best shopping app , You needn't think twice before purchasing any product from this app",0,5,False,,
playstore,5bd3a014-5984-4d63-82d8-32d40124673b,2026-08-18T20:32:20,quality of clothes,0,5,False,,
playstore,1821512c-a588-4c15-ad74-d527761c6650,2026-08-18T20:30:31,Very nice I always shopping with mymtra,0,5,False,,
playstore,2241bb23-f8e5-4a1b-ac96-c8ffe7399347,2026-08-18T20:29:21,Horrible experience with Myntra. These people don't value their customers.My App got auto updated .. don't know how I got logged out..and since then I cannot access my account and my orders which were in transit. I want to exchange the product but can't do so. Twice I raised my concern through the help center. The agents close the issue without calling the customer. There is no means to contact them in anyway,0,1,False,,
playstore,2b8dd815-253e-4833-a7d2-9b6ae222d7e1,2026-08-18T20:28:47,it's the best app for shopping,0,5,False,,
playstore,bd663c7b-8efd-46be-a4df-a157719ab9ae,2026-08-18T20:15:58,authentic genuine products quality shopping app,0,5,False,,
playstore,9a159a62-35ca-4f7c-94fe-11ffac2f30ce,2026-08-18T20:14:09,another trustable platform,0,5,False,,
playstore,6bc74737-fba0-47de-95be-33e69867dcce,2026-08-18T20:12:09,awesome clothes n,0,5,False,,
playstore,50a4c087-f364-463a-98e3-ea04118226c6,2026-08-18T20:10:58,scam canceled my 4 order and even deducted platform fee i did not cancelled my order they did.,0,1,False,,
playstore,0ee5f81a-a9a9-4ee2-b74d-405cc1ab1b52,2026-08-18T20:08:43,nice product original quality and make the perfect pair always ty mintra,0,5,False,,
playstore,0f030a12-4446-4322-a5ec-32b425551eb0,2026-08-18T20:07:53,yr app and website both are not working,0,1,False,,
playstore,e2f98f9f-f514-4014-b2f1-0c738f570b1b,2026-08-18T20:06:32,using myntra since ages n never got disappointed by it living it,0,5,False,,
playstore,a9dc6426-64ec-4515-a2f0-556a266dd3b3,2026-08-18T20:05:23,very good experience,0,5,False,,
playstore,09d2fb69-fdeb-4c86-b780-68f745b4e5ef,2026-08-18T20:02:54,Duniya ki sbse ghatia customer care team h myntra k paas......ye 1 star bhi majburi me diya zero ka koi option nhi h isliye...,0,1,False,,
playstore,c868b4ce-0aa1-4dd4-bd51-4c0fc5a6872b,2026-08-18T19:59:59,each and every order of mine get delayed and cancelled..I hate this app so must disgusting experience...worst app,0,1,False,,
playstore,a8962aae-0ae0-4914-a525-9a1844db5a24,2026-08-18T19:59:55,nice.....excellent product,0,5,False,,
playstore,ce374807-94ce-4a9f-a294-aa3aa38fe0c5,2026-08-18T19:54:04,superb experience ❤️,0,5,False,,
playstore,38c046c0-2de5-475f-9855-0c76fc7fd48c,2026-08-18T19:53:33,bahut Achcha hai application,0,5,False,,
playstore,626b86ba-c57a-49af-8ec2-3a05363697a5,2026-08-18T19:52:26,"Disappointing This is extremely frustrating and completely unacceptable. I received a totally different product from what I ordered, and despite already contacting customer care multiple times, Myntra is still refusing to take the wrong product back.Instead of resolving such a basic issue,you are asking me to give feedback. This has caused unnecessary stress and wasted a lot of my time. I expect Myntra to take responsibility, arrange the return immediately, and issue my refund without any delay",0,1,False,,
playstore,0e47a573-4506-44dc-b730-a7a6ae3f340d,2026-08-18T19:45:57,best site for shopping guys love all products 😍🥰,0,5,False,,
playstore,9482f09e-646e-4481-82d1-2f729722ec92,2026-08-18T19:44:04,ammazing experience,0,5,False,,
playstore,609713a3-88a9-4db3-ae3d-c8a4b7502c19,2026-08-18T19:43:34,"bad service,bad products,bad return policy,They don't have enough people to solve your query efficiently.Dont buy from Them.They don't care about customers",0,1,False,,
playstore,48068b4a-5960-4979-b371-032d3e95e186,2026-08-18T19:40:57,"I don't know fashion after I installed myntra I know what is old money, gen-z,outfit",0,5,False,,
playstore,8a7fd5ae-0c55-4d82-9813-1a942b7ca2bf,2026-08-18T19:36:03,"i don't know how Myntra do this with me i literally contact help center like 6to7 days regular but my problem didn't resolved my refund didn't deliver in my account and i contact help center said that after 24hrs its deliver but 2,3days it's not deliver my refund whats wrong with you myntra please resolve my problem",0,1,False,,
playstore,7ccde45d-5007-40ce-90e2-f3f9674835a0,2026-08-18T19:35:34,till now the quality and fabric of cloths are good,0,5,False,,
playstore,6982d311-1627-4836-be7c-340ba907a65e,2026-08-18T19:34:29,"exceptional, very good and well",0,5,False,,
playstore,b4d856f4-40eb-4119-a34c-cdc461866ed2,2026-08-18T19:34:07,bhut hi ghatiya D gred e commerce platform iski delivery kbhi nhi hoti hai maine khud kayi bar try kiya hai iska costumer support bhi nhi hai I will never use this again in my hole life ................,0,1,False,,
playstore,bdbe55fb-cfea-462b-9dc2-dce37858cfb5,2026-08-18T19:32:48,this review is for there customer care which is not reachable at all if you are not logged into system. not able to resolve login issue by doing multiple follow ups on there customer care support email id.,1,1,False,,
playstore,3977f57c-64fa-45c3-aea1-9a6f12a35693,2026-08-18T19:31:31,best shopping app for clothes and fashion,0,5,False,,
playstore,865a0305-4b61-4d61-b9dc-fad3293f2fdd,2026-08-18T19:30:13,nice osm service very faitfully,0,5,False,,
playstore,774cf33c-f710-4ec3-98da-644b6c7e2af3,2026-08-18T19:28:51,very useful app and every product is awesome,0,5,False,,
playstore,d4a05ffa-1277-46f4-b7e5-14d2d652772a,2026-08-18T19:28:38,amazing app loving products 😊,0,5,False,,
playstore,f766d38e-ab9f-40f7-9b85-3fb6bc6f9b24,2026-08-18T19:27:04,i really trust the quality,0,5,False,,
playstore,c89d640a-4d31-49bb-a2c1-033a7aa0ef49,2026-08-18T19:26:07,this facewash helps control oil on face and myntra made it even better by delivering it quickly!!🩷,0,5,False,,
playstore,799f4485-4e5e-4723-99ba-4d43fcdbb2f9,2026-08-18T19:21:53,didn't get a refund 1722/- to my account delay I am calling customer care means saying like initiated but I seeing my account no credit to bank account I called my bank and he said that still not received Nowadays myntra is going the worst Sometimes there is a delivery agent cancelling order,0,1,False,,
playstore,250c712e-2e35-465e-a668-d1cd6bd5790e,2026-08-18T19:21:51,it is really helpful,0,5,False,,
playstore,c8304d1c-84a3-4923-bd27-18b968244ce7,2026-08-18T19:19:16,"Absolutely loving my Myntra experience! ❤️ I recently downloaded the app and I'm really impressed with the variety, easy shopping experience, and especially the fast and smooth delivery. The products arrived in great condition and the overall service has been amazing. Definitely enjoying shopping on Myntra! ✨",0,5,False,,
playstore,2e8c2c11-2aae-4732-a536-c85ba7cdf909,2026-08-18T19:18:46,nice collection and perfect prices 👌,0,5,False,,
playstore,395c94a5-747c-4801-9559-222950286692,2026-08-18T19:15:01,"very good app affordable rates ,new designs,better quality",0,5,False,,
playstore,3cf005c8-5dbe-4e51-ad7e-64aaf6a40919,2026-08-18T19:14:21,"Myntra is one of the best shopping apps for fashion and clothing. The collection is huge, the app is easy to use, and the product quality is generally good. I especially like the variety of brands, offers, and the smooth ordering and delivery experience. Overall, a reliable app for online shopping. Highly recommended! 👍",0,5,False,,
playstore,0c8fd125-4ab7-417b-bdb2-034fb382a058,2026-08-18T19:08:03,"it's an amazing app,gives discount on many occasions.",0,5,True,price_sale_timing,gives discount on many occasions
playstore,45bf25e1-edd1-4857-acb0-4fbc5ddebdb3,2026-08-18T19:01:05,ovesome experience,0,5,False,,
playstore,98dc2387-947a-4898-828f-729aac3d17c2,2026-08-18T19:00:17,poor delivery time 14 arrived my good but don't know what already paid,0,1,False,,
playstore,91d7e3fc-6c14-4d25-b746-3d1861eb01f3,2026-08-18T18:54:46,great my choice shoes 10/10. and one8 shoes 👟 parfect,0,5,False,,
playstore,18bd69ef-99eb-4385-b347-127cae0bde73,2026-08-18T18:54:35,"good Application, Nice First Experience",0,5,False,,
playstore,47483a14-c70b-4b93-a774-42eb866777ac,2026-08-18T18:54:03,great experience,0,5,False,,
playstore,4f698cb0-3b6e-4f41-809a-4b9612cfdb8e,2026-08-18T18:47:40,Original product from Myntra.I purchased Rayban Sunglass Round and rectangular shape.Both is original from Rayban.Quality is excellent.Delivery fast.Price is low as compared to others .So I always recommend to buy from Myntra.,0,5,False,,
playstore,becdd141-8fd4-4fae-8026-4b63a887495d,2026-08-18T18:43:43,Nice app for shopping and understanding better style for the teenagers ++,0,5,False,,
playstore,32c8dce7-0e13-4acd-997f-24e73f4295ad,2026-08-18T18:43:39,I am interested with very very nice,0,5,False,,
playstore,29d397b1-9ded-4669-a953-1a3ed0773117,2026-08-18T18:40:06,"quality products fashion at amazing prices i buy almost everything from myntra clothes,bags,shoes n jewellery best in quality and amazing custimer service superfast delivery easy exchange n refunds go for it",0,5,False,,
playstore,09b238c4-0cdc-45c7-a837-9519fe99db46,2026-08-18T18:37:24,Myntra sales mostly near expiry personal care products if you want fresh products Myntra is not the right platform,0,1,False,,
playstore,66c57069-42ec-491c-aa48-7341200a9af7,2026-08-18T18:32:34,very useful platform 💯,0,5,False,,
playstore,dfc3e21a-a442-4c1a-8d3a-74d414c8dd4f,2026-08-18T18:24:57,such good product received... myntra is good web side I think fkt original product,0,5,False,,
playstore,3adab2d7-cfdb-40ed-9c09-b5fe7a6092bf,2026-08-18T18:23:44,exactly same clothes I see in photos.,0,5,False,,
playstore,94c9d8da-97bc-4d21-9387-74dc757349a8,2026-08-18T18:23:18,delivering orders on time,0,4,False,,
playstore,1085adc3-fc23-4eea-93d3-4edc9b9f1437,2026-08-18T18:11:44,Best shopping app for branded material,0,5,False,,
playstore,8628f8dd-d932-4664-94ea-b9599c2ca475,2026-08-18T18:10:19,worst customer service,0,1,False,,
playstore,6b416ebf-71e1-4023-a324-f0da3b13e1d7,2026-08-18T18:05:48,dont buy product this app not quality and proper deliver received broken product and used fabric,0,1,False,,
playstore,893c33b4-5432-4f61-88cd-06b65840cfb2,2026-08-18T18:03:59,my order hold please help me,0,1,False,,
playstore,7462517d-e6e9-4d69-93be-c3604cbefa91,2026-08-18T17:58:39,very bad app hai yehh mene 3 bar order Kiya mujhe 3 bar hi nhi mera order received hua kabhi delay toh kabhi cancel ense acha toh meesho app hai woh delivery toh tym to tym deta hai mera order mujhe ajj receive hona thaa lekin inka message aya k order delay haii 😡😡😡😡😡😡😡😡😡😡😡😡😡😡 0 rating hai meri ganda app haii yehh,0,1,False,,
playstore,19a89791-29b9-4f9f-a7e1-af1173b777a8,2026-08-18T17:58:28,my all time favourite perfume,0,5,True,wishlist/favourite,my all time favourite perfume
playstore,af9d83cb-66b6-46df-a3cc-938cb0a86e7b,2026-08-18T17:55:54,Good platform.. for all in one...,0,5,False,,
playstore,c8011159-8a73-467a-b11c-061d1efbe0bf,2026-08-18T17:50:49,How beautiful it is 😍😍😍 Thank u myntra 🔥,0,5,False,,
playstore,16ee5cf8-4ee8-4076-9de6-5559bfab8c76,2026-08-18T17:45:55,I don't even want to give one star it was such a horrendous experience I gave order for a kids gown so its quality wasn't good and so I exchanged with something else the product that came was horrendous used product no tags and now the delivery guy said it failed brand match so it can't get return I connected with the costumer service like they said they will again check the product I have no faith that they will refund or exchange with a good product.,0,1,False,,
playstore,dc0bc5c8-5431-485e-84f0-51e39e9c56f4,2026-08-18T17:45:06,very trusted app love it 😍,0,5,False,,
playstore,fa08811b-2444-4d8c-ae18-2a07ab6599e1,2026-08-18T17:42:13,"poor customer care, my product is missing for 20 days and none of them could resolve the issue. i called 15 times and raised around 10tickets still there is no response from these guys. it's just a fraud app and i had the worst experience. zero stars i would give if I can",0,1,False,,
playstore,d04fc873-4a3f-4cbd-a7b1-135ac9136d04,2026-08-18T17:36:28,very nice 👌 product 😍😍😍,0,5,False,,
playstore,0d4a8029-c246-4d5e-842a-eb5273ae8b72,2026-08-18T17:34:31,late divlery for parcel,0,1,False,,
playstore,4012926d-1ddc-443c-868c-bc9ff53b5d21,2026-08-18T17:33:54,provides good product quality,0,5,False,,
playstore,85534c60-2b57-41a7-a9ae-202e1f110c73,2026-08-18T17:33:52,humne bellabloom kei lipstick lei inhone hume damage product dia or humne return krne ko bola to unhone Hume bola yeh return nhi hota exchange hoga or humne exchange ko bola to inhone bola eak hei shade h or inka staff accha h but inhone product return nhi kra na hei hume refund dia . i prefer you to not buy any product from myntra myntra sae better Baki apps hai maine 1 star staff ko dia h is app ko nhi .,0,1,False,,
playstore,5b4f2ef2-7715-40ad-88cb-f35fa8b7dbe8,2026-08-18T17:33:09,"very dissatisfied with Myntra. the customer care is waste. the only resolution they have is return the product. they can't handle delivery executives, they just force us to cancel the order so that they can gain platform fee every single time. Very frequent issue of mismatch between the description and actual product. I have raised complaints more than 10 times in this year. Myntra is going to loose lot of customers at this rate. never gonna order from Myntra again.",0,1,False,,
playstore,18953641-9ee9-4a95-b20c-77783d598a42,2026-08-18T17:33:05,"They don't deliver order in time and don't give delivery date,they just say your delivery is delayed and waste your time .",0,1,False,,
playstore,dc7234d8-af9f-450b-a3e2-8653ec343ed1,2026-08-18T17:31:36,superb platform for shopping any kind of necessaries,0,5,False,,
playstore,8860c3d9-a58c-47f8-b9aa-31c91850fec7,2026-08-18T17:26:59,"Very poor customer care service, exchange and refund service very worst.",0,1,False,,
playstore,de43fbe9-acb2-402a-8c56-b0333db56b9f,2026-08-18T17:23:35,really nice experience. thank you Myntra.,0,5,False,,
playstore,0faf9ae1-55fb-4577-a24f-27e33b9053be,2026-08-18T17:23:09,better app to compare any fashion apps,0,5,True,comparison_shopping,better app to compare any fashion apps
playstore,4b2eb744-f3a4-426d-a6c8-f0aadec0b174,2026-08-18T17:07:50,Nice quality of dress,0,5,False,,
playstore,5b1bec65-af0d-4fd1-a66a-34d258f70512,2026-08-18T17:07:13,jo product photo me dhikaya jata hai wahi same to same aata hai,0,5,False,,
playstore,56e2d150-7304-4025-b1cf-df985b9bac4f,2026-08-18T17:06:03,genuine products. and great quality.,0,5,False,,
playstore,28761eed-a86a-4159-80e4-4e06ce292ad6,2026-08-18T16:53:40,fantastic app for fashion,0,5,False,,
playstore,6627a36a-a8f1-423c-b039-8628c39f6b10,2026-08-18T16:51:47,"Myntra par return pickup ka bahut kharab experience raha. 2 din se pickup continuously fail ho raha hai, jabki maine return ke liye proper request ki hui hai. Customer support se contact karne ke baad bhi issue solve nahi hua. Return pickup ke liye customer ko baar-baar wait karna pad raha hai aur koi proper resolution nahi mil raha. Agar return request accept karte ho, to pickup time par hona bhi Myntra ki responsibility honi chahiye. Very disappointing experience.",0,1,False,,
playstore,5283da23-9086-42d7-a1f3-d675a06f73df,2026-08-18T16:43:49,very beautiful metiriyal,0,5,False,,
playstore,68218d2d-fe3d-46a3-9973-309492cbdb35,2026-08-18T16:43:37,"Great shopping experience with Myntra! I’m really happy with my purchase. The product quality was excellent, exactly as shown in the pictures, and the fit was perfect. The ordering process was smooth and delivery was on time. Overall, a convenient and reliable shopping experience.",0,5,False,,
playstore,cfca2e91-72b7-4421-8f3d-f8bdd82706ee,2026-08-18T16:42:55,very good lipstick,0,4,False,,
playstore,f0a93ee4-f1bf-4000-a929-c9b69367ff6f,2026-08-18T16:42:00,cheater application they didn't deliver my order and placed delivered,0,1,False,,
playstore,25e5f308-74f5-45f2-9b26-d1e9fbc159b7,2026-08-18T16:38:48,it's an amazing app.,0,5,False,,
playstore,2e99d379-79dc-4a9c-9b4f-22f7fc9f2675,2026-08-18T16:38:36,"Really happy with this purchase! The quality is excellent, the fitting is perfect, and the product looks exactly like the pictures. The material feels premium and comfortable, and the finishing is also very good. Totally worth the price and definitely recommended. Great experience with Myntra! ❤️",0,5,False,,
playstore,763e45a8-bb70-4b3a-ab38-8afae8addb6d,2026-08-18T16:32:47,"I had the worst experience, I ordered a product, the date was 17th August, it got cancelled today on 18th August, other shopping apps are better than this 💯 time waste app💯 I'm not change my review first of all your shopping app is not good",0,2,False,,
playstore,7a82e189-9a60-4c86-aef4-a08beeed2716,2026-08-18T16:32:41,waste app... order cheithal kittilla. automatic cancel avunnuu. kathirikkunnitte karyamillaaa...,0,1,False,,
playstore,1d33add0-49dc-4453-88f1-45f417339c59,2026-08-18T16:30:27,customer satisfaction app 👍,0,5,False,,
playstore,ee57ba88-dbe9-4f71-86a4-4368d63bfd8e,2026-08-18T16:23:36,valid app to buy things,0,5,False,,
playstore,7cfb6a57-b550-472e-a4f3-394df1685487,2026-08-18T16:18:02,It is a very good platform,0,4,False,,
playstore,591d5d10-cfa8-4746-afbd-d0bb7589204f,2026-08-18T16:17:36,service is good,0,4,False,,
playstore,fc5be492-89a7-4fe0-83da-fb0854ebbb20,2026-08-18T16:13:57,"Bestttt in Service, Quality, Shopping",0,5,False,,
playstore,4fefdae9-911a-4e91-ae3a-bac738622a8f,2026-08-18T16:12:31,Best app for shopping,0,5,False,,
playstore,bb188e17-8bc2-489c-b205-d6c9628faf0b,2026-08-18T16:04:12,I am very happy after using this app .thanks you🥰,0,5,False,,
playstore,741d8f52-c514-475a-a682-f9ba7b0b598f,2026-08-18T16:03:58,in short very satisfying 😌,0,5,False,,
playstore,3dc4c2e1-5277-4d4d-81a8-936c8c13250f,2026-08-18T15:56:48,"Worst and absolutely pathetic experience with Myntra. I ordered a product worth ₹1,300, but the product was missing from the package when delivered. I immediately raised a complaint and clearly explained the issue. Instead of investigating with the warehouse/packing or delivery team, Myntra simply said that nothing could be done. I paid for a product I never received, yet there was no proper resolution. This is not about ₹1,300—it’s about trust and accountability. Very disappointing service.",0,1,False,,
playstore,1ad75816-91e8-418c-9071-f95448b483ef,2026-08-18T15:55:43,this app is suddenly not working on my phone. the briefcase locked icon is showing. pls help.,0,4,False,,
playstore,0750032b-9aa5-41d9-a94b-5bf8c60ccb9b,2026-08-18T15:53:49,Thanks for Myntra😀,0,5,False,,
playstore,b96ff9ed-e88c-4562-b5c4-abceb88d1898,2026-08-18T15:48:33,Nice app With branded companies,0,5,False,,
playstore,b010b647-f1e6-4719-b81c-1fc7ef6942a9,2026-08-18T15:40:05,"Myntra is one of my favourite shopping apps! 🛍️✨ The app is easy to use, has a great variety of products, and the offers and discounts are really helpful. I also love the Glam Clan feature—it makes shopping even more fun! Overall, a great experience with Myntra. ❤️",0,5,False,,
playstore,930b83fd-2b41-4a8a-be8d-50ca987d3cef,2026-08-18T15:40:04,very good service,0,5,False,,
playstore,92ebbb71-a28b-4344-a902-a753923445a9,2026-08-18T15:39:55,excellent quality and fit,0,5,False,,
playstore,5d2a173b-7d47-4c92-bd07-8a7b35e98fae,2026-08-18T15:30:31,nice products availability,0,5,False,,
playstore,cefd2d8e-58d4-45c6-811b-3e6a356918c1,2026-08-18T15:23:06,this app was fast and responsive,0,5,False,,
playstore,5d4f7784-1681-44d0-9eb9-000fd3759dfa,2026-08-18T15:18:44,"myntra is very cheap app, i ordered 2 items from JJ enterprises myntra but they send me only one item in a package when I receive I paid for two items but I get only one item I did not get my second item then I call in myntra and they said we can't, do anything in this, like seriously I paid for two and didn't get my second item then who will give my money and who will responsible for this but they doesn't care about costumer I lost my 1282 rupees don't use myntra",0,1,False,,
playstore,8a2f9c97-de10-407f-9a0d-f4aff52a94a7,2026-08-18T15:16:23,I like this platform for shopping 🧿✨💗,0,5,False,,
playstore,d9540bd4-7aed-4add-9f72-a389dae686c6,2026-08-18T15:11:00,"The reason is that the delivery guy refused to speak in Hindi during the first call. On the second call, he gave me the nonsense excuse that Ekart does not deliver to my area, even though every other delivery service is allowed here. He even told me, “If Rapido comes here, then order it from Rapido.” Because of this response, I am cancelling my next order as well. Thanks to Myntra for providing such an “excellent” delivery service. also thanks ekart.",0,1,False,,
playstore,9c2c93cb-31bb-47aa-bed4-6b1c9f93032b,2026-08-18T15:10:50,good experience,0,5,False,,
playstore,3a03bb2e-c732-46cb-ae79-a33874c2db31,2026-08-18T14:57:12,fraud application hai. don't use it. product return ke baad refund amount bejhte nahi hai and farzi ke transaction number share kar dete hai. and bank ko kuch Pata nahi hota hai inke diye transaction number se. don't use it.,0,1,False,,
playstore,b8fa31d1-fe7f-4f02-9367-e60114b6a025,2026-08-18T14:56:21,very nice product delivered before expected,0,5,False,,
playstore,46a4c006-c7a4-486b-87de-9ab57d85f489,2026-08-18T14:56:15,Good experience,0,4,False,,
playstore,45689550-a052-4e12-9dea-76f436bac254,2026-08-18T14:55:43,very nice website,0,5,False,,
playstore,610cc95e-b45b-4c7a-8008-05b4183889e5,2026-08-18T14:53:01,my experience with my myntra is mind-blowing,0,5,False,,
playstore,56791efc-db01-40e0-af31-a456acca5978,2026-08-18T14:47:52,very good experience and product are brand,0,5,False,,
playstore,9a46bddd-b2d0-4a73-a93d-1d9624b303a6,2026-08-18T14:44:30,best and genuine products... no material comprises,0,5,False,,
playstore,76ef0f20-9e87-4350-b20d-91a4e7355e51,2026-08-18T14:43:51,great app for shopping 🛍️,0,1,False,,
playstore,028f3209-8a98-4ed9-988c-2441bc910aa2,2026-08-18T14:37:31,crazy collections deals and offers they have and the quality of the products is fantastic no doubt!!!!!!!!,0,5,False,,
playstore,606d938d-4e94-4ba3-894b-ecce33542dd0,2026-08-18T14:36:14,"easy to find different kinds of clothes, wide variety of brand, overall great",0,5,False,,
playstore,18141816-9663-4c1d-b213-2b8223ef0008,2026-08-18T14:35:58,very very nice kurta set,0,5,False,,
playstore,60e72676-f748-4285-a84b-746a9d19336d,2026-08-18T14:34:23,Pleasent experience. Easy exchange/returns.,0,5,False,,
playstore,12b1e1c7-d7d2-479c-a685-6834a24db7de,2026-08-18T14:34:02,amazing app and amazing products,0,5,False,,
playstore,caaf1f5e-7bc4-407e-a4f2-89b3e956716a,2026-08-18T14:33:06,The rewards section doesn't work all the time when I am on the last day. I am a regular customer but they have removed the daily cash reward too..,0,1,False,,
playstore,041de29d-2202-462c-92d4-a7c10c94e4b8,2026-08-18T14:32:17,nice product and good Myntra app,0,5,False,,
playstore,0305a8f6-dcad-4c0f-8d39-f56559d7d46a,2026-08-18T14:29:29,"very good,easy to use and on time delivery",0,5,False,,
playstore,fb602ff0-fcc0-4852-93a8-cf62c7ad95f1,2026-08-18T14:20:54,wonderful app 👏 👌 👍 😊 🙌 ❤️ 👏,0,5,False,,
playstore,930d0490-3ebb-4450-83e0-33fbc5e25273,2026-08-18T14:18:50,"shopping on myntra is next level i toh love using myntra top notch quality, unlimited offers, best price, over all is very good",0,5,False,,
playstore,86387d8c-a4f6-461a-ac15-10d35072ba83,2026-08-18T14:18:16,excellent service very trustworthy app,0,5,False,,
playstore,59fdfee7-a2e5-4fc5-81f4-55bb12381643,2026-08-18T14:12:13,Nice shopping app,0,5,False,,
playstore,5a3d5108-d04e-4188-8d4f-97785ceccb55,2026-08-18T14:09:32,best app for shopping,0,5,False,,
playstore,f7903db4-3446-4b35-b4dc-5aaf2db85c8a,2026-08-18T14:02:39,very good shoping app and sell trusted brand,0,5,False,,
playstore,8c50bf7f-1f83-4f88-818b-ffb452d45c2d,2026-08-18T14:00:56,best App for Shopping 🛍️,1,5,False,,
playstore,bf9b7600-a888-4c8b-aeee-7e0e1767b51d,2026-08-18T14:00:32,original products delivered by this app,0,5,False,,
playstore,026b26b0-bacb-4cba-b821-7b50f32483a5,2026-08-18T13:54:35,I always prefer myntra for shopping.. super product and customer friendly service.,0,5,False,,
playstore,ebd0e502-373c-4f79-a386-632d1522aeea,2026-08-18T13:45:29,Products are too good.... Quick delivery.... Affordable prices and some products are not in affordable prices... Thank you Myntra,0,5,False,,
playstore,f0336f7b-f770-4ff9-aebb-9f1a31e87d20,2026-08-18T13:44:54,are bhai first order 300 ka 88 rs may milgaya 😄,0,5,False,,
playstore,6fe4e07a-94af-4b8d-9446-8af700477698,2026-08-18T13:43:47,our trust myntra is the best,0,5,False,,
playstore,37c6ac6f-623e-4280-9777-c3e510ff27de,2026-08-18T13:40:54,"Such pathetic customer service, customers can't even chat to support. Even after the call I haven't been given a solution. Even the delivery boy was rude.",0,1,False,,
playstore,5d5a6c96-1714-41d1-ad68-e1deb8b67f2c,2026-08-18T13:36:16,very good app and affordable,0,5,False,,
playstore,95f86255-1785-4a82-bfaf-077e705f2cfd,2026-08-18T13:34:01,I am so happy this app is amazingly,0,5,False,,
playstore,c059c1cd-12b2-46f6-8d8e-10b6fd1cb8c8,2026-08-18T13:32:45,every product I ordered is really good and worth buying,0,5,False,,
playstore,297727f6-d66b-4c56-916d-cecf9e30f54d,2026-08-18T13:32:27,very nice product,0,5,False,,
playstore,bc3aacb6-e00b-4835-95d0-7ae423f1583b,2026-08-18T13:32:12,nice experience on Myntra,0,5,False,,
playstore,4924227c-d940-4bf3-b878-c042b0052976,2026-08-18T13:31:44,"One of the best online shopping apps for fashion and lifestyle products. It offers a wide range of clothing, footwear, accessories, and beauty products from popular brands. The app is user-friendly, with easy navigation and secure payment options. Delivery is usually fast, and the return/exchange process is simple and hassle-free. Regular discounts and sales make shopping more affordable. Overall, Myntra provides a convenient and enjoyable shopping experience. ⭐⭐⭐⭐⭐",0,5,True,price/sale timing,Regular discounts and sales make shopping more affordable
playstore,20c74afd-4cdd-471c-a940-9eba61cbd0f3,2026-08-18T13:30:03,very good experience,0,5,False,,
playstore,d5e89f7c-abd6-40df-9d1a-37f46bfd7f79,2026-08-18T13:29:29,"very bad app they delayed my order and I want to go urgently and customer care is also very bad delivery date was 17 aug today is 18aug and they are telling me that we can't deliver it today we will deliver it tomorrow , worst app I won't use it again that was my last order😭 I have sended u the order no.",0,1,False,,
playstore,1707a854-66ec-4d61-ad72-a80d22b11f51,2026-08-18T13:22:56,"It's just an awesome one for all. Though I am not very fluent with window shopping, because of product quality issues and pricing, but when I want something for me, I have one window shopping stop naming MYNTRA. I love MYNTRA.",0,4,False,,
playstore,f1d14c42-0d89-4fd6-bce1-088d70118a94,2026-08-18T13:20:58,exceptional and good quality product,0,5,False,,
playstore,f41fe3f7-165e-4e16-81b4-3a7f89f23cf2,2026-08-18T13:15:28,bestest experience,0,5,False,,
playstore,7714c45a-1ad2-44bf-a69e-95d20a924751,2026-08-18T13:12:12,only genuine products and a lot of discount,1,5,True,price/sale timing considerations,a lot of discount
playstore,541a2ecb-985f-4793-83c3-22cab43b781f,2026-08-18T13:11:29,wrong product everytime,0,1,False,,
playstore,e2b82e5b-b241-4bc7-b6eb-314925ba3d02,2026-08-18T13:09:35,best app for branded products,0,5,False,,
playstore,46678728-2f5a-4de4-8d4a-fa8060352b44,2026-08-18T13:03:36,very good give many cupon code,0,5,False,,
playstore,fc810f6e-ebf8-429d-b5ca-0e5c506bc3fb,2026-08-18T12:59:14,good and premium products,0,5,False,,
playstore,7225260e-9059-4ca7-a828-02cdf884b3e6,2026-08-18T12:59:06,fast and good delivery,0,5,False,,
playstore,f8badb76-a292-46c8-9422-a236779b14da,2026-08-18T12:58:30,very bad & disappointed service Orders keep getting delayed without a valid reason and no proper update 👎,0,1,False,,
playstore,489641ed-5e5f-4da5-b4e4-68dd17ab2e7d,2026-08-18T12:56:15,Best shopping app,0,4,False,,
playstore,eb9a2eec-b296-4336-a897-6650ed99d63d,2026-08-18T12:55:51,"What is wrong with Myntra’s refund process? The app shows that my refund was credited on 14 August, but I still haven’t received it in my bank account, and it’s already 18 August. I contacted my bank, and they confirmed that no credit has been received. I’ve also been trying to contact Myntra support since yesterday, but the AI assistant keeps saying it’ll connect me to an agent, after which it says all lines are busy. Please resolve this urgently.",0,1,False,,
playstore,ce1bff34-5266-48a5-a9d9-18be33c14086,2026-08-18T12:54:15,extra charge kar rahe hain,0,5,False,,
playstore,ccf8ef5a-dc1b-4ed3-8a45-34d590be6558,2026-08-18T12:49:51,whole platform is designed to fraud with small innocent perons. sellers intentionally not giving brand tags & thereafter myntra keeps rejecting return request because brand tags is missing. so basically whole system is fraud. commitment of 14 days return & exchange is totally fake and baseless. I am struggling to return one product since 1 week. fed up with customer team.,0,1,False,,
playstore,8422ce44-c7d1-40c2-8135-1c6201dcf414,2026-08-18T12:45:41,"Poor delivery service, Always do COD with them",0,1,False,,
playstore,82512eb0-7d34-42c6-aa83-0a55db8df181,2026-08-18T12:41:55,myntra is doing scam. they have delivered only one unit out of two to me on 9th Aug. since then I have been following up with them on all platforms but their logistics partner ekart logistics is doing fake delivery attempts and myntra is just giving me false assurances. I have even written to grievance cell with no result. my money is stuck..I would not recommend to buy anything from them,0,1,False,,
playstore,8987309c-7639-473c-9bb4-79ffa5f49f8a,2026-08-18T12:40:49,"best one , genuinely aap",0,5,False,,
playstore,f898b50b-0b7a-412c-916e-2a90dba5fbe5,2026-08-18T12:40:08,jo ap myntra cradit ka paise dete the payment krne ke liye us pr limit Mt lagaye plz uski limit hata denge to 5star rate dungi,0,1,False,,
playstore,f84dbccd-ca97-46ef-a02f-da63e38c6812,2026-08-18T12:35:10,nice offers on the app,0,4,False,,
playstore,1e984dd2-e197-4511-b8d9-8db1491afbb6,2026-08-18T12:34:55,excellent and very good,0,5,False,,
playstore,fe648852-1405-4bc7-8c31-2393511345c6,2026-08-18T12:32:17,the quality and prices are too good in myntra,0,5,False,,
playstore,c35d9d9e-f247-465c-9baa-7c8dfe5ae0e0,2026-08-18T12:28:22,too much useful for shopping 🛍️,0,5,False,,
playstore,fd6fff02-23a7-4ea7-8225-ec89016f2dd2,2026-08-18T12:24:56,Best Shopping Platform.,0,5,False,,
playstore,8a8c9416-45a9-48e7-a41e-98675437cfb2,2026-08-18T12:23:53,Great quality of products,0,5,False,,
playstore,2cd718ff-bfe6-4092-91b4-a2a32ddd47f1,2026-08-18T12:19:23,"cera,ve face wash is amezing",1,5,False,,
playstore,19ba9351-3fb7-4bc4-bc3a-90cfe294b3a5,2026-08-18T12:18:19,best shopping app ..,0,5,False,,
playstore,f653612a-8ec7-4765-9994-cc1cd452eeec,2026-08-18T12:13:00,wrost service don't order in this app and don't use this app very bad experience,0,1,False,,
playstore,46422f7e-970a-4ef9-95c2-610b0eb50c5f,2026-08-18T12:06:19,very good delivery,0,5,False,,
playstore,5948b5a7-378a-4c96-9485-e45743aec42b,2026-08-18T12:04:11,Not trusted app......worst app,0,1,False,,
playstore,4cd5615d-1cdc-4089-a76c-3007042ccd0c,2026-08-18T11:58:47,Excellent collection and the quality,0,5,False,,
playstore,3ffe8760-4f77-4377-af8f-44adad4c320e,2026-08-18T11:55:14,nice app for everything type of dress nd everything,0,5,False,,
playstore,bbf9cfed-0af2-45e3-a404-0b500cd885ec,2026-08-18T11:48:39,best for shopping anything,0,5,False,,
playstore,ff502bb4-03be-49c4-9fec-99edb4bc7752,2026-08-18T11:46:17,good quality product provide 👍,0,5,False,,
playstore,ab9d0834-bcc8-4476-8912-c695a446f5aa,2026-08-18T11:44:25,love every product from Myntra ❤️❤️,0,5,False,,
playstore,14ccc22f-9e94-418c-a54d-ba073e2dfeea,2026-08-18T11:30:51,very amazing app,0,5,False,,
playstore,60d23487-2bd8-4173-acfc-dda3eed34a68,2026-08-18T11:30:08,the product was good and comfy,0,5,False,,
playstore,46ffb992-6320-4110-82cc-37e060f2fb8d,2026-08-18T11:27:39,"placed an order of luxury bag. first they failed to deliver it on given date. when reached to customer support literally zero support was provided. next they I saw myntra falsely marked that they attempted to deliver it and it failed. when I tried reaching out to delivery agent even after putting registered mobile number and pin my call didn't go through.basically I paid huge amount and they have lied in every way possible. I'm planning to move consumer forum now.worst part,it was gift for rakhi",0,1,False,,
playstore,bbe3f981-1448-4f65-b3e3-7abc711355d8,2026-08-18T11:17:29,"“Myntra par shopping experience bahut achha raha. Products ki variety achhi hai, quality bhi good hai aur delivery fast milti hai. App use karna bhi easy hai. Overall great experience! ❤️⭐⭐⭐⭐⭐”",0,5,False,,
playstore,04e709f0-c704-4ecb-b9a9-cf306f412e5d,2026-08-18T11:12:40,very good app for shopping according to trend,0,5,False,,
playstore,eb61e5fd-cb38-449c-949b-ed02e277d844,2026-08-18T11:11:06,"Myntra claims to provide original products but I am observing from last few shopping experiences that the products are not original here, either they are first copies or defective products which are discarded by their manufacturers. Myntra has now started fraud in terms of return as well, I ordered a pair of animal shaped drop earrings from myntra, I received the product without brand name and of bad quality, I requested for a return, the pickup person refused because the product doesn't match.",0,1,False,,
playstore,5b7b18fa-9f4b-456c-8db5-0d1db1f45d22,2026-08-18T11:08:27,loved the app Myntra rewards cashback on every purchase...there products are also good 👍,0,5,False,,
playstore,16657f68-eb91-4097-a80f-04151815cd7e,2026-08-18T11:05:45,I ordered something from Myntra but received different product without tags and when applied for return they declined my request saying I received the correct item. I also tried contacting the customer helpline but they have the worst customer service and here I'm stuck with the different product as well...my money is wasted.,0,1,False,,
playstore,764676ff-058b-454c-873f-c4d565722089,2026-08-18T11:01:06,nice product nice price,0,5,False,,
playstore,a8232ac3-286a-422b-9d16-57e5824816e6,2026-08-18T10:58:49,Nice experience with this shopping app,0,5,False,,
playstore,114dc21e-90b5-42c9-91da-5c0299637fb9,2026-08-18T10:58:17,super Quality brand s,0,5,False,,
playstore,7d1e5a04-a2a7-41c5-98d9-5d64762c9016,2026-08-18T10:56:03,Myntra app ka jo product hai wo 100% precent bhadiya milta hai,0,5,False,,
playstore,8ef51384-9f22-40a9-8859-a6792cfb8d8a,2026-08-18T10:52:01,good quality and best offers discount by myntra fashion shopping,0,5,True,price/sale timing considerations,best offers discount
playstore,f44f3015-fc98-417f-b3ba-115e8e65e7ad,2026-08-18T10:44:44,original product app,0,5,False,,
playstore,cc4de91f-e640-4fb5-a333-8b4bf9ec6032,2026-08-18T10:30:33,one of the best app. quality is also looking like a wow 🥰,0,5,False,,
playstore,e362a095-75c3-491c-9996-a8e5e6320085,2026-08-18T10:23:13,worst e cart service,0,1,False,,
playstore,e3c19576-4387-4c38-ad76-1ef8a2add6d6,2026-08-18T10:22:28,Good experience,0,5,False,,
playstore,ed95ebc5-43b4-4f37-b43d-0fb89a8adee3,2026-08-18T10:05:15,myntra fashion shopping app is the best fashion app.,0,5,False,,
playstore,f2e65b7f-6b0b-4a26-a26a-c06bc5bc4069,2026-08-18T10:02:45,bad customer service reply to exchange took 50 min and not processed the exchange,0,1,False,,
playstore,8dd92662-c372-448a-937b-ffd7183c8cf3,2026-08-18T09:51:57,worst app very bad,0,1,False,,
playstore,9a155722-e383-45b0-97b8-144a2681c0f3,2026-08-18T09:47:51,"Extremely disappointing experience with Myntra. My order was confirmed and even shipped, but it was later cancelled automatically citing a “technical issue”. I contacted customer support for a proper resolution, but they refused to honour the original offer or provide any meaningful compensation. Instead, I was offered a ₹100 coupon as a goodwill gesture, which does not address the issue at all. This kind of arbitrary order cancellation and poor resolution is unacceptable.",0,1,False,,
playstore,40095901-4b9d-4565-af36-98aa09a7b9f9,2026-08-18T09:46:26,very good experience,0,5,False,,
playstore,654f3bdd-dc13-4682-b005-d0d29f14b3d3,2026-08-18T09:44:54,"Nice app to do online shopping, has always found the attire i wanted",0,5,False,,
playstore,ada0fe1f-d589-462c-b1be-67fcb8e1d6c9,2026-08-18T09:43:26,"BAD EXPERIENCE!!worst app, has no accountability about it's products after booking very bad delivery service as well .Issue gets raised and no one to solve ...zero customer service.",0,1,False,,
playstore,32a739f4-a2c2-4d8e-b4a7-c07bb033bf79,2026-08-18T09:40:23,My favourite clothing store👌👌✌️,0,5,True,wishlist/favourite behavior,My favourite clothing store
playstore,7be20fe8-1520-42c0-97ce-4bdc5ad7f659,2026-08-18T09:25:22,worst app ever promised to be delivered with gift taken amount to,1,1,False,,
playstore,abb0e5b9-c52e-47f8-a0df-4edb2a2b42da,2026-08-18T09:24:02,very very helpful app☺️☺️,0,5,False,,
playstore,f399bd5a-4c47-437a-913e-3827ef9ae352,2026-08-18T09:23:13,Good app for the shopping,0,5,False,,
playstore,48aa29c4-56ec-47f9-a759-4f07005d1fe4,2026-08-18T09:21:57,Superb experience,0,5,False,,
playstore,6b2f05d4-0395-466e-bea8-fc158e82fb05,2026-08-18T09:16:13,"very good service, product quality.It is the best platform to buy things.I love it",0,5,False,,
playstore,22d3f6ea-0661-42f4-bf1e-fd770ee45251,2026-08-18T09:10:36,Very good app and product is also genuine and fast delivery.,0,5,False,,
playstore,a34d86c8-2990-4d22-96fc-bd50b17e587a,2026-08-18T09:09:57,worst experience delivery is delayed it has been one month a product has not been delivered,0,1,False,,
playstore,57ff83d6-ca31-4386-a746-7900192a32cb,2026-08-18T09:05:46,good products available in myntra,0,5,False,,
playstore,0da5e0a1-a529-423e-9cc3-90be72d65b18,2026-08-18T09:03:43,the customer care executive are not the real agents they are (Ai) when ever I request a call the same voice of all agents talk and in same format they talk,0,1,False,,
playstore,8ccef084-7ed5-4e14-9772-8aceffaf8c94,2026-08-18T09:00:37,"I wish there was an option for zero review, would have given that only. I was delivered a wrong product and when i tried returning, myntra refused to process the same. I even wrote an email to them attaching the video of me opening the product that was delivered to me, still nothing from their end, their customer support is useless. Such a waste of time and money this was.",0,1,False,,
playstore,b09c9e70-2010-4e19-9fc9-03c6f5a91196,2026-08-18T09:00:05,bhul k bhi yah apps use mat karna guy's mere paise kha gye or na call receive karte he na Gmail ka reply karte he bhai request he mat karna use Fake apps he yah mere pass poor bhi he,0,1,False,,
playstore,bbfd7a69-4d23-4f93-92d4-2b0bc2e8d689,2026-08-18T08:59:53,It was a good and nice experience the products and quality are the best,0,5,False,,
playstore,a62dcba2-beb4-4d06-a481-18e9b75fa80a,2026-08-18T08:59:46,i have an exchange order and when the delivery person tries to give me the exchange. there is an issue that the number on the tag is not verified. i still have the tag intact from the jeans. have tried to contact myntra but whenever I call answered by an AI assistant which has repeated questions. And no information about my exchange.,0,1,False,,
playstore,17e8eb94-dc7b-41d1-a863-a6973ec1f22e,2026-08-18T08:36:53,it is awesome aap for clothing,0,5,False,,
playstore,bb4357d3-2d59-4a02-a731-e7431c9ca128,2026-08-18T08:26:58,Varieties to choose from,0,5,False,,
playstore,5170e219-3d26-4000-98e9-a3b3d81557ad,2026-08-18T08:01:11,excellent app for trendy shopping,0,5,False,,
playstore,f7a544f8-b38f-4a01-89af-9a9a92cff146,2026-08-18T07:52:08,the quality of the products of Myntra are super and genuine coupons are incredible and arrive on time,0,5,False,,
playstore,8ebd77c5-0676-452c-8c41-72f6362e9116,2026-08-18T07:45:13,one of the best online shopping app,0,5,False,,
playstore,c097486b-c4f7-42b7-bfe4-60372b2e7db9,2026-08-18T07:43:45,he take rs 23 as platform fee. item cost is higher than other app. I would love to give him negative star,0,1,False,,
playstore,39b64d4d-739d-48dd-b814-cafe603d57a8,2026-08-18T07:36:04,"Great offers, excellent collection, superfast.",0,5,False,,
playstore,46a9aeaf-d3e6-42ba-8e49-814f27a6c54b,2026-08-18T07:14:31,good and trusted platform,0,5,False,,
playstore,6b64f173-aefe-4e9b-9532-79739cf9c672,2026-08-18T07:04:58,"Absolutely love shopping on Myntra! The app is super smooth, easy to navigate, and offers a huge collection of authentic brands... Delivery experience is good.. packaging is neat, and whenever there's a sizing issue, the exchange and return process is completely hassle-free.. Definitely my go-to app for fashion!",0,5,False,,
playstore,9b6a2847-3268-46a6-add2-59f471f73335,2026-08-18T06:58:45,best shopping app in myntra,0,5,False,,
playstore,adf8d2a1-b850-4a1c-8993-33fe579cd21e,2026-08-18T06:36:09,i Like the Reasonable price,0,5,False,,
playstore,c3acc51e-8953-40f3-bd54-f6f0216dda8c,2026-08-18T05:40:30,This app Product advertisement coming discount on this app when I'm booking the product it's confirmed same offer at the booking time after 2 days it's getting ato cancelled without any issue I'm seeing worst application.,0,1,True,purchase_hesitation_price_timing,Product advertisement coming discount on this app when I'm booking the product it's confirmed same offer at the booking time after 2 days it's getting ato cancelled
playstore,876b29ca-c617-472e-9f15-8c46752ed647,2026-08-18T04:37:58,great service with best costumer support team always responsible and all goods are branded 💯👍,0,5,False,,
playstore,f50807f7-9efd-4363-b201-649f40b20726,2026-08-18T03:58:11,Best fits for genzzz,0,5,False,,
playstore,498caffd-6f72-47c8-85ce-c62face8a3a2,2026-08-18T03:50:36,worst delivery experience delevery partner cancel the order without permission bad experience with myntra @ekart👎,0,1,False,,
playstore,87e4a1c0-0290-4185-a704-c6e529666fa3,2026-08-18T03:24:22,amazing experience with myntra and Myntra has given a best opportunity to explore my beauty in different ways,0,5,False,,
playstore,613c9392-4b2f-4748-877d-45893d08db40,2026-08-18T03:21:22,good but high price,0,4,True,price_timing_consideration,high price
playstore,62b58c15-8274-4ee0-954e-b683cae461d3,2026-08-18T02:31:54,"Absolute fraud app They censor genuine reviews for some fake rejection reason and ensure they only publish good ones. the products received are always damaged, broken or pre-used. they seem to be the most unethical of ask e- commerce platform.",0,1,False,,
playstore,bb01b032-3908-453d-ad3c-bc6a9ad57153,2026-08-18T02:02:33,best for clothing,0,5,False,,
playstore,f9a99d69-e35a-453e-9c0b-0632afff35f2,2026-08-18T01:49:03,1star service my orders was deley nd customer service not supported,0,1,False,,
playstore,7f2e4d0e-333f-46b0-ab75-350142b46628,2026-08-18T01:40:14,I have been using Myntra for 5 years.Wandarful apps good service I m happy,0,4,False,,
playstore,f0d77126-8130-4e79-95fd-d7a3d7eb0761,2026-08-18T01:39:12,"one of the best shopping apps, the return and exchange policy is best out there",0,5,False,,
playstore,401b801e-c875-4117-a499-3331107fd184,2026-08-18T01:32:59,sizes r not available for many liked products,0,4,True,wishlist_size_unavailability,sizes r not available for many liked products
playstore,79adf648-2ea7-4c10-a4d3-5dbd812ad981,2026-08-18T01:23:45,best app for shopping,0,5,False,,
playstore,3a917bd6-bdd6-475b-a6ad-7b9e0b478a24,2026-08-18T01:18:55,appreciate quality and product are trustful,0,5,False,,
playstore,fb6ab313-f839-46b0-abe3-dc41a4758441,2026-08-18T01:16:53,very nice app this app is providing nice clothes and beauties product and giving to offers in every clothes,0,5,False,,
playstore,0ee110cc-0f92-4152-a719-d02dd90e6d12,2026-08-18T01:02:40,very nice app I love this aap bhut hi achhi sarvice hai samaan ki quality bhi bhut achi hoti hai time se saaman bhi aa jata hai i love this app maine jitni baar bhi samaan magaya hai mujhe aaj tak nirasha nhi hui hai so mai aage bhi es app se shopping karte rahna chaungi aur sabse achhi baat ye hai ki fasion up to date hota hai sarvice bhi achhi hoti hai return policy bhi achhi hoti hai koi bhi chiz aap return karna chaho bahut hi aasani se ho jata hai isi liye ye app mujhe achha lgta hai thanku,0,5,False,,
playstore,2b1f34cd-8fe9-485b-8c99-5cc7a0432850,2026-08-18T00:54:09,"⭐⭐⭐⭐⭐ Myntra is one of my favourite shopping apps. The collection is really good, prices and offers are attractive, and ordering is easy. Delivery is also quite convenient. Overall, I have had a good shopping experience with Myntra and would definitely recommend it. ❤️",0,5,False,,
playstore,0d42bcee-3962-4f7b-a6a3-8181370746e2,2026-08-18T00:51:41,this app very helpful,0,5,False,,
playstore,98a106b4-7b12-4991-a7c4-af7c65786371,2026-08-18T00:38:37,"Very disappointing experience with Myntra. I ordered 5 Libas sarees at an offer price, and all 5 were confirmed and shipped. Later, Myntra automatically cancelled them citing a “technical issue”. I requested the same offer/price or compensation for the price difference, but no proper solution was provided. Cancelling shipped orders and refusing to honour the offer is unfair and feels like arbitrary handling of customer orders. Myntra should take responsibility and provide a genuine resolution.",0,1,False,,
playstore,8efda6a9-494e-4b2f-8e44-16f6ac82a5f8,2026-08-18T00:32:25,good app for family reasons Shoping i m impressed 👍🏻❤️,0,5,False,,
playstore,34bc8771-f079-40a7-8fbf-ff07f56a8476,2026-08-18T00:28:15,best online shopping app 👌,0,5,False,,
playstore,d9328ef5-cc14-40aa-94db-5992ded8c105,2026-08-18T00:27:53,Very good experience,0,5,False,,
playstore,c6837123-4cf2-4361-8930-1df7b785d707,2026-08-18T00:24:27,very useful app,0,5,False,,
playstore,356aa78f-fa84-4e9b-aee6-7acc392a1284,2026-08-18T00:17:34,amazing app authentic products 😁,1,5,False,,
playstore,4f4bf6f8-917d-4586-92a5-da71451667ce,2026-08-18T00:15:53,"excellent app , good customer service best quality product",0,5,False,,
playstore,60783e64-d6fb-4fc2-9d43-604a993c8b7f,2026-08-18T00:11:50,it's a very good app i am really for it,0,5,False,,
playstore,866d9df3-0f09-4d5f-9700-3b6a3c0f0074,2026-08-18T00:04:12,very good quality dresses...,0,5,False,,
playstore,256c71e7-67c9-4514-b8b3-eb30b775406c,2026-08-18T00:03:07,myntra means trust,0,5,False,,
playstore,0b526540-345b-49e3-a862-25ebd8ebd4d0,2026-08-17T23:50:21,"It's been a week since I've ordered a few items I received some and other status remains in the packed stage, when I tried to reach the help centre it asked me to click call me now and I've been trying and trying but no response 😭 i didn't expect such poor service from myntra i hate it honestly",0,1,False,,
playstore,39587ba4-7fb0-4d88-9c89-d288ff6d0825,2026-08-17T23:50:09,"I received the wrong shade of the compact powder, and unfortunately, it is much darker than my skin tone. I tried contacting Myntra customer service and also tried several ways to request an exchange, but my issue was not resolved. I’m disappointed because the product itself may be good, but receiving an unsuitable shade without an exchange option makes the experience frustrating. Myntra should provide better support for genuine shade-related issues.",1,1,False,,
playstore,5e423ea9-437c-4b34-8a75-a34ba389d78a,2026-08-17T23:49:55,nice experience,0,4,False,,
playstore,7f63b698-330b-4550-adf6-ca67ad3ba652,2026-08-17T23:48:42,Not sure why but most of the items are not deliverable to Gujarat,0,1,False,,
playstore,c23a1987-6baf-489a-a364-786a76bc04c5,2026-08-17T23:46:03,love it genz cloths r best,0,5,False,,
playstore,8b01e334-8341-49ca-828e-ef01d6c8d218,2026-08-17T23:37:30,such a nice and helpful experience 🫶🏻,0,5,False,,
playstore,9c189ad4-eb18-4387-b661-3dbc25b40958,2026-08-17T23:27:21,It is a good app and the delivery is also fast. One of the best app for shopping,0,5,False,,
playstore,9d3e937e-2e30-4e2b-8449-c9318adea9c3,2026-08-17T23:22:33,"lovev it , acha hai ,quality provide by this app , go for it , bhot achi sarvice hai myntra ki , maza aa gaya",0,5,False,,
playstore,ac07c9e4-4ca2-40aa-ac9b-65119bed1dff,2026-08-17T23:17:41,"Myntra is a very convenient and user-friendly shopping app. The collection is great, the app is easy to use, and the overall shopping experience is smooth. I’m happy with the service and would definitely recommend Myntra to others. 😊",0,5,False,,
playstore,552a4c10-59ad-467e-b58a-033c938329dd,2026-08-17T23:13:43,amazing appreciate,0,5,False,,
playstore,9e267fca-ebf6-41c1-b2d4-30745747ce47,2026-08-17T23:13:41,this app is very good I'm very happy for this app real brand products 💖💖💖🥰🥰🥰🤗🤗🤗🤗🤗,0,5,False,,
playstore,ceb476f6-d431-4493-b617-ce345e57d57a,2026-08-17T23:13:01,it is good app for latest fashion,0,5,False,,
playstore,06ce7841-ff57-4455-8e51-ccddb3038fec,2026-08-17T23:12:43,"excellent, myntra is good , product quality is also good, thank you myntra",0,5,False,,
playstore,33802748-3cc9-4e1e-bc25-d24518a1d285,2026-08-17T23:12:05,I love almost everything about the app. Only improvement I would suggest is to add more elaborate product descriptions.,0,5,False,,
playstore,b7a16c7a-7ac8-489c-a3b7-5e9384ee8ed4,2026-08-17T22:56:40,"You were supposed to answer my query by August 17th, yet now you are asking for another 48 hours. Please do not harass the customer to the point where they stop shopping on the app (Myntra) altogether. Issues should be resolved promptly. Please provide a solution to my problem by August 18th. Why is it taking so long to resolve such a minor issue? I purchased a product, and it was of poor quality—everything is clearly visible in the photos. What are you deliberating on? After this, I will never",0,1,False,,
playstore,8a1189cc-5c7a-46b6-9989-77ea43ea20ce,2026-08-17T22:55:37,myntra is one of the best fashion clothing and reasonable price of the offers,0,5,False,,
playstore,44d588f4-175b-4c61-9c6c-903b1f4cb0b7,2026-08-17T22:55:29,Best shopping app,0,5,False,,
playstore,bfe1e843-6c36-4a4e-bbd6-be825c87c3b0,2026-08-17T22:51:13,"Products are of avg quality and they didn't even replace shoes which was not fitting well, saying I have used it. The policies need improvement. Thanks for now, uninstalling the app for now.",0,1,False,,
playstore,145656d3-0521-41fe-8166-eafdb1a298a5,2026-08-17T22:49:56,Very useful app to order branded clothes.,0,5,False,,
playstore,5fda471d-fae6-45dc-99a3-9a69b65a3856,2026-08-17T22:49:23,ye sabse gatiya wahiyat app hai ye isse kuch order mt kro,0,1,False,,
playstore,1b1608af-6a79-4d46-bb9b-88a5b3482fd7,2026-08-17T22:49:21,"worst app , return experience was worst than any other app . not going to buy any product ever.. I repeat EVER",0,1,False,,
playstore,9c87a3e5-b67f-4dd9-8c8d-2314c3cb71d4,2026-08-17T22:39:18,the best quality cloth really found here only,0,5,False,,
playstore,608e5695-2d2b-48cc-8411-d80d0b392cdc,2026-08-17T22:37:15,it's t shirt quality is mind blowing. I loved all the products 😇,0,5,False,,
playstore,8ecf3cee-6267-4c8d-ae96-eea6a5dcbda5,2026-08-17T22:34:25,top quality available in myntra,0,5,False,,
playstore,ff516583-371a-459f-be0b-d9e4b8636e14,2026-08-17T22:33:14,I love this platform very much. It exclusively supply the best product ever. Have a very great experience by buying products in Myntra lovable app💞💞,0,5,False,,
playstore,db59a8fe-f20d-4753-b3e0-b34d8f16a4eb,2026-08-17T22:28:06,"Don't know what's wrong with Myntra, for no reason account blocked. Atleast have the decency to mail me the reason.",0,1,False,,
playstore,e1cbdaa9-e64a-4880-8717-e5ee6f59ec32,2026-08-17T22:23:03,they actually give worthy and quality products,0,5,False,,
playstore,db0a9e40-fe67-4642-bdd8-ed60ca88e45c,2026-08-17T22:15:08,best aap hai. best quality ke product milta hai,0,5,False,,
playstore,eb721100-95db-478d-8516-75b5f7292472,2026-08-17T22:15:07,"poor customer service hard to reach real agent Extremely disappointing customer service. My issue is still not resolved, and no actual customer care executive has contacted me. I am only getting automated/bot responses, which is not a solution. Despite paying a platform fee, if customers cannot even get proper human support or resolution for a genuine delivery issue, then what is the point of the fee?I have already explained the issue multiple times, yet I am still being asked for feedback",0,1,False,,
playstore,7d231870-752d-4bdf-ada8-6dbcad569d0c,2026-08-17T22:13:42,I like shopping with mantra because myntra product are good,0,5,False,,
playstore,72260d57-bffc-410e-8053-4e98fb15349d,2026-08-17T22:11:27,this is very amazing app 🤩,0,5,False,,
playstore,e58f08b6-0407-44a1-9670-c00a9f75585a,2026-08-17T22:10:46,useless delivery system,0,2,False,,
playstore,545bcddf-4648-4619-93ab-dc05d8b3b20e,2026-08-17T22:10:29,"This is the third time I've faced an issue with them. I have been refused an exchange delivery because the delivery partner said that the dress does not have a brand tag intact with it. The brand is only mentioned on the MRP tag. Also I'm getting a dm from an unknown customer service account on Instagram that claims to be a part of their team and is asking to fill out a compensation form. The customer service is simply hopeless! i tried calling, but my call isn't being transferred.",0,1,False,,
playstore,3ba8dd02-dd0d-4420-91c8-a4f79df131ae,2026-08-17T22:06:13,Thanks for best deals,0,5,False,,
playstore,5650a302-33ba-45f1-9083-fb8f43af3289,2026-08-17T22:04:18,best for online shooping,0,5,False,,
playstore,59f5855e-600b-43f0-88f6-be60c6bbb734,2026-08-17T21:59:42,"it's a very you's full shopping 🛒 aap much supported app ,✨💝👍",0,5,False,,
playstore,5e86a338-6ca7-4d99-9e6f-6ff21644a594,2026-08-17T21:58:47,super quality 👌,0,5,False,,
playstore,bea3829f-3b08-42c5-b096-4c30d4945f0e,2026-08-17T21:54:06,excellent app 👍 good for everyone uses matram echipadesindhi ga,0,5,False,,
playstore,4cd56bf6-29cd-49ed-918f-9bfe7c02bc2c,2026-08-17T21:50:21,The delivery process is extremely slow . There are no proper options to contact or escalate your grievances. The delivery partners are irresponsible and taking their own time to deliver items and do false claims on delivery attempts made. Such an unprofessional approach from a famous platform where customer concern is highly pathetic.,0,1,False,,
playstore,00f2b853-717b-42b7-8141-72857aca4ae1,2026-08-17T21:46:25,"this app was good before now if the exchange item has not been given to the delivery boy it marked as quantity failed , no support system only predefined bots are there , if we try to call the delivery agent it asks for the pin provided in app and when we enter it , it says pin is wrong, I don't know what is wrong with this app",0,1,False,,
playstore,8f1f7120-d63f-40f2-96be-95008ea3a590,2026-08-17T21:43:34,nice app for shopping.,0,5,False,,
playstore,029d8c8e-abce-4320-b1c8-7d8eec81ef1f,2026-08-17T21:41:25,always delay all orders for more then 15 days to 1 month.,0,1,False,,
playstore,0a4bdb9b-ed2f-486b-8034-012ef682e179,2026-08-17T21:22:13,"**“Really happy with the purchase! The quality is good, fitting is perfect, and the product looks exactly like the pictures. Definitely worth the price. Loved it! ❤️”**",0,5,False,,
playstore,e76c65e9-04eb-4862-8f0f-3fc9de62773b,2026-08-17T21:20:24,"Myntra is nice, trustworthy and pocket friendly aap",0,4,False,,
playstore,d276bd6c-abec-4899-a793-405fd5aefe43,2026-08-17T21:18:31,"This app is good but Myntra now service is very bogus. Since the morning I have ordered 2 items first order has to cancel due to till afternoon no delivery updates. 2nd order I placed for which also no delivery executives have assigned yet. Additionally there is no direct contact available for customer representatives, we have to complaint through chat boat only so no good response.",0,2,False,,
playstore,8a817f3a-287c-46d7-90fb-e5205036faf3,2026-08-17T21:16:36,it recently has sucha good collection like the products are literally as it is,0,5,False,,
playstore,2ea5a324-151f-498e-9685-dccdfe2b6a5f,2026-08-17T21:14:31,good products nice delivery,0,5,False,,
playstore,50e0b1a6-419b-47c6-bd8a-57f08d075318,2026-08-17T21:12:38,last 4 year i have been using this app. all the products on this site are amazing.with genuine quality and reliable price you can go for anything which is available on this platform.if anything happened all the customers executive team help you in a better way. all those who go for shopping can choose this app upon another app. return and exchange option are very reliable for anyone.... i have a great experience with this app... i genuinely appreciate all the things about this .. yogesh verma,0,5,False,,
playstore,13d13384-5c18-4952-9984-a56fc695209f,2026-08-17T21:01:34,"very good shopping app ever ,I like it",0,5,False,,
playstore,a39c85b3-0fdf-4273-bc5b-524369faf2da,2026-08-17T20:58:18,myntra is a scam app. You guys are fruad.. You didn't provide me the refund I am complaining on consumer forum after this. I had an order by 9 th august. I have return the product with in 20 min of delivery today is 17 th august not got the refund And over all your customer support are useless they does not response over call or sms Or gmail anywhere. 2 times I got connected they're just asking wait and then they got disappear . this is about scam u guys are scammer,0,1,False,,
playstore,8f5efec4-4ffd-4f4b-a82d-7ddd31c5556a,2026-08-17T20:55:08,"Poor customer support from Myntra.I had ordered for a t shirt on 08.08.2026 and done the payment.Delivery date was showing 16 -18 Aug.The seller cancelled the order by themselves on 16th August citing some technical issues.Cancelletion after waiting for 8 days is unbearable.They were showing the status as packed from the second day itself.Eventhough I got the refund,how can we order things from myntra for a pre-planned function.",0,2,False,,
playstore,c96aeb39-5234-4ecd-8ac8-d03c102630c1,2026-08-17T20:53:29,Great shopping experience.,0,5,False,,
playstore,c416e580-7e1a-4f58-a1b7-f5387bd648ce,2026-08-17T20:52:52,mera experience achha raha Myntra pr,0,5,False,,
playstore,1b5e0178-5e88-48ca-a855-5145c80f53c4,2026-08-17T20:41:47,best quality clothes,0,5,False,,
playstore,e3ce6918-02b8-4dc6-b4f3-6cdd660123bf,2026-08-17T20:30:19,very good app and product 👌,0,5,False,,
playstore,751b03f3-ac72-492b-9936-c9039b1a09a0,2026-08-17T20:23:29,orginal products only no fake products,0,5,False,,
playstore,a54eaa53-d90a-4a77-9f3a-682a8948ba0f,2026-08-17T20:17:24,exprees delivery in 2 day but too costly,0,4,False,,
playstore,e6262b71-a7c3-446d-9060-0e2306c6c149,2026-08-17T20:12:43,I haven't received my parcel yet I have also made an online payment it shows that i have received my parcel i have completely lost my trust in this app i have been scammed badly,0,5,False,,
playstore,f7c474a2-6322-4c86-af24-a303b4d5c529,2026-08-17T20:11:53,myntra never disappoint me,0,5,False,,
playstore,aa80366d-e70a-4c8e-81d2-286c5932b7e7,2026-08-17T20:10:40,worst experience you can't connect customer care and their service is horrible,0,1,False,,
playstore,c13dc2c3-0081-40d8-9e59-72e196466bf2,2026-08-17T20:10:37,"good user experience, was able to exchange and reorder with ease",0,5,False,,
playstore,04e96ebf-5d5d-45f8-90b1-c75a8bf94e34,2026-08-17T20:09:29,what a great service by myntra.,0,5,False,,
playstore,622cbb40-72fc-4ae3-8801-36ca2c3fd587,2026-08-17T20:01:58,good shopping app,0,5,False,,
playstore,3cdfad89-eb17-4f26-b3d8-bcd669224ce3,2026-08-17T20:00:48,"""Very happy with the stainless steel lunch box from Myntra. Leak-proof and durable. Great shopping experience!""",0,5,False,,
playstore,b4060b69-28af-4976-ba3d-a6bfca8ea506,2026-08-17T19:58:31,Best Experience👍🏻,0,5,False,,
playstore,0cc6395b-4247-4aa0-a039-27c628bd7a1a,2026-08-17T19:57:27,myntra is my first preference,0,5,False,,
playstore,6ff6f4e0-24ac-4da9-b69c-964b8de839e0,2026-08-17T19:50:14,I am satisfied with this online shopping app,0,4,False,,
playstore,156a0dd7-d297-4350-bb04-ff3b77ce4261,2026-08-17T19:39:06,worth for that prize,0,4,True,price_timing_consideration,worth for that prize
playstore,c0e8fd26-aed5-4051-9614-b8acd6e260f9,2026-08-17T19:35:27,best app for shopping shoes and clothes,0,5,False,,
playstore,98332439-155c-4aa2-b857-8bd387705209,2026-08-17T19:33:09,"Really i find fabulous fashion here, fasion hub ka baap",0,5,False,,
playstore,f26f022a-1796-43b3-b205-4309207ce004,2026-08-17T19:29:23,very trustable app ever।।,0,5,False,,
playstore,ae7f58d6-2611-4ba0-9274-ad14224b2a25,2026-08-17T19:29:03,worth Varma worth 🤩🤩🤩🤩,0,5,False,,
playstore,fca83def-1578-4fae-ab91-bc548e765469,2026-08-17T19:27:51,good experience,0,5,False,,
playstore,4cad6e7b-6a3f-4928-ae2e-83d253ebb672,2026-08-17T19:23:04,Myntra has a very nice service,0,3,False,,
playstore,3ea03cfd-cd92-40ca-90bf-f4aa2abaef6a,2026-08-17T19:10:56,very good and smooth apk,0,5,False,,
playstore,b3fee1cb-29e5-4c6b-974d-9692cea399f1,2026-08-17T19:07:40,"Myntra has become such a terrible shopping app. I ordered a pair of jeans, but the size didn’t fit me, so I placed a return request. However, the delivery person failed the product during the quality check, and now my return is on hold. What is my fault in this? I returned the exact same product that I received. I don’t understand how or why the quality check was failed. Myntra seems to be becoming fraudulent these days. We shop from Myntra trusting the platform please look into this issue.",0,1,False,,
playstore,cc4ee550-c16b-4661-ab1e-b9775e4c6dc4,2026-08-17T19:02:25,All the delivery was working till now .I ordered 2 products last month and it was supposed to be delivered on aug 1st and aug 10th almost 17 days delayed...eventhough i raised a complaint nothing,0,1,False,,
playstore,5bea6de1-0cdb-4aa2-842d-0dd702f29336,2026-08-17T19:02:21,"low price, better quality.",0,5,True,comparison_shopping,"low price, better quality"
playstore,f4f3bcf8-16d3-422e-a2ed-5f965d216970,2026-08-17T18:58:45,I enjoy shopping from Myntra and the quality is very good. Thank you so much Myntra🤠🤗🤗🤗🤗🤗,0,5,False,,
playstore,799b1add-5910-4c11-98f9-5e74f497b455,2026-08-17T18:44:51,"Worst... can't even contact a customer care agent.. and my order was supposed to be delivered on 14th of Aug but till date i.e, 17th Aug I have no update on my order other than the comment order delayed. It's never a user friendly app if we can't even contact the customer care agent.",0,1,False,,
playstore,a9b4d217-a509-409f-8f95-afbaad2e60ae,2026-08-17T18:44:00,always received the best quality in the app.,0,5,False,,
playstore,1a3860bd-38cc-45c0-b4aa-5babda384854,2026-08-17T18:39:55,"⭐ 1/5 Very disappointing experience. I requested an exchange due to a fitting issue, but as I was not available at home during pickup, the exchange was cancelled. Now I’m stuck with the old product despite the fitting issue. Customer care is also not helping—no proper response on call or chat. Very poor service. I won’t be using this app again. I will rate zero",0,1,False,,
playstore,01827e68-7e62-4421-b1a8-cb39bdf4dd89,2026-08-17T18:38:48,"The service is very slow. I have placed three orders recently, The three Myntra has cancelled the order and is unable to deliver the order as per the order delivery date mentioned",0,1,False,,
playstore,eebd2116-f520-4999-ad4d-f986b1fbdc5d,2026-08-17T18:38:09,it's really awesome 😎😎,0,5,False,,
playstore,3c69f62c-82c8-4e0a-a12f-53e20e1f7e88,2026-08-17T18:37:07,good experience,0,5,False,,
playstore,67057e34-2f39-466d-adc7-d0db807b76a4,2026-08-17T18:19:46,"Your sellers, SCM team and delivery process are getting worse. Incomplete and wrong orders are being delivered. No help from useless and brainless customer service team. Myntra is snatching their customer's money. This platform has gone to the worst level. I suggest everyone not to place prepaid orders.",0,1,False,,
playstore,802d7683-e2ec-4c56-940f-5e88b8ba6384,2026-08-17T18:15:29,was good products,0,4,False,,
playstore,a7687b87-e8c1-4c2b-9be6-896212755ac3,2026-08-17T18:11:09,Very Good and I am so happy😊❤️,0,5,False,,
playstore,4d82191b-bd72-4141-b738-c85e99e3c857,2026-08-17T18:10:15,myntra new AI assistant is pathetic. it keeps on repeating same thing without understanding customer problem. it can't even understand simple email id pronounced during call. it is useless assistance by myntra customer care,0,1,False,,
playstore,bf14190c-0280-4d1d-b188-955ff96f2b0c,2026-08-17T18:06:48,Good place to buy fashion,0,4,False,,
playstore,ff3aebad-bc77-4e12-8b58-2bd504522206,2026-08-17T18:06:17,my favourite shopping app,0,4,True,wishlist/favourite behavior,my favourite shopping app
playstore,03ffa5c7-4843-4534-8cf3-185224e57991,2026-08-17T17:59:40,"Hands down the best shopping interface. The 'Liquid Glass' update is super smooth, and the personalized suggestions are actually helpu l.",0,5,False,,
playstore,2eae73ca-8ecb-4808-ad2d-2bb414a07f76,2026-08-17T17:50:35,had a very good experience,0,5,False,,
playstore,ce004b54-509e-4307-a85d-4f2f843b9a89,2026-08-17T17:50:20,amazing experience with myntra it gives very amazing offers ❤️,0,5,False,,
playstore,31e7dfd6-670b-4490-94eb-2d8f7822dbd0,2026-08-17T17:45:51,Myntra's service is very good and the products I order are of the best quality.,0,5,False,,
playstore,643d1dd7-087f-4684-bd78-8a85d4607471,2026-08-17T17:45:02,"Although the parcel was received one day late, it was without any reminder from me. The quality of the product is very good.",0,5,False,,
playstore,5b4101c3-01f8-48d5-aa23-78b92cff7aed,2026-08-17T17:42:31,"Now days myntra is selling fake products or low quality products. Stop buying things from this application. now this is the high time for offline shopping. these applications are not convenient or provide any services instead they are just selling fake products. Recently I ordered a black comfy shirt from this app brand here&now and I received a fake cheap quality shirt brand name is ""urban buccachi"" and this is not the single case there are multiple incidents in a row.",0,1,False,,
playstore,196cdf21-0e63-4ef0-86b0-dd9595bf52ad,2026-08-17T17:42:03,good experience,0,5,False,,
playstore,fc2a8a01-c07b-4491-8015-29e3de7d0857,2026-08-17T17:33:38,"fast delivery, easy returns, nice quality.",0,5,False,,
playstore,85ab27a4-caee-4bb9-a48c-61bfa56e62f9,2026-08-17T17:32:21,No other app is as good as MYNTRA regarding fashion,0,5,False,,
playstore,6b727faa-25b6-4d04-8517-b43035e4e561,2026-08-17T17:26:05,Good experience,0,4,False,,
playstore,94ae9426-8069-4eb9-83ae-545efe74e518,2026-08-17T17:24:34,worst experience bad customer support,0,1,False,,
playstore,6404b924-52e3-4813-a497-e8b43efd424c,2026-08-17T17:24:17,"Awesome Experience of shopping, once my product was showing problem in delivery, but when I raised an issues to the customer service I got the product within 1 day",0,5,False,,
playstore,b565f11c-83e2-4d49-addd-a25996f2258d,2026-08-17T17:22:58,First time purchase nice experience thank you Mantra I'm very happy 😊,0,5,False,,
playstore,85b0452f-b93b-4588-bccb-3890fb9848ca,2026-08-17T17:22:28,fast time order keli tyath pan let ani ata maje cash parth karth nahi ani tyan cha helping no. pan nahi lagth ya pakhsha meesho 10 pattin chagal aap ahe 3rd class app😡😡😡😡😡,0,1,False,,
playstore,7ef34ff1-b635-4c22-bb5c-07894d7d96f1,2026-08-17T17:16:37,great collection,0,5,False,,
playstore,9a0e97b2-c60e-4018-ba4c-c0edd70c5aac,2026-08-17T17:10:18,nice experience,0,4,False,,
playstore,e1888dd3-e04e-4aa1-987b-285d24cd5271,2026-08-17T17:06:48,nice for fashion,0,5,False,,
playstore,0f1f7f06-df62-4e79-80e6-d96bb055e47b,2026-08-17T17:04:02,cannot even return an item,0,1,False,,
playstore,0a398e41-2a4d-4962-988d-e235e8175622,2026-08-17T17:01:17,I am use this app last 6 month this is a very best app for online shopping for you a I will always use this app for shopping,0,5,False,,
playstore,e99936e7-ac4b-492f-ab70-1ea62114de06,2026-08-17T16:50:49,very nice quality and first of all delevery time is best,1,5,False,,
playstore,5dcd43df-a6b1-4693-b85e-758ea362d354,2026-08-17T16:27:04,myntra has no customer grievance policy. I have ordered a product and it has been sent by vendor without brand tag. And now delivery man has refused to take the return parcel coz of missing brand tag..i tried to contact customer care but it's call is going on waiting only and no return call recieved...what should I do now. how do I return my parcel.,0,1,False,,
playstore,30eda2fd-c406-44cc-93b8-53fa5bc057e8,2026-08-17T16:24:31,Myntra is superb,0,5,False,,
playstore,140e8187-0934-4e84-b84b-4a4bfd807cb3,2026-08-17T16:23:51,Myntra castomar care is very bad no one can connect with castomar care person they delivered different product & not returning Myntra delivery partner ar too rude they don't deliver my product perpously,0,1,False,,
playstore,5b1bec69-77af-48b8-9bb5-5f439e8b1e2a,2026-08-17T16:21:54,very interesting,1,5,False,,
playstore,8376e9d2-8e01-4d13-81c7-22af03184594,2026-08-17T16:21:40,very good product,0,5,False,,
playstore,1b8f2c10-070b-42f3-93b8-ea1a676bcc80,2026-08-17T16:16:12,bestttt shopping app🥰💗💗,0,5,False,,
playstore,5e7b9a51-9311-4a9f-84ae-d544f0125769,2026-08-17T16:15:07,excellent shopping app,0,5,False,,
playstore,274c3de7-4ed3-4409-8ff0-035df1f7108a,2026-08-17T16:14:49,product quality are always good,0,5,False,,
playstore,2059a78a-cb33-44e7-9160-379f9fa30422,2026-08-17T16:13:34,"there's room for optimization in the app, it network related",0,4,False,,
playstore,b99f9426-d889-4e02-bf46-6e639ba5a6b3,2026-08-17T16:12:19,good product delievery best,0,5,False,,
playstore,acde0640-d7be-4cd2-81d7-00486c12845a,2026-08-17T16:12:00,wonderfull app I am using for 2 years,0,5,False,,
playstore,5888a3c4-dab2-41db-9e0d-9382c710e63c,2026-08-17T16:11:24,Great experience,0,5,False,,
playstore,96cafdb7-6fe1-41fe-bd19-b6bc59a4302d,2026-08-17T16:09:28,very good product 🤩😘,0,5,False,,
playstore,1238db9a-cf80-4b4c-8faa-b34de0a32a76,2026-08-17T16:07:19,It shoping is very good 😊,0,5,False,,
playstore,6dc6d219-2dab-49bc-9b50-708cdbf591e1,2026-08-17T16:03:46,"Myntra is one of the best apps for online clothes shopping. It has a huge collection of clothes, shoes, accessories, and fashion brands for men, women, and kids. The app is easy to use, prices and offers are attractive, and delivery is generally convenient. Overall, Myntra is a great choice for anyone looking for stylish and affordable fashion online.",0,5,False,,
playstore,1b55e2d9-b0aa-4673-a6ac-fad8fb6d3c67,2026-08-17T15:58:06,good experience with myntra it deliveres best clothes,0,5,False,,
playstore,000ae349-f678-4ecc-98aa-943a61c3bfdd,2026-08-17T15:56:07,product was so Nice,0,5,False,,
playstore,ef30862d-30fc-4ac8-b04d-3c90b8105c2e,2026-08-17T15:51:05,my favourite online shopping store ❤️💝 Myntra 😍🙂,0,5,True,wishlist/favourite behavior,my favourite online shopping store
playstore,bcc1ea9e-c58d-4705-af69-b6df68ab5307,2026-08-17T15:50:02,The amount of internal server errors on this app is insane. I can just never see the items in my bag or check the orders. It always shows 'try again later'. fix it!,0,1,False,,
playstore,fd8b245f-3487-42c2-8a7b-50d286ac5e62,2026-08-17T15:46:08,"Very disappointed with my order. I received a completely different product, and the product was old/used and had no tag attached. I have already uploaded the photos as proof. Please look into this issue and resolve my return request as soon as possible.",0,1,False,,
playstore,2a58806e-8ff9-416c-870b-bcddec932606,2026-08-17T15:44:06,"very good experience, amazing!!!",0,5,False,,
playstore,a6eeec16-2bc1-4ca5-b4be-ea190bab6e9a,2026-08-17T15:42:31,sandeep super 👌,0,5,False,,
playstore,cfc08169-2f17-4b78-83e3-472ed336bb41,2026-08-17T15:39:35,very nice product,0,5,False,,
playstore,647ea21c-937a-4054-936e-c38d6487f61e,2026-08-17T15:37:54,"very disappointed with the service of myntra receiving completely different product n different size not once but multiple times, even my friend also facing same issues, being the oldest customer i never faced such issues before.",0,1,False,,
playstore,37e0b096-c264-4995-95ce-286a6495e381,2026-08-17T15:33:47,"I’m disappointed with Myntra’s return order policy. I was charged ₹23 as a platform fee, and I don’t think this fee should be deducted when I’m returning an order. I would like Myntra to refund the ₹23 platform fee as well. Please review this policy and provide a fair resolution to customers.",0,1,False,,
playstore,c96d42b5-3255-4cae-a2c7-ef68730efa3a,2026-08-17T15:28:10,nyc one thanks myntra 😊😊😊👍🏻,0,5,False,,
playstore,277d4126-7e48-4f04-99b0-4f66a40b97b9,2026-08-17T15:26:59,India's Quality E Commerce app,0,5,False,,
playstore,c2d74aee-76a6-42bb-9892-1e469db11f22,2026-08-17T15:20:19,bahut asha oil ha or hair growth v hota mene khud mangwaya good product...,0,5,False,,
playstore,e8b8cee0-62ff-4e52-9968-39e8152aefa1,2026-08-17T15:19:56,best app for Clothes,0,5,False,,
playstore,e469f231-8a67-4d0d-827b-e00daec870d6,2026-08-17T15:19:18,"Easy to use and has a great variety of products. The search, filters, reviews, and delivery tracking are really helpful. Overall, a convenient and reliable shopping app.👌🏻",0,5,False,,
playstore,7c1266ff-35ea-4371-b2fe-7cce14a997a2,2026-08-17T15:16:02,Every time delay delivery and delivery agents refuse to deliver order. Customer service just only want feedback they do not care about customer delivery experience,0,1,False,,
playstore,29ce8004-9c12-4321-9b05-ca2c5dfeb419,2026-08-17T15:11:14,"the product looks good but the quality is not good, fabric is too stretchable",0,3,False,,
playstore,ebc8dfda-a908-4b77-8692-b63036891e78,2026-08-17T15:09:22,very good app for purchasing items but the worst part is myntra after sales support Not able to contact customer care support and talk to them even chatting with customer care is also not available The only thing available after delivery othe item is chatting with bot worst aftersale support,0,4,False,,
playstore,811a3885-7787-44be-ae05-67d066a467dc,2026-08-17T15:09:02,I love shopping from myntra and the product quality are great 😃,0,5,False,,
playstore,c8b6379e-8563-41df-8578-ff2ce9c0c669,2026-08-17T15:05:03,all products are too good and original .,0,5,False,,
playstore,75cd1b7e-012e-443f-b0ab-2e4e33caed9b,2026-08-17T15:00:26,Ordered Dresses and they are superb.,0,5,False,,
playstore,f6a928a7-8d70-422e-8b5e-29d8b63a8063,2026-08-17T14:55:27,most quality product this app,0,5,False,,
playstore,5c686d1d-5339-4e07-9018-5bea5a5b45c5,2026-08-17T14:54:59,The quality is top notch 👍,0,5,False,,
playstore,4d2df781-9815-4eb7-bf3d-d2ec317796dc,2026-08-17T14:46:14,app ui experience is awesome,0,5,False,,
playstore,f4d04457-eb4f-4bb8-a172-cb83369c24c8,2026-08-17T14:43:50,The quality of clothes Myntra provides is unbeatable...,0,5,False,,
playstore,c4df13dd-cc85-4f9b-9c18-d1997d3e0df7,2026-08-17T14:38:47,its app doesn't have a good customer service i didn't received my payment for the product which I have returned i tried to contact myntra policy service but they didn't reached out its literally very disappointing to keep someone payments on hold,0,1,False,,
playstore,38051fc9-d8dd-4fa8-9fff-f498bebd00bd,2026-08-17T14:30:59,why there is forceful recharge of myntracash. If i m issuing my refund to my original account then why r u forcing some amount to myntracash with an expire date. u r putting my money forceful to wallent and giving me a deadline. R u kidding? whts wrong with u guyz. I hv been customer for a long time but this policies r not acceptable. will stop using ur app for sure,0,1,False,,
playstore,bf209d5f-6234-47e5-843b-c9d81f1748f9,2026-08-17T14:29:03,"i have been using this application from past many years but recently the app got updated and got the new function for using my cash option, before this update we can easily used my cash option with any orders but since the update has happend is start saying that add more amount of product to use your mycash.. it is completely unfair, i request you to start the old method for spending mycash options.",0,1,False,,
playstore,36268541-7748-4c75-a26b-87f7125f6485,2026-08-17T14:24:13,this is such a good app it has many dresses i love myntra,0,5,False,,
playstore,579bfbb0-2c59-4c85-af4e-7ac40d686e44,2026-08-17T14:19:57,nice e commerce app perfect time to delivery,0,5,False,,
playstore,5eb82d39-1c83-4fce-9aad-2240bae542bf,2026-08-17T14:14:44,good better best,0,5,False,,
playstore,b7d27a46-8b2e-4272-b685-849a567c0812,2026-08-17T14:14:14,good nice application,0,5,False,,
playstore,1b4b872e-c462-4530-8350-e7a0766f65f5,2026-08-17T14:12:43,plz stop sending messege,0,4,False,,
playstore,8d02c1d4-1201-4409-ae78-ea28a89a6b8f,2026-08-17T14:11:51,myntra is very good for shopping,0,5,False,,
playstore,592c9171-b5a5-4820-8cbe-4c1428c07856,2026-08-17T14:09:36,amazing experience towards with myntra,0,5,False,,
playstore,25b2221c-a3c9-4937-a921-8c655b038fe5,2026-08-17T14:09:02,I got an amazing product deal and quality products on time.,0,5,False,,
playstore,08532a58-c045-4166-a2ab-d14cfa4c650f,2026-08-17T14:01:15,"Horrible experience with the delivery, always getting delivered delayed then order gets cancelled on its own, same order, same address if placed from a different account works. there's nothing wrong with my account but I often get this issue, I don't even have any returns or anything and I'm one of the so-called ""Insider"" who has spent a lot on the app. And don't even get me started on the Support, the Al chatbot is useless, can't get in touch with a human at all. Extremely unprofessional.",0,1,False,,
playstore,2c970f5f-aff0-46a2-ad29-0c85211cbeb5,2026-08-17T13:58:37,very reliable app,0,5,False,,
playstore,ec593d8e-90de-46ba-99de-cfcede788b76,2026-08-17T13:54:44,best app have coupons on every order,0,5,False,,
playstore,8d76bd3a-134b-4bf2-b75f-c945d72ea9df,2026-08-17T13:53:37,"good , nice app",0,5,False,,
playstore,b0f85bd2-94fb-4e7c-9955-51848bf5fc2e,2026-08-17T13:51:31,"it is a good application , assets on this application is good and affordable , products whom I purchased was good quality so i just saying my experience on this application is nice , I like ittt",0,5,False,,
playstore,1832b5e7-50f2-4d83-8d29-bb18d2506669,2026-08-17T13:50:58,fantastic app and quality wise very good,0,5,False,,
playstore,c6d21f2c-f496-40f9-8dc7-c79a96fbd163,2026-08-17T13:45:28,latest fashion with affordable prices.,1,5,False,,
playstore,90033271-fc67-47bf-b95e-f83f83a81ed8,2026-08-17T13:39:28,Experience was very good 👍🏻 amazing quality received,0,5,False,,
playstore,2fedf5ff-94e1-4729-bc6c-a590648a5cbc,2026-08-17T13:36:19,ish ne mera 100 rs liya job dunga bola aur fraud kiya aur mera 100rs mai wapas kiya,0,1,False,,
playstore,3a1c465a-f961-4fc7-a0d2-121af4e9fcb9,2026-08-17T13:34:08,NICE AAP 1ST TIME USE,0,5,False,,
playstore,05f9bb60-5a03-4996-afb6-5a1c76aae602,2026-08-17T13:29:25,v nice product 👌 go for it,0,5,False,,
playstore,f336df48-e580-438b-af11-35ea037dcb6c,2026-08-17T13:27:14,"The app shows Express Delivery, but the item is still getting delivered very late. I’ve had the same experience with multiple products, which is extremely disappointing. The express delivery promise doesn’t seem reliable at all. If you need an item urgently, I would not recommend trusting the express delivery option. Very bad experience.",0,1,False,,
playstore,afec030b-732f-44b7-a600-e2aca4522db6,2026-08-17T13:23:33,very good service 👍,0,5,False,,
playstore,cc7491e3-9b44-4dac-9ef1-facc3114165c,2026-08-17T13:23:06,fast delivery and value for money products,0,5,False,,
playstore,02dfa590-aff5-411b-87e3-256dffccb0ed,2026-08-17T13:14:55,Received the same item & quality as specified.,0,5,False,,
playstore,18d098e8-d08f-4501-88bc-54423ca88993,2026-08-17T13:12:02,very bad service,0,1,False,,
playstore,cae0baca-95a9-4bfe-b6ab-8f0be011446e,2026-08-17T13:10:31,A good choice!!,0,5,False,,
playstore,fb21d0e5-1d99-4bde-8a97-2d4467131083,2026-08-17T13:08:29,"Trusted app for shopping , genuine brands and on time delivery. Never faced any issue. love shopping from myntra easy interface to use",0,5,False,,
playstore,1ce5bd26-6a01-435d-a97c-f6e5c15bc085,2026-08-17T13:07:01,easiest way to shop,0,5,False,,
playstore,725ae0ad-23b7-4b95-824a-b331b43c82a6,2026-08-17T12:58:31,Thank you for your lovely product.,0,5,False,,
playstore,2ab7940b-9d56-454e-9ce4-d0b7a74e2128,2026-08-17T12:58:10,"Whatever I purchase from Myntra is always of very good quality, and I’ve consistently had a great experience with their products. The materials feel premium, the stitching is neat, and everything looks exactly as shown in the pictures.",1,5,False,,
playstore,5ad7a13a-75ed-4840-826c-898fdc0f29cf,2026-08-17T12:54:36,good quality and very comfortable,0,5,False,,
playstore,c4a250fb-5b0b-4173-89aa-78ea5508ef90,2026-08-17T12:52:23,great app for shopping,0,5,False,,
playstore,df69a380-7756-4bba-a89b-00cc0ca2e2ca,2026-08-17T12:44:47,easy returns and good communication and quick response better deals,0,5,False,,
playstore,ea041810-0634-4d3a-b97a-45d671b513d3,2026-08-17T12:44:33,worst experience with this people till now they kept canceling orders with no reason while trying to reach their customer service that is more pathic...,0,1,False,,
playstore,302d9460-a7c6-4e1b-868c-d2a48da14da0,2026-08-17T12:40:26,i love myntra for shopping,0,5,False,,
playstore,742a495f-257c-4053-a650-0591271c2941,2026-08-17T12:31:38,my favorite online shopping portal for all.my favorite things,0,5,True,wishlist/favourite behavior,my favorite online shopping portal for all.my favorite things
playstore,1ebc200f-163c-4c12-94d3-efee63e7bcb1,2026-08-17T12:28:24,"Very poor service. Ordered Levi’s thermal innerwear but received a completely different product. Exchange was cancelled twice, and even after return approval, the pickup was not done. The pickup partner refused doorstep pickup and asked me to travel 3 km to return the product. Multiple complaints to customer care, but still no proper resolution. Extremely disappointing experience with Myntra.",0,1,False,,
playstore,51206652-c374-443a-95f0-530c1de0ff8c,2026-08-17T12:25:00,the product are good and affordable,0,4,False,,
playstore,0d81043f-94a6-42fc-a982-cdc43db31d9e,2026-08-17T12:21:08,all products are original in maytra,0,5,False,,
playstore,1e4c1bff-a4b6-457b-ac9f-8878cb552773,2026-08-17T12:11:47,still a trusted store,0,5,False,,
playstore,165aa57d-0e3c-468f-ad63-ff0553382bd7,2026-08-17T12:07:17,"Great shopping experience with Myntra! The products are genuine, good quality, and exactly as described. The delivery was quick, packaging was neat, and the overall experience was smooth. Highly recommended for a reliable and convenient online shopping experience! ⭐⭐⭐⭐⭐",0,5,False,,
playstore,2bfff389-ab2b-4b2a-96c7-2d0737afa00b,2026-08-17T12:06:38,worst delivery experience everytime they delay and then cancel the order,0,1,False,,
playstore,4bf6c708-13e8-48f1-9092-4dfa95d03731,2026-08-17T12:02:22,"customer service are very bad, Instead of helping us, these people give us 24 hours, and again after 24 hours they give us 24 hours, and in this way, it has been more than 20 days since they kept saying 24 hours, 24 hours. And till now I have not received any response from their side.After buying a smartwatch for Rs 3699, I took the money but did not receive the watch.",0,1,False,,
playstore,e5b0ed3f-f18e-4b2c-aebb-8f3819497000,2026-08-17T12:02:08,this is very Useful,0,5,False,,
playstore,8d42d7be-c0fb-46a2-a007-30ef3a507ddb,2026-08-17T11:58:39,best shoping app,0,5,False,,
playstore,49e76a17-6d51-4527-8c60-b5b61ae8d92c,2026-08-17T11:57:58,best quality products.,0,5,False,,
playstore,feb51fb8-78ba-4908-8c0d-1ad23a3a06dc,2026-08-17T11:42:31,Amazing products at reasonable prices..great experience 👍👍,0,5,False,,
playstore,0a3dfccb-5c6c-4296-8108-e729282bbf17,2026-08-17T11:34:40,"very nice i love it,,,",0,5,False,,
playstore,0ee6474b-6144-44cd-b1e2-ea53206d0343,2026-08-17T11:32:35,nice pants and fashion accessories,0,4,False,,
playstore,3788e425-7ae0-41b0-a584-d7be0d852924,2026-08-17T11:32:21,it's a very good platform for purchase any product at good prices,0,5,False,,
playstore,365a0a9c-bce2-4b45-bc94-ccc9d4f0b989,2026-08-17T11:28:25,Services are good,0,5,False,,
playstore,e6445f7a-20af-478e-9604-68c056263f3e,2026-08-17T11:27:23,best app for shopping,0,5,False,,
playstore,81ff8c91-f11b-49fa-8707-ac93f7868a5c,2026-08-17T11:25:02,it's a very amazing and great shopping experience from myntra,0,5,False,,
playstore,2a5e8bc0-8a63-4120-9e44-370032202329,2026-08-17T11:22:59,fast delivery...very good,0,5,False,,
playstore,aa475450-8677-490a-90d8-17e9ae11ab37,2026-08-17T11:21:58,I loved the productsss,0,5,False,,
playstore,0c2f5761-d38c-4e95-8059-dfe5245125ab,2026-08-17T11:18:17,luv to shop my desired items through this platform,0,4,False,,
playstore,c9863d88-965f-48fe-9a56-3d33827535cf,2026-08-17T11:12:01,good experience in myntra shopping,0,4,False,,
playstore,c459cba5-993d-4a79-a5a9-35d9e0e96ed5,2026-08-17T11:09:29,This app is very helpful for shopping 🛒 and I am very happy to use .it gives original products. thank you mantra.,0,5,False,,
playstore,cbef34dc-9580-479b-9cc8-7eb9b2b265ed,2026-08-17T11:06:41,nice app! loved it❤‍🔥,0,5,False,,
playstore,ab7b22e2-b3a0-4415-af4b-aea23af879c9,2026-08-17T11:05:56,fabulous app for shopping 🛍️🛍️,0,5,False,,
playstore,78980a62-653c-4578-b593-5e93be2e6df8,2026-08-17T11:05:51,till now is ok ok but let's see more and more.,0,5,False,,
playstore,782788d1-0c9c-4ad5-9527-9eda784525b4,2026-08-17T11:03:40,. best quality per product Myntra,0,5,False,,
playstore,427a2c92-36b8-4469-ae52-ed70465d6ee6,2026-08-17T10:55:37,Best app for best quality products😍,0,5,False,,
playstore,b6d7bd9d-99ca-4e3b-b973-ace19f7d0cac,2026-08-17T10:51:06,ye bhi nhi de rha h kapda acha,0,2,False,,
playstore,b390bf2d-3dee-4648-a454-d4998f305d3e,2026-08-17T10:50:03,Earlier we used to able to redeem MN cash irrespective of minimum order value. but now they have made minimum amount to withdraw the MN cash which is waste. we can't even order a single product or less quantity product with MN cash. we have to add more or additional product and make a minimum fixed amount of cart value then MN cash can be used. Uninstalling the app as there are no coupons which can be used nor MN cash can be redeemed. pay the MRP price only without discounts.,0,1,False,,
playstore,08976e78-6d08-4be6-b1fd-97eeaa3a51ff,2026-08-17T10:48:21,i really like to shop on myntra,0,5,False,,
playstore,41486c77-5180-45d8-b2a5-d71e02442921,2026-08-17T10:45:47,poor customer service . noone give you resolution here . if I select chat option then ai generated msg said all customer agent busy now you can use call me option when I select call me option then a Ai agent talking to me and again no resolution . I will escalated this issue to consumer forum .,0,1,False,,
playstore,cc9c2301-d487-4b54-8f50-eaded978b6e7,2026-08-17T10:33:05,I like this app,0,5,False,,
playstore,9779595b-2fb8-4823-9ba7-2e57102a2883,2026-08-17T10:32:24,"Don't buy from Myntra...These guys are fraud, out n out. Last order came with all products minus one. It was in the sealed envelop. When I complained about it, they said ""from our end all the products were delivered"". Happend the same fraud with my brother also...Choose a trusted seller like TATA and they are cheaper also.",0,1,False,,
playstore,0005df0d-f52f-467d-a184-243abfa4a4cf,2026-08-17T10:31:21,"original product, can buy without doubt",0,5,False,,
playstore,704f5fd8-d175-46f3-9cac-d1a6a160e41b,2026-08-17T10:30:37,you have a pathetic customer care service now.. I'm trying reaching you since 2 days but your customer care team is always busy,0,1,False,,
playstore,1199b6b3-bf8f-4593-a8fd-e3f09053fed9,2026-08-17T10:28:33,excellent quality. Reasonable price. I m fully satisfied,0,5,False,,
playstore,93bb107a-39ed-40cc-8030-19f449f0c41f,2026-08-17T10:28:23,sab dubliket Saman milta hai dusra plateform par sam company ka saman sasta hai,0,1,True,comparison_shopping,dusra plateform par sam company ka saman sasta hai
playstore,3443f092-5912-405d-bdb5-eeffd0e9b11e,2026-08-17T10:27:11,Myntra is my all time favourite Thank you Myntra,0,5,False,,
playstore,32fb2a07-af7f-4b78-bf88-61f7dc75fd14,2026-08-17T10:23:55,Great Service but Price Are Slightly Higher than other platforms,0,4,True,comparison_shopping,Price Are Slightly Higher than other platforms
playstore,605ba91b-0e32-4c92-9f51-8a75521f9313,2026-08-17T10:21:11,"Great experience and great product options, hope all will genuinely good",0,5,False,,
playstore,e2395b75-3ffa-4043-9169-a07f3d0eea1d,2026-08-17T10:18:24,this is good and I am daily clams rupee,0,5,False,,
playstore,39e5cd81-e015-4749-b88b-08869691ede5,2026-08-17T10:15:51,great experience,0,5,False,,
playstore,081b6ba7-72ae-4783-bf43-c5bc15ba2546,2026-08-17T09:59:36,the quality of the products is outstanding,0,5,False,,
playstore,0477e047-a47f-4efb-868d-ab40fd6ae16d,2026-08-17T09:57:29,very bad experience. my first order is very delayed. they're delivery team is very poor,0,1,False,,
playstore,fd1ca33c-d8ee-48d4-85fa-76bc488f079a,2026-08-17T09:56:46,not many good options in shoes otherwise good app,0,4,False,,
playstore,8a37dc22-4d91-42d5-85ec-e50f68f7573a,2026-08-17T09:53:55,it was nice shopping app,0,5,False,,
playstore,1d4360af-d102-4a1a-8e10-ce2111511887,2026-08-17T09:52:26,worst app....zero customer service no response one tickets no option to connect with real person for support,0,1,False,,
playstore,3430a153-c083-43eb-992d-360562b7c89b,2026-08-17T09:52:17,This is a worst app I have ever seen . this app looted my 1500 rupees . I have ordered something and then I cancelled my order now they are not refunding my money . and they also removed help option in the app for my phone . now where should I go . this is a very bad app . I will never suggest my ones to be with this app . it's have been 25 days but they are not responding,0,1,False,,
playstore,1badd93e-5ab4-40e2-8075-66eb577cb738,2026-08-17T09:51:24,Misleading - ask to write reviews for orders to only say better luck next time,5,1,False,,
playstore,40c7a227-4f8e-449c-8572-021cd57c5cd9,2026-08-17T09:49:48,best app where you can get quality product and also at cheap rate compare to other platforms,0,5,True,comparison_shopping,cheap rate compare to other platforms
playstore,6928f974-9093-4ac7-b870-42f520db48ab,2026-08-17T09:48:19,this face wash is totally friendly with sensetive and normal skin,0,5,False,,
playstore,ebdf9eb7-8977-4e0a-a453-b8b633f9c7bd,2026-08-17T09:40:53,material good 👍..Worth buying 👌,0,5,False,,
playstore,0f777ff4-f23f-402c-a8bf-84ab5bcebfac,2026-08-17T09:40:25,I really enjoy shopping from Myntra ....,0,5,False,,
playstore,a6bb5bb9-67f8-432e-afd1-b443814a5b30,2026-08-17T09:34:27,very good experience,0,4,False,,
playstore,551b20e4-760a-40dc-a3c9-af33d4ff08a8,2026-08-17T09:34:12,best app for clothes 👌,0,5,False,,
playstore,1835d36f-a469-4891-802d-9438d34ca6d4,2026-08-17T09:33:58,it has good products worth buying,0,5,False,,
playstore,990552ca-ec73-4813-96d5-0bc137dfeb9b,2026-08-17T09:32:05,"very good for shoping and offer, quality",0,4,False,,
playstore,c387ef82-d374-462e-bdef-30de0b9884df,2026-08-17T09:27:48,just Awesome....,0,5,False,,
playstore,52f3e350-b96c-433b-aa27-7bccc1c24caa,2026-08-17T09:27:33,better then the competitiors,0,4,False,,
playstore,606f5d62-b251-44ff-8e03-637143df4130,2026-08-17T09:16:39,amazing place to find your outfit and aesthetic home decor 🙌🏻🤌🏻✨,0,5,False,,
playstore,76d6783c-62ed-4089-b48d-c43359a86c89,2026-08-17T09:15:17,Good to see someone coming in and taking over the entire apparel clothing market.,0,5,False,,
playstore,6e11034a-a9dd-4f3b-b6fc-182659510ec4,2026-08-17T09:13:26,very slow dilivery partner,0,1,False,,
playstore,1ed38ebc-0a6d-4a77-a415-1dc54d39a05d,2026-08-17T09:10:03,delivery delayed,0,1,False,,
playstore,89ffa30f-c071-474a-9470-8bc1886ac4ad,2026-08-17T09:09:44,it is a fake app and it support fake brands. I am saying that because when I ordered a jeans indeliver a fake brand and when I said my problem they are doing nothing,0,1,False,,
playstore,aaa40b28-01c3-4e0f-a69e-ae7bb741e640,2026-08-17T09:08:18,service has improved,1,3,False,,
playstore,9d8075a0-a55c-4c3c-94b7-56ac7562c0b5,2026-08-17T08:52:15,good app for shopping,0,5,False,,
playstore,8798d803-34cd-44d1-82e5-1c6177d75d25,2026-08-17T08:51:21,should reduce handling charges,0,4,False,,
playstore,e0d2f5d5-0180-4bcc-a1f2-381bb166f13a,2026-08-17T08:43:56,"never order with myntra they never take returns or exchange, they always have some reason to reject your claim, so that they make money and loot from you by sharing some dubious products to you.",0,1,False,,
playstore,778bf672-2949-4d63-8548-efc9478e1e3d,2026-08-17T08:40:03,very much trusted app and brands,0,5,False,,
playstore,cb269399-06c3-4d14-9b36-b8ed18d1702e,2026-08-17T08:36:48,thanks to myntraaa,0,5,False,,
playstore,8f971bb4-5818-4d8d-a378-95b377b186f3,2026-08-17T08:27:54,evrything is ok...but ye system glt h platform fee itna jyada lete h ki agr br br return kro koi chiz psnd na aane pr to apka adha paisa to ussi mei nikal jayega,1,3,False,,
playstore,7e3cd0d8-f08d-4203-bb0f-6b37f92af945,2026-08-17T08:19:10,this app is very useful,0,4,False,,
playstore,32446ddd-4532-42cd-b018-3e923ee61dba,2026-08-17T08:16:51,nice & good experiance,0,5,False,,
playstore,2b2efb1d-2f96-487d-a5b3-1cc1313aea42,2026-08-17T08:15:44,delivery of product is genuine ☺️,0,5,False,,
playstore,b787d947-cabf-4e48-9e54-17e9d786cbd8,2026-08-17T08:14:45,nice product have a give it,0,2,False,,
playstore,7194d94d-28c0-49e3-ba2d-e7124866fb52,2026-08-17T08:14:45,Branded clothes on good price.,0,5,False,,
playstore,c4fb5554-610d-4844-96c8-81f00ffe32e4,2026-08-17T08:10:19,best shoping AAP good product every time,0,5,False,,
playstore,8ac1bc5a-ae84-4d65-b489-f229c4fc87ae,2026-08-17T08:02:09,this is a froud app,0,1,False,,
playstore,e8e0fc9f-4f69-46e3-8d8c-11b52d283200,2026-08-17T07:57:40,right place to buy your own products on right price,0,5,True,price_timing_consideration,right place to buy your own products on right price
playstore,0cb40d10-3fd9-4813-8862-4bd8f5cf3cbe,2026-08-17T07:40:18,Quality purchase,0,5,False,,
playstore,ea41182c-975e-4ef3-b91b-6ba9a99cf6ff,2026-08-17T07:37:52,awesome quality,0,5,False,,
playstore,eda92a2b-1231-401a-a479-f6ca23ed3762,2026-08-17T07:30:46,My overall connection with Myntra is just owesome and I just love all the product and their quality 💫Thank you myntra 💖,0,5,False,,
playstore,fed8db07-a2c3-42c1-89aa-7426a59cf620,2026-08-17T07:29:16,very nice experience with Myntra Fashion,0,5,False,,
playstore,55ef84be-5c99-4cb3-bc83-b4fc29567239,2026-08-17T07:25:56,the best shopping app ever.,0,5,False,,
playstore,2605f3b2-0878-4929-bd87-6fe83eec023d,2026-08-17T06:59:24,So nice product 👌 100% Satisfied,0,5,False,,
playstore,819d7e26-3c9f-40cd-bb1f-f34b39071e2d,2026-08-17T06:55:05,About the quality of products it's amazing but if you have to return or replace the product it's a nuisance. I had to replace the product due to it being small in size but it failed the quality check because there were the tags but the logo was not given there which is totally their fault but who suffers? it's me. I never expected this from myntra and I'm really disappointed coz till now it is the worst returning experience I've received from literally any app!,0,2,True,size/fit uncertainty causing delay,I had to replace the product due to it being small in size
playstore,1daa821a-0f7d-461b-b215-45a63cbef452,2026-08-17T06:46:17,myntra is undoubtedly one of the best online shopping apps.,0,4,False,,
playstore,60c381a2-2088-4353-bb71-32f3e996b437,2026-08-17T06:43:28,batter product quality ❣️,0,4,False,,
playstore,1a92f3fa-708e-478d-8164-dfaf22365dc2,2026-08-17T06:42:35,Bought Fbella satin night dress via myntra. Its quality is like amazing. Fully satisfied with the quality I ordered and it's worth to buy.,0,5,False,,
playstore,5cef8c5c-a388-4e85-9fcc-803ac63917fd,2026-08-17T05:30:29,very useful app good quality products delivered,0,5,False,,
playstore,c3735bc2-e469-4a08-ac44-38d71a438c97,2026-08-17T03:33:28,good app but sometimes delivery let and delivery person behavior is not good,0,2,False,,
playstore,2e440c8f-ab7a-4842-b083-684c4fc8f659,2026-08-17T02:49:28,Always my choice for online shopping 🛍️ 💕,0,5,False,,
playstore,e9b35418-f88f-41cd-8652-353feecfacd2,2026-08-17T02:26:25,Too Much AI Slop! Small Brands that make poor quality clothing are posting unrealistic images of their products and it turns out to be nothing like the picture in reality. It's hurting Myntra as a brand because I've stopped buying from such Fraud Companies.,0,1,False,,
playstore,92467b02-5d24-42b3-a2d6-702176ccb4f0,2026-08-17T01:52:42,hmm ok bht acha h,0,5,False,,
playstore,ff1cb0fd-36ed-41b4-8fc6-888151e2ed88,2026-08-17T01:39:37,osm product.....with *****,0,5,False,,
playstore,5400b64e-28e3-41ef-b4ae-0f8dbc225a16,2026-08-17T01:21:38,products are very good than other application. all meterial are original Myntra maintained good policy. really thankful to Myntra.,0,5,False,,
playstore,73cb860e-2ee8-47cf-aa6a-12a739c6ad73,2026-08-17T01:19:02,"Very disappointing experience. My issue has been going on for almost a month. I received the wrong product and provided the product tag/code and invoice as evidence, but Myntra kept giving generic responses saying the correct product was dispatched. After repeated complaints, they agreed to take the product back, but pickup failed 3–4 times. The agent is either busy or doesn't answer. Still waiting for a proper resolution. Very poor customer support and return experience.",2,1,False,,
playstore,b41c3fab-a3f5-4944-84bd-d57a27b9f23e,2026-08-17T01:06:00,"I recently ordered a formal shirt from Myntra, and it exceeded my expectations. The fabric quality is top-notch—soft, breathable, and premium to touch. The fit is true to size, giving a clean, tailored look, while the color matches the product photos online. Stitching and details are well-crafted with no loose threads. It handles washing well without shrinking or fading. Myntra's delivery was fast, and the packaging kept everything in perfect shape. Great",0,5,False,,
playstore,e8d4fefd-bf7e-4145-98c5-d71a4b6bbcee,2026-08-17T01:05:55,myntra is one of the best shopping apps for fashion and clothes. thank you kindness ☺️.,0,4,False,,
playstore,b7ba463a-657b-47bd-8b37-3af9e12097ff,2026-08-17T00:58:00,like the suggestion from this app,0,5,False,,
playstore,d1f2eca5-8385-4286-965b-0dfbd1b5ff31,2026-08-17T00:46:24,One of the best platform to buy clothes. I like Myntra collection and purchasing experience. Thank you,0,5,False,,
playstore,2bcbd039-ccaf-4d89-88f8-f772ec33db03,2026-08-17T00:41:44,"NEVER USE THIS APP WITHOUT A BODYGUARD. Felt unsafe due to their rudest delivery staff ever. Greater Noida delivery agent Robin Singh came at 6 am, started yelling in my phone and at me aggressively, talking like a psychopath. I felt unsafe in my own home. I almost called the police over his behaviour. Everyone pls be safe",0,1,False,,
playstore,2841418b-d7fe-4f4e-a1c0-a421baaff707,2026-08-17T00:35:28,really good and real product in myntra compair the flipkart and ajio,0,5,True,comparison_shopping,really good and real product in myntra compair the flipkart and ajio
playstore,5f27317c-5f96-493e-a965-f9202e2c24ca,2026-08-17T00:34:02,"Very disappointed with Myntra’s customer service. My account has been deactivated since 13 August, and I’m unable to log in. It shows, “Your account is deactivated for security reasons.” I have sent multiple emails to customer support but have received no proper response or assistance. There is no explanation for why my account was deactivated. Please look into this issue, reactivate my account, and provide proper support as soon as possible.",0,1,True,forgetting about saved items,"My account has been deactivated since 13 August, and I'm unable to log in"
playstore,91706166-e404-42b5-a6f2-c3c2cce5b406,2026-08-17T00:29:40,The material was so good and comfortable.,0,5,False,,
playstore,ac61aa1b-cd0b-476c-96a0-98eea303bb8a,2026-08-17T00:26:08,Good service and customer support,0,5,False,,
playstore,f8d31a04-63da-46fe-8571-a29d5302815c,2026-08-17T00:23:25,bad experience with myntra im customer last 3 year but Ac Automatically is deactivated I wait last 7 days no customer care Response no process my exchanged is pending i lost my 1500 rupees,0,1,False,,
playstore,a1312fe5-670d-4afa-bf75-8e37431d6b7c,2026-08-17T00:18:14,Best experience 😄,0,5,False,,
playstore,971ad85e-3bff-48f0-84b1-78ca5e0d0370,2026-08-17T00:09:14,Easy to use app,0,5,False,,
playstore,74b3ea23-719c-4bc1-8294-7c1b36163231,2026-08-17T00:09:05,awesome service,0,5,False,,
playstore,fc826019-3642-45f0-b559-f0a02c35d977,2026-08-17T00:08:43,it's amazing....,0,5,False,,
playstore,85798673-d007-48cd-bb2f-f1db89e154dd,2026-08-16T23:38:42,Best for clothing,0,5,False,,
playstore,5918a718-b66d-4639-b75b-01689c4e186d,2026-08-16T23:35:31,a good app for shopping.,0,5,False,,
playstore,9bdca054-4a0b-422d-9006-8e877fef30c5,2026-08-16T23:29:36,user friendly app,0,5,False,,
playstore,40e40d09-0b23-4b0c-b093-7ff09b4c3d76,2026-08-16T23:26:24,this app provides an easy and convenient shopping experience with many brands and offers. With simple navigation and secure payment options. thank you 😊,0,5,False,,
playstore,61946f54-5eed-4879-96a0-9ee079924f94,2026-08-16T23:17:23,it doesn't show order history,0,1,False,,
playstore,462b34cf-861d-4f2e-9058-9799063a908a,2026-08-16T23:17:19,"Absolutely loved my experience with Myntra! The app is easy to use, the collection is amazing, and there are plenty of options to choose from. The product quality was excellent, delivery was quick, and everything arrived well-packed. Overall, a smooth and satisfying shopping experience. Definitely recommend Myntra!",1,5,False,,
playstore,bc884455-40bd-4b78-81a0-b65ce03ce96f,2026-08-16T23:09:24,good experience,0,5,False,,
playstore,7876a485-9b6c-499a-ad74-d710c3266b8e,2026-08-16T23:08:11,best shopping apps,0,5,False,,
playstore,7e6e3071-3d8a-4520-8305-0826c834aba1,2026-08-16T23:01:02,This is the best shopping app I ever witnessed .,0,5,False,,
playstore,cdd7ded4-b054-4438-aa00-c231d5886eaa,2026-08-16T22:55:37,dress is good good offers,0,5,False,,
playstore,fdf8b93e-d59a-47f0-8cc3-9a1827558ed7,2026-08-16T22:52:07,brilliant trusted product and shopping,0,5,False,,
playstore,69a88fa7-29b2-4e5c-9809-7932779854a9,2026-08-16T22:41:53,"shipping is very late and recorded customer care calls for help, never seen any shipping delay in other apps.also got two dameged product with in 10 order's and deleted my review for saying truth with photos worst app for online shopping",1,1,False,,
playstore,069cee77-dff6-4e69-98ff-94b8d080faa5,2026-08-16T22:38:15,nice collection,0,5,False,,
playstore,41dac27c-4351-4125-8df7-14e0f5feacb5,2026-08-16T22:33:50,"product ko exchnge ni karte customer care vale check n krte delivery boy bad behaviour myntra sbse bakwas h.... meesho , ajio , flipkart , amazon , naykaa sb best h myntra ko ban kro",1,1,False,,
playstore,56a3583d-c630-4df5-8fc3-6236d404b551,2026-08-16T22:33:06,Best for Fashion,0,5,False,,
playstore,1b371199-fc0c-4479-a6f3-f85c1bc3514d,2026-08-16T22:27:48,"very good app,supportive customer care . first delivery",0,5,False,,
playstore,d8b7789b-3292-46e3-beb1-9dc364202045,2026-08-16T22:10:59,good premium quality products,0,5,False,,
playstore,79b41757-6829-4eb0-9de7-b9b6d7042f6f,2026-08-16T22:05:16,"बहुत ही बेहतरीन ऐप है। कपड़ों की क्वालिटी और कलेक्शन बहुत अच्छा है। डिलीवरी हमेशा समय पर होती है और रिटर्न करना भी बहुत आसान है। शॉपिंग के लिए यह मेरा पसंदीदा ऐप है।""",0,5,False,,
playstore,210a5314-1b91-4d39-9e1d-058ef91aa2dd,2026-08-16T21:56:20,best for shopping,0,5,False,,
playstore,d931790f-9cda-4d44-a056-8f6ee36b9c3e,2026-08-16T21:52:27,best app but a little bit laggy,0,5,False,,
playstore,e17c233d-26e1-45e2-9448-9afafb34a88a,2026-08-16T21:52:14,endless amazing collection,0,5,False,,
playstore,2651368d-e7b8-434a-8849-ca6431c5388b,2026-08-16T21:52:02,"Bahut hi pyaari shirt hai! Iska green rang bilkul waisa hi hai jaisa photo mein dikh raha tha. Fabric kaafi soft aur comfortable hai. Fitting bhi perfect aayi. Highly recommended!""",0,5,False,,
playstore,5129ad32-4d05-4914-85eb-c924dbe183fa,2026-08-16T21:42:14,Best Shopping Site,0,5,False,,
playstore,086f6f6a-b355-4023-85a4-6d9059c83ca1,2026-08-16T21:41:33,lovely shopping site,0,5,False,,
playstore,7bfe1317-7408-4459-af47-9310d20ffd34,2026-08-16T21:38:12,delivery is quite quick for myntra now,0,5,False,,
playstore,10bf64a8-2e29-4335-84ae-177df5a17c6d,2026-08-16T21:32:34,this app is very good we can believe on it without any doubt. I recommend this app.,0,5,False,,
playstore,c47887a4-dbb0-40f6-9221-16db175ada3c,2026-08-16T21:28:12,"One of the best Shopping app i loved the sale and offers, Delivery is so good",0,5,False,,
playstore,21760cf5-ca5a-4fbc-9de7-2396d296e485,2026-08-16T21:24:22,"⭐⭐⭐⭐⭐ Waahh, Myntra! 🛍️🔥 Super discounts and amazing offers! 😍 Really happy with the deals on Myntra. Keep bringing more exciting discounts and offers—we’d love to shop even more! ❤️🛒",0,5,False,,
playstore,e32be62c-1298-44d1-968e-f1a358d26feb,2026-08-16T21:24:00,Super Selection,0,4,False,,
playstore,6a621301-98eb-4fae-8a27-ed4441147bbf,2026-08-16T21:23:41,Genuine products.,0,5,False,,
playstore,8b9564bc-f516-49dd-b3cc-1c22d213213e,2026-08-16T21:18:22,very smooth experience,0,5,False,,
playstore,0ea009d8-09ef-4dff-bc76-b09015507bc5,2026-08-16T21:17:04,mynta ne wrong product send kiya h .. scam kiya h problem resolved v nhi kiya h .. return request send krne pr v koi response nhi kiya or customer care se bat krne pr bola ki camera check kiya gya h apka product sahi package h but totally wrong h ... I'm very disappointed this app..refund v nhi kiya h.,0,1,False,,
playstore,43612c51-342a-437c-9330-df623e1a2d4d,2026-08-16T21:16:14,not good app it's a High money product,0,1,False,,
playstore,2eb1268e-45b4-437d-a9d0-5ff15f2384cc,2026-08-16T21:07:54,"variety of stuff to buy from, different brands are available. However, the platform fees keeps on rising with each passing day which isn’t likeable.",0,4,False,,
playstore,689e8c81-d47f-474e-bad6-0c117d0c035d,2026-08-16T21:06:17,Myntra my all time favourite place to shop🥰,0,5,False,,
playstore,84f3c25a-dccc-4d62-a7f7-f3221ba71b21,2026-08-16T20:54:47,India's number one online app 👍🏻,0,5,False,,
playstore,7b272d35-7876-4e6f-9fb7-cfb973cdbf4d,2026-08-16T20:36:53,"Myntra has variety of different products. good quality, fashionable and trendy but little bit High price..",0,4,False,,
playstore,d4757fab-9d1d-4b8e-bb42-af584c8e0d1e,2026-08-16T20:34:15,worst customer service ever you cancelled my product without my consent and remove the discounts too,0,1,False,,
playstore,e3a229f6-aaa4-4b49-b447-95b6b7d717c5,2026-08-16T20:32:14,orginal brands mention in Myntra app i 👍,0,5,False,,
playstore,32cbc881-6f67-4894-bb85-d31afe112ad8,2026-08-16T20:31:44,I used myntra for the first time to buy some clothes and when I ordered the clothes I got scammed by delivery where I got only half my items and I complained myntra about how this matter should be resolved and they took like 5 days and told me forget you refund we won't even give you your item back .... that's so unprofessionalism by myntra and it's team so from now on I will never buy product from myntra ..... EDIT:- I mailed them but I am not getting response,1,1,False,,
playstore,db7d6618-2479-4fc2-ab2e-79d2648f9ef9,2026-08-16T20:28:47,best way for online purchasing,0,5,False,,
playstore,7b0d14f9-fba6-4269-82b7-380aa580bbff,2026-08-16T20:25:13,best app for clothes and beauty products,0,5,False,,
playstore,92558dc2-54c1-4448-a64b-4be2ac7eb2ab,2026-08-16T20:22:55,Very much Satisfied,0,5,False,,
playstore,96ab7a75-b909-43a0-b8ff-309a55e9e2d2,2026-08-16T20:21:38,bohot hi maza aata hai jab order karte hain,0,5,False,,
playstore,317ebc41-cb8c-4a45-b179-494879aedc17,2026-08-16T20:19:25,"Whenever I need something, I use the myntra for it, and I really like everything about the myntra.",0,5,False,,
playstore,ce675731-cee4-4fcd-ae90-b61bdccdf0d9,2026-08-16T20:19:17,really good products.. myntra always amaze me with quality..,0,5,False,,
playstore,ba7be46d-b7d9-4845-9430-d460017024e1,2026-08-16T20:17:45,is a good shopping app..i like this this app..,0,5,False,,
playstore,feb77eeb-94b6-4754-9fbb-ecf7b231dd1f,2026-08-16T20:10:40,such a good app for shopping 🤩 100℅ original brand clothes material,0,5,False,,
playstore,e1440994-344c-4216-888e-b0eea3a5954d,2026-08-16T20:04:25,"MYNTRA is my favourite app. because it has many good things and a very good return policy, branded products which leads to customer satisfaction. so, I'm happy with my myntra.💕💕💕",0,5,False,,
playstore,b007a85d-a3a9-4d49-b989-a07b923021f7,2026-08-16T19:55:58,excellent. never disappointed,0,5,False,,
playstore,fd2ea6eb-0dd1-400a-a84e-7bbbf59752b2,2026-08-16T19:51:25,Super quick delivery & quality of products are good 😊,0,5,False,,
playstore,9aefaf49-27b5-4cb2-9877-59be99c044c6,2026-08-16T19:49:07,quite good improvement,0,4,False,,
playstore,87d8d7a5-ed57-4f55-a4df-2df2162b5d1e,2026-08-16T19:47:14,nice satisfaction happy always satisfied,0,5,False,,
playstore,b6b42d70-52a7-45b4-82ef-d8af1b35398c,2026-08-16T19:41:46,"“Excellent quality and performance. The shocks provide smooth damping, good stability, and noticeably better ride comfort. Strong build quality and good value for money. Highly recommended",0,5,False,,
playstore,5082924b-30ff-4ce6-8aa0-f9cacb5cbedb,2026-08-16T19:41:40,Adbhut ... Avishvasaniya..... Akalpaniya...... means Superb app to use....,0,5,False,,
playstore,38b6d2cc-d69d-40f1-a1d0-e4b35963a517,2026-08-16T19:40:17,very good quality,0,5,False,,
playstore,8b07e214-daed-48fd-8f3c-3e8366c1aa9b,2026-08-16T19:35:48,Good experience,0,5,False,,
playstore,b69df2b4-1833-43fc-9a5c-cf0f8ab515cc,2026-08-16T19:29:22,Myntra is love. Using Myntra since I even know the name of shopping. my go to online market. I just love it. so real so simple so authentic,0,5,False,,
playstore,1c1a9a84-8f0b-4fe5-8af9-bf23e9e59944,2026-08-16T19:23:45,"myntra is one of the best platform to shop,evey items are here and no duplicate products unlike other shopping apps, and in myntra we can get items at low price than other shopping apps, I've been using myntra for quite some time and it has never disappointed me, so i insist that you guys to use myntra , one of the best app for shopping...",0,5,False,,
playstore,39a96a0b-2b08-41a0-97df-2557fb080b94,2026-08-16T19:23:22,love you 😍 myntra,0,5,False,,
playstore,db3f9e03-fa77-4be9-9e3c-b549b39ac8a3,2026-08-16T19:20:09,nice for first order,0,5,False,,
playstore,24030376-8fbf-4149-822c-894208aa66b0,2026-08-16T19:13:58,"I love it. The application navigation experience is smooth, and quite often, there are discounts live on the platform.",0,5,False,,
playstore,727a35d0-8d4f-474e-b542-c3a8aca8a9c7,2026-08-16T19:13:38,"I’m really happy with my experience on Myntra. The app is easy to use, the collection is amazing, and the products are trendy and good quality. Delivery was also smooth. Overall, a great app for online fashion shopping. Highly recommended!”",0,5,False,,
playstore,0ee9ca11-a7bd-455a-b198-5e49e72d272c,2026-08-16T19:13:07,"Ultimate fashion holy grail and a mind-blowing, one-stop style universe.Every single browse feels like a VIP shopping spree with an endless selection of gorgeous styles and unbelievable deals. The flawless experience and lightning-fast delivery make it pure shopping bliss.",0,5,False,,
playstore,c9c4bf4a-74d7-4fe9-a14b-1eed82b77e1e,2026-08-16T19:12:58,Worst app ever.. Have been shopping here for more than 4 years and first time have faced such a terrible experience... Ordered 2 shirts for ₹1300 and received None of the 2 shirts and a totally wrong product (ponds cream ₹150).. Been following up for my refund for more than 15 days now but still not received the amount..customer care is also useless everytime they give a new timeline...Worst experience ever.... Will never recommend to anyone.,1,1,False,,
playstore,0efe9654-ae51-43e6-acab-640f4606c293,2026-08-16T19:09:38,awesome app for fashion,0,5,False,,
playstore,f1891af1-b942-4258-a757-547d479f5bab,2026-08-16T19:08:11,Best shopping App ever ❤️,0,5,False,,
playstore,cdc2bc20-16bd-4679-825a-cc8fc91f264b,2026-08-16T19:04:47,good app for clothing,0,5,False,,
playstore,1820d57b-430c-4045-b892-e506b5f76e6f,2026-08-16T19:04:11,authentic products with reasonable price 🥰,0,5,False,,
playstore,e5200dec-9345-403f-9589-b2e59fb356d1,2026-08-16T18:55:22,"excellent, mujhe Myntra par buy karke bahut achcha Laga good experience, colour quality delivery abhi tak sab kuchh bahut achcha rha Hai sabhi to isse buy karne chahiye everything is too good but cost bhi shai honi chahiye thaki sabhi is par apni shoping kar sakte ha baby boy y girl ke liye bhi acche acche offer aane chahie thaki buy kar sake",0,5,False,,
playstore,cbe0a896-bffb-4833-9655-fb356debd535,2026-08-16T18:53:28,very good experience.. quality of clothes is top notch,0,5,False,,
playstore,3d3a9329-1e4c-4db3-abf5-57e25fd77ff4,2026-08-16T18:45:03,good application,0,5,False,,
playstore,252707bb-7725-45c5-a2b7-71b23d99cfc6,2026-08-16T18:43:33,faster delever. 👍😊 product is best 💯👍 myntra is best shopping app,0,4,False,,
playstore,78acdaf8-a3ba-49b2-908e-e192695ff4f0,2026-08-16T18:41:33,BEST EXPERIENCE EVER.,0,5,False,,
playstore,393350b7-e50a-4753-b6bd-da249e9bb92b,2026-08-16T18:37:19,great product and brand,0,5,False,,
playstore,ec665027-5604-481a-a42e-867ad60460d3,2026-08-16T18:34:46,customer care of this app doesn't work. you can't even return or exchange products once bought.,0,1,False,,
playstore,2d6a6f17-23b3-4758-88ea-26021ac5ab6f,2026-08-16T18:30:23,Very poor delivery service. My order has been delayed for one month and is still not delivered. No proper update or resolution from customer support. Very disappointing experience!,0,1,False,,
playstore,d1a9640a-7157-4af7-b575-3f4207e589ca,2026-08-16T18:28:42,"Value for money, Good Quality, Quick Delivery, Excellent",0,5,False,,
playstore,0168a873-b044-40f1-880e-2b41471d4799,2026-08-16T18:28:32,I had the worst customer experience. I have been contacting customer care for the past 1week and they canceled my return without my concern. No new request raised and gave me the wrong product and brand. Disappointed.,1,1,False,,
playstore,ce9f2885-9c2a-48ee-8a92-4cccde4ed160,2026-08-16T18:26:48,Awesome Product buy from Myntra Mindblowing experience,0,5,False,,
playstore,7becca88-22f5-4b6a-ae20-a13a91c6529e,2026-08-16T18:19:49,love the app freat experience,0,5,False,,
playstore,ff1a6e22-09bd-4673-8a72-01a2c3d1d296,2026-08-16T18:17:21,best online shopping app,0,5,False,,
playstore,962f8585-cd91-4b17-8091-6a630be96569,2026-08-16T18:17:19,nice way too see product best is quality and matrial maintain very well that helps choose product what I want,0,5,False,,
playstore,56aacad9-1a6b-4787-bfb7-a50b0057dc38,2026-08-16T18:14:43,"great experience, faster deliveries and best product quality.",0,5,False,,
playstore,74e98bb1-f70b-4b67-99bb-77bba90e5567,2026-08-16T18:14:21,amazing product 👏🏻,0,5,False,,
playstore,141292c1-77cd-49c5-afa7-fdc6c11dd2c5,2026-08-16T18:13:09,"⭐⭐⭐⭐⭐ Myntra app ka experience kaafi achha hai. App use karna easy hai aur products ki variety bhi bahut achhi hai. Search aur order karna simple hai, aur product details bhi clearly mil jaati hain. Offers aur discounts bhi kaafi useful hote hain. Overall shopping experience smooth aur convenient hai. 😊🛍️",0,5,False,,
playstore,4212b7a1-e546-49a9-aa69-d9d895815726,2026-08-16T18:11:24,Amazing app delivery on time best quality products!!!! love myntraaa❤️,0,5,False,,
playstore,21a47d8e-8338-4a7b-8349-45f2479c2007,2026-08-16T18:10:33,"bhut hi accha h , जैसा चाहते हैं वो मिल जाता है",0,5,False,,
playstore,f371e3f6-8a04-48b4-84d9-4f1724b43fe5,2026-08-16T18:08:18,it's a helpful app,0,5,False,,
playstore,20a55497-4bd6-4438-a29f-778e055391f0,2026-08-16T18:07:53,send low quality clothes at a time of return do not receive call or call you send me do not order anything from myntra,0,1,False,,
playstore,3279318d-d915-410b-aeeb-77672baadfc1,2026-08-16T18:07:15,very nice and colour also expected the same as shawn in the picture,0,5,False,,
playstore,d7246f68-408c-46f7-8358-55536a08e926,2026-08-16T18:05:17,besttttt app for purchase any products.. quality of the products is quite good.. please guys go for it,0,5,False,,
playstore,1a4c497d-e8b3-4ffb-9cca-9e07d2d70a52,2026-08-16T18:04:17,its amazing 🤩....,0,5,False,,
playstore,b30051df-c593-48ed-99c4-a2c3a729e44e,2026-08-16T18:01:54,best shopping site,0,5,False,,
playstore,4b6c3b5d-e854-4da5-9221-113d8cd35fbf,2026-08-16T18:01:16,best experience and best customer support,0,5,False,,
playstore,9b286cc4-2e2f-46fe-9fce-5361e77bba7a,2026-08-16T18:00:18,nice and very easy for all offers,0,5,False,,
playstore,6268e2c5-75a4-4c9e-b204-971390b84b0e,2026-08-16T17:55:48,Worst shopping experience. The customer executive is unable to give any solution. All my money is gone. Never going to buy from Myntra again.,0,1,False,,
playstore,9ac9ea8f-3f84-4086-89a9-3e25e8daca34,2026-08-16T17:50:23,good experience,0,5,False,,
playstore,03059549-d361-4556-b2a7-7f57a06c9968,2026-08-16T17:45:21,Fabulous app Shirt and shoe very good product,0,5,False,,
playstore,2138d97a-112f-48ba-b722-f9de90c9459c,2026-08-16T17:39:13,very good app easy returns and services,0,4,False,,
playstore,fc242dca-fd11-4118-ad62-5af174ce25a1,2026-08-16T17:26:58,it is one of the best E-Commerce app,0,5,False,,
playstore,722b11f2-74ef-4703-92a2-292c9eb94a6b,2026-08-16T17:25:48,"I ordered an item five days ago and it will be delivered by tomorrow and still it is not shipped and if I call customer care executive they reply same that ""please be patient and your order is delivered in given timeline"" how is that even possible ?",0,1,False,,
playstore,95c67d6c-ee6d-4aa4-8cec-4424cc67a3d7,2026-08-16T17:25:21,"worst app. don't buy anything from myntra. there is no return, no refund, nothing. fraud company of scammers. please don't download..... boycott myntra",0,1,False,,
playstore,fe6b8e86-1638-4b4e-b4d8-d527a1d554f9,2026-08-16T17:22:49,"myntra is my Go-to app for almost everything since 9-10 years now...the quality , quantity and even the fit n the design is top notch! prices r always reasonable.. never had I ever faced any trouble or issues in returning or exchanging anything if there was a need. myntra is the best!",0,5,False,,
playstore,ef9fa2fa-6196-4d5e-a627-ea52afa59505,2026-08-16T17:21:18,good quality product .,0,5,False,,
playstore,533029bb-4be7-434e-9a8b-6e859c7a1873,2026-08-16T17:19:47,very well experience,0,5,False,,
playstore,8cdd32b1-c786-4a24-9f02-883461ba0ab0,2026-08-16T17:19:17,good application 😃,0,5,False,,
playstore,2902e10e-4de2-4b01-b58c-52e7301e6622,2026-08-16T17:18:53,The overall service is nice.deliver premium quality product.Return and exchange service is also nice,0,4,False,,
playstore,9756ef65-24a7-495e-824f-f391205da0e0,2026-08-16T17:16:21,The products are highly appreciated and recommended 👌,0,5,False,,
playstore,ff6e33f3-6103-42ae-a539-8a9f0a5c8bfa,2026-08-16T17:15:07,"very third class app ,delivery boy didn't exchange a product and show delivered, regarding that we complain,they investigate and then they dont do exchange , product returned ,same delivery boy picked up return , although they didn't created amount ,everytime again and again they ask every details , when you inform they say aapki aawaj sahi se nahi aa rahi, they don't have proper sytem which show costomer complain for and they accept return was happed on 10 august,so why not creadited",0,1,False,,
playstore,e5d54a13-6805-4fdb-8780-92f6681bba13,2026-08-16T17:14:56,great shopping app,0,5,False,,
playstore,30cb7e18-238f-4edc-afae-11ca53b83e7d,2026-08-16T17:13:52,ohk i think myntra is the best platform for buying clothes or accessories the quality is best 😄,0,5,False,,
playstore,bfddfd5c-0ea1-4f7a-a87e-bb212aa7e99e,2026-08-16T17:12:40,Myntra is one of the app i used most and it was really very good shopping platform.,0,5,False,,
playstore,ae37b5c8-a0a8-4454-9e6e-4f68d8de8d2d,2026-08-16T17:08:46,👌app best and original quality and pure product,0,5,False,,
playstore,debbd2e9-8c1c-4fb8-9865-115f989b140f,2026-08-16T17:07:13,one of the best shoping aap in india,0,5,False,,
playstore,c833a1f3-ec9f-429c-9261-47d711235470,2026-08-16T16:59:35,very very useful app..,0,5,False,,
playstore,9ed3028f-43b1-4fa1-bef1-6919f908887e,2026-08-16T16:51:14,politely good 👍🏻,0,5,False,,
playstore,87e324c7-1cbf-46bc-b96f-60e1cf231a87,2026-08-16T16:49:21,"Really happy with my purchase from Myntra! The pants are very good quality, and the size fits me perfectly. The material and fitting are great. Definitely happy with my purchase! 💕",0,5,False,,
playstore,d3bc9d0f-92c5-4aab-85ca-496e5d82d090,2026-08-16T16:42:56,good app but prices are higher of products as compared to flipkart and amazon..,0,4,True,comparison_shopping,prices are higher of products as compared to flipkart and amazon
playstore,b9f90c42-5eb1-486f-a4cc-549546130fab,2026-08-16T16:40:23,Best Clothing Shopping App 🔥,0,5,False,,
playstore,ad0cd149-fcd9-4f0b-a17d-ad8d2bfb8a7d,2026-08-16T16:33:20,this app is amazing for shoping,0,5,False,,
playstore,019c19c9-27b7-4333-979e-63cd3b8b8a2d,2026-08-16T16:24:25,good for Branded products,0,5,False,,
playstore,8d099afc-290e-4080-bc55-7611a46f4e94,2026-08-16T16:21:10,nice application,0,5,False,,
playstore,5a5d09e6-6311-425d-b48e-9a4dceed1b16,2026-08-16T16:19:31,myntra shoping app products are very wonderful and satisfying items. my four years experience and uses experience .,0,5,False,,
playstore,09e3e450-8cc5-4601-9732-69a697d4dd9c,2026-08-16T16:18:49,variety of products are available. rate is competitive. easy return in 7/10 days.,0,5,False,,
playstore,4a794f42-688c-4686-8308-70e502caaec4,2026-08-16T16:16:23,timely delivering... and item is so soft and beautiful,0,5,False,,
playstore,6e30f502-2a81-4e7e-8339-7cbd81be1956,2026-08-16T16:15:32,best app forever,0,5,False,,
playstore,c6b74d9f-f2f3-49de-8c95-c096805e5664,2026-08-16T16:13:56,Very bad experience,0,2,False,,
playstore,c57fa374-c8e3-498c-bd30-e608ff8033ec,2026-08-16T16:12:03,it's an amazing,0,5,False,,
playstore,791b7b8d-dda9-4305-8772-e75687e0856f,2026-08-16T16:06:57,sometimes they say order is delayed but it actually comes faster than expected,0,5,False,,
playstore,3b2137a4-21fa-43d6-8665-d3f6dcd887e5,2026-08-16T16:04:07,"it was my first time shopping on myntra,and i am felling really happy and excited .tq ❤️🙏",0,5,False,,
playstore,84eff2da-fed4-4eeb-b27b-dc2d094f5977,2026-08-16T16:00:04,value for money..,0,5,False,,
playstore,3afbd423-15c2-46bc-948c-6e55ccb69a5f,2026-08-16T15:59:53,first time I am very happy,0,5,False,,
playstore,e799d81f-d503-492f-b29e-037560f602c2,2026-08-16T15:50:55,"A lot of improvement is expected, specifically in delivery time.",0,2,False,,
playstore,51247b06-07ac-435c-8eca-9e203af1ab66,2026-08-16T15:37:38,don't buy from the myntra i have been using myntra for the last 5 years this time I placed a prepaid order& instead of a 2 kurta set I received a used jogger when I'm trying to exchange it i couldn't either I'm getting refunded it really sucks,0,1,False,,
playstore,ac916125-4246-45da-8152-100e496556df,2026-08-16T15:35:03,i loved myntra app😍,0,5,False,,
playstore,1119b873-8cf5-448f-83ef-f2ea26707b75,2026-08-16T15:33:36,best app for everything,0,5,False,,
playstore,6f4841a5-546c-48e0-92d6-f166b01ba136,2026-08-16T15:32:54,"This app is very good, it has good quality clothes, shirts, sarees, everything, you must buy it from here.",0,5,False,,
playstore,34f813ce-0985-4e80-a379-917891ee2a37,2026-08-16T15:29:56,first time Order from myntra 🫵,0,2,False,,
playstore,d8718982-854f-4755-9d6f-a0f5b07ab18c,2026-08-16T15:26:31,the worst possible app. products come without brand tagn poor quality. delivery guys refuse pick up. then customer care does not co-operate.,0,1,False,,
playstore,8ccc19e1-1378-4280-a1bf-25c965ac3de0,2026-08-16T15:25:28,I didn't receive any paytm cashback?,0,2,False,,
playstore,a514763e-78b8-48e0-a727-e07c2a4401e1,2026-08-16T15:23:45,"I am happy with myntra shopping ..the . dresses 👗 and other makeup kits accessary are too good 👍🏿..kids items are also very nice and my daughter feels very happy... shoes, bally, sleepers are good... the colour and size are perfect .. all the things they showed are same delivered 😍 I am glad ... myntra but my one item is missing.. and I completed it but .. they ignored.. it's not good.. so my experience with this is mixed feelings .. some times good and some time uuuuuffffff shhhhhhaaaaa ...",0,5,False,,
playstore,c2698334-e92c-4e9a-934b-1fd8bd5b3125,2026-08-16T15:22:43,best aap for genuine shopping!,0,5,False,,
playstore,8db555f8-4db0-4615-9793-4f55b82d01cb,2026-08-16T15:21:44,Myntra Dress are too good,0,5,False,,
playstore,1ea7ed4a-affb-44ef-9277-664bbc245802,2026-08-16T15:14:17,"great app for online shopping. It has a wide range of fashion products, good discounts, easy navigation, and reliable delivery. Overall, a convenient and user-friendly shopping app.",0,5,False,,
playstore,dbc2bffd-53f1-4009-8dc0-686f0b371b09,2026-08-16T15:09:55,very rich quality products. budget frndly too,0,5,False,,
playstore,9b95b329-f7f4-4422-aa1a-45e197636bd9,2026-08-16T15:09:53,best app ever!! Availablity of original brands so far!,0,5,False,,
playstore,49a83cd2-665e-455a-9904-3b1d07ca8cca,2026-08-16T15:09:13,This app is really good and helpful.,0,5,False,,
playstore,0192887f-9248-4016-9777-c7e8c8f9709e,2026-08-16T15:06:39,good experience,0,5,False,,
playstore,3015b6ec-f139-4018-87b3-83aae18ea5fb,2026-08-16T15:04:05,very good app no frod,0,5,False,,
playstore,93ec2471-1e39-4185-bde5-f63f102a06a3,2026-08-16T15:00:50,best shopping app,0,5,False,,
playstore,ce10b2e4-f5ad-4f3f-abde-ffe369e39946,2026-08-16T15:00:24,"the app is really good. you can purchase branded clothes on this platform,",0,5,False,,
playstore,5157dc0c-b684-4ebd-a734-8c1ac0e6ed68,2026-08-16T14:58:26,experiencing good,0,5,False,,
playstore,79554f53-13a4-4781-a8d3-aae7b2abd275,2026-08-16T14:57:06,"I had a wonderful experience shopping with Myntra! The delivery was quick, and the discounts and offers were amazing. They have a huge collection with plenty of options to choose from. Overall, a great shopping experience! ⭐⭐⭐⭐⭐",0,5,False,,
playstore,8b7b76a5-ecd6-4b67-b1e5-446b1d9db6ed,2026-08-16T14:55:58,good service best price I have got,0,5,False,,
playstore,ca631202-a037-490e-8a2d-dae449ee3870,2026-08-16T14:50:39,Good App for shopping,0,5,False,,
playstore,7a05fb86-f7b3-477a-8687-7e2e690623a2,2026-08-16T14:49:13,Most decent and good items,0,5,False,,
playstore,85f368e4-b792-4ba3-8068-6f65fe304a30,2026-08-16T14:49:04,good app and very good products,0,5,False,,
playstore,b4b1948c-276e-4ace-b93e-e4159e702492,2026-08-16T14:39:38,Myntra is the best for online shopping,1,4,False,,
playstore,f6ec7109-ed9d-4f4d-a422-65293ed749ad,2026-08-16T14:38:16,fake application don't use this application 😡😡😡,0,1,False,,
playstore,1b393245-0ea0-4230-8262-13e99109443d,2026-08-16T14:35:46,worst app maine ek bedsheet order kii thi jo kii mujhe different color kii mili thi 1 week ho gya return request raise kiye 5 baar customer care pe baat kri abhi tak return nhi hua I am highly disappointed ☹️ isse achha flipkart hai wrong product delivered hone pe return ho jaata hai myntra what is this behaviour 😡 I am ur insider member why u are not returning my product,0,1,False,,
playstore,26b32588-d136-4744-9d0e-f5502f73b9ad,2026-08-16T14:31:26,very nice app and products,0,5,False,,
playstore,32c8ac16-7084-4518-958f-7b4f9ab5b087,2026-08-16T14:31:16,Great quality product,0,5,False,,
playstore,f206eeb6-2aee-455b-81bc-473a8f9d8d44,2026-08-16T14:29:59,best app for fashions,0,5,False,,
playstore,ecefa1f5-947c-426b-8e2e-a773ca29a552,2026-08-16T14:24:38,good experience to buy and product quality was so good,0,5,False,,
playstore,63a598e8-9dfa-4030-b5d4-3846d8e7f15b,2026-08-16T14:24:08,awesome & secure,0,5,False,,
playstore,98e2b9ba-8b68-44e2-a26c-bac6c12aaf55,2026-08-16T14:22:25,best quality clothes,0,5,False,,
playstore,1e57d83a-2ae8-45d9-85a4-c15068bebe0c,2026-08-16T14:18:42,more collection for all,0,5,False,,
playstore,e5a3d223-4e3b-42d9-b7ba-b596b7964383,2026-08-16T14:17:06,मैने 3k sleeper buy lkkya myntra se only 10 dino mein uska chamda upar se nikal gaya hai ekdum khrab product diya hai aab wapas nhi kr rhee hi koi yahan se product na le anyta fas sakte hai,0,1,False,,
playstore,b4b9b1b5-1703-4bf3-a5b6-e6a38dbcfef7,2026-08-16T14:15:19,"very bad experience about refund. Abnormal delay in pickup and using customer's money illigally. Please look into it. ordered for Brownish colour shirt , delivered black shirt. Its truly unprofessional.",0,1,False,,
playstore,8cf58495-9519-461d-b566-7e24ed37fd72,2026-08-16T14:15:08,very nice experience of mine,0,5,False,,
playstore,3636e8de-c84b-46d1-a0ff-4853d1d7db45,2026-08-16T14:14:05,Genuine Original items delivered with same quality as shown,0,5,False,,
playstore,48545b9f-a79b-4219-a7df-2546b14c5592,2026-08-16T14:08:07,nice shopping app,0,5,False,,
playstore,7fc2d3fa-d38f-4fa9-9308-c93894134223,2026-08-16T14:03:24,trusted myntra loves myntra .hii,0,5,False,,
playstore,ca2b09a7-049c-4feb-96d5-b16df6430e9e,2026-08-16T14:02:11,very fast delivery,0,5,False,,
playstore,2e3ba761-70ad-4199-8443-b1cf38f256f9,2026-08-16T14:01:18,beat app and best quality products are resnanable here,0,5,False,,
playstore,cb9f9463-d52f-44ed-95d3-7437aa389261,2026-08-16T13:54:28,great opportunity,0,5,False,,
playstore,65c2103d-d0d1-4fcc-9b17-b7ad67f8b933,2026-08-16T13:53:29,myntra is the best shopping plateform.,0,5,False,,
playstore,76508d15-48b0-4cdc-a85a-2bda95cc2550,2026-08-16T13:49:52,wow....very good product and delivery 🚚 fast,0,5,False,,
playstore,958acda8-4abe-4ed3-8983-50ae91c0ceb5,2026-08-16T13:49:10,isse accha aur bharosemand koi app nhi hai,0,5,False,,
playstore,42739b35-9e9f-4658-890d-fdce75b46446,2026-08-16T13:49:05,feel free fabric 👍 fitting is good,0,5,False,,
playstore,956e444f-5ea3-4845-8e79-a97f9d8a9f15,2026-08-16T13:43:16,awesome app for shopping,0,5,False,,
playstore,8b0a2773-0ccb-4654-8d1a-ed247ef0ca19,2026-08-16T13:37:40,it shows good quality products and best in budget,0,5,False,,
playstore,27554d66-eedf-4e0e-9fa4-f2e8f9c687b5,2026-08-16T13:34:58,good for clothes,0,5,False,,
playstore,8bf23220-4a9c-470e-bc98-6bf41ce3d978,2026-08-16T13:32:22,Myntra made shopping awesome,0,5,False,,
playstore,6bd3e260-b1f4-4b2f-85d5-6fface4d039e,2026-08-16T13:32:05,best quality ever,0,5,False,,
playstore,43403f15-7460-44d2-adf0-7b77fa165de2,2026-08-16T13:30:58,product is so good and reasonable for price 😄,0,4,False,,
playstore,d205ebdf-2a4f-420d-b081-0470506adad6,2026-08-16T13:29:29,good experience myntra fast delivery,0,5,False,,
playstore,21b79beb-e7b4-4835-97ff-5047bd7a60da,2026-08-16T13:25:25,"Looks pretty good, but should cross-check the prices first.",0,4,True,comparison_shopping,should cross-check the prices first
playstore,0a5bd4e6-e476-42e5-800c-f9a78f195a39,2026-08-16T13:22:09,very nice shopping app,0,5,False,,
playstore,79dfa5b4-fcd5-40e8-9489-8a81a65ca932,2026-08-16T13:21:27,nice experience,0,5,False,,
playstore,d8c10f95-e348-464a-bad2-5934860e4899,2026-08-16T13:19:02,very good experience 👌 👏 thank you soooo much 🙏,0,5,False,,
playstore,6d175f89-af33-4441-b656-52fe643e8412,2026-08-16T13:07:30,very good platform,0,5,False,,
playstore,0748e3d7-0dc4-42aa-aba8-3ef831f73834,2026-08-16T13:04:55,use too much AI pictures,0,4,False,,
playstore,2197e555-c53d-4b70-b45d-59bd0d702b38,2026-08-16T13:03:54,super productss,0,5,False,,
playstore,31ce432e-0868-4188-bd8e-164f0c61d472,2026-08-16T13:03:11,very trust full App.,0,5,False,,
playstore,71a2249e-c0b2-4508-b5fa-d3651975fa97,2026-08-16T13:02:35,Myntra is now turning into a very pathetic e-commerce platform. Had ordered footwear and was supposed to be delivered by Aug 12th. Then again it got rescheduled to Aug 15th. Both times it showed as out for delivery but the product was not delivered. Tried calling the agent but no response from the other end. Still have not received my order and it is showing out for delivery again. But the agent is not answering. Tried raising the issue twice but no help. Myntra customer care number is not wrkn,1,1,False,,
playstore,fa2ab709-9e38-4437-8e15-97fa0563dcb4,2026-08-16T12:56:12,best app for quality clothes,1,5,False,,
playstore,9085dcfe-a992-4aec-a2dd-f121c72f6f3a,2026-08-16T12:55:09,smooth like butter,0,5,False,,
playstore,04df8c2d-ae9a-4252-a885-815b83798d6d,2026-08-16T12:52:34,worth the price and top notch quality and its hub of different brands,0,5,False,,
playstore,64d62b2a-f920-4018-a31c-87e50a26a911,2026-08-16T12:49:30,nice products and there quality llm,0,5,False,,
playstore,b1a0c504-2a2a-4a0a-977f-59512deb1412,2026-08-16T12:48:33,"myntra sucks now a days, stop your AI agents right away",0,1,False,,
playstore,ff585f38-b087-4c1b-8c37-cd3cd6ad5855,2026-08-16T12:47:48,Best Cloth shopping app. I regularly Using.,1,5,False,,
playstore,5d42d34c-1d29-4c9f-9096-a026d2b0b660,2026-08-16T12:46:31,myntra doesn't give your payment back once order is returned I've faced this issue my money is sent in other bank and myntra is not taking responsibility and myntra is not solving issues and there is no option to change bank details separately,0,1,False,,
playstore,492d2d0b-aa73-49e0-8648-45e96198e214,2026-08-16T12:44:14,very great experience,0,5,False,,
playstore,80bc52c0-3f33-4254-b0f1-d4a244722993,2026-08-16T12:42:17,Sometimes the order gets delayed but overall it's a good app,0,4,False,,
playstore,0a97aac0-d316-4c68-b3db-bca3ac4c3538,2026-08-16T12:40:59,"Overpriced & No Return Very disappointing experience with Myntra. The product has an MRP of only ₹2,899, but I paid ₹700+ more than the MRP. On top of that, there is no return or exchange option available for this product. Customers should be clearly informed about such pricing and return restrictions before purchasing. Definitely not a satisfactory experience",0,1,False,,
playstore,468ccc5c-e6a7-4686-a190-311420b46314,2026-08-16T12:33:31,it was nice and easy for me to shop and look for items i needed,0,5,False,,
playstore,e8c06115-6bc9-4186-bd8a-99aad38a1277,2026-08-16T12:26:03,nice aap and service,0,5,False,,
playstore,79166d9b-4eb7-4e01-8007-505e2a9a5898,2026-08-16T12:24:52,very nice experience,0,5,False,,
playstore,ed5ac60c-2662-48c7-b4fb-3ed8036beae2,2026-08-16T12:21:54,the delivery atleast on my location always comes early products are good. app is minimal yet helpfull.,0,5,False,,
playstore,ca85c1e8-2de4-4a86-b27f-b2f0e81336f0,2026-08-16T12:21:52,Great app for clothing and footwear ❤️,0,5,False,,
playstore,f61f803d-44bf-4d2f-aab6-7527b14a61a2,2026-08-22T14:21:28,superb quality products,0,5,False,,
playstore,ae9120a6-04df-422a-ac52-5a988952fb42,2026-08-22T14:21:03,godddddd levell,0,5,False,,
playstore,1fb2e4e8-4076-4075-b10b-b6223714881d,2026-08-22T14:18:11,Best for branded item purchase,0,5,False,,
playstore,26a524a2-c4c0-4f1d-b0ea-ef0da5ed8739,2026-08-22T14:13:33,very useful app.,0,5,False,,
playstore,30bb6184-8c8e-406a-8277-a5e9db021d50,2026-08-22T14:10:42,nice product app online service best cosmetic thank you...,0,5,False,,
playstore,15dc6936-3bda-40b7-894f-c53919ce2c48,2026-08-22T14:03:39,Excellent quality,0,5,False,,
playstore,dd2d82b8-7032-4ce5-a829-e0a2264c0396,2026-08-22T14:01:52,one of the worst delivery apps i have every user,0,1,False,,
playstore,e22fa5a2-9265-4761-bdfe-8025fe529096,2026-08-22T14:00:49,Osam App But 199 Rs minimum purchase not Good,0,5,False,,
playstore,f41ec775-099d-40a8-b1e8-14ed007fec31,2026-08-22T13:58:53,very good aap 😊 trusted you,0,5,False,,
playstore,ca0e827e-93f2-4941-ab25-85f29b2afd64,2026-08-22T13:58:37,very helpful app Tqq myntra ❤️,0,5,False,,
playstore,bffcd68d-c175-45e5-b554-16db01acbcc9,2026-08-22T13:57:07,experience of shop from myntra is very good,0,5,False,,
playstore,2000773e-a5b8-4b4b-980f-f516f43966af,2026-08-22T13:55:58,very useful app,0,5,False,,
playstore,a8146f55-b0a8-4c14-aec2-051098f7de3c,2026-08-22T13:55:26,good experience 😃 myntra is good quality provided i am very happy myntra app but sometime delivery delayed sometime and easily exchange and return and refund so esliye no problem quality is good all products 👍my experience saying myntra is best app so i am telling anyone use myntra 🙏,0,4,False,,
playstore,a550bd98-7974-4509-94c7-ec1cceda4901,2026-08-22T13:53:52,Good experience shoping in Myntra good quality products provided,0,5,False,,
playstore,c0121213-e255-4848-a1c7-9691b0d07bd0,2026-08-22T13:52:47,one app for all fashion styles,0,5,False,,
playstore,34ad2f09-0d9e-4125-9d97-82d9c52d49d7,2026-08-22T13:44:26,"I have tried many shopping apps before but Mantra is the best in terms of product quality and shipping, everything is on time.Myntra's customer care support is also very good.And if I have to buy any beauty products or clothes, I prefer Myntra only.",0,5,False,,
playstore,6cc94a7d-c5ba-4fde-bc0d-46baa6370214,2026-08-22T13:41:25,awesome shopping platform,0,5,False,,
playstore,61c59ac7-c07c-4cf0-a7c0-886acc5168ae,2026-08-22T13:34:54,good one platform,0,4,False,,
playstore,2398ca51-f76f-4682-ad28-72d7a8e71b8f,2026-08-22T13:30:11,Wow this app is useful.😊,0,5,False,,
playstore,88759aee-8e1b-425e-a0ec-f9426bb9f06d,2026-08-22T13:19:43,"such a amazing product, I am also using since 2 year",0,5,False,,
playstore,c86e4d1b-094c-499b-8f1f-fbf8bc595729,2026-08-22T13:19:19,very nice and excellent,0,5,False,,
playstore,ad5ab391-83a9-4d79-ac73-14606d151ea8,2026-08-22T13:16:43,very good product,0,5,False,,
playstore,bce89aa1-1eea-4d3f-b559-bc6dfac55653,2026-08-22T13:15:52,Customer care is not useful at all,0,1,False,,
playstore,1bbac379-45ec-4895-88c3-25daf3257c4e,2026-08-22T13:15:16,expensive clothes in affordable price,0,5,True,price_consideration,expensive clothes in affordable price
playstore,be0e6128-ed7c-4e92-94b6-badf168d8e69,2026-08-22T13:07:34,einhave best experience,0,5,False,,
playstore,bc6428eb-43e6-4f57-b4c2-682f879f991a,2026-08-22T13:05:57,very good experience 💯,0,5,False,,
playstore,f2fbe82a-1b80-4fb6-86bb-aa9dbbd8785b,2026-08-22T13:03:22,very nice product 💯 and good 👍👍👍 price 💯,0,5,False,,
playstore,dfe1ce37-c018-4294-ac6f-d3fae2a51338,2026-08-22T13:02:30,no collections for men products. and now the developer responds asking for order ID to resolve the issue. such a nonsense. how can there be an order ID where there is nothing to order. LoL. junk site.,0,1,False,,
playstore,2345c8b0-dd1f-487b-992c-1ca6c21b3272,2026-08-22T12:51:32,very good products..,0,5,False,,
playstore,796d1a7c-bdd6-4be2-8c55-62fa6ed17120,2026-08-22T12:50:36,"very good quality product affordable price love myntra.Myntra is a great shopping app with a wide variety of products and brands. The app is easy to use, deliveries are usually quick, and the quality of products is good. The offers and discounts are also quite attractive. Overall, I’ve had a very good shopping experience with Myntra and would definitely recommend it.I’ve had a really good experience shopping on Myntra. The collection is trendy, the prices are reasonable, Myntra never disappoint",0,5,False,,
playstore,4f728b42-fa51-401e-b072-54bc7ad14828,2026-08-22T12:47:31,it's so amazing,0,5,False,,
playstore,e631e417-8f35-49ca-8db3-5d92d7965de3,2026-08-22T12:47:19,"Extremely poor experience with Myntra. My dress arrived without the loop tag, so I requested a return, but the pickup was refused because of a tag that was missing when I received it. I’ve spoken to 6–7 agents, wasted hours explaining the same issue, and still have to wait until 25th Aug. I need a replacement by 26th Aug, so I may now have to pay twice because of Myntra’s failure. Worst part: an agent rudely disconnected my call when I asked for a senior representative. Absolutely unacceptable.",0,1,False,,
playstore,1b8539ff-b45c-47e0-bbc6-24eca1603461,2026-08-22T12:47:12,good good not bad,0,4,False,,
playstore,85b7e73a-9d64-46b7-bea2-279a52a27b4c,2026-08-22T12:44:30,goin well till 5 days baxk unexpectedly deactivated my account with no reason dont know why,0,1,False,,
playstore,b11e6280-2bb8-4b82-a47b-517ef9f50f7e,2026-08-22T12:42:22,"such a beautiful cup set ☕️☕️commendable Packaging ,design is so cute and as per my expectation.Thank so much myntra for this beautiful cup set.",0,5,False,,
playstore,df87410a-e67b-422a-92db-f92129fed3c4,2026-08-22T12:38:32,best clothe shopping app,0,5,False,,
playstore,4387c349-4737-4439-aa09-a03045a7475e,2026-08-22T12:36:58,good for meh every style available,0,5,False,,
playstore,8fbd2065-e1ec-489d-9a38-e7e088ab2fed,2026-08-22T12:33:01,very nice easy returns and exchange,0,5,False,,
playstore,f42f891e-c317-4099-9526-23bb927d3fab,2026-08-22T12:32:34,good product love it,0,5,False,,
playstore,a41d5874-c7fe-4c58-9f06-e7385dc1f491,2026-08-22T12:31:48,Good and effortless ordering experience and let's not say anything about the quality and affordability of the products. The range is vivid and thus making it accessible for all lovelies out there! 🌟🌟🌟❤️❤️,0,5,False,,
playstore,6eb938a4-14bf-441d-ab03-67f5ad363c9c,2026-08-22T12:26:12,Its been years of using Myntra and it's my go to app for shopping but now repeatedly delivering wrong products. So disappointed with their service. Either change your sellers or improve your service.👎,0,1,False,,
playstore,6199a08d-89a1-4f44-839d-3da14106227c,2026-08-22T12:19:52,extraordinary 🤩,0,5,False,,
playstore,4b90d5ff-e768-451a-a67f-4a32a7a1c450,2026-08-22T12:18:35,best app for shopping,0,5,False,,
playstore,ba3e814f-d5ff-478b-9294-cd89113f2ed2,2026-08-22T12:10:22,best product quality,0,5,False,,
playstore,69496248-7943-41cb-ae1f-d5a420343fc5,2026-08-22T12:05:13,very affordable shopping app,0,5,False,,
playstore,02a62d25-2b4f-4427-b660-95d3dbf5e756,2026-08-22T12:03:20,excellent 👌👌👌👌💗💗💗,0,5,False,,
playstore,86fdd3f8-bfd5-497f-a8d3-025f6015634e,2026-08-22T11:59:22,"The return process gets a little hectic at times, otherwise it's a nice app for quality shopping experience.",0,4,False,,
playstore,9a8b9da2-6adc-486e-90a6-107644633c43,2026-08-22T11:58:36,very bad service don't buy any kind of products totally waste,0,1,False,,
playstore,732a1253-5dfc-4689-b5cb-13c6c6b0d42f,2026-08-22T11:58:13,very bad costumer service,0,1,False,,
playstore,a8b956d2-5005-4d01-bdd4-6f76af34ef1f,2026-08-22T11:56:48,amazing experience,0,5,False,,
playstore,f054dca3-2b03-4a72-af87-cc6edabc1b4c,2026-08-22T11:48:54,that's really amazing experience with Myntra everytime . It never disappoints.,0,5,False,,
playstore,2707bc94-f943-4356-883b-9de1ca80f71e,2026-08-22T11:44:13,Great deal on time delivery,0,5,False,,
playstore,3ec8fb9a-eb18-47e5-b56e-0502cb71d55b,2026-08-22T11:39:44,really fantastic shopping app,0,5,False,,
playstore,e4302eb7-1c70-4c2a-a746-d3016ae092b4,2026-08-22T11:29:56,this aap is good for shopping,0,5,False,,
playstore,a2b9195f-d0a6-43e0-b34f-eb58274417b0,2026-08-22T11:27:22,good app everyone must use best reasonable budget friendly app,0,5,False,,
playstore,6d0d9587-76a1-4bb9-abaf-901f53b1f29c,2026-08-22T11:26:35,Lovely experience,0,5,False,,
playstore,16535476-da83-446f-8f7b-f08743f486c4,2026-08-22T11:25:33,"good but little expensive, quality was much good",0,4,True,price_consideration,little expensive
playstore,4c48c8ac-5774-492a-9065-cca7d246e544,2026-08-22T11:23:00,worst servicee ordered a product at 13 august estimated delivery date was 16th of August today is 22 aug no update yet and also no response from team,0,1,False,,
playstore,80f6f98a-b7f5-40ef-8478-63f3a2ad198d,2026-08-22T11:16:42,"superb app for shopping, best products in best price",0,5,False,,
playstore,ecb209e4-52a5-4a8d-abfc-c45e1ec4c112,2026-08-22T11:15:25,very good service and decent products,0,5,False,,
playstore,ed59c194-f6d3-4ca5-91c1-155b0afc8097,2026-08-22T11:05:19,"The price breakup should be much more transparent. Customers should be clearly shown where their money is going and how much is being charged by Myntra, the seller, logistics, platform fees, taxes, or any other service. In my case, ₹171 was charged as GT charges, but this was not clearly shown in the app's price breakup. Customers should not have to download separate invoices to understand where their money went. Please provide a complete and transparent breakup of every charge before payment.",0,4,False,,
playstore,e4583a02-0d49-45ea-b193-7ddc915a222c,2026-08-22T11:03:29,easy to find staff at reasonable price discounts and free shipping vouchers make it worth using,0,5,False,,
playstore,834adac8-62f2-479f-a5af-9352da00e2c2,2026-08-22T10:55:34,best quality products,0,5,False,,
playstore,4e11ef95-4f71-4036-9b64-8edad12e5387,2026-08-22T10:55:21,i like this app so much and like to purchase from here...and i love the ultimate gc so much,0,5,False,,
playstore,7b4ecdf4-0ef4-49c5-af58-ba227e197234,2026-08-22T10:54:56,it's awesome one to have window shopping,0,5,True,browsing/window_shopping,window shopping
playstore,155cb7ec-052f-4700-884b-933f2a982222,2026-08-22T10:54:34,"Title: Worst Experience - Fake Delivery Update & No Support!Myntra app is showing my as ""Delivered,"" but I have NOT received my package! No delivery guy called me, and no OTP was asked. Customer service is not helping. This is fraud. Please look into this immediately and refund my money! #not accept this kind of service from myntra",0,1,False,,
playstore,03e668a2-8a87-4391-b26d-79ae36d559ed,2026-08-22T10:50:27,"⭐⭐⭐⭐⭐ Excellent Shopping Experience! “Great collection, good quality products, attractive discounts and easy shopping experience. Delivery is usually smooth and the app is very easy to use. Highly recommended for fashion shopping!”",0,5,False,,
playstore,3096d9ba-855f-4878-bdd4-d4eada3809db,2026-08-22T10:46:53,worst app ever my order has been delayed by more than 10 days and when tried to contact the helpline many times but all agents are busy the help chat is aslo of no use then complaint in Myntra grievances still no delivery or refund for my items.,0,1,False,,
playstore,53d08804-d008-4989-afef-9703b93c3ff3,2026-08-22T10:41:52,excellent App with very nice quality product. Sometimes products are delivered earlier than expected,0,5,False,,
playstore,5811cbea-8c81-440d-bdd5-2d4570331224,2026-08-22T10:29:53,"Costing too much extra fees, convenience fees n that.",2,1,True,price_concerns_purchase_hesitation,"Costing too much extra fees, convenience fees n that"
playstore,902de596-2c3c-4176-b031-ec6b99bc9cbe,2026-08-22T10:29:12,return is available but not pick-up and if dilevery boy come he say you have to talk with agent your yellow colour tag cafe is not match with our app and i have bill and yellow tag also and reture packaging is also safe but not help center ans and not pick-up what i do nowe????,0,1,False,,
playstore,89d0ae8d-4625-4c0d-88ba-ba08334c0b43,2026-08-22T10:25:41,excellent quality,0,5,False,,
playstore,5f2a19fe-ccb2-4839-a6ff-2525af64a758,2026-08-22T10:18:36,awesome and well experience for all .,0,5,False,,
playstore,e9d7b230-1c12-4f94-91b7-f52869e81a1c,2026-08-22T10:17:23,best app for clothing,0,5,False,,
playstore,c7a14177-71a9-4081-a153-faed114272c7,2026-08-22T10:12:54,everything's quality is good and everything is budget friendly,0,5,False,,
playstore,f0be2728-a6b5-499c-aeb6-dc03bc02d101,2026-08-22T10:04:15,easy to shop with fast delivery and decent collections,0,5,False,,
playstore,b4b2b06e-e09b-43cf-8396-d2f72cb63263,2026-08-22T10:02:32,best shopping app,0,5,False,,
playstore,6bbb7bcf-d230-4b31-a0ac-84f27d79a170,2026-08-22T09:55:13,very good collection of quality cloths,0,5,False,,
playstore,3546eb3e-3754-430e-a251-5b1017660df7,2026-08-22T09:50:20,very very good app for shopping. i have been using it since 4 years and it is great,0,5,False,,
playstore,2bb5d38f-8808-4e34-b4b2-f5f936749fff,2026-08-22T09:48:14,"Excellent shopping experience with Myntra! The product quality was great, delivery was quick, and the overall service was smooth and reliable. I’m very satisfied with my purchase and would definitely recommend Myntra to others.",0,5,False,,
playstore,03a18532-b2d5-41b3-b7cb-dd92f8a40dfd,2026-08-22T09:47:44,myntra is best shopping app and give a best quality product.,0,5,False,,
playstore,0f13a1e1-7638-49da-8190-29de114ca3f4,2026-08-22T09:46:38,"This is terrible. I ordered a parcel; the app showed it as 'delivered,' but it never actually reached me. When I complained, they said there was nothing they could do about it. That is why this app is truly useless 😡.",0,1,False,,
playstore,ac7c0c7c-e452-47ce-b570-5fb8af1bd272,2026-08-22T09:44:22,Best quality 👌 fast delivery and very comfortable material,0,5,False,,
playstore,226e4596-874c-4226-a402-c1048db91fb1,2026-08-22T09:36:29,best experience with myntra,0,5,False,,
playstore,c0fd1fbc-0d18-40c0-a118-bc832d1d4ba4,2026-08-22T09:35:18,"Myntra has the worst customer care service, first of all it's so frustrating to talk to actual agents, the A.I always stating that all agents are too busy. Then even if you do talk to one they are unable to comprehend the issue. I'm never ordering from Myntra again.",0,1,False,,
playstore,6a890cc8-e6c8-4f1e-b125-3c3f4c776a92,2026-08-22T09:32:34,the experience was amazing the jeans quality are 10/10 and delivery as got expected i would recommend myntra for your shopping and I'm happy with that it's great deal I've ever had so hurry now,0,5,False,,
playstore,28acc929-8240-4d3e-9cdb-a72070168a77,2026-08-22T09:32:27,easy to use and perfect,0,5,False,,
playstore,ce8f1c02-33e0-46ec-b6df-057bbcf42291,2026-08-22T09:26:44,I have been using this app from last 5 years without any issue but from this month they have are scamming they sent me different product also didn't refunded my money I have now trust issue on myntra pls be aware,0,2,False,,
playstore,df64da02-d831-4da9-845d-25a648504576,2026-08-22T09:25:49,this app is very excellent because you find any products in low prices in good quality,0,5,False,,
playstore,160973ea-5f87-4274-a57a-eeaca84ca253,2026-08-22T09:21:33,Fraud Myntra delivered the wrong product by myntra and still didn't get any help from myntra team so I recommend not buying any products from myntra. #NOT Buying Any Products From Myntra.,0,1,False,,
playstore,479c9081-7649-46bc-b9c8-110d6eba4ddd,2026-08-22T09:18:49,100% original product and low budget friendly price thnaks mayntra,0,5,False,,
playstore,7e4c0c3b-ae0b-4677-adcc-604b1c989f5a,2026-08-22T09:16:22,nice app with 100 percent original brands,0,5,False,,
playstore,bd856ef4-119d-4079-9fc5-169a3903f57c,2026-08-22T09:14:37,so bad experience sorry to say but.. for real jus bcz my order refund haven't received,0,5,False,,
playstore,1d380a14-c05b-49d3-a1d1-46ac51f31c53,2026-08-22T09:12:18,"Myntra is a very good platform for fashionable items, very good quality with good service 👍. Thank you Myntra team.",0,5,False,,
playstore,319d108c-881b-460e-9740-58be068d906b,2026-08-22T09:10:06,wonderful app with amazing products,0,5,False,,
playstore,db316899-4d5e-4067-81ce-af428d7c7c81,2026-08-22T09:08:36,such wonderful App-Fashion.if you give original condition of material to display on App.Trusting Myntra.keep move on...,0,5,False,,
playstore,423f2522-2ba6-4ac2-8692-23b6d7ee1cec,2026-08-22T09:01:28,everyone must use this app,0,5,False,,
playstore,c621938c-8ed5-42f8-90ac-fbe3fb75cf25,2026-08-22T08:54:43,"myntra has more unique and trendy fashion options then any other apps in my opinion, love it!",0,5,False,,
playstore,9958d1ea-ec43-4f55-bdb7-717fcce32fb0,2026-08-22T08:51:36,u could even add spots jerseys both fan and player edition,0,5,False,,
playstore,1338b85a-14fe-42d1-b417-4b9b8745f232,2026-08-22T08:40:45,my honest rating 9/10,0,5,False,,
playstore,2b074163-4dc9-43d1-85b9-175c9f28341b,2026-08-22T08:35:19,suddenly my account got deactivated(showing deactivated for security reasons) and I'm unable to contact customer care. there is no info for me. this will lead to losing trust in myntra. totally disappointed.,0,1,False,,
playstore,5cd7eaf3-556e-4d3a-94e3-59af46c2dbdc,2026-08-22T08:26:03,Excellent Quality at affordable price!,0,5,False,,
playstore,3a862574-5fdd-4aa8-90dc-cb0ebc406177,2026-08-22T08:23:14,loved it good quality and worthful for money,0,5,False,,
playstore,8dc210e7-eff8-4926-8121-302a59c8f9c7,2026-08-22T08:21:26,"Very bad experience with Myntra. My order was cancelled by Myntra due to “unforeseen circumstances” without any proper explanation. I was expecting the product, but instead the order was simply cancelled. Very disappointing service and poor customer experience. Myntra should improve its delivery and order management.😡🤬🤬",0,1,False,,
playstore,7d1995b3-ba4b-4c39-bfd8-b8c782999a5d,2026-08-22T08:21:23,my experience in using the app is great,0,5,False,,
playstore,49f0122c-ca91-4c79-a32a-dbfcd625df0c,2026-08-22T08:20:35,good app for shopping,0,4,False,,
playstore,7c36d803-cf62-4987-91dd-7dc8de4cd756,2026-08-22T08:05:41,nice app for shopping,0,5,False,,
playstore,33946aea-39cd-40ce-bacb-886eaef85046,2026-08-22T07:59:29,Good shopping app,0,5,False,,
playstore,c2a3b727-6a67-4f20-81ce-7acadefdffc4,2026-08-22T07:58:59,mynta is a very trusted app for buying clothes.it's very easy to use. keep shopping and shine by order on mynta. thanks,0,5,False,,
playstore,0b7ceb90-1c25-4880-97f0-a60ea5e0ab93,2026-08-22T07:54:12,this app is so good and also affordable with good quality,0,5,False,,
playstore,fd79ecb2-c3ff-46fb-9f31-0bdc40a591b5,2026-08-22T07:52:39,"Worst service, worst customer care support. I wanted to enquire about quality issue of a product received and they never cared to give me a proper response. They even rejected to post a negative review and only posted my review after censoring. Such a pathetic platform. They don't even deserve 1 star. (may be my frustration)",0,1,False,,
playstore,19a49bf6-f9f3-44f6-8a04-8ba9accd8cd3,2026-08-22T07:48:20,Myntra is perfect,0,5,False,,
playstore,0baa95fe-a105-4caa-acc2-17b8a48b55dc,2026-08-22T07:43:21,well experience with this app♥️ Everything is reasonable 👍🏻,0,5,False,,
playstore,75023222-6e1e-44d5-abd2-0f576cf2cb83,2026-08-22T07:42:19,"Excellent in terms of variety, diversity and choice; all at reasonable prices with various offers ! You just have to pick what suits your taste and budget ! Always or majorly, a smooth, and happy experience with minor shipping and delivery hiccups, here and there ! Keep going ! Good wishes Thank you",0,5,False,,
playstore,90d23660-fe6e-41c6-9f5a-5465dbfff7e8,2026-08-22T07:33:48,never get a wrong product from this !!,0,4,False,,
playstore,198da1e1-870e-4947-9508-389f611f442b,2026-08-22T07:12:00,"​""Ordered this suit as a gift for my mother, and she absolutely loved it! The fabric is soft, breathable, and comfortable for all-day wear. The fitting and color are exactly as shown in the pictures. Totally worth the price!""",0,5,False,,
playstore,3fa03075-ca00-41d7-b1e9-db3c6ad054fd,2026-08-22T07:07:43,best shopping app especially for branded clothes,0,5,False,,
playstore,18a0b495-6452-43af-9441-9bc3322a78f3,2026-08-22T06:59:29,"very good app, facility is good and service return is very good",0,5,False,,
playstore,2ea03fe8-addf-42d9-9bca-75ba73641013,2026-08-22T06:56:51,myntra was best,0,5,False,,
playstore,7f1c2c60-7e11-49fe-a867-302a3b28dcf9,2026-08-22T06:52:02,Excellent Shopping Experience Good Offers 👍,0,5,False,,
playstore,7dbd721b-00dc-47b1-b987-97bf342642be,2026-08-22T06:49:34,very nice product,0,5,False,,
playstore,8cafbff3-f6c0-4e50-b5b2-4d3cd77fe572,2026-08-22T06:25:00,bahut achha platform hai,0,4,False,,
playstore,2e4ee96c-0ba9-49d3-9081-80ccc0ae5fef,2026-08-22T06:14:24,Good Platform for Originals with discount,0,5,True,price_timing_consideration,with discount
playstore,0ee81873-b6df-4fcf-8e9c-9a7f6acca1c8,2026-08-22T06:04:21,evry product is sooo good nd affordable with good quality......it's first time I order nd product is so good....nd service is also good fast delivery.....my border nd sister always buy from Myntra I thought I can't afford but it's budget friendly nd good....thank uu,2,5,False,,
playstore,1d683d2b-078c-405b-84d6-b6b9bf56fea1,2026-08-22T06:00:42,"Absolutely love Myntra! Great collection, smooth app experience, amazing deals, and fast delivery. Shopping has never been easier!",0,5,False,,
playstore,1526e4ba-0a13-45a0-89e2-4130e225748a,2026-08-22T05:47:00,experience good,0,4,False,,
playstore,4d5a1a55-f6e0-4d59-83a6-d021411776d9,2026-08-22T05:28:27,good product s they can delever,0,5,False,,
playstore,0123bbd6-64d4-4e2c-87f2-d21cabf50c65,2026-08-22T03:56:47,outstanding app available only genuine products.,0,5,False,,
playstore,8ed0e961-0f68-48c5-8348-a32044f1ce0e,2026-08-22T02:39:34,"Such a dramatic downfall of Myntra. Cheap, Chinese-market products at sky-high prices, even the model photos are AI-generated—making it impossible to judge the fit, fall or fabric. Ordered 10 dresses and returned every single one. Honestly, it’s time to uninstall Myntra—Savana is much better!",0,1,False,,
playstore,76c4293d-132b-499f-b164-5d412d71568d,2026-08-22T01:50:05,Very Easy User Interface,0,5,False,,
playstore,6962237e-2747-47b7-a6cf-3e9d9c2b3a2c,2026-08-22T01:39:28,Best quality and best offers love it,0,5,False,,
playstore,a4bbc876-03bc-490d-929c-335cf2c5a669,2026-08-22T01:35:23,awesome 💯 I love myntra,0,5,False,,
playstore,1a5114a0-06bc-436c-bec3-996bea2cf975,2026-08-22T01:30:22,"yese chutiyalandi company maine kahin nhi dekha, sethji ko paise kamana ho toh bhik mange, ya apne ghar wale ko bhade pe lagaye, hamara Paisa kiyon kaat ke le rahe ho ,",0,1,False,,
playstore,6096828a-8296-42df-a371-cba3b25c2a30,2026-08-22T01:16:23,Evening thing is better and use full all are good but delivery and package are not good because recently I ordered Puma shoes and i received my order but my shoes box is not good 👍,0,5,False,,
playstore,46c5afec-f68d-44c6-a6e8-a87e13fb113a,2026-08-22T01:08:20,its a trusted and original site,0,5,False,,
playstore,428b7ecf-743d-46dc-bf20-45bb867e440b,2026-08-22T01:07:41,I like shopping here. Myntra gives great deal at a decent price. The only reason I'm giving you 4 star because you stopped giving me mycash coupons🫠🫠.. other wise you're the best.,0,4,False,,
playstore,09be7063-592f-4b32-8c06-0f4f7401f8ef,2026-08-22T00:56:48,nice experience,0,5,False,,
playstore,2a9e394e-908a-48f9-94a3-f59dd4a44fc3,2026-08-22T00:56:34,I realy like this app because I need south Indian lehnga and mytra always give me fastest diliver order I am happy using this app. love you myntra,0,5,False,,
playstore,8de36aaf-b4f5-4029-8880-78833e828d40,2026-08-22T00:51:37,The shopping on this app is so smooth,0,5,False,,
playstore,14213ccd-529c-4837-9919-98a311820f99,2026-08-22T00:47:57,always good service when I raise return item same time I got refund,0,5,False,,
playstore,fd700659-6844-466a-b6a6-88126587ffc3,2026-08-22T00:47:41,very bad experience.preoaid order placed 2 weeks back and no update,0,1,False,,
playstore,6b9ab689-7bf7-4ce5-8335-cc0be4d6e434,2026-08-22T00:40:51,very good very nice 👌,0,5,False,,
playstore,1d6f0b52-2d2e-40d0-8c91-62b1e5aaecf0,2026-08-22T00:39:20,can you stop this Ai model bs ? I'm fed up of if,0,1,False,,
playstore,1a652b6d-dc74-4b0f-8d0e-64ca22d332bf,2026-08-22T00:38:56,"recently had worst experience with Myntra. For two consecutive orders they delivered wrong size. I ordered 4 UCB tshirt size S, however they delivered all M size, I returned it and thought mistake could happen sometimes. I then ordered two new UCB tshirt size S, again they delivered size M, this time I was really very frustrated. I was shopping for my travel, and now the exchange date is after my travel date.",0,3,True,size/fit uncertainty causing delay,"I was shopping for my travel, and now the exchange date is after my travel date"
playstore,3b52112a-b05b-4e52-848d-b7258f9fc779,2026-08-22T00:30:03,"outstanding overall service, trusted and loyal.",0,5,False,,
playstore,d4a04135-bfef-4ab6-baa6-0375227a5687,2026-08-22T00:25:34,"very bad,iska saman bahut mahenga hai or mesho shopsy se dubble rate hai ,isse badhiya mesho shopsy hai",0,1,True,price_comparison_shopping,iska saman bahut mahenga hai or mesho shopsy se dubble rate hai
playstore,03401653-7c7f-4284-8029-d8233f65b05f,2026-08-22T00:16:10,having good experience with myntra. Good online shopping platform which provides High quality products in affordable price. I recommend myntra for their services and quality.,0,5,False,,
playstore,6a7c3153-a306-48de-b02f-cb4a242b1e28,2026-08-22T00:14:26,better than other app,0,5,False,,
playstore,f423ce2d-cc87-4cc8-82bb-1e94588b3181,2026-08-22T00:13:42,it's a good product,0,4,False,,
playstore,f73e4d42-1d7c-4938-bba7-afa9e8900b9d,2026-08-22T00:08:24,jut like wow so beautiful ❤️,0,5,False,,
playstore,c1186651-83b7-40c1-9c9b-44a1fd949c31,2026-08-21T23:41:07,"--- *Myntra is not just a shopping app, it's a fashion destination. ❤️* What I love about Myntra: *1. Huge Collection:* From top international brands to Indian labels, everything is in one place. Whether it's casual, ethnic, formal, or gym wear - you find it all. *2. Quality & Authenticity:* Every product is 100% original. The quality is always top-notch. *3. Amazing Offers:* Sales, discounts, and Myntra Points make shopping super affordable.",0,5,False,,
playstore,873fb625-1b6d-4590-a95a-9ccf6c6996ed,2026-08-21T23:40:25,bakwass aap hai mut use karo...return lene koy ata nahi aur refund bhi nahi milega ..west of time app location..froud app hai play store please delete Thair licence. don't buy anythings...,0,1,False,,
playstore,a956970b-ddd8-474e-b560-f4c4391ba32d,2026-08-21T23:39:10,The only thing that makes this app interesting is the discount codes that they offer in special events overall it's quick easy and convenient,0,4,False,,
playstore,0bb96eb9-358c-4601-ae6d-c891a0d8087c,2026-08-21T23:34:09,The overall experience is unsatisfactory. Very poor customer service support team. Their representatives are always busy and the chat support ends abruptly always.,0,1,False,,
playstore,a33244c8-77af-420b-a4af-f4a9fbec736e,2026-08-21T23:33:21,"worst service,After accepting the order myntra cancelled the order on the exact day of delivery, for which i waited the whole day.",0,1,False,,
playstore,9550410c-987f-4900-8c29-6bd3ff564b9e,2026-08-21T23:32:19,myntra is the best online website for shopping. I'm using this App from years..,0,5,False,,
playstore,0a261671-f782-437c-8dd8-7b7d14088fd4,2026-08-21T23:30:46,please make some discount available for users,0,5,True,price/sale timing considerations,please make some discount available for users
playstore,066cfba8-718b-470e-a524-3e1add6a4d29,2026-08-21T23:24:33,very good shopping experience,0,5,False,,
playstore,aedbbbe5-6876-45f6-a149-daedeab8b8c1,2026-08-21T23:17:14,Geniune product and return or exchange are easily,0,5,False,,
playstore,51aba27e-3f91-4d42-a157-a32b94d53713,2026-08-21T23:16:29,"""Myntra is my absolute go-to app for fashion and lifestyle shopping! The user interface is very smooth, search filters are highly accurate, and the sizing guides are mostly perfect. Delivery is usually on time, and refunds are processed swiftly. Highly recommended!""",0,5,False,,
playstore,35fece01-9baa-442e-977a-c3f514992c21,2026-08-21T23:04:14,love this app.. purchase product with less money ❤️😋,1,5,False,,
playstore,f594410e-11dd-4450-92ba-1ef9110de7e6,2026-08-21T23:03:32,worst app for online shopping no proper response deliveries being cancelled for no reasons repeatedly cannot raise complaint no proper response to the complaint raised,0,1,False,,
playstore,1c86d563-603e-415a-9979-d03f63e3d935,2026-08-21T22:53:05,excellent collection,0,5,False,,
playstore,187856aa-6509-4c97-b0a5-c37b98e8779b,2026-08-21T22:51:09,best app ... never disappoints,0,5,False,,
playstore,24fa8228-1292-4069-be1a-be41485207c8,2026-08-21T22:49:02,Amazed by this app!,0,5,False,,
playstore,e517f612-6b82-4594-9d4b-38b7f506e7f9,2026-08-21T22:43:54,worst delivery service 💦💦 no support just ai,0,1,False,,
playstore,bd38805d-67c5-401f-b2fc-9f36df6a8e1b,2026-08-21T22:43:49,A good store for all things,0,5,False,,
playstore,2e4d4ec2-117f-4272-8bad-143b40007494,2026-08-21T22:41:38,"I love u mintra.. great deals on all products, daily cash rewards, also got big cashback after shopping. love it thank very much..",0,5,False,,
playstore,0b641ab4-beef-4711-afe5-c28cb084ad43,2026-08-21T22:41:07,all products are of good quality in myntra,0,5,False,,
playstore,803e1828-ee04-4130-884b-27912a113a07,2026-08-21T22:40:33,quality products,0,5,False,,
playstore,c5a05c55-dc45-4127-a9d6-826b28d77278,2026-08-21T22:38:20,Not available coupons only when new account login please fix this Myntra,0,3,False,,
playstore,a8893d7e-1461-4ee9-b1cd-c2d020334acf,2026-08-21T22:27:55,awesome fits in myntra ❤️‍🔥,0,5,False,,
playstore,68aeea04-85b6-4f9b-97ac-d1bc763ef67d,2026-08-21T22:24:46,very good experience 👍🏻 thanks Myntra perfect shopping app,0,4,False,,
playstore,9df847e1-e316-4323-acfe-59aa4898d287,2026-08-21T22:23:14,this is cheating app they are not responding for their customers and really feel bad of ur service fraud,0,1,False,,
playstore,83c2137c-c15d-467f-8ee8-a1ad1de0596d,2026-08-21T22:22:28,It's far better than other shopping apps bcz I tried almost all the famous shopping apps that delivered different item from the shown image but this can't happened with myntraa,0,5,False,,
playstore,44d768e2-1e2d-46b1-a679-1317f7f5c2fd,2026-08-21T22:20:56,very very good products in mytra app,0,5,False,,
playstore,305b2882-15d3-41ed-a471-04131a478950,2026-08-21T22:17:11,worst app as there is no proper reply from customer care support. if we place an order it will get delayed without any proper reason. if we return the item they will take more than one or two months to pick up that item. sometimes they will send used products. I know that my comments and reviews will be removed. but still I can say their customer care support services are too bad..,1,1,False,,
playstore,3d7c3387-21e9-464d-8369-e1fbf3b96fda,2026-08-21T22:12:21,best to buy good products,0,5,False,,
playstore,755fb178-e9a6-4baa-ab48-7e95146d20f9,2026-08-21T22:07:43,They are cancelling the order more than twice and saying that ( Unfortunately we have to cancel this order due to unforeseen circumstances ) ......,1,1,False,,
playstore,61c924cb-bf85-4a64-924a-5f3759bf824d,2026-08-21T21:48:40,super qulity iteam. this itam good clour and good clath and good,0,4,False,,
playstore,c591ae74-fc10-49b5-8296-eb7ea03c5a4d,2026-08-21T21:45:32,it's really good place for shopping. I love this plateform because this is very trusted and quality.also give me 1st priority of customer.,0,5,False,,
playstore,3a16d168-b8ab-4c8e-a98a-cb023248db2e,2026-08-21T21:42:31,These people are absolute scamsters. They never deliver products on the promised date—either the order gets cancelled or it keeps getting delayed. Don’t trust this app or its fake delivery promises. I’ve never had such a terrible experience with any other online shopping platform. Either improve your service or shut down your operations. Stop misleading and fooling customers.,0,1,False,,
playstore,9abc79e8-5f32-442f-ad0d-453aa290ebd7,2026-08-21T21:32:30,Best user interface,0,5,False,,
playstore,b8b7039d-6eb7-4000-954e-4c01b8348236,2026-08-21T21:28:45,this is an very good app,0,5,False,,
playstore,ee82add4-b960-4ef2-bdf4-c570b1d72992,2026-08-21T21:26:38,overall good 👍 👌,0,4,False,,
playstore,a4b4a3b1-f955-4575-a097-e6b22b2ea33a,2026-08-21T21:26:25,it's very interesting,0,5,False,,
playstore,feeeff11-f0b4-4e15-8065-648c320f6a29,2026-08-21T21:20:38,thank you Myntra,0,5,False,,
playstore,215a2923-a7de-4998-bd16-620c10d7c5d3,2026-08-21T21:19:28,"very affordable,and many offers for users are there",0,5,False,,
playstore,89c5474b-ff29-462c-8d43-023ac9fa7466,2026-08-21T21:14:56,super quality products,0,5,False,,
playstore,0a51c64f-dd6f-44fd-bbf9-3edb4779415f,2026-08-21T21:09:40,I'm satisfied with this shopping app. I ordered a highlander and I received the highlander that I desire,0,5,False,,
playstore,e37a77a8-6d79-4be9-a575-4291919a019b,2026-08-21T21:08:07,delivery should be in between 11am-1pm it should not be late,0,5,False,,
playstore,daf0df35-9cf8-457e-98f7-2f18091d2800,2026-08-21T21:05:13,"This app is very useless and very bad. It does give you a discount but whatever you ask for, it will not give you that thing, it will give you something else and will replace it. It is so bad but there is nothing to say brother👍🏻",0,1,False,,
playstore,b97d9282-b3f9-440e-8022-e91e44006a79,2026-08-21T21:03:04,Reliable and easy to use.. service is best.. easy to return and exchange...,0,5,False,,
playstore,33336b9e-7b27-41b0-b67e-faa8e0b74b79,2026-08-21T20:57:46,is a very happy pk,0,5,False,,
playstore,043b4c93-0973-4c28-8566-2b205eee0be3,2026-08-21T20:57:11,nyc app perfectly working,0,5,False,,
playstore,d6772154-62db-42dc-8a01-f2208dffb339,2026-08-21T20:52:26,best app shoping,0,5,False,,
playstore,1c2bf820-8b65-4bec-b5a9-0a739a561bad,2026-08-21T20:49:38,Best app for fashion,0,5,False,,
playstore,fd75ed07-f409-41c1-adeb-de3507de86cf,2026-08-21T20:49:15,amazing app really fabulous 😍😍😍😍😍 products 💓💓💓💓💓 you can buy from here .,0,5,False,,
playstore,a1b9345d-1f84-4700-870b-ed44a302ea4b,2026-08-21T20:45:28,sab proudest original milte ha,0,5,False,,
playstore,abc2acb3-35a6-473b-b067-e5f06f9de8c0,2026-08-21T20:45:21,material and fitting is good 👍 good for it,0,5,False,,
playstore,6457c345-5a43-4339-a7b4-3f89a8bea87e,2026-08-21T20:43:34,best app with latest collection,0,5,False,,
playstore,511aa7b0-ca0f-4633-aaca-07e0e256768f,2026-08-21T20:42:27,very good experience💓,0,5,False,,
playstore,64f4d6fb-e779-4bcd-a5e7-613f8df3cb73,2026-08-21T20:42:27,The product is great a,0,5,False,,
playstore,d1674e8e-3541-460a-80b6-afa27f714ade,2026-08-21T20:41:50,quality is best 👍💯... go for it guys,0,5,False,,
playstore,ff10771c-0323-4797-9a4b-7c03bf8618fc,2026-08-21T20:41:11,good and trusted products,0,5,False,,
playstore,ea3ba1f9-4f20-43fd-b9c7-2050ae754c11,2026-08-21T20:40:40,good fabric good size,0,5,False,,
playstore,2583e05e-348b-482c-af65-2bff59e840c0,2026-08-21T20:32:23,Good app for fashion related shopping,0,5,False,,
playstore,06984bba-c3a5-4659-ae3a-e98f8ce47c7e,2026-08-21T20:29:31,bahut achcha app hai,0,5,False,,
playstore,052393a5-9bc0-4b5c-aa53-d207ca1f0476,2026-08-21T20:28:02,All good but I'll give 4 star coz I don't like to pay the platform fee,0,4,False,,
playstore,689adbba-0044-447c-affd-8c6595239d89,2026-08-21T20:20:04,"fraud I received a wrong product from Myntra. I raised a return request and even uploaded the images, but no action has been taken yet. It’s very disappointing to face such issues I am highly disappointed with my recent order. I received a duplicate/fake branded product instead of an original one. I trusted Myntra for genuine products, but this experience has caused me inconvenience and loss. fraud fraud Very disappointing experience with Myntra. fraud scammer",1,1,False,,
playstore,7016f5cf-ed85-40d5-be9e-43202f0a0e6b,2026-08-21T20:18:47,best quality clothes and variety available at best prices,0,5,False,,
playstore,79ad732a-9303-40e4-9ec4-0973df8dceae,2026-08-21T20:16:02,loved the discount they provide on big brands,0,5,True,price/sale timing,loved the discount they provide on big brands
playstore,033df7b0-05af-4b9c-a7ac-d788bb1d1c23,2026-08-21T20:07:24,Better than best,0,5,False,,
playstore,2b86dcfc-ba06-40d7-a463-23cf42867e85,2026-08-21T20:03:00,this is too good app and this helpful and to trusted app,0,4,False,,
playstore,6bf6ab8b-9fcf-478b-b8e3-97f38413d1c3,2026-08-21T19:55:31,"Myntra service day by day getting worst. Delivery service is very bad even after charging bogus platform fee. Its so ridiculous, this company eating commission from seller and customer as well by charging platform fee. This issue should be raised in appropriate platforms. Review date 21.08.2026.......... Mytra's service is terrible again. Orders are getting canceled without permission.",0,1,False,,
playstore,3049a672-9b1c-4aad-a4bf-468e1d53eae2,2026-08-21T19:50:18,great app...wow,0,5,False,,
playstore,50a48919-a74b-449b-8877-ad14fb32e7e5,2026-08-21T19:30:49,My experience says any product bought from Myntra has unique quality regardless of its price.,0,5,False,,
playstore,4b6fe48f-0521-4954-80ed-dbf138399926,2026-08-21T19:29:45,Amazing face powder . after using this product face looking glory and shiny.Thanks a lot myntra for this product.,0,5,False,,
playstore,36232666-f076-48c0-9fc2-38c836d81f6f,2026-08-21T19:22:20,offers are unbelievable,0,5,True,price/sale timing,offers are unbelievable
playstore,d5aa1bb1-bff8-41ab-9630-710be451ab31,2026-08-21T19:20:05,best experience best service,0,5,False,,
playstore,97ac75c9-a381-4ebe-93df-b248bbc53952,2026-08-21T19:16:43,it's a very good app for online shopping. you can trust on this. overall satisfied.,0,5,False,,
playstore,4e123ff7-11fb-401c-a7c3-73a7a78a9ee1,2026-08-21T19:09:03,always orders are delayed... very bad delivery service...,0,1,False,,
playstore,e5118fa7-1bd8-4ee8-95bd-ae42e7def318,2026-08-21T19:08:30,good experience,0,5,False,,
playstore,99e67e91-4eb0-4f47-9a91-57f766e4c6e3,2026-08-21T19:07:17,it was soooooo good,0,5,False,,
playstore,0816830b-b824-4d4f-86a8-c8fcb827c4af,2026-08-21T19:00:24,🥰very Good myntra shopping app🥰,0,5,False,,
playstore,83c4d93c-d8ec-4d08-8e21-abe6ee2424cb,2026-08-21T18:56:46,best shopping app,0,5,False,,
playstore,967b5586-f063-4fa2-acda-6989a8f74661,2026-08-21T18:52:26,very good products,0,5,False,,
playstore,3d22ed7b-2b38-4a62-bda3-3771f00e11cd,2026-08-21T18:51:12,"Dot & Key is a wonderful skincare brand that offers a variety of products designed to make skincare simple, effective, and enjoyable. I recently tried a Dot & Key product and had a really positive experience with it. The product has a pleasant texture, feels comfortable on the skin, and is easy to use as part of a daily skincare routine. One of the things I liked most is that it feels lightweight and does not leave an uncomfortable or heavy feeling after application. I loved this product .🥰🤩😍",0,5,False,,
playstore,40ce7dd8-1cdd-4471-a134-14d1604f5ed2,2026-08-21T18:49:10,this is best in other shopping app,0,5,False,,
playstore,66f14137-e7a0-46c3-b093-533495fe3b5d,2026-08-21T18:45:16,very good shopping app,0,4,False,,
playstore,9881993d-15d4-424d-a033-f5d54e9df144,2026-08-21T18:39:24,I ordered few items from Myntra but I am extremely happy with the products that I bought. i ordered it and got delivered on time Good products.. Amazing quality,0,5,False,,
playstore,7c5f2469-aac5-49d5-a019-0f514287c6bb,2026-08-21T18:38:57,Nice Product Highly Recommend.,0,5,False,,
playstore,6bd421f7-f086-43d3-8b1a-1b84ba4e4b07,2026-08-21T18:38:26,all the product of Myantra is really good 👍.,0,5,False,,
playstore,c4d90919-99fb-4c65-8f56-fa3c3f42c879,2026-08-21T18:34:45,veryyy bad service. They don't provide the tracking option and they are always unable to reach us. I ordered something and after I don't recive my order I wanted to contact agent but there are no option of typing also. and I try to reach the agent because I want my order at the scheduled date but they don't solve the problem.,0,1,False,,
playstore,d621ffae-b139-4a32-aa77-c90437449e97,2026-08-21T18:27:43,just wow! quality products myntra provides must go for it and don't hesitate to believe...you must believe on it blindly,0,5,True,purchase_hesitation,don't hesitate to believe...you must believe on it blindly
playstore,db0225fa-d379-4e29-a70d-d24a59f19be6,2026-08-21T18:23:27,best shopping app,0,5,False,,
playstore,01257c24-b7c0-40e1-9c17-ea79219aa49e,2026-08-21T18:17:35,1. delayed delivery three times in a week 2. customer care never have solution 3. they always keep customer on hold in the name of transferring call to seniors 4.seniors are never available to talk 5. they never have solution take money and delayed order.. 6. no etiquettes of customer care 7. poorand Third class service,0,1,False,,
playstore,d174f31a-1f80-417f-8737-e3aad0ab9517,2026-08-21T18:16:38,good experience,0,5,False,,
playstore,2d515570-c9c9-4fa8-b116-d3be9f9ac13e,2026-08-21T18:15:50,all over good experience and good quality of clothes,0,5,False,,
playstore,66c25a78-354a-4f2b-be86-3758b98a4e45,2026-08-21T18:14:39,Myntra provides Very Bad Service,0,1,False,,
playstore,c2d10608-41c5-4ee1-a2a9-aa745cc4a321,2026-08-21T18:14:06,alert 🚨 (Fraud) no support no integrity I order sleepers from Myntra in khaki color but I received gray color i placed for return but they put my order onhold and after investigation they said you are wrong .,0,1,False,,
playstore,29988d48-9ad2-4922-ac8e-50f025d1b092,2026-08-21T18:10:24,best shopping app ever I used,0,5,False,,
playstore,f55f60d5-0109-4e6a-af97-cac50f883353,2026-08-21T18:09:33,"Ordered a yellow dress but received a pink one.Even with the invoice, tags, and photo proof and after my multiple efforts, Myntra refused my return claiming they delivered the correct product. Customer support is painfully slow, and every reply takes around 24 hours. Their customer support is almost impossible to reach—calls don't connect, and chat is just automated with no real help.I wasted 3 days of my time behind this. Very disappointing and irresponsible service😕",1,1,False,,
playstore,1a198116-2759-4c04-8837-354ea0fd2f10,2026-08-21T18:07:44,"⭐⭐⭐⭐⭐ Myntra is one of my favorite shopping apps! The collection is amazing, the app is easy to use, and the overall shopping experience is smooth and convenient. Great choice for fashion and lifestyle shopping! 🛍️✨",0,5,False,,
playstore,c0481a8b-20af-44c6-9ea7-83cc640798e1,2026-08-21T18:04:35,"very professional, best quality products , fast delivery thanks myntra for best services",0,5,False,,
playstore,4a99da7e-b756-49e3-9481-96e133dd9292,2026-08-21T18:04:09,worst customer care experience,0,1,False,,
playstore,f781b119-1801-4f4d-9783-acb2b090c69e,2026-08-21T18:03:59,I am so happy 😊 very very good app 👏 😊,0,5,False,,
playstore,94702069-031b-4736-aae3-e19a7d3f4468,2026-08-21T18:00:04,Boht hi bekar app h return ke nam pr kch ni hota isme jb kroge to 100 bahane bnaenge Boht bekar app h koi bhi install mt Krna,0,1,False,,
playstore,e70471a7-1e32-40af-ad39-d1efaf05edfd,2026-08-21T17:54:55,it's really a amezing app go for it guys,0,5,False,,
playstore,84089c4c-a833-40f3-886d-33715a3f6f62,2026-08-21T17:53:18,good and genuine app,0,5,False,,
playstore,96b61160-8c65-4312-b1ca-6194b0b595e3,2026-08-21T17:51:49,super quality clothes..,0,5,False,,
playstore,d7af4521-b0c5-45db-ad7a-a97feaebc84b,2026-08-21T17:50:06,nyc app easy to handle and every product is genuine and branded cloth,0,5,False,,
playstore,574dd1cb-724f-4820-b6c3-8f4e8bef0fe6,2026-08-21T17:47:48,"This is a really great online shopping app. The quality of the clothes is superb, and you can find stylish clothing at very affordable prices. I would definitely give it a 5 out of 5 rating. Highly recommended!",0,5,False,,
playstore,fd452ac1-8701-4c9e-850f-d3725776488f,2026-08-21T17:47:37,v.good.always satisfied,0,5,False,,
playstore,7a9fbb56-b1a9-42c4-9637-af5810c2e780,2026-08-21T17:47:05,Excellent app for shopping 🛍️,0,5,False,,
playstore,f2c08618-b3d8-49a5-9576-aab23eff75bb,2026-08-21T17:37:02,nice and good app,0,5,False,,
playstore,2ee1e81d-c0e8-40ab-b148-e6208f8a2a8e,2026-08-21T17:33:51,one of the best online store apps,0,4,False,,
playstore,14ae8300-0d9a-4f34-a7e0-ea5992a2376d,2026-08-21T17:26:16,best online shopping app,0,5,False,,
playstore,55d20aa6-9f81-4f75-9b4f-72e513caaa3d,2026-08-21T17:22:08,I like ur Myntraaa,0,5,False,,
playstore,8ba6cff9-a0de-45d5-919d-b1c18d9ee863,2026-08-21T17:19:18,The experience about this app is very good and reliable.Myntra offers a fast delivery service to get the product you ordered to you.,0,5,False,,
playstore,91b6705a-4fb2-4178-8e7b-6515987515d5,2026-08-21T17:15:22,im order from this platform myntra mochi Shoes i have received old used pair return pickup not still myntra chitting openly with when customer care sarvice call there tomorrow morning fixing evening 14 day's playing with customers fored doing with customers please don't know what happened but very poor quality staff chatting with customers please don't buy in this application myntra,0,1,False,,
playstore,a0753e97-88cb-46af-b587-1fe06b949e18,2026-08-21T17:13:33,amazing app those the exact app iam searching,0,5,False,,
playstore,05de7695-a313-4b64-adcc-4b97d329e2a4,2026-08-21T17:09:17,order quality is better and order is delivered faster than other platforms,0,5,False,,
playstore,7acaa9ff-64ce-4770-a8ed-15e5106e058c,2026-08-21T17:07:03,Best app for shopping,0,5,False,,
playstore,6cb07e78-5999-493b-b00a-ee280ba64c09,2026-08-21T17:02:19,such an affordable prices,0,5,False,,
playstore,3454c583-b808-4def-8494-9fb08827e1b7,2026-08-21T16:59:04,it's a good app for any product,0,5,False,,
playstore,cca346cc-53b7-4220-b1dc-f931d90cb164,2026-08-21T16:56:39,very bad experience...i install Mantra app but otp didn't support.and accepted... there is no customer care in india....I have mailed 7 days before but no response....... very very bad ....if you stuck in order buy or return parcal .... what will you do....so i will not install in my phone 🤳,0,1,False,,
playstore,af8f5336-0334-4f5b-9b38-27f137a81760,2026-08-21T16:55:41,worst experience....fraud delivery agent .... boycott myntra.,0,1,False,,
playstore,7d411be1-2f53-47b7-8157-ef2bc626f9cb,2026-08-21T16:54:28,so myntra has replaced customer support team to an AI. Myntra are you scamming now? I haven't got refund when I checked my yono bank statement. you have refunded only for one product and you haven't for another item. it's not an human error its an AI error,0,1,False,,
playstore,a96e2202-6240-432d-9d61-1c8d55d38776,2026-08-21T16:51:48,awesome and branded products is hair,0,5,False,,
playstore,51dfb19c-83a5-465a-8c78-8fd8754081ae,2026-08-21T16:44:46,return exchange krne me inlogo ne itna presan kr diya mujhe ky bolu coustomer care se bt kro fir bhi koi solution nhi,0,1,False,,
playstore,95c07d17-66c3-4434-8c0d-4889a1c78bec,2026-08-21T16:43:24,amazing experience,0,5,False,,
playstore,56b9f89a-740b-4c3e-907b-6dc390ea3305,2026-08-21T16:40:48,"Not a trust worthy platform. Pictures of the product used are always deceiver, they look rich and opulent but delivered products are cheap, despicable and low standard. If somebody is very obsessed with this platform be careful and buy only genuine branded items.",0,1,True,purchase_hesitation,be careful and buy only genuine branded items
playstore,38d96a80-71fd-4101-a798-6220fa01657b,2026-08-21T16:36:21,"I am extremely disappointed with my recent shopping experience on Myntra. The product I received was of poor quality and appeared to be a used product rather than a new one. The most concerning issue was that the original brand tag was missing from the product at the time of delivery. The missing brand tag has now become a major hindrance in returning the product. My experience with Myntra customer care was very disappointing. Overall, this experience has seriously affected my trust in Myntra.",1,1,False,,
playstore,3d01e7d6-1e14-427a-8a11-38c4092b447a,2026-08-21T16:35:27,"Really happy with this purchase. The product quality is good, the fit is comfortable, and it looks exactly like the pictures. Myntra is also a great and reliable platform with a smooth shopping experience. The product is worth the price. Definitely recommended",0,5,False,,
playstore,c699b0b2-0f19-469f-b79d-4ea5db2f7c7b,2026-08-21T16:33:56,Recd the product in good condition. Packaging was perfect. Loved the rakhi..it is same as shown in the image. Thanks.,0,5,False,,
playstore,651bf0bc-cca4-4f2d-83f4-71e96b79c7de,2026-08-21T16:27:42,soft and awesome product at a reasonable price.,0,5,False,,
playstore,1d58545f-9da3-4580-bf39-54336706a632,2026-08-21T16:25:21,best online purchase experience,0,5,False,,
playstore,f17c4bad-0c97-4835-9e92-c2fa6d292a13,2026-08-21T16:20:26,I purchased apple airpods which was upto the mark,0,5,False,,
playstore,04620649-0047-4aa4-af0c-8c380a08410c,2026-08-21T16:17:28,good 👍😊 very nice fast delivery,0,4,False,,
playstore,46685727-8e81-47af-b67e-25c628512f88,2026-08-21T16:13:25,valuable price and branded products are here.. please go for it,0,5,False,,
playstore,582a45df-adec-4cb1-8fb9-648016fe11d7,2026-08-21T16:07:33,bad experience I orderd a smart watch but delevery agent not arrived and he told in WhatsApp I did not pick the call,0,1,False,,
playstore,a1b1c8ad-aff3-4485-8280-cc9fb5060fbf,2026-08-21T16:04:54,very good app for having good quality of clothes,0,5,False,,
playstore,baaa206d-03a9-446f-8595-bf1555b8ac1c,2026-08-21T16:02:39,easy to use and quality of product is too good,0,5,False,,
playstore,4f86c499-489e-4cb5-afb6-0fd6a7b59e98,2026-08-21T15:56:59,ek to time pr delivery nhi krte ho aur khud hi order cancel kr dete ho customer service se baat krne k liye request kro to call back bhi nahi krte aur to aur insaan to baat hi krte customer service me ek setting kr di h bas wahi ulta seedha bata deti hai 😡😡,0,1,False,,
playstore,3f06b835-0886-4cdc-886f-9edd46bacdaf,2026-08-21T15:44:38,superb site for affordable shopping....,0,5,False,,
playstore,7d13eace-9f90-496a-a4d5-a87c9bdf11bc,2026-08-21T15:41:42,really nice app for me ty Myntra,0,5,False,,
playstore,903488ee-1bc4-48bc-b0a9-df923d229b4f,2026-08-21T15:40:27,one of the best things that I was fond of Myntra is its style exchange amazing experience hurhee,0,5,False,,
playstore,d7a3cd60-78b7-4b39-9421-e15107f9da10,2026-08-21T15:36:00,It was a nice experience!💕,0,5,False,,
playstore,35ee784f-cd47-4ec3-8b9f-f32e28dc881c,2026-08-21T15:31:55,produced order kiya hai only,0,3,False,,
playstore,ad29e90e-9a75-42ff-8e7d-fccb24e6035a,2026-08-21T15:31:01,"one of the worst app , most of the products they delivers are wrong product",0,1,False,,
playstore,3ba6c5c0-db86-4882-8ba6-d2cf7342f0c1,2026-08-21T15:25:18,very affordable,0,5,False,,
playstore,d540e989-045a-409e-8f8e-3e2559b4fa6c,2026-08-21T15:23:37,"exploring wishlist, wishlisted , bookmark",0,4,True,wishlist_behavior,"exploring wishlist, wishlisted , bookmark"
playstore,38e6b311-2e33-43cc-8b53-88edd1b20a16,2026-08-21T15:22:36,excellent service good price good product,0,5,False,,
playstore,5332d3ac-978e-4b77-ad6e-c16b4933c61e,2026-08-21T15:19:04,"very good app , I loved it very much",0,5,False,,
playstore,2ea6df5b-97ae-4f25-9764-66ef9efe55db,2026-08-21T15:13:49,good product फ़ास्ट डिलीवरी,0,5,False,,
playstore,b6d62e15-b7eb-439d-bdc4-39cb07d7b44c,2026-08-21T15:07:33,best shopping app,0,5,False,,
playstore,4ef82034-e459-40ee-b1e4-4c4692da2e8c,2026-08-21T15:01:30,it was good shopping at myntra online. quality of the products and cloths are great..!!,0,5,False,,
playstore,18c7d34a-5594-4802-a43a-630ce1ffcc12,2026-08-21T14:58:21,UI and the layout of this application is super user friendly,0,4,False,,
playstore,e92db1c4-24c0-4014-9988-d5d250d55210,2026-08-21T14:48:32,The worst delivery experience... The worst customer care service..... I ordered one eight shoes and received damaged product and they are saying that the only way around is return and there is no exchange or compensation.... Such worst experience.... Shameful,0,1,False,,
playstore,fb8f8def-6de8-4ddf-9b20-513f1172b7f7,2026-08-21T14:43:22,Good Shopping Apps,0,5,False,,
playstore,77cb4f4e-db3a-4942-9e7a-154677297742,2026-08-21T14:41:13,too good for shopping,0,5,False,,
playstore,b61be88e-6162-4f2a-913a-9276418e6359,2026-08-21T14:33:16,nice app for all age group 👍,0,5,False,,
playstore,bfb3981b-b03f-4288-88d5-b38996a7197c,2026-08-21T14:31:27,happy customer 😍,0,5,False,,
playstore,b573b225-4fce-4bd7-b34c-0b6031241e37,2026-08-21T14:30:30,it's good app for online shopping and the delivery time also short to other shopping apps,0,4,False,,
playstore,d5114ca6-11b5-4da8-992a-04ce658234be,2026-08-21T14:30:04,worst app it uses to be good then but no more ..they do not deliver item if price of that item has been increased before your order gets delivered,0,1,False,,
playstore,e99ef6f6-f728-466e-bbe1-254f7581fcdb,2026-08-21T14:29:03,This product is good,0,5,False,,
playstore,e53ee084-38ae-4342-a56d-1ca722aa9dcf,2026-08-21T14:28:39,my myntra experience is superb,0,5,False,,
playstore,0ea09616-214a-410c-a661-8158df296658,2026-08-21T14:28:33,best and useful,0,4,False,,
playstore,08cfdb8e-654c-43ac-a849-5601f1c046fb,2026-08-21T14:24:54,it's unbelievably unreliable now.... worst experience now a days,1,1,False,,
playstore,8f4b646c-7afe-4698-94de-55dd47c0465f,2026-08-21T14:10:40,"​Myntra का एक्सपीरियंस हमेशा 10/10 रहता है! ऑर्डर प्लेस करने से लेकर डिलीवरी तक सब कुछ बेहद आसान और फास्ट था। साड़ी की क्वालिटी, कलर और पैकेजिंग सब A1 है। ​Myntra से बेस्ट एक्सपीरियंस! फास्ट डिलीवरी, नीट पैकेजिंग और परफेक्ट क्वालिटी प्रोडक्ट। 5/5 स्टार्स बिना किसी शक के! शॉपिंग के लिए Myntra हमेशा मेरी पहली पसंद रहेगा!",0,5,False,,
playstore,ac5bc034-e516-4b71-ac8c-aebbb577ab61,2026-08-21T14:08:18,best shopping platform for every occasion.,0,5,False,,
playstore,48438f66-981d-4bd7-8584-4d7f423a69b1,2026-08-21T14:06:01,wonderful products quality are very good 😊 purchase karne ke liye bahut hi achcha hai,0,5,False,,
playstore,3ab9957d-85b8-4427-8d9f-47a514f6a4d1,2026-08-21T14:03:43,order has been cancelled on delivery date😒,0,1,False,,
playstore,22913ed7-ddec-4f04-ade2-4123abe06942,2026-08-21T14:03:13,i have very bad experience on this app,0,1,False,,
playstore,1b023044-a7b6-4172-9d68-0cb41e07139b,2026-08-21T14:01:34,nothing to say all is well.,0,5,False,,
playstore,1ca8d3ce-fb4b-4f9d-a46d-125dfe3a347f,2026-08-21T13:52:57,in so thankfull,0,5,False,,
playstore,cbace21d-1e0c-4d8e-885a-8492886766d7,2026-08-21T13:44:13,very nice good quality product I love it thanks mytra,0,5,False,,
playstore,405b96c7-f2cb-46aa-9e82-68c6b6bf2e8c,2026-08-21T13:43:20,good packaging and shipment also 👌,0,5,False,,
playstore,07080662-8ec7-4ebc-afeb-6608966cf965,2026-08-21T13:42:24,good Experience,0,5,False,,
playstore,28e1b043-c43c-4734-9ca6-eb65d146a3a0,2026-08-21T13:37:19,"Worst app, worst experience. Please don't trust Myntra, they can't do their job properly. I had to do their job of trying to collect my order from their warehouse because they never made any real delivery attempt and instead cancelled it by saying they made multiple attempts. Utter waste of my time and money. I don't recommend this experience to anyone.",1,1,False,,
playstore,b48087e6-2ba4-44c0-8a30-86f8ab26c21a,2026-08-21T13:34:36,absolute 🎉super collections,0,5,False,,
playstore,87124068-24d1-4069-9952-c7fc28ea5c02,2026-08-21T13:15:28,"⭐ After the recent Myntra app update, I’m facing a serious issue with MynCash and Myntra Credit. My MynCash works only when I don’t use Myntra Credit. If I select Myntra Credit for payment, MynCash doesn’t get applied and sometimes the page keeps loading. However, when I don’t use Myntra Credit and choose UPI or Cash on Delivery, MynCash gets applied properly. This was working differently before the recent update. I’ve already contacted customer care, but the issue was not properly understood",1,2,False,,
playstore,08715f5a-fffd-43cb-ad18-9150a3dcb7c1,2026-08-21T13:08:55,very bad customer service,1,1,False,,
playstore,c0667f9a-b208-4bd3-9ae8-afcf73085ce5,2026-08-21T13:08:20,best app for shopping,0,5,False,,
playstore,fefdac03-1b77-48e9-a3f5-7ec13aea6f16,2026-08-21T13:07:57,Edit - Myntra has definitely improved their logistics and customer support. Keep it up.,1,5,False,,
playstore,efdd2bfd-c353-467b-8390-f9e76314682a,2026-08-21T13:06:09,Amazing Experience ✴️✴️✴️✴️✴️,0,5,False,,
playstore,ea8ceb24-537a-40ed-9147-4140407f7714,2026-08-21T13:04:47,Best quality shopping app,0,5,False,,
playstore,f11dc2cf-b19d-4675-a6b6-ff411a334463,2026-08-21T13:03:03,Extremely poor customer service. Delivered a wrong product and now finding difficulty to exchange,1,1,False,,
playstore,1ac44717-0c21-4417-8b53-f35d8717a8f0,2026-08-21T13:01:49,best quality app i highly recommend service returs exchanges refunds are so smooth and with in an hour its done ... i am happy to use it and also prefer everybody to use 🥹,0,5,False,,
playstore,527a5ac2-e79b-4ae0-9e66-2a02eae4db30,2026-08-21T13:01:15,very nice product,0,5,False,,
playstore,74718f09-87ad-408d-9cba-5118df4014ad,2026-08-21T12:52:02,wonderfull experience,0,5,False,,
playstore,0b3aca93-8150-4dbe-90e6-2c60e32ee1fb,2026-08-21T12:51:47,"The delivery is taking a very long time. The delivery person is not answering the call ,and they are not attending delivery again either.",0,1,False,,
playstore,9a75198f-4532-49af-b197-9f3cb223096d,2026-08-21T12:49:23,having low price product,0,5,True,price_consideration,having low price product
playstore,a7ddf791-9d70-4fb3-96db-411e7f50364c,2026-08-21T12:48:38,worst delivery service. even after sharing details there is no response why are you email I'd in each comment when you are giving any response,1,1,False,,
playstore,0232c779-bf13-456a-bd4c-2d6b0dfa142d,2026-08-21T12:48:06,i have seen the previous customers with same issue but still ordered trusting myntra and its return policy but guess what i was wrong they are telling me that correct item was delivered but i did not receive the correct brand product only i guess u should start open box delivery only then will u know how 5hey repack the cheap prroducts,1,1,False,,
playstore,a61104d7-811c-4173-b491-6ecbbd8a9f46,2026-08-21T12:45:58,worst exchange process is so bad khud hi cancel ho jata h exchange wala process or exchange portal bhi bnd ho jata h jiske wajah ye log exchange hi nhi krtee had a very bad experience with customer care isse accha toh chota sa app meesho k exchange return policy better h aur help centre toh kissi kaam k nhi,1,1,False,,
playstore,21a51218-65dd-45c4-a2c5-9569fad03698,2026-08-21T12:43:54,very good quality 😃,0,5,False,,
playstore,ebe429f8-4c03-45c9-aa26-c24d88a3895d,2026-08-21T12:38:45,great experience,1,5,False,,
playstore,020513dc-8e73-4a34-962b-d33c07a58a0f,2026-08-21T12:36:35,I always enjoy shopping on this app. they have a huge variety of designs of shoes and clothes ...material of all the things was as described. Good pics and right explanations. I find shoppers reviews very useful.,0,5,False,,
playstore,1f333530-693a-4f25-b9d9-6f7ff6e8cbe4,2026-08-21T12:33:04,"very disappointing experience with myntra. this has happen to me twice now. i returned the products and the app showed that the refund has been processed, but I still haven't received the money in my account and the after waiting ,the refund amount has not been created. facing the same issue twice.. and I call the myntra help centre they was not responding properly.",0,1,False,,
playstore,ac6c5bde-be22-4cef-a1c0-24bb14028927,2026-08-21T12:28:44,"getting few items within 2hrs and 1hr is superb, if we have lot more availability for the same day delivery, then it would be more great!!!",0,5,False,,
playstore,8985c088-a08e-4c8b-92e2-0350619875f5,2026-08-21T12:28:07,quility and fiting is good,0,5,False,,
playstore,74864b23-9ce6-415a-a7e3-a433aac7286f,2026-08-21T12:26:19,the aap is good,0,5,False,,
playstore,af667ddb-4d74-4a59-93d8-beed926e1aad,2026-08-21T12:20:34,superb delivery and service,0,5,False,,
playstore,e54b152e-7d42-4a6b-acc0-61e5f4f7ca67,2026-08-21T12:20:26,fantastic purchase,0,5,False,,
playstore,f5c01515-1d2b-43ea-b272-74a30c9089ea,2026-08-21T12:16:43,product quality wow so superb 👍👍👍👍👍👍👍👍👍👍👍👍👍,0,5,False,,
playstore,136dc33a-1270-4b7b-9399-9d73e59371bb,2026-08-21T12:10:32,I like using the app,0,5,False,,
playstore,d323aacd-9cb9-404f-85a6-32a7fe3b8dd3,2026-08-21T12:08:42,Always happy with Myntra product,0,5,False,,
playstore,f1302f78-6680-4669-b33e-0e6376aa2f17,2026-08-21T12:07:30,amazing app i really liked the offers on myntra nice experience,0,5,False,,
playstore,fcfe8ac4-f13b-46d8-afa5-dafe38c1fdd5,2026-08-21T12:05:11,Fabric is very soft and much comfortable to wear Ekdum First class Loving it,0,5,False,,
playstore,feff9e17-01eb-4a31-a564-95559efe94ef,2026-08-21T12:04:43,excellent experience. nice products. good behavior all delivery boys.,0,5,False,,
playstore,c61cea3c-cad0-47c0-a85b-86462bad4df6,2026-08-21T12:00:28,I love this application,0,5,False,,
playstore,a6ea8af5-eeaf-449e-8506-f57724daa274,2026-08-21T11:50:46,nice feature and exciting offers,0,5,False,,
playstore,e7ffb238-3eea-4a8f-82af-ad16b7977384,2026-08-21T11:44:23,"The customer support is not at all active. I have tried numerous times to contact and resolve my issues, but none have been answered. Absolutely waste.",0,1,False,,
playstore,623980a6-23d4-4a94-9050-cd2a4118444a,2026-08-21T11:29:47,Genuine Good quality products available,0,5,False,,
playstore,d82e11ae-b9bf-445e-b5af-e315e17dc93d,2026-08-21T11:17:16,best products at bestest price,0,4,False,,
playstore,cd523f63-1449-45c8-8dc6-ee9d7afa8d01,2026-08-21T11:10:56,"One-stop shop for all my shopping needs! From hassle-free returns to reliable customer service and great price deals, this app never disappoints. 7 stars!",2,5,False,,
playstore,cbf6ac8e-7214-4971-8548-f7d8234d7fd7,2026-08-21T11:03:12,"very bad experience in myntra....your delivery boy has cheated us and gives us the wrong delivery parcel....my husband ordered a mufti jeans from myntra and he gave me the wrong flipkart parcel labeling of mufti jeans , after knowing the otp ..I want a strict action towards him and I want my refund / my order .",0,1,False,,
playstore,4afb475d-d8bd-4038-be0e-a28d738ebf35,2026-08-21T11:02:16,more collection I love it,0,5,False,,
playstore,ec3a3834-4d5c-4e09-a77a-f796b4de5bc5,2026-08-21T10:58:11,"worst app ever. always cancelled my order after wasting my important time , the customer service is totally worse. Never try to order any single thing from this app , flipkart, amazon even meesho have better service than this worst app",0,1,False,,
playstore,287ddd0a-5d9d-47e6-b200-29005d8b8f59,2026-08-21T10:57:11,Most irritating shopping app ever they are just giving discounts to be good but they are not able to deliver that discounted items. Delivery delayed for toooooo long and then atlast the order is cancelled by there own side 😡😡😡😡😡,0,1,False,,
playstore,1475e7ea-0f4f-4e67-90fc-735c6b01f5b4,2026-08-21T10:56:29,good experience,0,5,False,,
playstore,b4b99fd2-31dc-4c86-a6fe-9e00a97eb74d,2026-08-21T10:55:31,"dont order anything from myntra , they are carrying out systematic fraud .",0,1,False,,
playstore,6b122ba0-aeb1-48cf-84c1-d0d1ceb95b60,2026-08-21T10:54:53,very good application to buy products in fashion,0,5,False,,
playstore,f6ae5585-f698-42b6-9a69-12620c79d97c,2026-08-21T10:46:34,myntra products are superb,0,5,False,,
playstore,71125cd4-edde-41b2-836d-5a61234d4620,2026-08-21T10:46:28,Myntra is a very good shopping platform where you can get good quality products at low prices.,0,5,False,,
playstore,b9500396-087d-450c-96f2-f5b06c8b28bb,2026-08-21T10:44:07,nice collection with good response,0,5,False,,
playstore,96a07cc1-b0e4-436c-837a-a08abfde0f0a,2026-08-21T10:42:44,"best aap , for shopping or discount",0,4,False,,
playstore,85c6a70c-9285-43c7-ba7d-5cc917af5713,2026-08-21T10:41:08,Great shopping experience,0,4,False,,
playstore,7c8caa34-a32d-43ef-90c0-d8efe5b21074,2026-08-21T10:38:04,good service Myntra,0,5,False,,
playstore,066f40f7-bd45-44d0-a17e-d6ee621b7f6f,2026-08-21T10:34:07,good quality materials from myntra with quick delivery,0,4,False,,
playstore,9cda3ce3-d149-444d-9cb8-961c3e73ed8d,2026-08-21T10:30:06,it's good but sum time it's too expensive,0,3,True,price_timing_consideration,sum time it's too expensive
playstore,3cd25ed9-a234-4bdc-8db8-78b8a4e60529,2026-08-21T10:29:06,one of the best shopping app fast deliver...what I love is most the team they are very sweet and and soft spoken...whatever I purchase from myntra was authentic original...,0,5,False,,
playstore,5c59afb2-3e28-423e-8c4f-39962235c7dd,2026-08-21T10:28:59,nice for your daily style,0,5,False,,
playstore,f3fa0862-280f-4eb3-a225-0af199577c2f,2026-08-21T10:24:32,"“I’ve had a really good experience shopping on Myntra. The products are good quality, stylish, and worth the price. I’m very happy with my purchases and will definitely shop again. Highly recommended!”",0,5,False,,
playstore,4592f630-a790-413b-bf28-37b02f709c93,2026-08-21T10:24:03,very good app to order any item better than all the online shopping apps it have good offers and good prices better than all the other apps,0,5,False,,
playstore,1dd18aaf-8b70-4f45-a173-0fa9f01abd27,2026-08-21T10:23:47,best I ever see superb app,0,5,False,,
playstore,02ea7b43-5c99-4f8b-aeba-a155fe4ccacf,2026-08-21T10:19:23,very worst app It will cancel your order automatically.,0,1,False,,
playstore,8e863c3a-111d-4713-a655-90ee45054740,2026-08-21T10:14:57,"Mantra Fashion has a great collection of stylish products at reasonable prices. The quality is good, and the products look just like the pictures. Delivery was quick and the packaging was neat. Overall, a smooth shopping experience—would definitely recommend. Customer support is excellent",9,5,False,,
playstore,8e71f6a4-ef8f-4d75-843e-565ae52246dc,2026-08-21T10:13:50,"I had a wonderful experience shopping on the app. So far I have only purchased clothes, but the entire process has been extremely smooth and easy. The deliveries are prompt, and even the return process is quick and completely hassle-free—just a simple click. What impressed me most was the speed of the refunds; the amount was credited within hours on the very same day. Overall, it has been an amazing shopping experience. 😊",0,5,False,,
playstore,dc3079e5-6b56-43e9-b16d-af0a5b9b9280,2026-08-21T10:09:19,"excellent place to shop. awsome quality products, easy and express shipping, affordable and stylish. A complete family styling store. Love shopping from myntra",0,5,False,,
playstore,3ce395ef-d740-4e48-8b82-ddddd669751b,2026-08-21T10:04:18,good experience 😸,0,4,False,,
playstore,a26c3e76-bed1-4520-9c7b-1ea81369e28b,2026-08-21T10:01:31,really bad experience,0,1,False,,
playstore,42c4fb21-e881-486e-a466-fff832fb6da9,2026-08-21T09:56:04,very amazing app for all the users,0,4,False,,
playstore,5f9ff08b-34d4-4b75-8b57-8f7ee699d28d,2026-08-21T09:47:56,unique product 💝,0,4,False,,
playstore,bdf9f752-c2c9-45bb-bc69-506f866c371d,2026-08-21T09:41:34,the quality of the product are good,0,5,False,,
playstore,0b8070b3-0469-4ec3-957c-d2424ba803f3,2026-08-21T09:35:53,very good app for fashion,0,5,False,,
playstore,18b241df-f00b-4a51-bb36-29d76d682f97,2026-08-21T09:30:41,all products is very good,0,5,False,,
playstore,acdcf76f-7442-49cc-9a7b-5f598a564c74,2026-08-21T09:30:13,Myntra is an amazing app. I love it because you never have to worry about the quality and authenticity of the brand plus the prices are also well moderated. Overall a great app and well maintained by the team.,0,5,False,,
playstore,b8f99ddc-18fe-4c58-a280-e9b7c31446ff,2026-08-21T09:24:54,good app highly recommend,0,5,False,,
playstore,a128faf5-0553-4feb-872c-23677bb5bc2e,2026-08-21T09:22:03,good app for shoping,0,5,False,,
playstore,e26b2e43-8fdd-42c4-a87d-b8ddd9881032,2026-08-21T09:20:10,best shopping app,0,5,False,,
playstore,00f771de-5399-416b-ba3e-e8691e08a44a,2026-08-21T09:18:27,this is an amazing platform to buy real and original product,0,5,False,,
playstore,4a161a97-8b83-4a01-bbf3-8686d3a2966b,2026-08-21T09:17:43,What I really appreciate is Myntra's style exchange ***** for that,0,5,False,,
playstore,0d2b18da-4222-4ead-bce5-a96f7f529da3,2026-08-21T09:16:55,awesome experience as a active user,0,5,False,,
playstore,71cdd797-a55d-464e-9577-ebc685e8ac47,2026-08-21T09:16:06,I like the website,0,5,False,,
playstore,df3d6f99-7712-477f-acc7-2b39c650a901,2026-08-21T09:15:21,The quality of the products are really good.,0,5,False,,
playstore,a42f476d-ad0a-4799-b35d-60196203f118,2026-08-21T09:11:32,"Myntra has a fantastic collection of trendy clothes and top brands. The app interface is smooth, making it very easy to filter and find the right products. Delivery is consistently on time, and the tracking updates are accurate. The return and refund process is also hassle-free, making it a reliable app for everyday fashion shopping.""love myntra ❤️",1,4,False,,
playstore,84360290-8954-484e-922c-8b9aa13f6eb7,2026-08-21T09:10:48,hyy myntra you are a great doing well work on good and genuine products I love to buy from.myntra,0,4,False,,
playstore,f3d57ade-1758-4dd7-9d82-e3fe25a43a33,2026-08-21T09:10:27,bahuth aacha he,0,5,False,,
playstore,0e367f2e-5637-41e1-af03-f203a1096dcf,2026-08-21T09:06:40,plz just decrease the price of convenience fee and delivery fee it 23 rupees is so high and other than that 10 for cod ...,0,4,False,,
playstore,f5d059bc-1a00-4fb0-8efb-5956924c0761,2026-08-21T09:04:04,my experience was very good and positive with myntra,0,5,False,,
playstore,8707ec38-7cb2-44b1-96c7-aa6e9a8711c7,2026-08-21T09:01:42,very beautiful and best quality product 💝💝 thank you myntra ❤️,0,5,False,,
playstore,3d1158ac-a354-4608-9afd-cf9f203111a7,2026-08-21T08:53:27,The branded products are available with wide range and lots of comfort,0,5,False,,
playstore,75f85ccf-1090-4678-8038-10db8ad899f9,2026-08-21T08:51:06,1st time purchase.. I'm happy,0,5,False,,
playstore,9a2234c8-84b5-49b7-b4d2-e4e481dd6429,2026-08-21T08:49:03,"I placed two orders with myntra, but not a single one arrived. very bad service 😞",0,1,False,,
playstore,fa677b70-2997-49a0-99de-75e74596168a,2026-08-21T08:45:46,High Quality Products,0,5,False,,
playstore,fa1bad87-80e3-406b-ae88-0dcd08c585cc,2026-08-21T08:39:55,very nice product,0,5,False,,
playstore,e54129f8-ca91-4014-8c75-395b8f350890,2026-08-21T08:19:23,Very good experience,0,5,False,,
playstore,6cb7528f-5262-4e7b-9a7c-5b84f93a6f21,2026-08-21T08:18:55,"⭐ Great Shopping Experience! ⭐ My experience with Myntra has been really good so far. The app is easy to use, the product variety is excellent, and the product details are clearly mentioned. There are also some great discounts and offers available. I have recently placed my order and it is yet to be delivered, so I’m looking forward to receiving the product. Overall, my experience with Myntra has been smooth and impressive so far. ⭐⭐⭐⭐⭐",0,5,False,,
playstore,ab136926-29f1-4203-a92a-70e9a9e538db,2026-08-21T08:07:30,really nice products and I love this app 🥰🥰🥰,0,5,False,,
playstore,783de70e-cb0d-4adc-98fe-aa0f654f7f61,2026-08-21T07:48:47,"Myntra support is pathetic nowadays according to the Myntra Insider page, customers who make purchases above a specified amount are eligible to move to the Icon tier. I made purchases exceeding the required amount. It has now been more than 60 days, but my Insider status and purchase details have still not been updated. My account continues to show me as an Elite member instead of upgrading me to the Icon tier, even though I believe I have already spent a significant amount.",0,5,False,,
playstore,c57fc0eb-ea40-4b89-a825-e010f1ae956a,2026-08-21T07:48:11,It is a worse app and the support team is just so useless. They do not have any information to give to customer. My first order was pathetic experience then I tried to order from m now and the experience was worst. Pathetic & disappointing!!,0,1,False,,
playstore,c9eb800a-24a0-4b13-8fe9-ee90fbbb1d13,2026-08-21T07:42:31,"The service is absolutely terrible. My order was cancelled five days after I placed it, and now the price of the item has gone up. I found this app to have the worst service of all.",0,1,False,,
playstore,9b885c35-18d2-41ab-af3e-6f3689c0f523,2026-08-21T07:38:08,I have always love myntra shopping,0,5,False,,
playstore,6f43c87e-d9bd-4a91-94f2-bb02dc865776,2026-08-21T07:22:52,till now everything is good.,0,4,False,,
playstore,4eba0548-b2a3-4ef4-aab3-cf42a0ef5dd0,2026-08-21T07:09:17,Mantra ka item costly thoda jarur hota hai per bahut achcha hota Hai,0,5,False,,
playstore,6bd3733d-5cfb-4c42-9591-5b0269a1a0ef,2026-08-21T06:51:23,app experience is excellent but item track system should be improved,0,5,False,,
playstore,a72a1ec8-d238-4b7e-bd57-033275a7a025,2026-08-21T06:40:06,the products are really good👍🏻,0,5,False,,
playstore,a0e2c42f-25d3-402b-8777-42f35f8fdc65,2026-08-21T06:24:55,best experience,0,5,False,,
playstore,a97c3109-ee74-4181-8517-bc2e3ef6d913,2026-08-21T05:53:25,worst Customer care service 😔 and no accountability for sending wrong products wish I could rate them 0 stars,0,1,False,,
playstore,73fb4908-8aa6-4c1c-9f5d-e4350a9cb247,2026-08-21T05:31:43,excellent app..loved it,0,5,False,,
playstore,4ab49712-b351-4998-bef2-3cbaadb38f52,2026-08-21T05:03:36,platform for Original products with great discounts,0,5,True,price/sale timing considerations,great discounts
playstore,a0a9030b-2156-458b-83e3-8b1044b680ec,2026-08-21T02:51:06,worst experience with you Myntra. my oder is still not delivered yet can you please make it possible tomorrow?,0,1,False,,
playstore,f117ba7e-334e-49bc-8b85-5c00c9f16dba,2026-08-21T02:20:23,Myntra my fevered app 😍,1,5,False,,
playstore,2ecfa7cb-f035-48bc-8703-7f2520c2f86a,2026-08-21T02:14:03,"deley In delivery and from packing to shipping. no proper tracking and it took too much 10 to 20 days to reach the dispatch center, before it take less days to delivered at any corner of India. online shopping become unreliable this days.. No satisfies with helpline they provide.",0,1,False,,
playstore,2d8c8163-1d1b-4adb-84c6-81ba4ef31546,2026-08-21T01:50:27,"Very disappointing experience with Myntra. The product quality was extremely poor and felt like cheap/local material. It got damaged within just a couple of days. Customer care was of no help and wasted a lot of time without providing any proper solution. Even after opening a ticket, there was no responsible follow-up or satisfactory result. Their return, replacement and refund policies are extremely customer-unfriendly. Very poor after-sales service & a third-class policy. Highly dissatisfied.",0,1,False,,
playstore,82fbe133-7d8a-486f-b7a1-a7e826a0e052,2026-08-21T01:45:19,Sach ka pathetic app and Shop app I ever used their customer care support is useless I ordered a pair of shoes and then order is suddenly dealy very bad experience with this app please don't use for shopping.... They replied me but they didn't take any action,0,1,False,,
playstore,9fd0a288-4066-48de-9941-67f471be44cf,2026-08-21T01:39:11,Amazing experience must buy products from myntra and I request to myntra that if possible bring some amazing deals for summer and winter,0,5,True,sale_timing_consideration,I request to myntra that if possible bring some amazing deals for summer and winter
playstore,d2cbc536-872e-48b9-a386-aab4d3e712f4,2026-08-21T01:33:03,very nice product,1,5,False,,
playstore,b8067b87-7880-422d-801a-8a9c88b9bea3,2026-08-21T01:27:32,wonderful product quality budget friendly 😸 very comfortable for daily wear causals! must buy!!,0,4,False,,
playstore,d1e44e8b-c2c4-4434-b4b5-2bf10a9bf2d0,2026-08-21T01:09:29,probably the best app for fashion in india. totally satisfied,0,5,False,,
playstore,4a160ea7-8f5b-4d58-90e5-e229b850d831,2026-08-21T01:08:34,use myntra bonus minimum 400 rupees order worth think give old update,0,1,True,purchase_hesitation_minimum_threshold,myntra bonus minimum 400 rupees order worth
playstore,4e74412b-e604-4103-a141-040420f000cd,2026-08-21T01:00:20,Most Trustable Shopping Platform For Best Quality Products.,0,5,False,,
playstore,f9090c00-18dc-4f8e-a62c-4d8331b53550,2026-08-21T00:53:00,best app for fashion related shopping,0,5,False,,
playstore,c41b89f7-a935-489b-b884-21cab4956185,2026-08-21T00:51:14,I booked a product on Myntra around 20 days ago They still do not give delivery and their Team gives lectures only and is a useless reason for delivery delay. useless brand & cheap level delivery & worst Team management and worst brand myntra 😡😡,0,1,False,,
playstore,217d53c5-e69a-490b-94e8-8907fbc12ddd,2026-08-21T00:40:34,"Great shopping experience on Myntra! Easy to browse, good discounts, fast delivery, and quality products. Very satisfied with my purchase.",0,5,False,,
playstore,a932adb1-c79e-475d-9c03-24f34bb50d50,2026-08-21T00:38:21,it's too good can't except in this price quality of the clothes is too good,0,5,False,,
playstore,31a610d4-ca62-4028-847f-e5c9ec3b973e,2026-08-21T00:29:23,bahut acha app h,0,5,False,,
playstore,16fa5ea3-9103-494a-9062-a6405e0df46e,2026-08-21T00:28:55,authentic store,0,5,False,,
playstore,6ec62530-3bc9-4976-949a-a48df114bf11,2026-08-21T00:26:26,"amazing app , happy with myntra, can find any product any fashion on myntra",0,5,False,,
playstore,8c0ec17e-a8c4-43f8-833e-c84fb3b0fa31,2026-08-21T00:17:41,Best app for Brand shopping with best discount and genuine products.,0,5,False,,
playstore,007f89c0-0acb-4b99-bc48-a9eb639d71cb,2026-08-21T00:15:59,best and nice product ever delivered.. without any issue i got all my stuffs with best quality in cheap price 💗,0,5,False,,
playstore,1a4ad1a0-387f-45e4-9637-a82ff4ce7e1b,2026-08-21T00:15:06,मेरा एक्सपीरियंस बहुत अच्छा है। सारे प्रोडक्ट बहुत बढ़िया आते है ।,0,5,False,,
playstore,11ad6eda-a9c9-4a73-828a-b27dd5902467,2026-08-21T00:13:02,bohot badiyaaaaaa,0,5,False,,
playstore,dd552bdd-eee1-42d3-9692-704972693de0,2026-08-21T00:05:01,good for fashion purchases,0,5,False,,
playstore,9993624f-bec8-43fb-a60f-ff48aeaa68ff,2026-08-21T00:00:17,mujhe cash back rewards nhi mil Raha pahele mil raha tha... isliye myntra mujhe bahut gusaa aa raha hai,0,1,False,,
playstore,f57c7f40-2a43-4a55-8db6-14d2b1b726cb,2026-08-20T23:58:12,I ordered a lakme pouch.my order damaged in transit.and automatically my order is cancelled and got without my information myntra credited 100rs voucher.. How funny it is,0,1,False,,
playstore,c4c0b53f-2166-4768-b89f-ec68ffca51ac,2026-08-20T23:55:45,lovely all products,0,5,False,,
playstore,12d51ab4-182c-40aa-ac69-08c2e7020c6e,2026-08-20T23:51:22,This is great app for shopping.,0,5,False,,
playstore,3828040b-06aa-413d-877c-f8446a432fe1,2026-08-20T23:47:36,great experience!,0,5,False,,
playstore,8e038ade-fdc9-4b57-8cc2-a16f6b84b184,2026-08-20T23:40:51,best purchasing app,0,5,False,,
playstore,8dea8507-b5fd-482a-ab46-5028e66bab15,2026-08-20T23:31:22,good product and very good delivery boy😊,0,5,False,,
playstore,5dd3c39b-7c16-4c19-ac22-1e8d930413a7,2026-08-20T23:21:49,I love myntra outfits,0,4,False,,
playstore,5dd759d0-d523-49d7-9c5c-36ff2c801956,2026-08-20T23:12:14,Trustable app. Never disappointed in product qualit6,0,5,False,,
playstore,8c952423-c3a4-4d1a-9890-1a640993c80f,2026-08-20T23:07:27,"fraudster hai ye log galat cheej bhej k customer service baat hi nahi karna chahti ,don't buy anything from them",0,1,False,,
playstore,74ad8aab-5aa6-4ca7-8c03-8dfbcf1c1b28,2026-08-20T23:05:54,"Basterds, return pickup is not being initiated, scoundrels",0,1,False,,
playstore,1563ee28-d203-431a-bd70-46b2d178f25b,2026-08-20T23:05:34,Super And Most Satisfied products ❤️🫰Love it,0,5,False,,
playstore,1fc4a85b-2138-48a5-931f-59afda021a63,2026-08-20T22:56:16,shopping gets easy hear...❤️,0,5,False,,
playstore,2dccd52f-0b6d-44f9-810d-b6d4c2f0e00c,2026-08-20T22:55:41,User friendly app,0,5,False,,
playstore,e3c90e2a-3aed-47ea-820b-cd29ebf045b5,2026-08-20T22:52:47,best platform to buy anything!!✨✨,0,5,False,,
playstore,206682bd-b794-43b7-bdca-191c04a1c9ea,2026-08-20T22:49:04,excellent. a great online shopping app.Its products are superb quality and delivery is also reliable.,0,5,False,,
playstore,86de51dd-a3c9-4eaa-b446-787fb4be4c6c,2026-08-20T22:48:40,horrible experience with customer care 0 level of customer care,0,1,False,,
playstore,adf50619-3e66-4365-bf02-1051fb678806,2026-08-20T22:47:07,always get the expected choice on my Myntra,0,5,False,,
playstore,d8778064-d17c-439f-a8ad-d72499334aad,2026-08-20T22:42:27,best app for teenagers,0,5,False,,
playstore,e2617da0-c7c6-44c1-a348-ef3a0e969367,2026-08-20T22:40:53,Always the best worthy platform for shopping ❤️❤️❤️,0,5,False,,
playstore,792ad854-788a-4898-8a54-21fb26dce133,2026-08-20T22:29:20,one of the best online shopping aap reasonable rate with super quality ❤️❤️❤️,0,5,False,,
playstore,348a5154-e4fb-4e11-a818-f90ff21e3c35,2026-08-20T22:27:30,An excellent app for a variety of things.,0,5,False,,
playstore,0ea3c881-fda6-405d-aa20-a4f9385567c0,2026-08-20T22:25:14,please dont use this app..very bad service.,0,1,False,,
playstore,b39ec03d-aa4f-43ce-923f-cb0c1cfdc094,2026-08-20T22:22:51,best online option available in this app,0,5,False,,
playstore,7cf51740-f45e-4dd5-9f9b-953d6909bfda,2026-08-20T22:22:51,Myntra is very good aap,0,5,False,,
playstore,bba2acdc-a401-4cfe-a970-8d8452c8a24b,2026-08-20T22:19:27,I liked delivery on time policy 😊,0,4,False,,
playstore,e4e11293-6095-47f9-9389-aae8d1418ab4,2026-08-20T22:18:32,"I'm using myntra 12 years, awesome original product thank myntra love it",0,5,False,,
playstore,ecafff6d-b62e-4b36-be38-2d68e8be16ee,2026-08-20T22:13:58,good experience at Myntra,0,5,False,,
playstore,7ea66a92-10ed-4b71-8084-54296f2e5e74,2026-08-20T22:12:19,this is a great app and have great deals love it.,0,5,False,,
playstore,ed615b19-5d8c-49ab-a2ad-ac6da37bdd68,2026-08-20T22:09:42,"Myntra's delivery quality is degrading day by day. This my second horrible experience with Myntra in a span of 2 months. For the last product I have not received any refund, no relief provided by customer support as well despite talking to them 5-6 times and delivery partner misbehaved. And this time also same thing happened the delivery partner misbehaved and was very arrogant. Now I feel stupid for trusting myntra.",0,1,False,,
playstore,de5201ba-b715-4d94-8482-afcd0d82cfcc,2026-08-20T22:08:22,"My goto app for all shopping for many years now. Yet this time a product was delivered in a different colour and when I raised the return with the same reason, the pick up agent wouldn't take the return saying the product colour is different. What happened to this simple thing called communication, between your people, guys?",2,2,False,,
playstore,ac454bf6-280a-4bed-99c3-15422e55a3fe,2026-08-20T22:05:13,The quality is perfect and after 2 years i review these Slippers bcz just they have broken...... Good Experience with Carlton London,0,5,False,,
playstore,fa3c5ff1-e534-405a-a178-6e38a648f5d9,2026-08-20T22:05:04,"Worst delivery service. My order was delayed for several days despite repeated complaints. I was asked to wait until August 22, but the order was suddenly cancelled due to a delay from Myntra’s side. Customer service could only apologize and couldn’t provide any solution. Very disappointing experience.",0,1,False,,
playstore,8e9340f3-70bb-4fdd-9243-f97919e5e251,2026-08-20T22:00:39,app is really good,0,5,False,,
playstore,467f184e-8e09-4e83-a967-ae6dab0e2a23,2026-08-20T21:54:17,best coustomer service 💗,0,5,False,,
playstore,a1b3d71d-b1c5-4882-aa0a-88e0ce5598f1,2026-08-20T21:50:43,good experience but I am excited to see my first ordee,0,4,False,,
playstore,5aa6eee6-4970-4a76-bb10-423e1a12ce0b,2026-08-20T21:47:29,very smooth return process i like most. i order somthing first time and surprised.,0,5,False,,
playstore,8b583f0a-6a60-4b94-80f2-4f915f1a0867,2026-08-20T21:46:28,Amazing experience,0,5,False,,
playstore,715e0e4e-9e22-4550-aa2c-612608c8243e,2026-08-20T21:46:02,"Terrible experience – Wrong color delivered twice! I received the wrong color on my original order. Requested a replacement, but they sent the exact same wrong color again. Total waste of time and zero quality check. Very disappointed!",0,1,False,,
playstore,53aef51f-1ce8-40bb-a190-358f62eba9da,2026-08-20T21:46:00,Always Happy With Satisfactory Results,0,5,False,,
playstore,1540f580-4286-4a97-9afc-d35f5cecdf7e,2026-08-20T21:35:06,super product and exact sized i ordered in affordable prices,0,5,False,,
playstore,bd0db7af-bc80-4dd3-aef1-7f152aebd788,2026-08-20T21:33:08,Very nice very rewarded apps,0,5,False,,
playstore,8e3f7b8e-3f92-4554-bf3b-9a25cd006b8c,2026-08-20T21:29:03,great 👍 product,0,5,False,,
playstore,fa1100fe-9a17-42bb-a06f-50458cb5a647,2026-08-20T21:27:46,"Myntra is one of my favorite shopping apps! 🛍️ The app is easy to use, the collection is amazing, and the delivery experience has been really good. I also love the variety of fashion products and offers. ❤️ Overall, a smooth and reliable shopping experience. Highly recommended! 👌✨",0,5,False,,
playstore,4f0c4d4f-fdda-402e-922f-a6b7913f3fbf,2026-08-20T21:25:07,best shopping for rakhi great deal more beautiful rakhi online delivery at time I have save my time and money. I always purchased rakhi on that platform there is many brand avalable.,0,5,False,,
playstore,203aac2e-d449-4dd1-abba-c6cb6e4de026,2026-08-20T21:18:01,very good product,0,5,False,,
playstore,b6e0dd9b-58b8-4436-bff7-302e454c4575,2026-08-20T21:10:15,i like shopping from mayantra genuine products,0,5,False,,
playstore,886868e0-17fc-4aa7-acfa-f2419227f2f1,2026-08-20T21:02:19,I enjoy the experience every time when I do shopping in Myntra. it's showing variety types in all the categories the products and the qualities are very super,2,5,False,,
playstore,f24a198e-f8b7-4c98-9931-3c2d0f5477ef,2026-08-20T20:56:05,nice and get genuine products,0,5,False,,
playstore,f42b6e8c-a63a-45c9-935e-e8684b25700c,2026-08-20T20:54:27,the quality of cloths are so much better that any other app.,0,5,False,,
playstore,9fa09820-2276-4379-8593-865259aa8057,2026-08-20T20:44:44,mantra is best app for all things ❤️,0,5,False,,
playstore,1673ee08-e62a-44f9-bc83-a76dd43337d6,2026-08-20T20:42:29,Nice experience,0,5,False,,
playstore,54c0c706-1e0b-478a-bcbc-60bf72d73ac9,2026-08-20T20:39:15,I can find everything here.,0,5,False,,
playstore,682e5d53-bfa6-44b3-a181-c1902dd37be4,2026-08-20T20:38:26,I am satisfied customer 😊,0,5,False,,
playstore,c2d49781-8fd2-43d4-aeae-a9886df3d5b3,2026-08-20T20:38:14,very good app for shopping,0,5,False,,
playstore,47a1e56f-a29a-4906-8351-70b528035dea,2026-08-20T20:37:50,Quality is good as compared to other online platforms. but need to improve actual image of the cloths rather than show case image,0,5,False,,
playstore,33dfa612-af7f-471b-9b40-65cf5cb9686d,2026-08-20T20:37:25,Nice Experience 😉,0,5,False,,
playstore,9e7e2eef-a14f-4abc-ac48-d49b026c72b9,2026-08-20T20:36:10,They show few products with Express delivery and even after a week they won't deliver the products. Even when you call the customer care they won't even respond properly. All they ask is to wait for 72 hours. If they need to deliver after 722 hours what is the use of Express delivery... it's all fraud service from myntra... Encouraging the customers with Express delivery after ordering just neglecting the customers.,0,1,False,,
playstore,16acbdbe-6651-400d-9ac9-8fecc58e4391,2026-08-20T20:35:28,best app for shopping,0,5,False,,
playstore,05f8d357-5b41-4039-b568-6b78aea5793b,2026-08-20T20:34:02,each product details are believable,0,5,False,,
playstore,94af93cb-e9d0-4a96-9403-2fc381de18ff,2026-08-20T20:29:35,Worst and fraud app. deliver wrong products but no return policy,0,1,False,,
playstore,ba92c51b-2803-4b28-a2d2-46cf130b6892,2026-08-20T20:17:36,খুব ভালো জিনিস পাওয়া যায়,0,5,False,,
playstore,9511a293-faf1-4373-a2d5-4d94f5bac85c,2026-08-20T20:13:06,myntra is best for shopping app,0,5,False,,
playstore,4e3ed935-9185-4047-812a-c46778bc41b1,2026-08-20T20:10:32,"For clothing accessories, myntra always comes on top ! Using around 5 years 🤩",0,5,False,,
playstore,51f3b371-ed05-4819-a422-2e724176fed2,2026-08-20T20:09:34,interface is good and easy for use and great discount are available,0,5,False,,
playstore,63279f79-50cf-4144-9166-5032627a45f7,2026-08-20T19:52:37,this app is very good very low pricing very fantastic product good product,0,5,False,,
playstore,c073b98a-9e0e-4850-a092-211bd73af0b9,2026-08-20T19:52:09,"worst app ever i used, don't install it waste of time , keeping on time delivery aside, first they won't even deliver the item.When I tried to raise complaints they won't even respond . The worst app don't ever install it and waste your time.If there is an option of zero rating,I would have given it",0,1,False,,
playstore,76b5cc73-c896-4ed0-93cc-1b4d2deedf3e,2026-08-20T19:49:24,Very good ptoducts,0,5,False,,
playstore,d0f67f8e-d3be-438d-a6f1-fe17d70e7565,2026-08-20T19:42:32,quality clothings,0,5,False,,
playstore,542ab01d-ef61-4a70-84dc-a29a0deb7504,2026-08-20T19:39:21,the best shopping app ever,0,5,False,,
playstore,c42cc379-afa1-45ac-ae96-c9b35381d5c8,2026-08-20T19:27:43,Always a great shopping experience,0,5,False,,
playstore,a2cb4356-ba6e-4400-bedb-53efcd9bd98f,2026-08-20T19:27:02,good delivery experience,0,5,False,,
playstore,2103210b-220c-478e-9cc1-30c742290dcb,2026-08-20T18:57:19,it's very Nice useful fast delivery,0,5,False,,
playstore,7811d7e0-2c86-490a-9bf5-7ede2f1b0108,2026-08-20T18:56:26,"Extremely Disappointing I ordered a Polo Assn. T-shirt from Myntra, but what I received was nothing but a dirty, used-looking piece of cloth. This is completely unacceptable and far below the quality I expected. Really disappointed with this experience. Was not expecting this from Myntra at all.",0,1,False,,
playstore,4475a78c-d5b7-4dfb-98fb-2ef9a9ea9b9f,2026-08-20T18:54:51,best quality products,0,4,False,,
playstore,7a1daf25-dc1f-41e8-8203-7814a57bfab0,2026-08-20T18:54:23,App par kapde ki quality bahut badiya h wo bhi affordable price m,0,5,False,,
playstore,eea5b649-6c7d-42d6-93aa-e6084ea0a38a,2026-08-20T18:52:28,my experience is very good...... best quality of clothes ever....... delivery is also on time...........,0,5,False,,
playstore,d777a19e-0290-4bec-8364-872b1f4fdb59,2026-08-20T18:51:16,good collection good service by Myntra,0,4,False,,
playstore,38a8667e-8f23-4416-8800-b973f1a68158,2026-08-20T18:49:09,genuine product with best offer,0,4,True,price_or_sale_timing,best offer
playstore,908c89ee-7719-46e1-a29b-a362d5b4dd60,2026-08-20T18:47:58,very good myntra aap. received in a good product 😀💯 & good quality 😁👍👍 I'm very happy 😁☺️☺️,0,5,False,,
playstore,1a032087-0a0c-4582-81bf-7745bca1a6d8,2026-08-20T18:47:05,it is a good product,0,5,False,,
playstore,8fd23793-f019-4dab-8cdd-f9b0d3a6b17b,2026-08-20T18:25:47,Amazing app. Good thing about myntra is that the products are always genuine .,0,5,False,,
playstore,27662a4f-ac65-4a85-ad82-dd53d4e2cd73,2026-08-20T18:24:14,"sometimes order get cancelled on its own, bt other things are best inthis app👌👌",0,5,False,,
playstore,331bac0a-c79b-471b-8e1b-f032caf07294,2026-08-20T18:22:00,Best app for affordable prices,0,5,False,,
playstore,8ad28731-13f2-4c9c-855a-71463c593a95,2026-08-20T18:16:25,comfortable and easy process to order.return and exchange is trustable and done quickly,0,5,False,,
playstore,ed190f6f-c61b-413b-a65c-9a1029a26d17,2026-08-20T18:13:47,one thing I like this app is delivery is done before the mentioned date,0,5,False,,
playstore,a5cc06c5-5bd7-4575-a77e-e63e3d7d3e5b,2026-08-20T18:10:44,very good even 👌 👏,0,5,False,,
playstore,cce1bccb-b369-4eae-9178-d518eb3c1a7b,2026-08-20T18:03:46,bhout he acha app hai sare product bhout he ache aate hai❤️🫀,0,5,False,,
playstore,19e3b9c4-18fc-4f08-aa6d-5b4cde0d9f20,2026-08-20T18:01:40,expirencing the worst delayy.....my 1st order was cancelled. my 2nd order is now delayed for like 2 weeks....so overall a bad experience...,0,1,False,,
playstore,78c2e575-1e2b-4070-bf1c-1d4f70fb4ff6,2026-08-20T17:58:07,"I placed an order for a Titan watch and subsequently requested an exchange for a Titan Raga watch, which has not yet been delivered. The delivery status indicates ""failed,"" despite no attempt at delivery being made. Could you please provide an estimated delivery date? It has been over 15 days since the order was placed, and I have not received a response to my previous inquiries. This item was intended as a gift, and the current situation is causing considerable concern.",0,1,False,,
playstore,9094cae6-e3d5-44e6-a5fc-cc382962e199,2026-08-20T17:54:02,Easy and honest!,0,5,False,,
playstore,0215fbe2-17c5-4f7d-b6ec-f6ca7137af4b,2026-08-20T17:52:04,very fast delivery,0,5,False,,
playstore,9c436e07-cdf7-4fa8-a669-ade9ded0a20b,2026-08-20T17:46:22,they don't respond or solve our issues once after they deliver the product...very careless,0,1,False,,
playstore,8a39ba95-cd95-474b-acf5-42c008488d16,2026-08-20T17:42:23,It always provide variety of products and of good quality.,0,5,False,,
playstore,90d914f0-3776-4376-a0a7-adf5ceebca39,2026-08-20T17:39:24,myntra always good hassel free shopping and returns also,0,5,False,,
playstore,d9ab5ad6-09d4-4ae5-a7fe-b86030a58179,2026-08-20T17:38:17,nice experience,0,5,False,,
playstore,6506f118-ffc8-48ac-801d-ee33c078187b,2026-08-20T17:34:00,wonderful experience,0,4,False,,
playstore,1eff94d9-f4ad-44bb-ba0c-b217a8dc1713,2026-08-20T17:25:46,useful app & best quality product,0,5,False,,
playstore,6307d949-82e4-474d-8897-e0872074a78d,2026-08-20T17:25:13,"Myntra has a really disappointing service. They often fail to deliver orders on time, and the customer service experience is also extremely poor and frustrating. I would strongly recommend thinking twice before purchasing from Myntra. Customers deserve timely delivery and proper support, but unfortunately, my experience has been very disappointing. Very poor service and customer experience.",0,1,False,,
playstore,82340e35-7ea5-4f34-8176-ba81e4a18e86,2026-08-20T17:23:13,very good product,0,5,False,,
playstore,07e241e1-1874-4387-97ac-14f5c1442791,2026-08-20T17:22:03,better than the best quality,0,5,False,,
playstore,3b128a16-c5ea-4e10-bdef-e6d827a2cd9e,2026-08-20T17:21:38,godd experience with myntra,0,5,False,,
playstore,8c5be8d6-5772-4e7c-9bdd-f3d89ed68d82,2026-08-20T17:20:59,"This app shows us the budget friendly clothes with more discounts for the new users,I have bought so many ethnic wears from this app.It helps many people in buying the fashion at affordable prices",0,5,False,,
playstore,af50c28a-ffe3-4c18-90c4-5d2603d7e686,2026-08-20T17:18:12,"yaah when I ordered something form this platform,I had never disappointed ,,nd so happy to use it",0,5,False,,
playstore,e1721b51-e84a-47bf-ac10-c44d27bc32b4,2026-08-20T17:16:26,clothing quality good,0,5,False,,
playstore,940d64e1-cf4d-40a7-bb4c-a9a36dc54c0e,2026-08-20T17:11:58,best fashion app in affordable rates,0,5,False,,
playstore,4594b72a-8790-46d4-9576-89c8e0794dd0,2026-08-20T17:11:26,its amazing always 🥰,0,2,False,,
playstore,eb888744-650a-49cf-9a6e-1061b243c33d,2026-08-20T17:10:26,Good quality product,0,5,False,,
playstore,1c6eb04b-fd19-45b1-b4ab-c6dcf2939ee3,2026-08-20T16:57:31,best app for clothes,0,5,False,,
playstore,764338ff-e0a3-449a-99b4-8554dd72e47d,2026-08-20T16:55:39,Nice app for shopping,0,5,False,,
playstore,613693af-441a-40a1-ad00-b4fa97b83d92,2026-08-20T16:52:59,it's best app and absolutely better,0,5,False,,
playstore,a25eb3b0-dc7f-4f83-ac97-ca3ccf63afc1,2026-08-20T16:49:25,idk what is happening but when I am trying to reach custom care repetead timing they are not answering. very bad custom care services,0,1,False,,
playstore,2810e2b5-7210-4509-ab44-e13100ddfba1,2026-08-20T16:46:30,bohot accha experience delivery bhi bohot jaldi de dete hai aurquality bhiast,0,5,False,,
playstore,706f3a91-f2bb-469e-a6f6-55e7c13a8b19,2026-08-20T16:41:55,excellent app 😃👍🏻,0,5,False,,
playstore,b3776360-8158-4158-b0f2-8a4d24aa5c29,2026-08-20T16:39:33,best quality and orginal product this app,0,5,False,,
playstore,bed462e8-7705-4082-8d24-08dfd25020bf,2026-08-20T16:38:56,bad experience they send me a bad quality product,0,1,False,,
playstore,4d3888e6-454d-42fb-83f7-e3f199f05a6e,2026-08-20T16:36:12,"fashion and lifestyle app, featuring over 3,500 brands, AI-based styling tools, and fast delivery options. It turns your phone into a complete digital clothing store✨",1,5,False,,
playstore,ec30b9e1-2ae6-4b05-86c8-900ebbc18a69,2026-08-20T16:32:51,bahut acha App h shopping ke liye,0,5,False,,
playstore,9a6eff0d-ab15-4d90-b539-c76ac5351282,2026-08-20T16:30:13,product is very good quality and color is not fade by wash comfortable cloth on myntra i love it.,0,5,False,,
playstore,e3de8d06-af61-4ac9-b3b3-dca821503669,2026-08-20T16:18:04,quality is very good worth for moneyy,0,5,False,,
playstore,c8d627e0-b5ea-4a0c-a85f-0467f1af1a65,2026-08-20T16:16:48,All products are good as shown in the pictures.,0,5,False,,
playstore,cf0e4345-a0f7-4bb0-a9b0-1b6bdaddc0d7,2026-08-20T16:13:34,It was awesome product...,0,5,False,,
playstore,499a496a-ff6a-4483-83d8-b023ffba75be,2026-08-20T16:13:06,very good application,0,5,False,,
playstore,61bf9221-ef01-498d-bccc-f02b8c7dccd9,2026-08-20T16:10:01,why I cant see my order,0,1,False,,
playstore,579ba608-3b8e-4a5b-90f6-ed58a26bf32c,2026-08-20T15:55:05,A worst ever shopping portal India could have,0,1,False,,
playstore,5a41f764-f431-44c3-ab42-baca0bd97fad,2026-08-20T15:54:45,A very low quality app a order is pending from 1 month,0,1,False,,
playstore,a67fe71c-a6de-4c33-bb47-d2b5f568737f,2026-08-20T15:49:38,"if I find perfect size dress so the price is if the price is low but not finding feeting , it was very poor",0,1,True,size/fit uncertainty,not finding feeting
playstore,368b5adc-714a-4dda-a62a-9d77617aed46,2026-08-20T15:44:48,overall good app for clothing.,0,4,False,,
playstore,8766801d-291b-4ec1-aed4-a5da15315cda,2026-08-20T15:38:36,"horrible customer service , even if you are so called "" insider "" customer",0,1,False,,
playstore,8758e900-1774-4983-a21c-098b79efc25d,2026-08-20T15:37:11,my order is very goodly delivered and fast,0,5,False,,
playstore,6db29649-8af4-46cb-9b16-3f1da450fcc1,2026-08-20T15:36:33,"Good deliver, Best behaviour,",0,5,False,,
playstore,fbf6b7de-174d-45ba-abb6-51242c6f2930,2026-08-20T15:29:46,very nice affordable price 😃,0,5,False,,
playstore,b0d6f357-3900-4ffc-90ce-f2f3d5562d79,2026-08-20T15:23:19,best experience,0,5,False,,
playstore,30a023a6-8025-4cc8-a813-7c7aa8418fcf,2026-08-20T15:17:00,"poor delivery, always delayed ,products are good but never reach on time. whenever we need something it's delayed delivery 😑. having very poor experience with this.",0,1,False,,
playstore,789908ee-e960-4653-8aa5-8c8e74f00241,2026-08-20T15:14:51,very nice product 👌,0,5,False,,
playstore,15cb0229-6aca-41ee-baee-51d5881c12ab,2026-08-20T15:10:00,very best prouduct,0,5,False,,
playstore,df7b1b7c-602f-43c0-b229-6f9b928793e4,2026-08-20T15:06:02,very fast delivery,0,5,False,,
playstore,9415c9b3-cdc7-4710-afda-415261907a4e,2026-08-20T15:05:23,app is too good for online shopping they provide us quality product and many more,0,5,False,,
playstore,414241fc-c27b-4845-84a7-5e7a8ecf85ce,2026-08-20T15:01:35,I HAVE USED THE PRODUCT OF THIS APPLICATION . THIS APP IS VERY GANUINE AND TRUSTABLE .,0,5,False,,
playstore,8d133df5-901e-4eda-9c58-007b312a4e8b,2026-08-20T14:59:32,top branded products are available in application,1,5,False,,
playstore,f8567288-33da-4efc-ad0c-b83d4d5f99e8,2026-08-20T14:54:31,The experience was so good in this app for shopping,0,5,False,,
playstore,e2a916c8-a703-4d17-b551-d1e8746bbf71,2026-08-20T14:54:06,very bad application delivered wrong product.... shows different nd delivered different.. delivered wrong rakhi... totally different poor quality product..... last purchase from this app.,0,5,False,,
playstore,2432b6e4-51da-43b4-8344-a2fc91c710b1,2026-08-20T14:52:57,This app is the best app among all apps,0,5,False,,
playstore,9d3e5054-e5b2-41d1-91a4-5a505e264daa,2026-08-20T14:43:36,"false advertising and selling items at fraud claims ordered items double the price for their so called "" express delivery"" and still got delayed by 2 days . what a FRAUD",0,1,False,,
playstore,63216121-27a1-40ad-90df-d441fe94e3d1,2026-08-20T14:43:03,very good quality product original brand and delivery was good 👍,0,5,False,,
playstore,58a685d5-3f89-4fc3-9d48-9157cb2375c0,2026-08-20T14:42:58,recently I am facing some issues in myntra.This app not delivered products in kanyakumari district sometimes menu page shows delivery delay please don't install myntra my suggestion 🥺🤮,0,1,False,,
playstore,2ba33c93-5bd5-4e84-9cb3-8eaf4d9e83bf,2026-08-20T14:39:22,Quality is really very good service is very bad comoare to other online shoppjng site also I chat or discuss with myntra he is saying can not give delivery as per promise date from मंत्र site,0,1,False,,
playstore,7bcae903-e62d-431d-9e92-f7de794e3d5b,2026-08-20T14:31:58,easy to use nice app,0,5,False,,
playstore,58a11346-1c7c-43b4-b14c-62bcc7116ff5,2026-08-20T14:24:02,"Large Variety: Users like the wide range of clothing, beauty, and lifestyle brands. App Design: The interface is clean, smooth, and easy to navigate for browsing. Convenience: Many praise the simple return and exchange steps for correctly sized or non-defective items.",0,5,False,,
playstore,a70e8888-dd3a-4ae2-9df1-e142f1f2af49,2026-08-20T14:21:18,The cloths fit perfectly every time I order and the cloth quality is reasonable for the prices.,0,5,False,,
playstore,463bc455-6dfd-4eae-9447-bb1fbde29986,2026-08-20T14:18:52,i want return parcel but help support not working,0,1,False,,
playstore,46f5c073-6536-47a5-b344-14c695b1894c,2026-08-20T14:16:54,They cancelled my order without any notification.,0,1,False,,
playstore,9ea7e8cd-da45-4ec8-912f-da873e14055d,2026-08-20T14:15:47,Great shopping experience.,0,5,False,,
playstore,1bc1afc9-0deb-41e6-a018-cd61bc0ff434,2026-08-20T14:14:17,this app is so good,0,5,False,,
playstore,62f956a6-8a0d-4ed0-8343-c43c2d6f4fbf,2026-08-20T14:11:32,one of the worst app time pe order deliver nahi karte aur na hi customer care agent baat krte hai taki problem resolve krein delivery ke 1-2 din phle hi order khud se cancel kr dete hai.... order deliver nhi karte hai delay show krte hai exchange me lagao toh bhi nhi deliver krte hai one of the worst app I have seen ever.... 👎👎👎👎itna worst hai ki 1 star rating bhi deserve nhi karta.....,0,1,False,,
playstore,9c4989a8-fd3f-4b82-bcfc-bae3380cd545,2026-08-20T14:10:36,Best Shopping Experience,0,5,False,,
playstore,f4fee9d0-7da2-47f0-bfb0-6e6b4202276d,2026-08-20T13:57:31,good to be here easy and commited,0,5,False,,
playstore,5a841ff6-9611-4954-9f3f-564ca8153db7,2026-08-20T13:49:43,excellent quality of the product and delivery is on time always.,0,4,False,,
playstore,ead9a760-62ab-46aa-b811-dba04e4f829c,2026-08-20T13:44:04,best online shopping app,0,5,False,,
playstore,6bfbeeba-0ac9-4aca-b04b-ed623ce0637f,2026-08-20T13:42:58,good app for online purchases,0,5,False,,
playstore,e9802017-ae18-4f1f-9185-4b8619218512,2026-08-20T13:42:01,Good for Shopping and having a nice collection,0,5,False,,
playstore,67abd38e-a484-458f-9510-7273246b1945,2026-08-20T13:40:52,good product delivered,0,5,False,,
playstore,062c95de-a0b4-4c1f-b9ee-3daa535d7fee,2026-08-20T13:38:47,The clothes and other features or products are best and at good expense you can buy it and it has good and fast delivery,0,5,False,,
playstore,58d0499e-d84c-4ad9-9fb7-3e6054d9b4cf,2026-08-20T13:38:27,too great quality of clothes i got and also I love it,0,5,False,,
playstore,11df7392-ea90-48bb-a9f7-0b05277da3c1,2026-08-20T13:32:23,Very good products and time to delivered all,0,5,False,,
playstore,a08cde0f-2f55-4f6c-8ca4-a4ee05039ca2,2026-08-20T13:19:10,worst clothing brand ever used. Every time I purchase something from sale in their application and especially the prepaid order they always send different brands and when you try to return these products they don't get returned and your money gets stuck. Firstly when this happened with me I thought it's just a misunderstanding but when it's done twice I got to know they try to clear their other company unsold product in the name of sale,0,1,True,sale_timing_consideration,Every time I purchase something from sale in their application
playstore,2af62820-5a5b-44c3-885b-4d313db8f087,2026-08-20T13:13:10,easy delivery. easy return n refund but difficult to reach out customer care,0,5,False,,
playstore,e623a5ad-fd3d-461d-8a75-1e2647f87952,2026-08-20T13:12:56,Very good experience,0,5,False,,
playstore,11d40efb-ce27-405e-9df9-2cacdfd9b744,2026-08-20T13:06:06,it's so difficult to get the help of customer service.... pathetic app only good advertisement attract people zero responsibility of refund or any other help you can't get any customer service everything is ai,0,1,False,,
playstore,2ec6f141-45b3-4ddd-a22a-40ef66f4aa02,2026-08-20T13:05:13,best online shopping 🛍️ products we can get,0,5,False,,
playstore,5ac51d8b-cdc3-4655-8a66-56e716951ff3,2026-08-20T12:51:46,quality is very good sabi p product woooo❤️,0,5,False,,
playstore,4ec1672b-a0ff-4de3-a7d2-aaa6f15cff44,2026-08-20T12:50:54,product quality is very good,0,5,False,,
playstore,240eafdb-262f-4a42-8124-8dec21c288b0,2026-08-20T12:45:43,"worst customer service and support, I have ordered a product and it was cancelled after unsuccessful delivery after 10 days ordered it again and same issue. when you call the customer service they simply say we have generated a complaint, it will be resolved soon and that never happens.",0,1,False,,
playstore,145918f8-a29d-4ba0-98f0-59c402d87254,2026-08-20T12:43:53,worst dilevery experience every single time,0,1,False,,
playstore,d3196c1d-481f-4f3d-9fab-7a97fbcf10da,2026-08-20T12:37:32,"I installed Myntra and ordered 3 items. the first item had an offer from myntra. and they cancelled it saying lost in transit. and the second item is delayed. and the customer care neven picks the call, only AI takes the call. never using myntra again",0,1,False,,
playstore,10bb2bec-b85b-4c0f-ac63-2547d64f2e09,2026-08-20T12:35:04,One of the best app for fashion and clothing,0,5,False,,
playstore,460a05c7-52ac-4827-abec-ed6859a66d75,2026-08-20T12:30:15,fix exchange problem,0,2,False,,
playstore,c2da4239-caf8-45ad-a039-b31211d2abf9,2026-08-20T12:28:13,great app..evrything is good in this app..I used this app already 12 to 14 years ago..n still I used,0,5,False,,
playstore,b83e45ee-2d48-421b-a718-04c2cbbff63e,2026-08-20T12:25:48,Great Marketing App,0,5,False,,
playstore,228b207c-222a-4a1e-9f0a-bbf98ef8be03,2026-08-20T12:23:00,awesome experience with delivery and service,0,5,False,,
playstore,c19881c1-1b29-4675-99ee-f9284a962338,2026-08-20T12:22:42,This app is good but sometimes it delivered wrong item,0,3,False,,
playstore,93b3a6be-d026-4e4c-b174-2f284ade9e73,2026-08-20T12:21:19,Nice app good purchases and offers,0,5,False,,
playstore,2cfe9fde-7b54-4d68-b98c-2de9c55e8d71,2026-08-20T12:19:51,nice experience,0,5,False,,
playstore,160fa1a0-a135-4166-8009-03470c406a80,2026-08-20T12:18:35,This anti aging retinol cream by dot and key is a game changer...it truly creates magic on your skin.,0,5,False,,
playstore,32bceb4c-4337-464b-9ac6-da7e5e722b17,2026-08-20T12:18:17,I love this app delivery was fast and easy to order,0,5,False,,
playstore,57ec7ebe-5282-484d-9207-ebe9c83c9a04,2026-08-20T12:17:30,Quality is too good,0,5,False,,
playstore,9cdc8088-00eb-4108-ad78-8d8b354744d3,2026-08-20T12:17:18,Good quality product,0,5,False,,
playstore,96ced38e-4e9b-4045-954e-f29ca0cdd3cb,2026-08-20T12:16:20,it's good app ! worth it and great quality of clothes ! best app !,0,5,False,,
playstore,c0ae817e-d8ec-4934-9632-342a9c6e200c,2026-08-20T12:14:24,bht hi bkwas app h koi bhi kuch purchase na kre mne top order kiya tha size exchange kiya to deliver boy dekh kr chle gya or exchange kiya hi nhi date bda di or aj cansel kr diya exchange isse ghtiya shoping app mne aj tk nhi dekha logo k paise khrb krte h ab m jo size muje ata hi nhi kya kru uska ase app ki wjh se online shoping pr se trust break ho jta h mera to yhi khna h sb logo se apne paise is app pr khrb na kre ye log scram kr rh h bht hi bura experience rh mera to 😞😞😞😞😞😞😞😫😫😫😡,0,1,False,,
playstore,7481fe2f-0b9c-4818-9c21-d931a1670861,2026-08-20T12:08:26,"The customer service centre and their commission, techniques for problem solving are very very bad. assistants are indifferent to solve the problem.",0,1,False,,
playstore,03070cfd-a27d-401b-b5e8-ca5dfc115963,2026-08-20T12:07:04,This app is one of the best online shopping apps,0,5,False,,
playstore,0433f491-d5ca-413e-a9fe-5c9724e08207,2026-08-20T12:05:33,"Myntra UGC Program Needs Attention I am a genuine creator in the Myntra Ultimate Glam Clan. I want to highlight a serious issue. There are Telegram groups with 700-800 members running in the name of Myntra UGC. In these groups, people pin their product IDs and force others to do fake clicks on each other's links. Many other unfair activities are also happening there. This is completely wrong and demotivating for genuine creators who create real content. I request the Myntra team to please look",0,1,False,,
playstore,0ae742c9-5eb1-4e6a-b2ed-45604caaf53d,2026-08-20T12:04:40,very good. delivery in time,0,4,False,,
playstore,23d0d214-0047-471b-98ca-a9ee8578c91f,2026-08-20T12:03:15,good product good service,0,5,False,,
playstore,3704f469-0fad-44fe-a1f9-d1e3fd9fd92b,2026-08-20T11:49:05,"the quality of products are excellent, atleast which I bought. the only reason using Myntra is quality.",0,5,False,,
playstore,92342ce3-4643-4910-b7ac-309dec43de01,2026-08-20T11:46:37,Myntra offers good collection of dresses and other items at good prices. Customer service also good.,0,5,False,,
playstore,fee7b106-7d9a-46a5-8d9d-90e67b2f1d77,2026-08-20T11:44:08,"Absolutely loved my experience with this shopping app! 🛍️✨ The app is easy to use, the product variety is amazing, and the ordering process is smooth and hassle-free. The products arrived on time, were well-packaged, and matched the descriptions perfectly. The quality was also really good for the price. Overall, a reliable and convenient shopping app with great service. Highly recommended! ⭐⭐⭐⭐⭐",0,5,False,,
playstore,74bf1dbf-bc39-4772-b6ce-8db14b611b7e,2026-08-20T11:41:33,very best app box best rakhi best,0,5,False,,
playstore,487fc767-91bf-45c9-9e74-7713584dfba4,2026-08-20T11:37:36,just awesome app💕,0,5,False,,
playstore,5d5ad139-44ba-45ad-82e9-00abd7560b65,2026-08-20T11:32:32,I really love this app... It really saves my money and gives some really nice and variety of options to choose from,0,5,False,,
playstore,043f5e97-a554-4150-9cbf-adc2db9f6e3a,2026-08-20T11:30:47,Quality of products are really nice,0,4,False,,
playstore,1110eb1f-ee3f-4e91-a0df-1726584f56e5,2026-08-20T11:30:03,amazing incredible Myntra,0,5,False,,
playstore,3aa0dea0-189b-4769-b48e-b734f8658a7a,2026-08-20T11:26:13,"As a myntra user I have purchased many things from this app , and I can surely say this is best and better than other apps. the order is the same as shown . if u are looking for an affordable and best product u can go with myntra.",0,4,False,,
playstore,fda2da5f-0b57-43f1-a18a-9d47bc5abec4,2026-08-20T11:24:08,"They sent me a different product instead of the product I ordered,they did pick it up but then refused to give refund, I have undergone a loss of 4000 rupees.extremely disppointing customer care and disgusting!!!!",0,5,False,,
playstore,77f2d62e-989f-4e4c-a037-d6d1c7d28fdf,2026-08-20T11:23:46,very good quality,0,5,False,,
playstore,8d2eac29-c43c-4b47-bcd8-e00bc0501d0a,2026-08-20T11:23:27,it's always good,0,5,False,,
playstore,ef2c27ca-4f5d-4360-8619-546e974e482e,2026-08-20T11:21:18,very bad experience with recent order received wrong product with poor fitting nobody responds on help center from app,0,1,False,,
playstore,35daf577-c2a0-4d46-bcbc-cec6da6413bf,2026-08-20T11:17:58,"“Such a great app to find stylish and trendy new collections, with fast delivery!” ✨",0,5,False,,
playstore,af0c9793-e769-4c06-82de-7cc2934f9305,2026-08-20T11:17:24,"good quality products,very supportive community",0,5,False,,
playstore,bb3386df-0d3f-4cb7-a596-ae015bb9f46c,2026-08-20T11:13:24,"about 90% of the reviews in the app are paid, dont trust reviews of the product, they gave myncash if you write positive reviews of the product in the app, and if you wrote negative reviews about the product, they hold your review",0,1,False,,
playstore,9de78f72-9446-4551-89cb-23857176afec,2026-08-20T11:10:24,best Quality 👌 👍,0,5,False,,
playstore,bf1bb541-8595-410f-8f17-61f8e48a2b61,2026-08-20T11:05:27,it provides good quality products mostly,0,5,False,,
playstore,91b367d4-caae-48f0-b07a-23320cf0d991,2026-08-20T11:04:48,Rate and quality material Outstanding,0,5,False,,
playstore,fa7a7fdd-c800-49aa-a5ba-07f4282601a9,2026-08-20T10:59:27,Best Shopping app 💟 Great deals at low prices,0,5,False,,
playstore,940e9500-e3e0-4e4c-94df-4f793e35fe41,2026-08-20T10:56:32,BHOT HI ACHHI T-SHIRT HAI TRY KR SAKTE HO,0,5,False,,
playstore,0c5e6761-8c7b-4bbd-bfd7-8e34ff12db83,2026-08-20T10:54:52,worst customer service,0,1,False,,
playstore,4eb4c93d-269f-40fb-b58d-c9d6e0c9621d,2026-08-20T10:52:30,worst customer service....they are not responding properly also,0,1,False,,
playstore,5172300d-40ae-4831-a7e0-b66ce0f9adca,2026-08-20T10:46:17,"Range of products are really good and with best quality, only problem sometimes I face is about delivery, there is uncertain delay. Rest all is perfect.",0,4,False,,
playstore,2e5d55e4-f3a1-454e-97bd-2944626ba12d,2026-08-20T10:43:58,never order any product from this app it's totally scam they show another picture and give us different products it's my first order and they gave me different product,0,1,False,,
playstore,30b5c2a8-126f-4a6c-bf52-383f0473ee55,2026-08-20T10:43:55,very bad service,0,1,False,,
playstore,33ea1d37-7bc5-488d-97f5-a67991cb0cea,2026-08-20T10:42:52,excellent shopping app 🛍️,0,4,False,,
playstore,1c8bf041-8da1-4d93-ab7c-d14f15978169,2026-08-20T10:41:16,Best place to grab trending clothes 💥,0,5,False,,
playstore,4f4ced68-e9be-4011-b510-5e86d8ff35f5,2026-08-20T10:32:32,"Recently had an issue the delivery guy has charged doubled the amount for the order,as we were not at home so transferred the amount as informed by him as it was a multiple order so that the other items would have also been delivered but nothing as such happened when checked. Raised multiple complaint but never received any resolution always issue closed saying no extra amount charged..I have submitted all proofs from my end and expect the same from your end but they say they can't share.-Fraud",1,1,False,,
playstore,ff9ff2ad-85be-4630-a882-c57bec04e85f,2026-08-20T10:31:59,I got the best product always.The quality of the clothes they provide is quite good if u buy the company product,0,5,False,,
playstore,a5c0e6a2-e9ba-4819-a47f-5212cc6c85a0,2026-08-20T10:27:12,"Myntra is one of the best shopping apps for fashion and lifestyle products. The app is easy to use, has a great variety of products, and the ordering and delivery experience has been smooth. Overall, a very convenient and reliable shopping experience. Highly recommended! 👍",0,5,False,,
playstore,dad62466-654a-4160-b276-f3a849dae961,2026-08-20T10:27:09,very good and affordable website,0,5,False,,
playstore,98cbdd56-bdcb-4990-bdab-f1389cf9d505,2026-08-20T10:26:36,this app is for me very well to get products usefull nd under to pocket money,0,5,False,,
playstore,16390b64-ec2a-4dcd-b492-85d86cb83ffc,2026-08-20T10:23:29,i received very old bottle without proper sealed very unsatisfying with the service,0,1,False,,
playstore,d8b36504-403d-4912-b74d-ae4a60e03691,2026-08-20T10:16:13,amazing experience,0,5,False,,
playstore,74cd91b8-27fd-4a1b-a223-35a44b2dda31,2026-08-20T10:11:32,amazingggg best app...amazing quality,0,5,False,,
playstore,d1239c76-0973-429c-9792-e089dfe4cafd,2026-08-20T10:10:58,NAYA ACCOUNT BANAKE SASTE KAPDE LE SAKTE HO BEST CLOTH SHOPPING APP HAI BHAI,0,5,False,,
playstore,9d4a7176-8298-4be5-ba55-b4899b136a1f,2026-08-20T10:05:14,"Myntra is one of the best shopping apps for fashion and lifestyle products. The app is easy to use, has a great variety of products, and the delivery is usually fast. Product quality and packaging are also good. Overall, I’ve had a smooth and satisfying shopping experience with Myntra. Highly recommended! 🛍️✨",0,5,False,,
playstore,c23c0f32-67f6-41d0-97be-87281fe7770b,2026-08-20T10:00:00,very good app thanks for my held,0,5,False,,
playstore,42d5a2a1-988c-47b2-ae66-11ec190de57d,2026-08-20T09:59:39,delivery of myntra is very fast and appropriate,0,5,False,,
playstore,2278415b-89ec-4a2b-a2c4-4690038c0604,2026-08-20T09:59:01,good app for shopping 🛍,0,4,False,,
playstore,feba7bd6-36ff-4c9f-9ff3-1cc30af8fb29,2026-08-20T09:56:30,good experience,0,5,False,,
playstore,93e1c3f2-049c-4ed6-b4a5-067e93c90877,2026-08-20T09:53:36,very fast service and good quality,0,5,False,,
playstore,d70f968c-edbc-4dc7-9374-e004ede1a42c,2026-08-20T09:51:07,"Myntra ka interface bahut smooth hai aur ispar kapdon ke latest trends aasani se mil jaate hain. Delivery aur size guides bhi kaafi acche hain, isliye ye shopping ke liye mera favorite app hai.""",0,4,False,,
playstore,5f8be56a-9fad-4156-bce4-34b45ada0dbb,2026-08-20T09:49:23,Worst experience with the last few orders and returns. Fraud and fake messages about the delivery attempt while no delivery attempt was actually made. Wrong number given as delivery agent number. Return requests withheld for months for no reason. And even worse is no help from the help centre. No call back or any attempt to help. Myntra was good before but now its going to dogs.,0,5,False,,
playstore,22783794-1817-4876-9dd4-5513cfde1e21,2026-08-20T09:45:37,It feels great to shop here. All the products of Myntra are number 1.,0,5,False,,
playstore,2f024f47-de38-492b-b43f-09fb458f6576,2026-08-20T09:42:16,very good myntra best aap,0,5,False,,
playstore,cedcc52a-b439-4a2d-a707-5c5573559e5d,2026-08-20T09:33:49,"I logged into Myntra for the first time after seeing an advertisement, and right off the bat, I received a product that looked like it had come straight out of a trial room—it was in terrible condition. The help desk was useless and offered no assistance; Flipkart and Amazon are definitely the better options.",0,1,False,,
playstore,6447a4f0-a84c-483c-934e-3e7234358b4c,2026-08-20T09:25:20,trusted product,0,5,False,,
playstore,95560ec6-6d31-485f-bcb9-c0e68473207d,2026-08-20T09:24:13,"i ordered green colour kurtha set but I received pink colour short blouse type sleeveless western top. don't trust anyone myntra they are waste.waste of Time waste of money. I loss 580rs, the supportive team choose option only their side concern our side no one examine.pls don't trust myntra don't buy anyone .I send openning time videos and pics they not trust then how to prove our side concern .cheating 🤦",0,1,False,,
playstore,b4f4e0e5-24d5-429b-b474-5dd702c025d5,2026-08-20T09:08:42,"Myntra is a terrible and completely unreliable app. I have faced issues twice. The first time, I returned a product but never received my refund. The second time, they delivered the wrong product and are now refusing both a replacement and a return. This feels like outright cheating and extremely poor customer service. I have completely lost trust in Myntra and will never use this app again. Customers, please be very careful before ordering!",0,1,False,,
playstore,1079ef15-d132-446f-80c3-5ae531d25b0f,2026-08-20T09:03:10,good for shopping,0,5,False,,
playstore,86c55fee-15c0-4ba9-993f-f520ece19fd1,2026-08-20T08:50:40,this app is best for online shopping because this app gives you reward in form of cash and many biggest offer,0,5,False,,
playstore,bd734e1c-cbc8-4bcd-ae1b-54fb9394c90a,2026-08-20T08:50:28,Really I am disappointed with the delivery experience always late than the date mentioned all my recent orders were cancelled I had to order again.. 😑,0,1,False,,
playstore,a164f570-315d-4040-805d-8e175a83ccca,2026-08-20T08:40:38,good online shoping palet from,0,4,False,,
playstore,7090ef74-b6b2-4c93-9a89-f647d3ad8a69,2026-08-20T08:37:16,product quality is good,0,5,False,,
playstore,d4ceaba2-d2c0-441f-917e-63fb8f84f087,2026-08-20T08:34:40,my favourite app,0,5,True,wishlist/favourite behavior,my favourite app
playstore,3a8eeae4-e347-4ea3-893d-4b664742d9bb,2026-08-20T08:34:20,Very convenient app for shopping,0,5,False,,
playstore,e4e8310e-4e23-4455-b590-9e541537a72f,2026-08-20T08:29:36,fast and responsive,0,5,False,,
playstore,bf5f6201-e702-4260-8b62-af34d74b8a30,2026-08-20T08:24:27,using from years...getting great discounts on every purchase on the big brands...shopping is so easy now,0,5,False,,
playstore,dbeb5323-6a36-4d58-a895-c7373220c157,2026-08-20T08:22:12,I always like myntra. That's all.,0,5,False,,
playstore,8947589c-892e-4b46-b688-a1d77db2de35,2026-08-20T08:20:43,one of the best shopping site in India fast delivery 🚚 and quality products,0,5,False,,
playstore,2b83e898-a7f4-4ff4-acc0-aca4dca4a143,2026-08-20T08:19:46,"Very disappointing experience with Myntra. My order was expected to arrive on August 17, but it was not delivered. I requested cancellation on the same day, but even after 2–3 days, it is still showing “Cancellation Requested/Processing.” I have not received my refund either. If the order had been delivered on time, there would be no issue. But the delivery date has passed, the product is still undelivered, and my refund is also pending. Please resolve this quickly.",1,1,False,,
playstore,96f12653-581c-41bf-a110-b513f5373cdf,2026-08-20T08:18:48,this app is good.,0,5,False,,
playstore,352ada10-8499-4f78-9ddb-0d33fec3557e,2026-08-20T08:18:43,"Great collection of top brands, trendy styles, and genuine quality products.",0,5,False,,
playstore,9ffcbab7-e3c4-4a4e-9216-7babdaca4488,2026-08-20T08:13:59,good app for fashion,0,5,False,,
playstore,f93122d6-8422-4e93-988d-ab4a6eb2cb45,2026-08-20T08:12:49,product quality are good,0,5,False,,
playstore,8f389b9f-fb5c-4ee9-ae09-2414cd1556fd,2026-08-20T08:00:23,100% original products,0,5,False,,
playstore,8bc9d460-728a-462b-bf7a-0c84e67a10b7,2026-08-20T07:58:07,this product is amazing 🤩,0,5,False,,
playstore,0632ddd7-7a92-4d77-ba44-32d1fe1bea54,2026-08-20T07:53:13,I’ve had a really good experience shopping on Myntra. The products usually look just like they do in the pictures,0,5,False,,
playstore,a88eccbd-4824-426b-837f-edc51a24cbed,2026-08-20T07:40:07,"In my myntra app , doesn't show spin option to get myntra cash.Please solve this problem!",0,3,False,,
playstore,e901aa6b-7e6d-4855-ad6e-439a7c0692d3,2026-08-20T07:33:17,great shopping experience,0,5,False,,
playstore,05e69414-d247-40f2-83ce-19f5bcede717,2026-08-20T07:10:37,purchasing experience with myntra is nice,0,5,False,,
playstore,5b803897-4565-4cb6-9fcc-dd4ddae98192,2026-08-20T07:09:21,best but price high,0,5,True,price_consideration,best but price high
playstore,f3394f69-fa31-4c1d-b2e4-7ef3de12e33e,2026-08-20T07:06:24,awesome discount,0,5,True,price/sale timing,awesome discount
playstore,38c9bdb7-c975-4520-bfdb-8c2c2d4771e1,2026-08-20T06:54:20,"Zero star option isn't available, delivery attempt was never made and got that delivery attempt failed message. Raised an issue but always bot replies and when called no one picks the call. delivery agent number given but always got declined. Never order from this app they only give fake hopes for early delivery . Worst app ever",0,1,False,,
playstore,c09d4fe2-d223-422c-96f6-7bf8561a3ede,2026-08-20T06:46:18,awesome app and we get instant delivery on time. quality also good.,0,5,False,,
playstore,a30e70d3-ee2b-4b27-9afa-583bb9064c70,2026-08-20T06:38:01,most trusted app,0,5,False,,
playstore,004030d7-c43b-4568-8b83-9859a9c6bde0,2026-08-20T06:37:01,Best product ever....,0,5,False,,
playstore,a446f308-9f17-4dee-a360-6ddc68f13395,2026-08-20T06:34:44,very much better clothes and cloths fabric in minimum price,0,5,False,,
playstore,283470a5-a0f3-43fc-a0b0-6935ce2a71d5,2026-08-20T06:29:27,bahut achaa kapda Hai colour bhi badiya hai,0,5,False,,
playstore,e7fce6a3-873b-45a2-a0b5-f6ba98317e8d,2026-08-20T05:58:28,deliver as it shows in the app,0,5,False,,
playstore,01652300-0422-4c54-a3d7-681375078314,2026-08-20T05:53:33,very good service,0,5,False,,
playstore,8b89cea1-c9ba-48f5-959a-bef1986c2b1f,2026-08-20T04:25:13,Fantastic shopping app,0,5,False,,
playstore,54ae5bc0-b862-4978-90e2-4b61f4650cf3,2026-08-20T03:31:56,best app to shop...,0,5,False,,
playstore,fa9862cf-0d20-42fa-8348-4b3c30d58455,2026-08-20T02:30:57,myntra is best online purchase platform it's a very good site and many offers and discounts provided by myntra .,0,5,False,,
playstore,67781d72-cb70-420f-aa5e-1044869c6d43,2026-08-20T02:12:15,I was thinking the product will not be good but after using product from myntra i don't think so my money were wasted,0,5,False,,
playstore,313f719b-76ff-4d33-a462-50c1e13ad1bb,2026-08-20T02:09:51,best plateform to buy all products,0,5,False,,
playstore,99b3adaa-47a5-4966-b5d6-fad8e7955730,2026-08-20T01:48:43,"Satisfying experience..... Had a really good experience shopping from Myntra. The products were genuine, well-packed, and delivered on time. The overall shopping experience was smooth and hassle free, with plenty of options to choose from. Definitely a reliable platform for online shopping!",0,5,False,,
playstore,e0bb70fc-fc57-41c6-a50a-cdf5aa681edd,2026-08-20T01:38:17,"worst app ever , my order has been delayed by 10 days and is still in arriving they don't under stand the value of costomer someone can have emergency . I'm never gonna use thi app now and not gonna recommend any one else to order from here 😒",0,1,False,,
playstore,b8835e94-fe31-4230-90b4-ad3e985bfb32,2026-08-20T01:37:07,very good online app,0,5,False,,
playstore,cbe6adaf-4871-4103-975b-c49d1ca68cb0,2026-08-20T01:24:57,we always receive good quality products by myntra and always receive on time,0,5,False,,
playstore,c2d5bd8d-cca3-4510-9151-a2e0cec299ed,2026-08-20T01:21:01,best for new collection,0,5,False,,
playstore,3eeef85a-683f-4a7d-bbfa-54f164a0db28,2026-08-20T01:07:44,horrible...... once it was a great app /website for shopping now it became one of the worst than worst .... delivery is always delayed that too weeks from the actual date of delivery or delivery is cancelled automatically.... horrible service..not recommended.,0,1,False,,
playstore,227754c1-6248-4d60-b435-2af9d0a4a48c,2026-08-20T01:07:43,"I found myntra OG , here , can get original products of almost 90 % of the brands",0,5,False,,
playstore,e8f97f7e-7979-4a3e-9045-e37e21ace29b,2026-08-20T01:04:28,superb app best quality and affordable,0,5,False,,
playstore,b5c66939-8425-4f71-ba8a-3fc61b44b9e9,2026-08-20T01:01:21,my account why deactivated iam not login by last two days please clarify problem myntra team,0,2,False,,
playstore,3bc352a3-3a76-45f1-93a8-f805386556ef,2026-08-20T00:55:32,I have ordered 3 items till now and all of that are same as I ordered. good experience so far,0,5,False,,
playstore,4790b5ef-c28d-4cf8-bcd3-3f939eca2b24,2026-08-20T00:44:11,great service 🥂,0,5,False,,
playstore,f2da281c-72b4-46fc-91a3-55c86c0962f0,2026-08-20T00:38:28,Best Plateform for shopping,0,5,False,,
playstore,3dc5cee4-ab3b-4b0e-87df-6ba844ffc076,2026-08-20T00:37:18,best shoping app🥰🥰🥰,0,5,False,,
playstore,7d65c676-3764-4d7d-8526-457d3d8a9b92,2026-08-20T00:31:58,Fake working in myntra case,0,1,False,,
playstore,b5bcbfc0-a5f1-4a26-8d50-aad34726d8ba,2026-08-20T00:19:50,one stop solution for your life needs,0,5,False,,
playstore,1228bc47-fc1b-44be-aad5-84bcc2743138,2026-08-20T00:05:40,good and best online shopping 🛍,0,5,False,,
playstore,14e82bca-7686-4198-9533-767d7103b2bd,2026-08-20T00:04:38,good quality and better to shoping,0,4,False,,
playstore,2aab05ff-5804-4ef1-b2dd-24e6d6a76cab,2026-08-19T23:57:01,excellent product with offers,0,5,False,,
playstore,13e42e52-ddc7-4ef0-9cce-09256f58ac28,2026-08-19T23:51:21,"Has great quality of clothes and Great collection, love it",0,5,False,,
appstore,14452412223,2026-08-20T14:52:34-07:00,"Received what ordered

Ordered 5 shirts and glad to receive what the quality was shown",0,5,False,,
appstore,14452268424,2026-08-20T13:56:56-07:00,"What a downfall of service

They have closed all the ways to reach customer care agents and you must deal with the AI responses until they feel you are worth it…. What a pathetic downgrade to save money. The worst part is they are paying people to give hyped reviews.",0,1,False,,
appstore,14452233991,2026-08-20T13:44:03-07:00,"Best website

Thank you for a great shopping experience .. You’ve added so much happiness to my life by delivering products before time..😊🌸",0,5,False,,
appstore,14452119416,2026-08-20T13:02:00-07:00,"Best

I bought all my shopping only from Myntra. Great variety brands offers exchange return on time refund policy awesome",0,5,False,,
appstore,14452077406,2026-08-20T12:47:07-07:00,"Nice

Best one not like other brands",0,4,False,,
appstore,14452056477,2026-08-20T12:39:41-07:00,"Scary

Most of the reviews photos are Ai images so how we go with this app",0,2,False,,
appstore,14451912300,2026-08-20T11:49:54-07:00,"Worst experience with myntra

Placing an order with them and returning items is such a big hassle. The order is always delayed and the customer care is unprofessional. They neither make a refund nor exchange items. Don’t use myntra",0,1,False,,
appstore,14451892772,2026-08-20T11:43:15-07:00,"Nice product

Very nice but price high overall nice product",0,5,True,price_consideration,price high
appstore,14451887275,2026-08-20T11:41:21-07:00,"Awesome

Many many options i love shopping on mytra",0,5,False,,
appstore,14451818772,2026-08-20T11:18:25-07:00,"Worst Myntra

I ordered a puma sneaker and returned it but still they haven’t received it and also didn’t refunded me one of the worst online shopping experience",0,1,False,,
appstore,14451741676,2026-08-20T10:53:34-07:00,"Best App

Its the best app for clothing. Very affordable and pocket friendly.",0,5,False,,
appstore,14451728062,2026-08-20T10:49:12-07:00,"Taking platform fee and Aldo other fees

Taking platform fee and other fees and price is high according to cloth material and day to day order quality is degrading",0,1,False,,
appstore,14451714398,2026-08-20T10:44:50-07:00,"Lalit

Best for prewinter, cotton but thick",0,5,False,,
appstore,14451702371,2026-08-20T10:40:57-07:00,"Decent Morden outfit for me

Love it",0,5,False,,
appstore,14451612152,2026-08-20T10:12:11-07:00,"win

Alwz 5 star",0,5,False,,
appstore,14451577590,2026-08-20T10:01:20-07:00,"Pathetic

Pathetic",0,1,False,,
appstore,14451553720,2026-08-20T09:53:57-07:00,"Hi

Excellent …. as expected",0,5,False,,
appstore,14451547178,2026-08-20T09:51:56-07:00,"nice

it’s very good",0,5,False,,
appstore,14451528558,2026-08-20T09:46:11-07:00,"Service quality

Myntra is providing the worst quality of everything with poorest delivery and pickup services. Meesho is far better than Myntra. Better opt for meesho than Myntra",0,1,False,,
appstore,14451505587,2026-08-20T09:39:11-07:00,"product

products was so good good quality",0,5,False,,
appstore,14451498089,2026-08-20T09:36:53-07:00,"Review

Very nice products",0,5,False,,
appstore,14451488346,2026-08-20T09:33:57-07:00,"Delivery patner are terrible

Delivery patner are terrible",0,1,False,,
appstore,14451482084,2026-08-20T09:32:03-07:00,"Feedback

Good quality",0,5,False,,
appstore,14451458062,2026-08-20T09:24:47-07:00,"Perfect

Very nice",0,5,False,,
appstore,14451428729,2026-08-20T09:16:02-07:00,"bhari

ek number",0,5,False,,
appstore,14451396848,2026-08-20T09:06:31-07:00,"Good

Very good as prefer cotton products",0,5,False,,
appstore,14451365360,2026-08-20T08:57:11-07:00,"I had bought a addidas bag pack

Great bagpack",0,5,False,,
appstore,14451362931,2026-08-20T08:56:28-07:00,"Top review

Just love it ❤️",0,5,False,,
appstore,14451352598,2026-08-20T08:53:27-07:00,"Pathetic service

M delivery is worse",0,1,False,,
appstore,14451274700,2026-08-20T08:30:57-07:00,"Genuine Product and affordable price

Wonderful",0,5,False,,
appstore,14451229435,2026-08-20T08:18:02-07:00,"Trendy

Trendy clothes",0,5,False,,
appstore,14451178697,2026-08-20T08:03:45-07:00,"Amazing Fit and comfortable

One of the best high impact sports bra❤️",0,5,False,,
appstore,14451120516,2026-08-20T07:47:19-07:00,"Worth buying

Quality is sooo good",0,5,False,,
appstore,14451081581,2026-08-20T07:36:24-07:00,"Kurta set for boys

Good looking kurta set",0,5,False,,
appstore,14451061747,2026-08-20T07:30:50-07:00,"RED TAPE

Great Sneakers",0,5,False,,
appstore,14450936477,2026-08-20T06:55:43-07:00,"Best shopping app

Absolutely love shopping from myntra ❤️",0,5,False,,
appstore,14450915409,2026-08-20T06:49:44-07:00,"Very good

Overall good",0,5,False,,
appstore,14450878590,2026-08-20T06:39:17-07:00,"Best bag ever..

Multi purpose bag..that you can use every where…top notch quality..you can go for it",0,5,False,,
appstore,14450869812,2026-08-20T06:36:46-07:00,"Disgusting app

They’re literally selling reused stuff like if someone has returned a product they won’t discard it but sell it other customers. Also I ordered a different size product and still they send me smaller size product so annoying.",0,1,False,,
appstore,14450841384,2026-08-20T06:28:36-07:00,"Delivery issues

I don't know what happened to myntra, earlier they have smooth delivery, nowadays deliveries not has promised or deliveries are not happening and delivery timing is horrible, one day their delivery agent calling me at 11'O clock night, I have a healthy habit of sleeping at 10, please fix the issue.",0,3,False,,
appstore,14450834294,2026-08-20T06:26:34-07:00,"Denim Bermuda

Material is not that comfortable, but I like the fit 👍
So I kept it.",0,5,False,,
appstore,14450789536,2026-08-20T06:13:40-07:00,"Great experience

Great experience",0,5,False,,
appstore,14450785021,2026-08-20T06:12:22-07:00,"Good

Verry nice",0,5,False,,
appstore,14450778155,2026-08-20T06:10:20-07:00,"Best

Best app for shopping",0,5,False,,
appstore,14450778030,2026-08-20T06:10:17-07:00,"puma glat

very comfortable",0,5,False,,
appstore,14450729001,2026-08-20T05:55:52-07:00,"उत्पाद के बारे में कोई सुनवाई नहीं होती है

उत्पाद के बारे में कोई सुनवाई नहीं होती है",0,1,False,,
appstore,14450601032,2026-08-20T05:17:04-07:00,"Myntra AI 🤦🏻‍♀️

Myntra looks fake these days, images are blurry and some customer reviews are AI generated, images shared by the customers are also AI generated, not able to understand which one is AI and which one is original",0,2,False,,
appstore,14450600554,2026-08-20T05:16:55-07:00,"Code word dress

Awesome collection can’t underestimate Myntra fashion so cool collection",0,5,False,,
appstore,14450584749,2026-08-20T05:12:00-07:00,"Top

Very nice product super comfortable and looking nice",0,5,False,,
appstore,14450559156,2026-08-20T05:03:58-07:00,"Very nice app

Top ui experience",0,5,False,,
appstore,14450534197,2026-08-20T04:55:59-07:00,"Empty packet, no refund, denial of the uploaded image

Myntra delivered empty packet for ordered Bitterlime women grey and coffee brown solid top and skirt. Then on request to guide on how to request product as the parcel was empty. They asked me to upload the image in the exchange section. Then they cancelled the exchange. And said no refund. To top it on call they are mentioning there was no image that was uploaded. Now they deny the refund and even the dress",0,1,False,,
appstore,14450531115,2026-08-20T04:55:00-07:00,"Osm

Bhutt jdaaaa achaa h nd comfert bi h",0,5,False,,
appstore,14450478977,2026-08-20T04:38:09-07:00,"Best quality of product

best quality of product",0,5,False,,
appstore,14450451791,2026-08-20T04:29:09-07:00,"delivery

the delivery was smooth",0,5,False,,
appstore,14450418512,2026-08-20T04:17:57-07:00,"Suit review

such a nice fabric and it looks so beautiful",0,5,False,,
appstore,14450414584,2026-08-20T04:16:39-07:00,"Best app

Best app delivers on time best products u can search for any product any will get with the best quality",0,5,False,,
appstore,14450392167,2026-08-20T04:09:06-07:00,"Wow

Great for its price",0,5,False,,
appstore,14450373090,2026-08-20T04:02:24-07:00,"Products quality

Satisfactory",0,5,False,,
appstore,14450354274,2026-08-20T03:55:51-07:00,"Lip n chick tint

Very nice product",0,5,False,,
appstore,14450335856,2026-08-20T03:49:19-07:00,"Wallet

Product is Good",0,5,False,,
appstore,14450324160,2026-08-20T03:45:11-07:00,"3 time hua hai.

Order kiya hua products myntra shipping hone ke bad cancel karta hai",0,1,False,,
appstore,14450306118,2026-08-20T03:38:37-07:00,"Nice

Good quailty",0,5,False,,
appstore,14450299924,2026-08-20T03:36:23-07:00,"Beautiful Rakhi

Beautiful",0,5,False,,
appstore,14450289668,2026-08-20T03:32:35-07:00,"Very good quity

Very good quality",0,5,False,,
appstore,14450289252,2026-08-20T03:32:26-07:00,"Been Ordering Since 2016. Today, I’m Done.

I’ve been ordering from Myntra since 2016–17, and after what happened with my latest order, I genuinely cannot believe how badly this platform has deteriorated.

I ordered a pair of Roadster shoes. It took ages to arrive, and when I finally went to the shipment warehouse at my university mall to collect it, the staff were completely inattentive and acted like they couldn’t care less.

But the real shock came when I got back to my room and opened the package.

Instead of the Roadster shoes I ordered, I received some cheap-looking knockoffs from a completely different brand called “Amico.”

I immediately contacted customer support, only to be greeted by an absolutely useless chatbot. There was no straightforward option to speak to a real person. I had to click through an absurd number of menus just to reach an actual support agent.

And then, when I finally got there, the app itself started glitching. I couldn’t even upload a photo of the product I received. It just sat there endlessly saying “Uploading…”

This is not what you expect from a platform I’ve been trusting with my orders for nearly a decade.

Wrong product. Poor delivery experience. Unhelpful staff. A frustrating support system. And then an app that doesn’t even let you submit the evidence needed to resolve the issue.

Myntra, this is absolutely unacceptable.

After almost 10 years of ordering from you, this is the last time I’m using Myntra. You’ve completely lost my trust.",0,1,False,,
appstore,14450282300,2026-08-20T03:29:51-07:00,"Goods

Trustworthy",0,5,False,,
appstore,14450252942,2026-08-20T03:18:58-07:00,"It’s very nice

Good",0,4,False,,
appstore,14450241598,2026-08-20T03:14:44-07:00,"Fabulous

I had really very good shopping experience",0,5,False,,
appstore,14450228382,2026-08-20T03:09:41-07:00,"Amazing Shopping Experience ❤️✨

Absolutely love shopping on Myntra! ❤️ The collection is amazing and there are so many stylish options to choose from. The app is easy to use, product variety is great, and the overall shopping experience is really smooth. I also love the discounts and offers available on different brands. Delivery and packaging have been good too. Overall, Myntra is one of my favourite fashion shopping apps. Highly recommended! ⭐⭐⭐⭐⭐",0,5,False,,
appstore,14450180499,2026-08-20T02:51:06-07:00,"Cool and vibrant

Very nice color, perfect fit for me",0,5,False,,
appstore,14450160328,2026-08-20T02:43:13-07:00,"Very good

Nice product",0,5,False,,
appstore,14450155006,2026-08-20T02:41:08-07:00,"Gorgeous

Very beautiful dresses always",0,5,False,,
appstore,14450112735,2026-08-20T02:24:22-07:00,"Perfect fragrance

Best perfume ever you could go for. Lasts about 4-5hours for sure. My fav so far.",0,5,False,,
appstore,14450108425,2026-08-20T02:22:36-07:00,"Fondue set

Good product. Amazing quality",0,5,False,,
appstore,14450108072,2026-08-20T02:22:29-07:00,"Carlton London watch

Amazing watch beautiful loved it",0,5,False,,
appstore,14450083292,2026-08-20T02:12:31-07:00,"Shopping

Very nice app very useful",0,5,False,,
appstore,14450070737,2026-08-20T02:07:26-07:00,"Easy shopping

Easy shopping good stuff",0,5,False,,
appstore,14450064278,2026-08-20T02:04:49-07:00,"Suit

Amazing experience",0,5,False,,
appstore,14450016611,2026-08-20T01:45:15-07:00,"Anouk

Nice kurta",0,5,False,,
appstore,14449987492,2026-08-20T01:33:16-07:00,"Good product

Good product",0,5,False,,
appstore,14449947882,2026-08-20T01:17:01-07:00,"Love love

Love",0,5,False,,
appstore,14449945867,2026-08-20T01:16:12-07:00,"Fantastic

Great app for all your fashion needs",0,5,False,,
appstore,14449908803,2026-08-20T01:00:47-07:00,"Super🫶🏼

Its very beautiful kurti 🥰 thank you Myntra",0,5,False,,
appstore,14449884466,2026-08-20T00:50:33-07:00,"Kurta

Beautiful kurta must buy piece best for casual outings",0,4,False,,
appstore,14449875556,2026-08-20T00:46:44-07:00,"Excellent

Good",0,5,False,,
appstore,14449833280,2026-08-20T00:28:46-07:00,"Good fit and soft material

fabric is very nice, and also a good fit",0,5,False,,
appstore,14449823766,2026-08-20T00:24:43-07:00,"Many variety options

Awesome service, and great replacement options",0,5,False,,
appstore,14449810940,2026-08-20T00:19:16-07:00,"Jockey

Amazing quality",0,4,False,,
appstore,14449776160,2026-08-20T00:04:42-07:00,"Venkat

This product is worth to money. Impressed",0,5,False,,
appstore,14449764593,2026-08-19T23:59:49-07:00,"Wonderful experience

I love using this app, so affordable products w best quality be it skincare,bodycare, haircare or clothes everything is just bestttt",0,5,False,,
appstore,14449759654,2026-08-19T23:57:45-07:00,"Beautiful soft fabric

Loved the Tshirt, its very comfortable to wear",0,5,False,,
appstore,14449752935,2026-08-19T23:54:50-07:00,"Best fragrance

Very good quality & must buy perfume 
Especially Nirvana & Oud Rocks",0,5,False,,
appstore,14449752840,2026-08-19T23:54:47-07:00,"Shirt

Amazing fabric,nice colour",0,5,False,,
appstore,14449746968,2026-08-19T23:52:16-07:00,"Review

Excellent",0,4,False,,
appstore,14449718030,2026-08-19T23:39:56-07:00,"Myntra review

I am using this app from ages and this is kinda always my go to place .. so comfortable from purchase to return everything ❤️",0,5,False,,
appstore,14449709089,2026-08-19T23:36:02-07:00,"OnePlus4Pro

These are really good headphones, and the sound quality is also very good.",0,5,False,,
appstore,14449685106,2026-08-19T23:25:44-07:00,"Zit care ance gel

Very good gel for acne prone skin 👍🏻 recommended by my dermatologist 🙌🏻",0,5,False,,
appstore,14449669663,2026-08-19T23:19:07-07:00,"Happy with product

Fabric is too good and very comfortable",0,5,False,,
appstore,14449663867,2026-08-19T23:16:35-07:00,"Earrings

Very good",0,5,False,,
appstore,14449644541,2026-08-19T23:08:10-07:00,"Excellent

Been using for years now so good",0,5,False,,
appstore,14449640634,2026-08-19T23:06:26-07:00,"Loved it!!!

Best for shopping",0,5,False,,
appstore,14449614920,2026-08-19T22:55:06-07:00,"Genuine products

This site is best for collection and price and all above brand for genuine products",0,5,False,,
appstore,14449612060,2026-08-19T22:53:51-07:00,"Thank you team Myntra

Very nice and best fabric",0,5,False,,
appstore,14449604259,2026-08-19T22:50:24-07:00,"Delivery not get on time

This delay has caused me significant inconvenience. I have already checked with my neighbours and reviewed the tracking information, but there are no helpful updates.

Since your company failed to deliver the product within the promised timeframe, I no longer require the item.",0,1,False,,
appstore,14449585485,2026-08-19T22:41:57-07:00,"Best app for shopping

Track pant is very comfortable and fabric is best",0,5,False,,
appstore,14449582231,2026-08-19T22:40:29-07:00,"Complain

Sabse bekar  app h jb koi return krna hota h to delevry boy apne aap write kr deta h ke coustmer not available 
Ager help line pe ph kro to agent busy hote h naa wapis ph krte naa cunct krte koi subhidha nhi h 
Myntra se achha to messo or flipcart h",0,1,False,,
appstore,14449575953,2026-08-19T22:37:39-07:00,"Owsome

Very cool and very well done product and very good quality product",0,5,False,,
appstore,14449507971,2026-08-19T22:07:50-07:00,"Love it

I really like the product its very comfortable
I just love it",0,5,False,,
appstore,14449494717,2026-08-19T22:02:01-07:00,"Best

Best for online shopping",0,5,False,,
appstore,14449494250,2026-08-19T22:01:48-07:00,"Gud product

Nyc and original brand",0,4,False,,
appstore,14449477798,2026-08-19T21:54:39-07:00,"Good

The blazer has awesome fitting and breathable material 😍",0,5,False,,
appstore,14449438404,2026-08-19T21:37:21-07:00,"Very good

Very good",0,5,False,,
appstore,14449427703,2026-08-19T21:32:40-07:00,"Good gesture

Its a better app for mycash earnings and purchasing in budget things and useful things are available in deals and earn daily my cash i loved this app i hope always maintain your own speciality",0,5,False,,
appstore,14449416087,2026-08-19T21:27:34-07:00,"Very poor customer service

My account log out without any reason",0,1,False,,
appstore,14449375316,2026-08-19T21:09:56-07:00,"Myntra selling fake brand product

Please do not buy anything from Myntra, as they are selling fake products and refusing to take accountability. I ordered an H&M pair of jeans that turned out to be ill-fitted, but when the delivery agent arrived for the pickup, he outright refused the return, claiming that the brand name ""H&M"" was not engraved on the button. How is an everyday consumer supposed to inspect microscopic details like button engravings when all the original tags and packaging were completely intact?
Myntra delivered a counterfeit item in the first place, and now their customer support has trapped me in a loop of empty promises. Since August 14th—nearly a week now—they have repeatedly delayed resolving the issue with false assurances of ""24 to 48 hours."" Their callback service fails to connect, customer care lines are perpetually busy, and no one has initiated the pickup or processed my refund. This is not merely about the cost of the jeans; it is a breach of consumer trust. If Myntra delivers a fake product, penalizing the customer and refusing a legitimate return is unacceptable. Avoid shopping on Myntra unless you are willing to risk losing your money on counterfeit items with zero customer support.",0,1,False,,
appstore,14449349192,2026-08-19T20:58:50-07:00,"nice experience

vast variety of clothing along with quality checks.",0,4,False,,
appstore,14449346813,2026-08-19T20:57:48-07:00,"Best app

Four Myntra to be the best fashion app",0,5,False,,
appstore,14449273013,2026-08-19T20:27:16-07:00,"Aruna Dhanapaul

Quality is nice . I like it.",0,5,False,,
appstore,14449241046,2026-08-19T20:14:23-07:00,"Cancelling the order at the date of delivery

After placing the order they give the delivery date 20 days after.and on the date of delivery they cancel the order.i m an icon customer and this has happened to me twice.and when u call the customer care they ask u to wait for the sale and place the order again.pathetic service.never expected this from Myntra",0,1,False,,
appstore,14449227637,2026-08-19T20:09:05-07:00,"Awwsm

Bahut hi bdhiya hai mast mast mast",0,5,False,,
appstore,14449203715,2026-08-19T19:59:41-07:00,"excellent

Approx all product are good quality",0,5,False,,
appstore,14449172445,2026-08-19T19:47:29-07:00,"Cream white pant

This pant is soo nice and wear comfortably i think for casual office look it will give a good outfit look.",0,4,False,,
appstore,14449117301,2026-08-19T19:26:19-07:00,"Blessed to Have Myntra App

One of the most convenient way to shop online with discounts offers and seamless delivery. The 30mins delivery is eye candy",0,5,False,,
appstore,14449114194,2026-08-19T19:25:06-07:00,"Minu

Excellent offers !",0,4,False,,
appstore,14449071607,2026-08-19T19:09:05-07:00,"Vishnu

Best T-shirt",0,5,False,,
appstore,14449051066,2026-08-19T19:01:26-07:00,"Hear now shirt

Good quality and good service",0,5,False,,
appstore,14448889511,2026-08-19T18:00:54-07:00,"Rakhi

Wonderful rakhi, been purchasing rakhi every year from myntra always on time delivery",0,5,False,,
appstore,14448818829,2026-08-19T17:33:55-07:00,"Good

Very nive app",0,5,False,,
appstore,14448803673,2026-08-19T17:28:01-07:00,"Good response

They have responded very quickly",0,4,False,,
appstore,14448598986,2026-08-19T16:07:30-07:00,"Very good

Excellent",0,5,False,,
appstore,14448082297,2026-08-19T12:53:48-07:00,"A Customer Service Nightmare — Money and Returns Left Unresolved..deactivated account blocked  money

At present, I no longer consider Myntra a trustworthy shopping platform based on my experience. Customers may receive incomplete, incorrect, or entirely different products from what they ordered, and even when valid return requests are raised with supporting evidence, they can face unnecessary rejection or delays.
In my experience, the situation becomes even more frustrating when the logistics partner allegedly makes no genuine attempt to collect the return, yet the return is marked as cancelled or failed based on the pickup agent’s own status update. What is even more concerning is the suspension or deactivation of a customer’s account while valid returns, refunds, and the customer’s money remain unresolved. This leaves customers feeling helpless and raises serious concerns about the transparency and accountability of the platform’s return, logistics, and account-management processes. Myntra should prioritize customer protection, transparent investigations, genuine pickup attempts, timely refunds, and fair treatment instead of leaving customers to struggle to recover money for products they did not receive correctly. New Income source of income for Myntra...😒",0,1,False,,
appstore,14448063116,2026-08-19T12:47:04-07:00,"Good for discount

Good app for purchasing branded clothes in discounted price",0,5,True,price/sale timing,Good app for purchasing branded clothes in discounted price
appstore,14447991336,2026-08-19T12:22:19-07:00,"TRUSTED APP

The app watch i can trust and buy branded product without fear of fake one.",0,5,False,,
appstore,14447989453,2026-08-19T12:21:38-07:00,"Best app

One of my favourite app best shopping app thanks Myntra",0,5,True,wishlist/favourite,One of my favourite app
appstore,14447985865,2026-08-19T12:20:24-07:00,"Good shirt

Very nice fit very stylish a d comfortable",0,5,False,,
appstore,14447975979,2026-08-19T12:16:58-07:00,"Pants

Amazing products …… as seen on pictures received the same …. Must try",0,5,False,,
appstore,14447944191,2026-08-19T12:06:09-07:00,"T shirt

Good quality Bt not every cloths and plz improve uhr delivery packaging",0,5,False,,
appstore,14447934705,2026-08-19T12:02:59-07:00,"Good

Iam very happy to use Myntra offers",0,5,False,,
appstore,14447912707,2026-08-19T11:55:35-07:00,"Nice app

Excellent platform for shopping",0,5,False,,
appstore,14447887884,2026-08-19T11:47:06-07:00,"Superb product

Product was nice
I luv this fabric",0,5,False,,
appstore,14447872470,2026-08-19T11:41:57-07:00,"Faltu app

Dumbest delivery app I ever scene i want to gave 0 star but",0,1,False,,
appstore,14447807337,2026-08-19T11:20:14-07:00,"Osum aap

Excellent",0,5,False,,
appstore,14447789409,2026-08-19T11:14:19-07:00,"Super comfortable

I loved this super comfortable trouser",0,5,False,,
appstore,14447739560,2026-08-19T10:57:57-07:00,"Awesome cap

Love it",0,5,False,,
appstore,14447707708,2026-08-19T10:47:40-07:00,"Everyday chic

Excellent",0,5,False,,
appstore,14447654641,2026-08-19T10:30:31-07:00,"Not worth it

I occasionally use myntra i don’t prefer it. Whenever i have used I have got cheap product or it get cancelled after waiting for more than expected delivery. After all these repeated experiences I uninstalled the app.",0,1,False,,
appstore,14447649531,2026-08-19T10:28:52-07:00,"Love with Myntra

Very useful App I’m very satisfied 🥰❤️",0,5,False,,
appstore,14447492509,2026-08-19T09:40:05-07:00,"Good app

Great discount",0,5,False,,
appstore,14447466204,2026-08-19T09:32:04-07:00,"App

Perfect app for shopping",0,5,False,,
appstore,14447386561,2026-08-19T09:08:13-07:00,"BEST FASHION SHOPPING APP

Myntra has always been the best shopping app for authentic branded product.",0,5,False,,
appstore,14447364226,2026-08-19T09:01:33-07:00,"Amazing fit

Must recommend",0,5,False,,
appstore,14447354000,2026-08-19T08:58:33-07:00,"Wonderful collection

Over all collection of every thing is very nice 
You get all the thing in your budget",0,5,False,,
appstore,14447318058,2026-08-19T08:48:00-07:00,"Nice

Nice  good cloth",0,5,False,,
appstore,14447306290,2026-08-19T08:44:31-07:00,"Amazing

Mytra as a trusted online shop",0,5,False,,
appstore,14447291997,2026-08-19T08:40:24-07:00,"😊😊

To cutest & comfortable T-shirt",0,5,False,,
appstore,14447227586,2026-08-19T08:21:56-07:00,"Product vry gud quality

Goood",0,5,False,,
appstore,14447218178,2026-08-19T08:19:16-07:00,"Awesome

Wonderful user experience and search",0,5,False,,
appstore,14447163094,2026-08-19T08:03:35-07:00,"Customer service needs to be improved.

You can get anything best on myntra at its best price , but when it comes to customer service , it sucks a lot. So please try to fix it and make it easy for people who try resolve their problems .",0,4,False,,
appstore,14447152611,2026-08-19T08:00:37-07:00,"Louie Philippe

Loved it perfect size fit",0,5,False,,
appstore,14447138360,2026-08-19T07:56:34-07:00,"Daniel hechter watch

Best quality product",0,5,False,,
appstore,14447111411,2026-08-19T07:48:55-07:00,"I love it

⭐⭐⭐⭐⭐

Really happy with this purchase! The jeans fit perfectly and are very comfortable to wear. The fabric quality is good, and the color looks exactly like the pictures. The fitting is stylish and flattering, and the length is also perfect. Overall, a good-quality jeans at a reasonable price. Definitely worth buying! 👖✨",0,5,False,,
appstore,14447079865,2026-08-19T07:40:02-07:00,"Excellent Services

Amazing choice, great delivery experience",0,5,False,,
appstore,14447046346,2026-08-19T07:30:34-07:00,"Trusted shopping App

Best online shopping experience",0,5,False,,
appstore,14447021402,2026-08-19T07:23:32-07:00,"Very nice

Always excilent products",0,5,False,,
appstore,14446915790,2026-08-19T06:53:54-07:00,"Just love it

Amazing product",0,5,False,,
appstore,14446892327,2026-08-19T06:47:11-07:00,"👏

Fabulous 😍😍😍",0,5,False,,
appstore,14446845477,2026-08-19T06:33:50-07:00,"Myntra

So amazing great offers and great product",0,5,False,,
appstore,14446841000,2026-08-19T06:32:32-07:00,"Excellent

Superb variety, user friendly app",0,5,False,,
appstore,14446819924,2026-08-19T06:26:28-07:00,"Super se bhi uper

Excellent quality suprab",0,5,False,,
appstore,14446783011,2026-08-19T06:15:36-07:00,"Good product

Excellent
Product",0,5,False,,
appstore,14446753924,2026-08-19T06:07:04-07:00,"Fake products

I ordered the suit bt recieved completely different product and customer care also do nothing about this matter didn’t expect this from myntra worst customecare service ever they didnt do anything about your complain",0,1,False,,
appstore,14446724848,2026-08-19T05:58:23-07:00,"My Review

Good Quality products. Timely delivery. Easy shopping experience. MynCash offer is super good.",0,5,False,,
appstore,14446721892,2026-08-19T05:57:30-07:00,"Superbbb

Nice App. I loved it",0,5,False,,
appstore,14446710510,2026-08-19T05:54:05-07:00,"Good Platform to buy garments from Myntra

Recently I was ordered clothes from Myntra , overall good experience",0,5,False,,
appstore,14446644349,2026-08-19T05:34:05-07:00,"Envy Perfume

I loved this perfume, sweet and mild smell",0,5,False,,
appstore,14446626665,2026-08-19T05:28:38-07:00,"Lee T-shirt

Good quality product",0,5,False,,
appstore,14446619967,2026-08-19T05:26:36-07:00,"Pink tank top

Cute colour. Snug fit. Good material",0,5,False,,
appstore,14446591436,2026-08-19T05:17:46-07:00,"regular customer of mynta

good product",0,4,False,,
appstore,14446565985,2026-08-19T05:09:47-07:00,"Very good

Looked very nice on me. Even my husband noticed it. Loved it",0,5,False,,
appstore,14446544052,2026-08-19T05:02:48-07:00,"Shopping

Always provide best service on time . I blindly trust on Myntra. 
They repost very fast always provide polite reply to their customers.",0,5,False,,
appstore,14446536653,2026-08-19T05:00:27-07:00,"Good platform

Good deals , good and genuine product",0,4,False,,
appstore,14446504420,2026-08-19T04:50:03-07:00,"Thanks for signup coupons

Bhai redtape ke shoes mst mile",0,5,False,,
appstore,14446496174,2026-08-19T04:47:23-07:00,"Nice

Ek nombar bahot accha aya hai",0,5,False,,
appstore,14446458250,2026-08-19T04:34:57-07:00,"Just wow

Beautiful work 
Awesome application 😅",0,5,False,,
appstore,14446429896,2026-08-19T04:25:35-07:00,"...

Unbeatable",0,5,False,,
appstore,14446388732,2026-08-19T04:11:39-07:00,"Nice collection

Nice collection and great experience",0,5,False,,
appstore,14446345057,2026-08-19T03:56:30-07:00,"Beautiful saree

Soft clothe",0,5,False,,
appstore,14446271704,2026-08-19T03:29:43-07:00,"Best website

Always good experience",0,4,False,,
appstore,14446242973,2026-08-19T03:18:59-07:00,"Service

Excellent 👌",0,5,False,,
appstore,14446182416,2026-08-19T02:55:41-07:00,"Very bad customer care service

Very bad customer care service. I had cancelled my order and till now there is no refund. In order status it is showing refund initiated but when called customer care team they have no ideas and just keep transferring the calls which are never received",0,1,False,,
appstore,14446173608,2026-08-19T02:52:15-07:00,"Cartoon London

It’s an amazing perfume. Fragrance is Osmmm and budget friendly too.",0,5,False,,
appstore,14446170222,2026-08-19T02:50:57-07:00,"Awesome app

Amazing shopping experience, i have stopped going to malls 👍🙂",0,5,False,,
appstore,14446162563,2026-08-19T02:47:59-07:00,"Fav app

One of my fav. Shopping app..",0,5,False,,
appstore,14446129985,2026-08-19T02:35:04-07:00,"Awesome

Wonderful experience",0,5,False,,
appstore,14446100876,2026-08-19T02:23:39-07:00,"Best shopping app

Always best to",0,5,False,,
appstore,14446056827,2026-08-19T02:06:02-07:00,"Great product

A lovely product value for money",0,5,False,,
appstore,14446041764,2026-08-19T01:59:54-07:00,"Amazing shopping experience

⭐⭐⭐⭐⭐
Amazing shopping experience with Myntra! The app is easy to use, has a great variety of products, and the delivery is quick and reliable. I’m very happy with the quality and overall service. Highly recommended! 🛍️✨",0,5,False,,
appstore,14446037435,2026-08-19T01:58:09-07:00,"Perfect

Perfect fitting with exact colour tone",0,5,False,,
appstore,14446033198,2026-08-19T01:56:23-07:00,"Vatsal

Best and Safe Place for shopping",0,5,False,,
appstore,14446028950,2026-08-19T01:54:40-07:00,"great

user friendly",0,4,False,,
appstore,14446011176,2026-08-19T01:47:22-07:00,"Super

Best shopping app 
For all",0,4,False,,
appstore,14445971667,2026-08-19T01:31:07-07:00,"Very good

Good",0,5,False,,
appstore,14445934177,2026-08-19T01:15:34-07:00,"order not received

maine 15/07/2026 ko order kiya tha aaj 19/08/2026 hai aaj 35 days ho gaye mera order abhi tak mujhe mila nahi, 👎🏻👎🏻👎🏻👎🏻",0,1,False,,
appstore,14445917365,2026-08-19T01:08:35-07:00,"Very good

Good",0,5,False,,
appstore,14445908952,2026-08-19T01:05:05-07:00,"Beautiful dress

Love the product quality n fit",0,5,False,,
appstore,14445888784,2026-08-19T00:56:50-07:00,"Always super

It’s always best way to purchase the best products",0,5,False,,
appstore,14445885818,2026-08-19T00:55:36-07:00,"Fabric

Excellent",0,5,False,,
appstore,14445884866,2026-08-19T00:55:13-07:00,"Fraudulent and disgusting experience with Myntra

Ordered jeans, received absolute garbage. Raised a complaint with evidence, yet Myntra simply closed the ticket claiming the “correct product” was delivered.

Taking customers’ money and refusing to take responsibility is unacceptable. I will escalate this through the consumer grievance authorities. Avoid Myntra unless you’re prepared to fight for your money.",0,1,False,,
appstore,14445881022,2026-08-19T00:53:36-07:00,"Dams

Multiple reason I I like Myntra",0,5,False,,
appstore,14445880356,2026-08-19T00:53:19-07:00,"1% Glycolic Acid Advanced face wash gel 200g

I especially like that a small amount is enough for the whole face. It's a good option if you're looking for a face wash that gives a gentle exfoliating effect while keeping your skin feeling clean and fresh.
 rating 5/5 *****",0,5,False,,
appstore,14445879222,2026-08-19T00:52:50-07:00,"Good prodcts

Good clothes with lots of varieties",0,5,False,,
appstore,14445874420,2026-08-19T00:50:49-07:00,"Nice

Delivery is fast",0,5,False,,
appstore,14445865210,2026-08-19T00:46:58-07:00,"Long Gown

So beautiful",0,5,False,,
appstore,14445839151,2026-08-19T00:35:56-07:00,"Trend

Great shopping app",0,5,False,,
appstore,14445835885,2026-08-19T00:34:34-07:00,"Disappointment

Dear Myntra ,

I am writing to raise a formal complaint regarding the delayed delivery of two HRX products that I ordered from Myntra. The promised delivery date was 18 August, but the products have still not been delivered. Moreover, there has been no proper update showing the order as delayed or explaining the reason for the delay.

I have already contacted Myntra Customer Care two to three times regarding this issue. Even before today, there was no proper delivery attempt made for my order. Today was the promised delivery date, yet the delivery was again not attempted.

When I contacted Customer Care earlier, I was asked to wait until 9 PM for the delivery. After 9 PM, when I contacted Customer Care again, I was told to wait for another 72 hours.

I would like to understand why I should be asked to wait for an additional 72 hours when the product was promised to me for delivery on 18 August. I placed the order based on the delivery date provided by Myntra, and I expect the product to be delivered within the committed timeline.

I am a loyal Myntra customer and have always trusted Myntra for reliable service. Therefore, I do not expect such a delay without any proper communication or resolution.

I request you to please look into this matter urgently, provide me with a clear explanation for the delay, and ensure that my products are delivered at the earliest without asking me to wait indefinitely.

Please treat this as a formal grievance and provide me with a proper resolution.

Regards,
Yogendra Kumar Sharma",0,1,False,,
appstore,14445827111,2026-08-19T00:30:53-07:00,"Good online shopping platform

Have been using it for long time",0,4,False,,
appstore,14445824068,2026-08-19T00:29:37-07:00,"Nice quality

Nice quality",0,5,False,,
appstore,14445802978,2026-08-19T00:20:41-07:00,"I like it

Good",0,5,False,,
appstore,14445793446,2026-08-19T00:16:40-07:00,"Complicated return Policy

When the mistake is in their part, The return policy is complicated. It’s been days, Countless requests with customer support and grievance officer but issue is not getting resolved.",0,1,False,,
appstore,14445783569,2026-08-19T00:12:28-07:00,"Very impressive

Best platform",0,5,False,,
appstore,14445771907,2026-08-19T00:07:31-07:00,"Amazing

5stars",0,5,False,,
appstore,14445748381,2026-08-18T23:57:31-07:00,"Awesome

Suit is very pretty, if you are thinking to purchase this kurta set then go for it",0,5,False,,
appstore,14445742980,2026-08-18T23:55:11-07:00,"Shopping

App is good I ordered a shoes product was good I’ll continue shopping from this this",0,4,False,,
appstore,14445712955,2026-08-18T23:42:21-07:00,"Best shopping aap ever

Easy to use .. very friendly.. and my favourite clothes shopping aap ever",0,5,False,,
appstore,14445694762,2026-08-18T23:34:27-07:00,"Perfect

Fitting - as expected 
Fabric - soft and good quality 
Feel - good
Look - elegance 
Overall perfect.",0,5,False,,
appstore,14445687478,2026-08-18T23:31:16-07:00,"Boys best cloths store in tha world 😘😘😘😘😘

10 out of 10",0,5,False,,
appstore,14445687053,2026-08-18T23:31:06-07:00,"Worth money

Very nice outfit..and soft fabric",0,5,False,,
appstore,14445664240,2026-08-18T23:21:05-07:00,"Awesome

Myntra is the best app for cloth shopping.",0,5,False,,
appstore,14445643258,2026-08-18T23:11:50-07:00,"Manisha

Product is really nice and as per my expectation.",0,5,False,,
appstore,14445642109,2026-08-18T23:11:20-07:00,"Inner

Good quality",0,5,False,,
appstore,14445640705,2026-08-18T23:10:42-07:00,"Very beautiful

This lumba rakhi is nice",0,5,False,,
appstore,14445638122,2026-08-18T23:09:32-07:00,"My fav app

Best app for shopping",0,5,False,,
appstore,14445611619,2026-08-18T22:57:55-07:00,"Dress

Best one",0,5,False,,
appstore,14445596562,2026-08-18T22:51:11-07:00,"Tandul maxi dress

Very preety must buy it",0,5,False,,
appstore,14445574165,2026-08-18T22:41:16-07:00,"Good product

Good product, high quality",0,5,False,,
appstore,14445558713,2026-08-18T22:34:30-07:00,"Excellent products

Product of quality is really good ✨♥️",0,5,False,,
appstore,14445554345,2026-08-18T22:32:35-07:00,"Best app

Best for shopping",0,5,False,,
appstore,14445527077,2026-08-18T22:20:29-07:00,"Wow

The best product ever",0,5,False,,
appstore,14445470942,2026-08-18T21:55:53-07:00,"Title: Worth Buying!

Very nice product. The quality is good, fitting is perfect, and the color looks exactly like the picture. Totally satisfied with the purchase.",0,5,False,,
appstore,14445431356,2026-08-18T21:38:10-07:00,"Best quality

Product is real",0,5,False,,
appstore,14445419812,2026-08-18T21:33:12-07:00,"Myntra Tshirt

Awsm fir and quality",0,5,False,,
appstore,14445403995,2026-08-18T21:26:09-07:00,"Nice

Nice app fr shopping",0,5,False,,
appstore,14445349158,2026-08-18T21:02:37-07:00,"Great response

Great response",0,5,False,,
appstore,14445345978,2026-08-18T21:01:18-07:00,"Saree

The quality of saree is soo beautiful",0,5,False,,
appstore,14445345531,2026-08-18T21:01:07-07:00,"Myntra

What an amazing app",0,5,False,,
appstore,14445326576,2026-08-18T20:53:06-07:00,"Review

Myntra itself is a good platform with a wide range of products and generally good service. However, I had a disappointing experience with their delivery partner serving the Kottukkal P.O., Anchal, Kollam area.

The delivery was not made within the expected time, which caused me to miss the purpose for which I had purchased the dress. After contacting Myntra customer support, I came to understand that the delay was due to an issue with their delivery partner.

I hope Myntra takes this matter seriously and improves the delivery service in this area. Timely delivery is especially important when customers purchase items for specific occasions or purposes. Myntra is good, but the delivery partner’s service in this location definitely needs improvement.",0,4,False,,
appstore,14445295893,2026-08-18T20:40:19-07:00,"Dresss

Nice cloths material 😍❤️🥰🥰🥰❤️",0,5,False,,
appstore,14445293464,2026-08-18T20:39:21-07:00,"Payment option

Myntra is getting worst day by day as they are not even allowing upi payment also . No COD no most usable UPI. Worst experience ever.",0,1,False,,
appstore,14445292616,2026-08-18T20:38:59-07:00,"Good products

Best product",0,5,False,,
appstore,14445235316,2026-08-18T20:15:30-07:00,"Good choice

👍👍👍",0,5,False,,
appstore,14445229515,2026-08-18T20:13:10-07:00,"Value for money

So far so good, loving Myntra- highly recommended 👌👌👌",0,5,False,,
appstore,14445228352,2026-08-18T20:12:42-07:00,"Good service

Great ap",0,5,False,,
appstore,14445226234,2026-08-18T20:11:48-07:00,"Amazing quality

The quality of the bag was amazing and i got the bag in just 2 days .",0,5,False,,
appstore,14445183738,2026-08-18T19:54:51-07:00,"Myntra

Good products happy wali felling 😊",0,5,False,,
appstore,14445139672,2026-08-18T19:37:30-07:00,"As a shopper

I love Myntra amazing way of selling and giving comfort to every purchasers.  No risk of money no risk of cloth
No risk of change. 
Lovely 
No one can give this type of comfort ❤️",0,5,False,,
appstore,14445133024,2026-08-18T19:34:56-07:00,"Return policy

To be honest i never expect the good return policy from myntra its so good i have recently purchase a something from it and its like i got the bigger size but its exchange within a minutes i know its very strange but i like the policy",0,5,False,,
appstore,14445128699,2026-08-18T19:33:21-07:00,"Saviour

Myntra, for me is not just an app, it is my companion, for me, my kids, anything I have looked for, whether clothes ,woollen clothes,accessories,
Myntra has been my best friend in my life journey. It takes away any worries I have regarding buying anything, especially for my kids. God bless MYNTRA.",0,5,False,,
appstore,14445086059,2026-08-18T19:17:05-07:00,"Bond street shoes

The shoes is awesome the fitting is great and shoes finishing is also good must buy them.",0,5,False,,
appstore,14445003898,2026-08-18T18:46:16-07:00,"Satisfied with the app

Thanks for delivery speed and parcel delivery service 
Parcel packaging is well and 100% recyclable pack
Item is as same size and quality as description",0,5,False,,
appstore,14444984015,2026-08-18T18:38:53-07:00,"Best app ever

They sell the original product with very good offers compared to other websites",0,5,True,comparison_shopping,very good offers compared to other websites
appstore,14444938152,2026-08-18T18:21:57-07:00,"Zeel rain coat

Excellent quality",0,5,False,,
appstore,14444908891,2026-08-18T18:11:03-07:00,"Fast service

By sending faster than others",0,5,False,,
appstore,14444760367,2026-08-18T17:14:29-07:00,"Nice App

I have been using Myntra foe the last few months and I'm loving it and im shopping on a regular basis",0,5,False,,
appstore,14444002423,2026-08-18T12:27:55-07:00,"It’s amazing app

It’s so good and quitly💗💗",0,5,False,,
appstore,14443871817,2026-08-18T11:43:46-07:00,"Best app

Best fashion app ever. Myntra never disappoints",0,5,False,,
appstore,14443814800,2026-08-18T11:24:56-07:00,"Good quality

Best quality and fitting",0,5,False,,
appstore,14443759211,2026-08-18T11:06:51-07:00,"Reliable & excellent UI

Been using it since 2014, and this is the best online fashion shopping app so far.",0,5,False,,
appstore,14443705408,2026-08-18T10:49:32-07:00,"Too good

Very soft and good material",0,5,False,,
appstore,14443684680,2026-08-18T10:42:51-07:00,"Super

Amazing😍",0,5,False,,
appstore,14443638251,2026-08-18T10:28:06-07:00,"Muslin

Kurta shrug",0,5,False,,
appstore,14443613427,2026-08-18T10:20:19-07:00,"Kurti

Wonder full",0,5,False,,
appstore,14443579688,2026-08-18T10:09:51-07:00,"Top

Nice fabric",0,5,False,,
appstore,14443563062,2026-08-18T10:04:43-07:00,"One shopping app for all

It’s a best shopping app for each and every type of fashionable yet trendy outfits",0,5,False,,
appstore,14443546415,2026-08-18T09:59:39-07:00,"Products and delivery

Very good products and timely delivery and returns",0,5,False,,
appstore,14443512455,2026-08-18T09:49:18-07:00,"Decent

Elegant outfit , fits in all
Occasions",0,5,False,,
appstore,14443347858,2026-08-18T09:00:18-07:00,"Very good

Extra",0,5,False,,
appstore,14443329578,2026-08-18T08:54:55-07:00,"Product is very good

Product is as good as picture. Absolutely fine quality of clothes are used.",0,5,False,,
appstore,14443300099,2026-08-18T08:46:19-07:00,"Excellent and user friendly interface

Good",0,5,False,,
appstore,14443280480,2026-08-18T08:40:34-07:00,"Not bad

Not bad sweatshirt this Myntra peoples before taking order they make user friendly to order after that delivery will be very late and irresponsible peoples",0,2,False,,
appstore,14443247801,2026-08-18T08:30:58-07:00,"Go for it

Birkenstock needs no introduction",0,5,False,,
appstore,14443225615,2026-08-18T08:24:30-07:00,"Great Product

Great product with reasonable price.",0,5,False,,
appstore,14443134836,2026-08-18T07:58:37-07:00,"Indo Era kurta set

Info era is my favourite kurta set brand ❤️❤️ 
Luvd the stuff and colour combination…. Full size Duptta 
True to size … you can definitely purchase this without any second thought ❤️❤️👍🏻👍🏻",0,4,True,purchase_confidence_no_hesitation,you can definitely purchase this without any second thought
appstore,14443102520,2026-08-18T07:49:23-07:00,"PK

Best deals every i buy my dream luxury products on very good discounts",0,5,True,price/sale timing considerations,Best deals every i buy my dream luxury products on very good discounts
appstore,14443085729,2026-08-18T07:44:35-07:00,"Fashion style , Deals

This app is very genuine and  the products are 100 original and discounts are always great on season .",0,5,True,price_or_sale_timing,discounts are always great on season
appstore,14443032160,2026-08-18T07:29:21-07:00,"Nice app and support

I’ve been shopping on Myntra for 12–13 years, since it first launched. The app, products, and customer support have been great.

The only reason I’m giving 4 stars instead of 5 is that international cards aren’t accepted for payment. It would be great if you could add support for international cards.",0,4,False,,
appstore,14443013858,2026-08-18T07:24:09-07:00,"S

Please myntra bring your that update back where one can see amount of articles you have for the specific search",0,3,False,,
appstore,14443013608,2026-08-18T07:24:05-07:00,"About refundable

Usse pehle bi mene ek metro flats mgvai thi use money refund nai hue to can just update me when I get my money",0,5,False,,
appstore,14443011073,2026-08-18T07:23:22-07:00,"Dove shampoo

Nice product Maine dove shampoo mangaya tha bhut achha hai or bhut khud hu",0,5,False,,
appstore,14442992901,2026-08-18T07:18:11-07:00,"Awesome

Beautiful colour fantastic fabric awesome fitting",0,5,False,,
appstore,14442963504,2026-08-18T07:09:56-07:00,"Gap trouser

The price, material, fit and finish is just awesome. Thanks Myntra.",0,5,False,,
appstore,14442957043,2026-08-18T07:08:06-07:00,"Dress

I just loved this dress",0,5,False,,
appstore,14442954955,2026-08-18T07:07:31-07:00,"Excellent App

Excellent",0,5,False,,
appstore,14442952440,2026-08-18T07:06:47-07:00,"Skinn by titam

🫠⭐️⭐️⭐️⭐️⭐️",0,5,False,,
appstore,14442927782,2026-08-18T06:59:50-07:00,"Rider

Best app gor shopping",0,5,False,,
appstore,14442926273,2026-08-18T06:59:25-07:00,"Disappointment With Myntra’s Recent Service

I have been a loyal Myntra customer for a long time, but over the past few months I’ve been facing issues with almost every order—either with the product or the service. Once, I requested an exchange for a bigger size and was sent an even smaller one.

On top of that, there have been at least three instances where I had to contact customer care because the return pickup didn’t happen on the scheduled date.

This has been extremely disappointing, and as a result, I’m planning to uninstall the app once my current return is completed.",0,1,False,,
appstore,14442913654,2026-08-18T06:55:52-07:00,"Fabulous

Fabulous",0,5,False,,
appstore,14442882618,2026-08-18T06:47:00-07:00,"Nice

This side is amazing",0,5,False,,
appstore,14442858641,2026-08-18T06:40:06-07:00,"Shopping

Best app for shopping",0,5,False,,
appstore,14442806864,2026-08-18T06:25:39-07:00,"Minimalist product

I always use myntra for my skin care clothing my baby s clothing and all its perfect preference of mine behind all other shopping apps",0,5,False,,
appstore,14442784949,2026-08-18T06:19:18-07:00,"Exact fit, must have this for office wear or casual wear

Have tried many brands even the expensive ones, this gives complete neat look from top to bottom. Gives a fabulous look",0,5,False,,
appstore,14442754022,2026-08-18T06:10:21-07:00,"❤️

Best online shopping application ❤️",0,5,False,,
appstore,14442734834,2026-08-18T06:04:40-07:00,"Myntra shopping app

This has been long time since I’m doing online shopping from myntra. I find the products of original brand and top quality. I am very much satisfied with the services. I would love to shop in future and recommend to my friends.",0,5,False,,
appstore,14442730553,2026-08-18T06:03:23-07:00,"Good

Outstanding",0,5,False,,
appstore,14442702608,2026-08-18T05:55:04-07:00,"Worthy app

All the thibgs i have ordered from here were always good.",0,5,False,,
appstore,14442662160,2026-08-18T05:42:55-07:00,"Very good quality

❤️❤️❤️",0,5,False,,
appstore,14442657605,2026-08-18T05:41:31-07:00,"Kurta

Short kurta was amazing . Quality was best",0,5,False,,
appstore,14442612296,2026-08-18T05:27:34-07:00,"Good app

Quite a good service , ship to our area when no other services are available, can trust with different brands on it",0,5,False,,
appstore,14442574208,2026-08-18T05:15:47-07:00,"Nice product

Nice",0,5,False,,
appstore,14442525756,2026-08-18T05:00:29-07:00,"Comfortable

Febric and colour is good & comfortable.",0,4,False,,
appstore,14442523229,2026-08-18T04:59:39-07:00,"Super

Did my wedding shopping in Myntra it’s absolutely super",0,5,False,,
appstore,14442505106,2026-08-18T04:53:49-07:00,"Adipoli

Great app than Amazon Flipkart ( for dress )",0,5,False,,
appstore,14442499484,2026-08-18T04:51:59-07:00,"Nice  self textured shirt.. I love it.. bought this for my father..

Good",0,5,False,,
appstore,14442486765,2026-08-18T04:47:50-07:00,"Rare rabbit

Superb quality,smooth texture of T-shirt and fitting perfect",0,5,False,,
appstore,14442399869,2026-08-18T04:18:50-07:00,"Beautiful dress

Very beautiful and comfortable",0,5,False,,
appstore,14442369259,2026-08-18T04:08:19-07:00,"Service sucks

Your customer care champions and service deserve only one word …. Thu…",0,1,False,,
appstore,14442361770,2026-08-18T04:05:43-07:00,"Appreciation

Great app been using it for many years and great service.",0,5,False,,
appstore,14442355519,2026-08-18T04:03:31-07:00,"Tshirt

Simply awesome",0,5,False,,
appstore,14442320571,2026-08-18T03:51:09-07:00,"Rakhi lumba

Excellent quality with great value for money",0,5,False,,
appstore,14442299011,2026-08-18T03:43:18-07:00,"Best service

Best service",0,5,False,,
appstore,14442269240,2026-08-18T03:32:25-07:00,"Good app with easy return n refund

Nice product",0,5,False,,
appstore,14442261968,2026-08-18T03:29:43-07:00,"Good product

Good quality and well designed maxi dress
Colour was so good
And light weight
It gave a bright impact",0,5,False,,
appstore,14442248466,2026-08-18T03:24:39-07:00,"Pundekar

As compare to other platform Myntra product quality is up to mark , and mobile application equivalent to Amazon.",0,5,False,,
appstore,14442244396,2026-08-18T03:23:07-07:00,"nice

good products",0,5,False,,
appstore,14442243398,2026-08-18T03:22:44-07:00,"Repeated order cancellation without reasons

Myntra, this is extremely frustrating and honestly unacceptable.

Your app keeps cancelling my orders without any prior information or even a phone call. Four of my orders have been cancelled to date, and not once have I received a proper call before the cancellation.

What exactly does “cancelled under some circumstances” mean? If there is an issue with the order, inventory, delivery, or anything else, the customer deserves to be informed clearly before you cancel it. This is not a fair way to treat customers, especially from a brand like Myntra.

Thank God I don’t usually make prepaid orders on this app, because after this experience, I have very little confidence that my order will actually be delivered.

Please look into this issue seriously and provide a proper explanation for these repeated cancellations. This experience is extremely disappointing and unacceptable.",0,1,False,,
appstore,14442243275,2026-08-18T03:22:42-07:00,"Awesome product

Im very happy for shopping by myntra. It is valuable platform for shopping.",0,5,False,,
appstore,14442240835,2026-08-18T03:21:47-07:00,"Scammers

They send u items of their own choice and when you try to tell them that u got the wrong item they waste your time and koney",0,1,False,,
appstore,14442195821,2026-08-18T03:04:53-07:00,"Very good

Very happy with the ap and quality of items is always great, really in love with this app",0,5,False,,
appstore,14442193224,2026-08-18T03:03:54-07:00,"jeans

nice product",0,5,False,,
appstore,14442174344,2026-08-18T02:56:46-07:00,"best app

some people selling fraud product so checking",0,5,False,,
appstore,14442147946,2026-08-18T02:46:36-07:00,"Good for shopping

PTA chlega shoes melne per",0,5,False,,
appstore,14442134737,2026-08-18T02:41:25-07:00,"Review

Smooth and beautiful colors",0,4,False,,
appstore,14442119608,2026-08-18T02:35:22-07:00,"Amazing product

Great work myntra",0,5,False,,
appstore,14442104283,2026-08-18T02:29:22-07:00,"Nice collection of belts

Good design",0,5,False,,
appstore,14442093654,2026-08-18T02:25:08-07:00,"Excellent product thanks myntra ❤️🫡🤩

Very good online shopping experience with myntra ❤️🥰🫡🤩",0,5,False,,
appstore,14442092483,2026-08-18T02:24:38-07:00,"Pretty

So chic. So pretty. I just loved it. Its so clasyyy✨",0,5,False,,
appstore,14442058592,2026-08-18T02:11:02-07:00,"T shirt

Good quality",0,5,False,,
appstore,14442035297,2026-08-18T02:01:33-07:00,"Easy returns

Very good",0,5,False,,
appstore,14442022459,2026-08-18T01:56:20-07:00,"Fabulous Shopping App

Very good service. Easy exchange and returns. And the products are also very genuine and of superior quality",0,5,False,,
appstore,14442007600,2026-08-18T01:50:20-07:00,"Awesome material and quality

Good quality and comfortable to wear",0,5,False,,
appstore,14442004199,2026-08-18T01:48:56-07:00,"₹9)8

Hi golbjvgvv cc luv",0,5,False,,
appstore,14442000845,2026-08-18T01:47:33-07:00,"Good product

The product is amazing give good fittings go for it",0,5,False,,
appstore,14441961266,2026-08-18T01:31:21-07:00,"Always love Myntra

Perfect place for shopping and ease free returns.",0,5,False,,
appstore,14441949146,2026-08-18T01:26:17-07:00,"Good Service

You guys can improve your Application. At many places the product varies from the copy. Which is misleading to the customers",0,5,False,,
appstore,14441942176,2026-08-18T01:23:25-07:00,"So good

So good",0,5,False,,
appstore,14441939191,2026-08-18T01:22:11-07:00,"Shopping

Ultimate Platform for Shopping",0,5,False,,
appstore,14441924675,2026-08-18T01:16:11-07:00,"Skort

It is very comfortable! Just size issue",0,5,False,,
appstore,14441897689,2026-08-18T01:05:01-07:00,"App is not working

My Myntra app is not working and it’s showing something went wrong again and again. Due to this issue. I’m not able to purchase anything and also returned my products because my Myntra app is not opening. Please resolve this issue as soon as possible.",0,1,False,,
appstore,14441888888,2026-08-18T01:01:20-07:00,"Quality products at reasonable price

Im happy with all my purchases from Myntra",0,5,False,,
appstore,14441875538,2026-08-18T00:55:40-07:00,"😍

Wow wow wow🥰👍",0,5,False,,
appstore,14441840874,2026-08-18T00:40:59-07:00,"Leave in cream

Worth it awesome result i love the texture.",0,4,False,,
appstore,14441839112,2026-08-18T00:40:14-07:00,"Butter yellow kurta

The dress is very soft perfect if you are expecting mom the quality is pure cotton soft material.
Colour is also good trending butter yellow.
Most amazing part the dress have pockets which I personally loved. 
The design on the dress is also minimal overall the dress is giving the classy look.

Go for it if you like minimal along with comfort and class.",0,5,False,,
appstore,14441829110,2026-08-18T00:35:56-07:00,"App it’s showing my account is blocked

App it’s showing my account is blocked",0,1,False,,
appstore,14441811136,2026-08-18T00:28:12-07:00,"H & M DRESS

best",0,5,False,,
appstore,14441805783,2026-08-18T00:25:57-07:00,"Great Shopping Experience

Good quality products, easy ordering and fast delivery. Overall, a great shopping experience.",0,5,False,,
appstore,14441795620,2026-08-18T00:21:36-07:00,"Good

Very nice",0,5,False,,
appstore,14441791269,2026-08-18T00:19:46-07:00,"Formal shirt

Very good quality and attractive colour",0,5,False,,
appstore,14441776125,2026-08-18T00:13:20-07:00,"Gd quality

We can expect good quality products from Myntra",0,5,False,,
appstore,14441723688,2026-08-17T23:50:28-07:00,"black satin shirt

Amazing quality soft satin fabric.... Totally approved",0,5,False,,
appstore,14441722168,2026-08-17T23:49:46-07:00,"Worst service

No need to download this app buy product from Flipkart and Amazon only if get wrong product they don’t return it or you can’t connect with customer care",0,1,False,,
appstore,14441710079,2026-08-17T23:44:30-07:00,"Gud quality

Awesome products",0,5,False,,
appstore,14441697732,2026-08-17T23:39:09-07:00,"shoes

good quality",0,5,False,,
appstore,14441691942,2026-08-17T23:36:40-07:00,"Good quality

Must purchase",0,5,False,,
appstore,14441682281,2026-08-17T23:32:28-07:00,"Best

Bestest, i love u myntra",0,5,False,,
appstore,14441677824,2026-08-17T23:30:32-07:00,"Best for men’s looks

Fitting look fabric are fabulous",0,5,False,,
appstore,14441670577,2026-08-17T23:27:22-07:00,"Amazing

Best place to",0,5,False,,
appstore,14441670538,2026-08-17T23:27:21-07:00,"Review

I love myntra for making my life beautiful",0,5,False,,
appstore,14441627853,2026-08-17T23:08:32-07:00,"Great

Great experience",0,5,False,,
appstore,14441605366,2026-08-17T22:58:34-07:00,"Worth

Quality is good",0,5,False,,
appstore,14441586016,2026-08-17T22:50:04-07:00,"Broadster korean pants

Very good quality i love it",0,5,False,,
appstore,14441573347,2026-08-17T22:44:22-07:00,"Poor customer support 😡

This is the first time i am giving any review to any application. Extremely frustrating experience with Myntra's customer service. I ordered two suits and received the wrong items. I initiated a return, but it wasn't picked up, forcing me to re-file the return on August 7th. It was approved, but despite calling multiple times over ten days, I've received nothing but empty promises and automated tickets. My return is still uncollected, and I'm stuck in a loop of zero resolution.


Please check this matter and resolve my issue.

Where is Myntra developers and Myntra backend team??",0,1,False,,
appstore,14441566048,2026-08-17T22:41:09-07:00,"Wrogn Jeans

Good fabric and relaxed fit felt good but at the bottom of the pant i could see some scratches and little toren",0,3,False,,
appstore,14441549853,2026-08-17T22:33:53-07:00,"Nice shirt must buy

Nice shirt",0,4,False,,
appstore,14441520541,2026-08-17T22:20:49-07:00,"Love it

Amazing products on time",0,5,False,,
appstore,14441474046,2026-08-17T22:00:06-07:00,"Super

It’s nice fabric and nice print",0,5,False,,
appstore,14441433023,2026-08-17T21:42:02-07:00,"Quality

Awesome shopping experience",0,5,False,,
appstore,14441426114,2026-08-17T21:38:56-07:00,"Great shopping

I’ve had a really good experience with Myntra so far. There’s a great variety of brands and styles, and I find the app easy to browse and use. The product descriptions and reviews are helpful when deciding what to buy, and the delivery has been smooth for me. Overall, one of my go-to apps for fashion shopping. ⭐⭐⭐⭐⭐",0,5,False,,
appstore,14441421106,2026-08-17T21:36:43-07:00,"Love shopping on Myntra

Amazing collections & super early deliveries. Love you Myntra",0,5,False,,
appstore,14441357626,2026-08-17T21:09:02-07:00,"Don’t like their costumer care services so irritating and frustrating

They don’t cancelling the order or neither accept the cancellation, so frustrating app ,",0,1,False,,
appstore,14441342920,2026-08-17T21:02:45-07:00,"Love it

Loveddd ittttttt",0,5,False,,
appstore,14441333863,2026-08-17T20:58:51-07:00,"Love Myntra

Great customer service",0,5,False,,
appstore,14441276337,2026-08-17T20:34:57-07:00,"😍😍

Its to good cloth quality is soft 
😍😍",0,5,False,,
appstore,14441272823,2026-08-17T20:33:32-07:00,"Good quality

I like this with fitting and quality",0,5,False,,
appstore,14441269225,2026-08-17T20:32:01-07:00,"super

ek dum sandar",0,4,False,,
appstore,14441236587,2026-08-17T20:18:50-07:00,"Love it

My feb app",0,5,False,,
appstore,14441214086,2026-08-17T20:09:50-07:00,"Excellent

Best site",0,5,False,,
appstore,14441189947,2026-08-17T20:00:19-07:00,"Best shopping app for clothing and other stuff

Best shopping app for clothing and other stuff",0,5,False,,
appstore,14441179857,2026-08-17T19:56:22-07:00,"Superb app

Excellent",0,5,False,,
appstore,14441159746,2026-08-17T19:48:27-07:00,"Good one must buy

Must try",0,5,False,,
appstore,14441137251,2026-08-17T19:39:49-07:00,"Mother’s Day gift 🌸

I ordered the suit for Mother’s Day . Thank you so much for the perfect suit the quality is worth the price .",0,5,False,,
appstore,14441102910,2026-08-17T19:26:44-07:00,"Delivery Issues

Very Poor service from MYNTRA orders are canceled automatically by the MYNTRA itself , it’s a very disappointing customer Customer service .",0,1,False,,
appstore,14441006207,2026-08-17T18:50:19-07:00,"Great shopping app

Myntra is always helpful for all kind of brand outfits and easy delivery and returns",0,5,False,,
appstore,14440997572,2026-08-17T18:47:06-07:00,"nice app❤️

yeah it’s a very nice app to tryy ❤️",0,5,False,,
appstore,14440989819,2026-08-17T18:44:14-07:00,"awesome

awesome",0,5,False,,
appstore,14440987922,2026-08-17T18:43:33-07:00,"Nice

Very comfortable product",0,4,False,,
appstore,14440812346,2026-08-17T17:37:44-07:00,"Excellent 💫 Shopping App

Best Brands Best Products Best Price 💎💎",0,5,False,,
appstore,14440794210,2026-08-17T17:30:45-07:00,"Myntra I love you❤️

So nice Shoue 🥰🥰🥰🥰",0,5,False,,
appstore,14440767712,2026-08-17T17:20:37-07:00,"Good

Excellent",0,4,False,,
appstore,14440703705,2026-08-17T16:56:06-07:00,"Ramesh Kumar

Nice 👌🏼",0,5,False,,
appstore,14440505975,2026-08-17T15:38:40-07:00,"Lovely App to Shop thru

Lovely App to Shop thru",0,5,False,,
appstore,14440293456,2026-08-17T14:18:16-07:00,"My favourite app

My favourite app for shopping, genuine products",0,5,True,wishlist/favourite behavior,My favourite app
appstore,14440257991,2026-08-17T14:05:10-07:00,"Vinod

Great products",0,5,False,,
appstore,14440252237,2026-08-17T14:03:07-07:00,"Nice app

Incredibly addictive",0,5,False,,
appstore,14440042804,2026-08-17T12:48:38-07:00,"Shopping

Good and trustworthy online shopping site",0,5,False,,
appstore,14439976260,2026-08-17T12:25:58-07:00,"Nice offers

❤️❤️❤️❤️",0,5,False,,
appstore,14439917526,2026-08-17T12:06:08-07:00,"Just amazing app

Loved the app and all products",0,5,False,,
appstore,14439886293,2026-08-17T11:55:38-07:00,"Superb se v upper

Fabulous watch",0,5,False,,
appstore,14439879731,2026-08-17T11:53:24-07:00,"Amazing

Excellent experience",0,5,False,,
appstore,14439877123,2026-08-17T11:52:31-07:00,"Best shopping app😍🫰🏻

I didn’t use this app much before because I used to think that it had very expensive clothes. But Myntra has launched so many amazing products at such reasonable prices, and the quality is also so good. Since then, I don’t order anything from any other app. Myntra is the best shopping app for me!",0,5,False,,
appstore,14439874464,2026-08-17T11:51:38-07:00,"Products as shown

Quick delivery and and accurate products. No lies and no fake products",0,5,False,,
appstore,14439831925,2026-08-17T11:37:40-07:00,"Jadu

I am happy shopping with Myntra 😍",0,5,False,,
appstore,14439773777,2026-08-17T11:18:31-07:00,"Love it

Excellent quality",0,5,False,,
appstore,14439742807,2026-08-17T11:08:31-07:00,"Good product

Never disappoint",0,5,False,,
appstore,14439662209,2026-08-17T10:42:50-07:00,"Great app

Great app. Refund processes instantly. Size and style exchange options offer convenience.",0,5,False,,
appstore,14439652972,2026-08-17T10:39:54-07:00,"Review

Nice product availability and nice app to shop",0,5,False,,
appstore,14439622038,2026-08-17T10:30:10-07:00,"I love this app bcoz dresses was amazing 👌🏻

Fall in love with this dresses 👗",0,5,False,,
appstore,14439587649,2026-08-17T10:19:27-07:00,"Best for shopping clothes

Trusted app",0,5,False,,
appstore,14439559828,2026-08-17T10:10:54-07:00,"Myntra

Myntra is genuinely one of the best shopping apps I’ve ever used! The quality of the clothes is excellent, the reviews are authentic and helpful, and the products are exactly as described. I’ve had a great shopping experience so far and truly appreciate the quality and reliability. Highly recommended! ⭐⭐⭐⭐⭐",0,5,False,,
appstore,14439501548,2026-08-17T09:53:21-07:00,"Best shopping app

My favourite shopping app Myntra 100% original quality",0,5,False,,
appstore,14439474599,2026-08-17T09:45:09-07:00,"Great collection

Nice",0,5,False,,
appstore,14439469801,2026-08-17T09:43:44-07:00,"Addidas grey shoes

Amazing one",0,5,False,,
appstore,14439469660,2026-08-17T09:43:42-07:00,"timing delivery

Good",0,5,False,,
appstore,14439452662,2026-08-17T09:38:32-07:00,"Lakmé

Best for skin",0,5,False,,
appstore,14439449580,2026-08-17T09:37:37-07:00,"Good

Good quality",0,5,False,,
appstore,14439448259,2026-08-17T09:37:13-07:00,"Nice product

Loved the colour and overall it was amazing❤️",0,5,False,,
appstore,14439444794,2026-08-17T09:36:11-07:00,"Anita jaan

Excellent ✨😍",0,5,False,,
appstore,14439431729,2026-08-17T09:32:18-07:00,"Akhi

Great deals loved it",0,5,False,,
appstore,14439416180,2026-08-17T09:27:41-07:00,"Excellent

Value for money",0,5,False,,
appstore,14439415580,2026-08-17T09:27:29-07:00,"Shopping experience

Best and wonderful experience",0,5,False,,
appstore,14439315800,2026-08-17T08:58:00-07:00,"Very good

Nice",0,5,False,,
appstore,14439307707,2026-08-17T08:55:37-07:00,"Lip balm

Very nice product 👌",0,5,False,,
appstore,14439289113,2026-08-17T08:50:08-07:00,"good service 👍good products. 👌I’m so happy.

wowwwww. so beautiful👌👌",0,5,False,,
appstore,14439142486,2026-08-17T08:07:51-07:00,"Alok Rajveer

Nice platform to travel in a journey called fashion",0,5,False,,
appstore,14439107780,2026-08-17T07:58:01-07:00,"Best Service

Thank you for giving us original Product 🤩",0,5,False,,
appstore,14439058711,2026-08-17T07:44:09-07:00,"Best online shop for fashion shopping

Every brand is available and authentic. Lot of variety to select.",0,5,False,,
appstore,14439011788,2026-08-17T07:30:51-07:00,"Awesome

Best Shopping App in India",0,5,False,,
appstore,14439009018,2026-08-17T07:30:05-07:00,"Myntra on top

Products are good and at great prices",0,5,False,,
appstore,14455496962,2026-08-21T09:44:25-07:00,"Hrx sports tshirt

Best product",0,5,False,,
appstore,14455473914,2026-08-21T09:37:15-07:00,"Very good fitting

I love this co Prd set",0,5,False,,
appstore,14455432513,2026-08-21T09:24:32-07:00,"Eyebrows shade

Nice product",0,5,False,,
appstore,14455424067,2026-08-21T09:21:56-07:00,"Awesome Purchase

It maintains its quality",0,5,False,,
appstore,14455405946,2026-08-21T09:16:23-07:00,"Fake app

Very poor service. I only called the delivery boy to ask how long he would take to arrive, but he cancelled my order without any reason. Very disappointing experi",0,1,False,,
appstore,14455387468,2026-08-21T09:10:43-07:00,"Shoping

Nice things too good",0,5,False,,
appstore,14455379732,2026-08-21T09:08:27-07:00,"I’m an Iconic member but I’m saying this

Avoid Myntra!! No more the authentic marketplace it once used to be.",0,1,False,,
appstore,14455364044,2026-08-21T09:03:44-07:00,"Good

Very good for shopping",0,5,False,,
appstore,14455273693,2026-08-21T08:36:50-07:00,"Very good app

Its a very affordable place to buy clothes",0,5,False,,
appstore,14455245578,2026-08-21T08:28:37-07:00,"Wonderful Experience

Just loved it..will definitely recommend.",0,5,False,,
appstore,14455233338,2026-08-21T08:25:05-07:00,"Too gud

Tooo gudd",0,5,False,,
appstore,14455187657,2026-08-21T08:11:50-07:00,"Unlimited brands deals

I love shopping from myntra they have almost every brand.
Much more to you just go and checkout mynta.
Happy shopping",0,5,False,,
appstore,14455179885,2026-08-21T08:09:36-07:00,"Awesome

Superb services. Trust worthy app. Good fabric !!",0,5,False,,
appstore,14455114044,2026-08-21T07:50:45-07:00,"Palmonas

Top notch quality",0,5,False,,
appstore,14454942716,2026-08-21T07:02:14-07:00,"Shopping

Very good",0,5,False,,
appstore,14454938663,2026-08-21T07:01:07-07:00,"Exchange

Excellent",0,5,False,,
appstore,14454937992,2026-08-21T07:00:55-07:00,"Love it

Love it",0,5,False,,
appstore,14454901932,2026-08-21T06:50:29-07:00,"Mast hai har ek product original milta hai

Amazing app",0,5,False,,
appstore,14454868067,2026-08-21T06:40:45-07:00,"Superb look

Good and Worthy. Fabric look like silk and light weight.",0,5,False,,
appstore,14454810582,2026-08-21T06:24:01-07:00,"About return

If you add a platform fee that’s too much. Then y don’t you return it while returning the item.",0,2,False,,
appstore,14454650174,2026-08-21T05:35:57-07:00,"Mango jeans

Quality is great",0,5,False,,
appstore,14454594816,2026-08-21T05:18:49-07:00,"Reviews

Good quality products",0,5,False,,
appstore,14454547995,2026-08-21T05:04:07-07:00,"original products this

best experience ever",0,5,False,,
appstore,14454543404,2026-08-21T05:02:38-07:00,"Good stuff

Very nice",0,5,False,,
appstore,14454508909,2026-08-21T04:51:34-07:00,"Size issues

Clothesline is good but order processing is badly handled.Size issues are mostly there forcing you to exchange",0,2,True,size/fit uncertainty,Size issues are mostly there forcing you to exchange
appstore,14454501304,2026-08-21T04:49:07-07:00,"Shopping

Best app for shopping",0,5,False,,
appstore,14454473848,2026-08-21T04:40:05-07:00,"Spider-Man shirt

Material soft aahe",0,5,False,,
appstore,14454456406,2026-08-21T04:34:21-07:00,"Catalog of Many Brands Unavailable

Hi, off late, the optimum catalog of many brands like Max, Pantaloons and Lifestyle is not available to shop on the app. Has there been any changes?",0,1,False,,
appstore,14454443234,2026-08-21T04:29:56-07:00,"Product

Very nice app for shopping",0,5,False,,
appstore,14454426327,2026-08-21T04:24:16-07:00,"Best site for shopping

Best site and unlimited products with an awesome quality!",0,5,False,,
appstore,14454423142,2026-08-21T04:23:10-07:00,"App

Best for buying",0,5,False,,
appstore,14454405418,2026-08-21T04:17:06-07:00,"Best price

Best app",0,5,False,,
appstore,14454370114,2026-08-21T04:04:48-07:00,"Best

One of the best app for buying cloths",0,5,False,,
appstore,14454319789,2026-08-21T03:46:57-07:00,"Good

Light weight comfortable Chappel",0,5,False,,
appstore,14454313932,2026-08-21T03:44:51-07:00,"Cool

Fantastic",0,5,False,,
appstore,14454310679,2026-08-21T03:43:41-07:00,"Bummy Pants Diper

Very good",0,5,False,,
appstore,14454294021,2026-08-21T03:37:37-07:00,"Good product

Good very good",0,4,False,,
appstore,14454291052,2026-08-21T03:36:29-07:00,"I am so happy

Very soft & comfteble dresh",0,5,False,,
appstore,14454248064,2026-08-21T03:20:13-07:00,"very good

Good stuff",0,5,False,,
appstore,14454227540,2026-08-21T03:12:23-07:00,"Problem not solved

Not working properly",0,5,False,,
appstore,14454219983,2026-08-21T03:09:27-07:00,"Good services

Always us MYNTRA",0,5,False,,
appstore,14454204633,2026-08-21T03:03:32-07:00,"King

Lalit Pathak",0,5,False,,
appstore,14454182930,2026-08-21T02:55:07-07:00,"Excellent

Shandar jabardast",0,5,False,,
appstore,14454182648,2026-08-21T02:55:01-07:00,"Love to spend time Witt Myntra..

I do love to get all my required daily and formal wear and all my Fashion need a wide range of collections with easy payment option and on time delivery .👏👏",0,5,False,,
appstore,14454179075,2026-08-21T02:53:36-07:00,"Mast shopping app

I like the product n quality",0,4,False,,
appstore,14454151475,2026-08-21T02:42:39-07:00,"Best service and price n quality

Best in all terms",0,5,False,,
appstore,14454108874,2026-08-21T02:25:47-07:00,"Excepted

Excellent
Thread",0,5,False,,
appstore,14454097711,2026-08-21T02:21:18-07:00,"Dress

Perfect fit",0,5,False,,
appstore,14454094710,2026-08-21T02:20:06-07:00,"Night lamp

Very nice",0,5,False,,
appstore,14454076998,2026-08-21T02:12:50-07:00,"Wow

Beautiful product",0,5,False,,
appstore,14454065885,2026-08-21T02:08:17-07:00,"Very nice app

All time favourite pur here",0,5,False,,
appstore,14454051508,2026-08-21T02:02:26-07:00,"Great app experience

Excellent user interface. Products collection is good. Quick return and refund service !!",0,5,False,,
appstore,14454001996,2026-08-21T01:42:12-07:00,"Delayed Delivery

Pathetic app, I ordered a bag worth 6.5k. Payment is done and all. I placed my order on 4th august. Its 21st August today, my bag has not arrived yet. The initial delivery was supposed to happen on 11th, then 13th then they raised a ticket on 14th asking until 18th, on 18th they asked for 48 hours and on 20th they asked for 24 hours. Im done waiting. No accountability, at this point Myntra is simply waiting for me to cancel it without any accountability. Pathetic app, pathetic customer service.",0,1,False,,
appstore,14453997502,2026-08-21T01:40:20-07:00,"Feeling fabulous

Nice fit and good quality",0,5,False,,
appstore,14453972952,2026-08-21T01:30:15-07:00,"Happy

Fully satisfied this suit",0,5,False,,
appstore,14453969652,2026-08-21T01:28:56-07:00,"lovely

all time my favrt🎀",0,5,False,,
appstore,14453934324,2026-08-21T01:14:15-07:00,"Worst delivery

This is third item delivery got auto cancelled. I have decided that not to order any other item from Myntra in future. Good bye!",0,1,False,,
appstore,14453891004,2026-08-21T00:56:15-07:00,"Happy Customer

Nice application",0,5,False,,
appstore,14453836582,2026-08-21T00:33:04-07:00,"Perfect size

Highly recommended product. Perfect size and superb quality. Thank you so much Myntra for this fantastic product.",0,5,False,,
appstore,14453835988,2026-08-21T00:32:50-07:00,"Love Myntra

Love Myntra and good stuff",0,5,False,,
appstore,14453819222,2026-08-21T00:25:39-07:00,"Awesome

Awesome",0,5,False,,
appstore,14453804168,2026-08-21T00:19:13-07:00,"Remi Mushahary

Best product it’s effect on hair .",0,5,False,,
appstore,14453796799,2026-08-21T00:16:09-07:00,"Becoming scam app

Ordered cotton kurta and they sent completely different product and when u will place return then the pickup agent will say the product is different we can’t accept return.
FRAUD APP!!!!",0,1,False,,
appstore,14453778530,2026-08-21T00:08:27-07:00,"Worst experience

I have bought two tees from them they first delayed the delivery and now cancelled my prepaid order even meesho
Has better service than them",0,1,False,,
appstore,14453755238,2026-08-20T23:58:22-07:00,"Myntra

Awesome App",0,5,False,,
appstore,14453752178,2026-08-20T23:57:01-07:00,"Superb fitting & Excellent Cloth Quality .Worth the money

Superb",0,5,False,,
appstore,14453751823,2026-08-20T23:56:52-07:00,"Good product

Good product",0,5,False,,
appstore,14453708901,2026-08-20T23:38:02-07:00,"Good

Wonderful bag 👍",0,5,False,,
appstore,14453706065,2026-08-20T23:36:49-07:00,"Gud option for soft foot

Good",0,5,False,,
appstore,14453699269,2026-08-20T23:33:55-07:00,"Bâta bellies

Tooo good thnku myntra ❤️",0,5,False,,
appstore,14453693160,2026-08-20T23:31:15-07:00,"Good app

Good app with nice variety",0,4,False,,
appstore,14453649064,2026-08-20T23:12:03-07:00,"Smooth and beautiful finish

Really happy with this lip liner! The application is smooth and easy, and it gives a clean, defined look to the lips. I really like how effortlessly it blends with lipstick and helps give the overall lip look a more polished finish. The quality is really good for the price. Definitely a product I’d recommend! ❤️",0,5,False,,
appstore,14453647714,2026-08-20T23:11:28-07:00,"Good quality. Nice color.

Purchased for 6 year old and 2 year old",0,5,False,,
appstore,14453641696,2026-08-20T23:08:51-07:00,"Amazing

It was up to the mark . Bang on",0,5,False,,
appstore,14453637739,2026-08-20T23:07:07-07:00,"Very good product

No",0,5,False,,
appstore,14453629100,2026-08-20T23:03:20-07:00,"Slaps 🔥

Myntra is honestly one of the best shopping apps! Great variety, easy-to-use interface, smooth delivery, and plenty of offers. Finding good products is super easy, and the overall shopping experience is excellent. Definitely my go-to fashion app! ⭐⭐⭐⭐⭐",0,3,False,,
appstore,14453628115,2026-08-20T23:02:54-07:00,"Amazing experience

Loved it! Everything was smooth and the products were beautiful😍✨",0,5,False,,
appstore,14453619917,2026-08-20T22:59:16-07:00,"Awesome

Awesome shopping platform",0,5,False,,
appstore,14453568603,2026-08-20T22:36:28-07:00,"Good dress

The fit is really good and material is  also nice",0,5,False,,
appstore,14453561522,2026-08-20T22:33:22-07:00,"Very nice dress

Very nice",0,5,False,,
appstore,14453554318,2026-08-20T22:30:13-07:00,"Good quality

Very likely",0,5,False,,
appstore,14453543143,2026-08-20T22:25:21-07:00,"Not satisfied with AI

Worst system",0,1,False,,
appstore,14453525866,2026-08-20T22:17:40-07:00,"Best perfume in this budget

This is very useable for daily and it’s comfortable to live in every situation",0,5,False,,
appstore,14453497823,2026-08-20T22:05:16-07:00,"Amazing

Awesome",0,5,False,,
appstore,14453472020,2026-08-20T21:53:49-07:00,"Nice

Nice product",0,5,False,,
appstore,14453462795,2026-08-20T21:49:48-07:00,"Gup Gup

An app without any glitch",0,5,False,,
appstore,14453413521,2026-08-20T21:27:58-07:00,"Best

Alwys on time n easy return",0,5,False,,
appstore,14453410598,2026-08-20T21:26:44-07:00,"Chemistry

Nice fabric",0,5,False,,
appstore,14453360962,2026-08-20T21:04:59-07:00,"Brilliant

Great experience as always",0,5,False,,
youtube,Ugy7xmtPYo6BknkIoG14AaABAg,2026-08-20T12:41:00Z,Hsul bshut accha h loved it❤❤,0,,False,,
youtube,UgyBe37TSymPffe0Qat4AaABAg,2026-08-20T14:26:48Z,Thanks di❤ for this video,1,,False,,
youtube,UgyVGfXrb-QMaQTjrT54AaABAg,2026-08-20T15:06:47Z,Always a time saviour your videos plus tips plus ideas plus motivation stay very blessed dear always🙏🙏🙏,0,,False,,
youtube,Ugwy36GOm_6C_sEiEtF4AaABAg,2026-08-20T12:06:26Z,Love the haul ❤,0,,False,,
youtube,UgxcH5EpznbF0wNmupB4AaABAg,2026-08-20T14:31:47Z,I've already ordered beige Kurtha before your video only❤❤ your drawback one,0,,False,,
youtube,Ugy8a8MWGm6YEK3W9454AaABAg,2026-08-20T19:18:55Z,"Mujhe aapka kurta styling ka tareeqa bht achchha laga, har ek outfit aap par bahut  kar raha hai.❤",1,,False,,
youtube,Ugzl6dWOfETI1YBKuGF4AaABAg,2026-08-20T17:21:19Z,Very beautiful collection sharing dear ❤❤,1,,False,,
youtube,UgxQQifDhK10OG_quxN4AaABAg,2026-08-21T20:00:35Z,Very good collection ❤,0,,False,,
youtube,UgzCddBv-6IRam3ZS1B4AaABAg,2026-08-20T16:30:50Z,I like ur funny words...❤❤😊😊,0,,False,,
youtube,UgzB7s_sUJXFA1DgjEx4AaABAg,2026-08-21T06:14:14Z,First one and the black one you wear is so beautiful😍✨ and you looking so beautiful also ❤❤,0,,False,,
youtube,UgxH-6K_qAoQtb10kgt4AaABAg,2026-08-20T16:13:53Z,The only thing which I didn't like was the dupattas. Why can't they print on both sides....,6,,False,,
youtube,UgwyydW7NPnmMfk4Ym14AaABAg,2026-08-20T14:35:54Z,Cotton party wear Kurta set ka haul lao,1,,False,,
youtube,UgwoC_z3bkPMWl54nk54AaABAg,2026-08-20T18:56:12Z,Body whiting ka batuo,0,,False,,
youtube,Ugx8dLeWwtLDBbHvsat4AaABAg,2026-08-20T15:17:55Z,1st earrings link,0,,False,,
youtube,UgwQ85DpxZcgLrAgitR4AaABAg,2026-08-20T12:06:33Z,Dii auto dubbed mat kiya karo..aapki awaj jyada achi lgti hai😊,0,,False,,
youtube,Ugyj5Uw6JZTLHMWMNlV4AaABAg,2026-08-20T12:40:18Z,U luk like kusha kapila,0,,False,,
youtube,Ugx2Z0CyphTi-WNLHg54AaABAg,2026-08-20T14:18:53Z,What u apply in hair to get sleek look,2,,False,,
youtube,UgzYj1LTkE7unsnM6gJ4AaABAg,2026-08-20T21:22:28Z,All are looking amazing on u but those blacks & dark shades are really 10 on 10😊,2,,False,,
youtube,Ugw8Q6WBWR-lbaef9fp4AaABAg,2026-08-20T19:43:25Z,Aai Podi mental case,0,,False,,
youtube,UgzDTpvaugbdOOtuJJB4AaABAg,2026-08-20T19:04:05Z,"The contents which u make are same since long and the kurta sets u are showing looks very old fashion with no style statement. I think u should try making videos of different topics too like other YouTubers rather than only sponsored or these type of old fashion contents . 


Every suits looks bad with poor fabric and no style statement. Very outdated honestly.
And Rakhi has already arrived , Abhi yeh video dalke kya faida ? Order karne se delivery will happen before Rakhi ? And even it it does , if exchange karna pare toh ? We have no time . Tora toh logic ho apke videos mei 😂.",0,,True,purchase_hesitation_timing,"Rakhi has already arrived, Abhi yeh video dalke kya faida? Order karne se delivery will happen before Rakhi? And even it it does, if exchange karna pare toh? We have no time."
youtube,Ugweug0nMjflq-Gpm1x4AaABAg,2025-09-26T10:30:09Z,Lastwala frock best hai❤❤❤,11,,False,,
youtube,Ugwwq_7QHa9BUywaZUp4AaABAg,2025-11-25T12:50:02Z,All videos are outstanding mai regular dekhati hu aapke video aapki youtube friend hu aapke lots of products buy karti hu,1,,False,,
youtube,UgxuuoXvABaElKQHMxN4AaABAg,2025-10-12T06:46:17Z,First white dress ka link please di kr dijiye send,20,,False,,
youtube,UgwfgAuyFgWg6Quztp54AaABAg,2025-08-25T17:38:47Z,You are looking very preety and it seems u reduced weight also,13,,False,,
youtube,UgzNAJ8dKXQQt4KHgNV4AaABAg,2025-12-01T15:17:30Z,2nd pink dress was awesome,1,,False,,
youtube,UgwklrZ2jnToLYutHZV4AaABAg,2026-06-16T15:34:34Z,Please silver dress ka link share kr dijiye,0,,False,,
youtube,UgyaQD39O1JPTay3rMt4AaABAg,2026-03-29T11:44:37Z,Blue white wala achsha he please link,0,,False,,
youtube,UgyMO2klrw4u8D-pYQV4AaABAg,2026-01-06T10:33:42Z,Link white dress first one,0,,False,,
youtube,UgwGMaboNA8QLyglblN4AaABAg,2025-08-26T11:45:48Z,Awesome 💯 collections,2,,False,,
youtube,UgxN9R90g2dhEXzWjPl4AaABAg,2025-11-14T16:49:50Z,Dark blue link please 😭,1,,False,,
youtube,UgxHFJsBVVhuCOY4o2p4AaABAg,2026-07-08T16:24:57Z,Link for 1st white dress plz,0,,False,,
youtube,UgxUkiYkPo2FeKNZy3d4AaABAg,2026-01-16T10:00:44Z,Jo phni h uska link bhejo,0,,False,,
youtube,UgwlDiJjcx3yge6JBaV4AaABAg,2026-07-24T08:26:55Z,2nd pink dress ki link dijiye,0,,False,,
youtube,UgxKtScR3lnI7BZ7Yuh4AaABAg,2025-10-31T05:27:15Z,White dress ka Link,1,,False,,
youtube,UgwDAIBCrnpzLVIqzTR4AaABAg,2026-06-17T09:26:30Z,Link for first white dress,0,,False,,
youtube,UgwUVex8o0KDNl52zqx4AaABAg,2026-05-25T08:26:26Z,Link for first dress,0,,False,,
youtube,Ugyjcha_MlzxU7phOc54AaABAg,2025-11-04T17:19:22Z,Link kaise milega,1,,False,,
youtube,UgyPGgBDqzDmgRX7uaF4AaABAg,2025-12-27T18:50:18Z,First front cover priperly okay,0,,False,,
youtube,UgxllhgZKtDnt8VfB0d4AaABAg,2026-06-29T07:32:30Z,Silver dress link,0,,False,,
youtube,UgyzT93P-ymCu-oCNep4AaABAg,2025-08-25T13:48:44Z,My sweet baby 👌👌,1,,False,,
youtube,UgwTFJqOUZS3_BZRiNN4AaABAg,2025-09-17T15:30:00Z,2nd pink colour dress nahi hai didi 😢,1,,False,,
youtube,UgwFM9QwNLBo1wtfs5J4AaABAg,2026-06-19T08:41:09Z,Ma'am ur height plz,0,,False,,
youtube,UgwenbnmG_1alhlXW9N4AaABAg,2026-07-09T06:02:22Z,Pink is not showing,0,,False,,
youtube,UgzXSL_eoz7Y2wuOQQh4AaABAg,2025-11-21T03:09:38Z,They are sending just wrong product and when you exchange they will not send your order back they will not refund your money also,2,,False,,
youtube,Ugzha2WBSDqrXZtGOoV4AaABAg,2025-11-21T03:10:46Z,It’s advise be careful there is better platforms where you can shop like Nayka and all but Myntra just fraud,1,,False,,
youtube,Ugywwhd3beLFl6BWfBF4AaABAg,2026-07-02T13:43:22Z,Nice and you can see my account for beautiful frocks like this,0,,False,,
youtube,UgzDtqvM4pgkZ5YrG1Z4AaABAg,2025-11-21T03:08:42Z,Myntra is fraud don’t shop from this,1,,False,,
youtube,Ugx7gF-aT4q7TIlIPTt4AaABAg,2026-08-07T10:07:29Z,Ye bilkul v sahi aps nhi h myntra pe ada adhura saman bhejta h Or jb missing k cmpln karo to ye log bekuf bnata h 2 august ko mene odr mgaya myntra ne ada adura products bheja lekin abhi tak ye log mera products vaps nhi kie vry bd myntra,0,,False,,
youtube,UgzUdZKPzT_4f8zHHJ54AaABAg,2026-01-15T12:45:17Z,इनको एडवर्टाइज करने के पैसे मिले हैं इनके बहकावे में मतआना कोई बहुत बड़ा फ्रॉड चल रहा है mintra पर,0,,False,,
youtube,UgwNIh3w6ZMNZwLqljJ4AaABAg,2026-01-15T12:44:05Z,"Mintra फ्रॉड है mintra फ्रॉड है mintra फ्रॉड है mintra फ्रॉड है mintra फ्रॉड है mintra फ्रॉड है mintra फ्रॉड है mintra फ्रॉड है mintra फ्रॉड है mintra फ्रॉड है 
मेरा पैसा खा गया खाली डब्बा भेजा था मुझे  न तो समान भेजा न मेरा पैसा वापस किया 😢😢",0,,False,,
youtube,UgwIsX5g7_oQho4CyG94AaABAg,2025-12-09T13:41:18Z,https://youtube.com/shorts/eoStb-KHB9o?si=fmLJhelWlvFmVUpP,1,,False,,
youtube,Ugx5tmXZ4KTwVKdLFHl4AaABAg,2026-02-26T17:20:13Z,https://www.wishlink.com/share/naaan3,80,,False,,
youtube,Ugz-GKTDYHEAyOl3_td4AaABAg,2025-11-21T05:59:26Z,Ak pal k liye lga Alakh panday sir ki wife h😂,37,,False,,
youtube,UgzmuR2zRGAj8gXZUxZ4AaABAg,2026-05-19T20:11:14Z,Is this for summer ?,2,,False,,
youtube,Ugx8XYuzpwXfM16VeK14AaABAg,2026-05-11T12:00:35Z,What's her full name?,0,,False,,
youtube,UgwFUMh-vv1e5UHKO4R4AaABAg,2025-10-22T05:02:27Z,You didn't posted link for this top on telegram or whatsapp😢,12,,False,,
youtube,Ugzpv-BzZ9I8GCnmygx4AaABAg,2025-09-01T07:57:13Z,❣beautiful ❤️😘🔥💞💖,2,,False,,
youtube,Ugwx9PoyCWJ5Xj3OW054AaABAg,2025-12-04T11:58:38Z,"Hi nikita, Can you please resend the link as i cant find it on whatsapp channel?",2,,False,,
youtube,Ugx0_mGS-Ewoj7qlJVB4AaABAg,2026-01-15T14:04:32Z,"so much problem to get the link, i mean u can just put it in the description, then we can say thats a helpful video",4,,False,,
youtube,UgyL8NwPO5OHXzrQeDt4AaABAg,2026-02-26T17:16:46Z,"Pls share link in pinned comment 
I couldn't find it anywhere bcz there's nothing posted",1,,False,,
youtube,UgxAXd_LstxvwS-1SO94AaABAg,2026-08-01T18:07:13Z,Yrr ye top available hai kahi to yrr help kro guys meri 😭 meri bestie ko cahiye,0,,False,,
youtube,UgwiLC5Zl7lB1ysfgeh4AaABAg,2026-05-02T15:05:12Z,Ye messho par rs150 ki mil jayegi 😅,1,,False,,
youtube,UgyH5yst7--L1Yj1JyB4AaABAg,2025-11-19T15:25:49Z,Is it from h&m??,2,,False,,
youtube,UgzORUL8-0rmr286Ux94AaABAg,2026-04-17T13:24:47Z,What size of this top?,1,,True,size/fit uncertainty,What size of this top?
youtube,Ugz6WeD8-T1M8cQq8L14AaABAg,2026-01-06T12:47:24Z,Didn't find the linkk?????,2,,False,,
youtube,Ugw-JEH9vW6VMK0kpBp4AaABAg,2026-03-05T04:02:26Z,Plz recommend tops for chubby people,1,,False,,
youtube,UgzvrTVs6-Cd_MLJYsB4AaABAg,2026-06-08T18:30:14Z,Where will I get the link,0,,False,,
youtube,UgyZQB5NU4CWjfGcQ7J4AaABAg,2026-05-30T07:34:16Z,Gives the link of the top,1,,False,,
youtube,Ugz2NYgf6IF1BQp16pZ4AaABAg,2026-01-05T03:03:02Z,Coupen code provide please,1,,False,,
youtube,Ugy5DCjioK7bDS3WNqp4AaABAg,2026-01-15T12:39:26Z,Checked all telegram post this top is nowhere,0,,False,,
youtube,Ugw8PbbUwxE1A11ALKh4AaABAg,2026-02-22T16:56:28Z,Di please Link share kr dijiye n,0,,False,,
youtube,Ugx7K452GUuSWvM6vK14AaABAg,2026-05-10T16:35:09Z,Dude just tell the search code,1,,False,,
youtube,UgyAgdVQsOK3d03JBvl4AaABAg,2026-01-01T09:58:01Z,WhatsApp channel where?,1,,False,,
youtube,UgxztwBb56bhBOaXacV4AaABAg,2026-07-05T03:09:14Z,50 rs nu mali jay evu chhe😂,0,,False,,
youtube,UgzJWtqCWoVbnROTFhJ4AaABAg,2025-09-14T18:55:58Z,Link please can't find,1,,False,,
youtube,UgyonLeX_DAL9tX4jsV4AaABAg,2026-03-16T14:42:46Z,Plz share the link the pin comment link is not opening,1,,False,,
youtube,UgyREA02i8ePpdeL0HB4AaABAg,2025-11-20T12:12:03Z,What is your telegram channel???,1,,False,,
youtube,Ugw02if0IThgxt9BjGF4AaABAg,2026-07-19T14:22:16Z,🩵🩵🩵🩵🩵🩵🩵🩵🩵🩵🩵🩵🩵🩵🫂🤜🏼🤛🏼🤜🏼🤛🏼,0,,False,,
youtube,UgwLVay7hXgaE8qi8fN4AaABAg,2026-06-12T04:52:38Z,This top is very bad because  this was very tight,2,,False,,
youtube,Ugyn0bDUtBW_vuPJGc94AaABAg,2026-08-22T04:47:41Z,"✨ *All products featured in this video are tagged for your convenience.*
You can find them in the product section below the video or in the description or on the screen.
Simply click on any link to view or shop the product.

✨ *इस वीडियो में दिखाए गए सभी प्रोडक्ट्स आपकी सुविधा के लिए टैग किए गए हैं।*
आप इन्हें वीडियो के नीचे दिए गए प्रोडक्ट सेक्शन, डिस्क्रिप्शन या स्क्रीन पर देख सकते हैं।
किसी भी लिंक पर क्लिक करके आप प्रोडक्ट देख या खरीद सकते हैं।

📌My Measurements (Inches) 37:30:38
📌My height 5'4""
📌My weight 60 Kgs",1,,False,,
youtube,UgyaOKCkgjsjfzvFjmF4AaABAg,2026-08-22T06:10:45Z,Every single outfit is beau ❤,0,,False,,
youtube,UgzxqD4hg-_g0xkD1uZ4AaABAg,2026-08-22T05:03:39Z,All wooooo anu ji beautiful ❤️❤️❤️,0,,False,,
youtube,UgxPSdmtkuarFFCmxS54AaABAg,2026-08-22T05:30:45Z,Aap itne kapdo ka karti kya h?,0,,False,,
youtube,UgxsG-ox9DTtNyndMgZ4AaABAg,2026-08-16T16:24:46Z,"Looking so beautiful Aditi dii 💗 
Superb collection ❤❤✨",0,,False,,
youtube,UgzicECKBRmAGlcUQtR4AaABAg,2026-08-17T08:47:30Z,Amazing sets! 👏🏻❤,0,,False,,
youtube,UgwaklADggKKA2DADG94AaABAg,2026-08-16T20:14:11Z,Wow amazing collection ❤,0,,False,,
youtube,UgxYERUUkAWEu5jAzOd4AaABAg,2026-08-17T07:37:45Z,Apke bolne ka style bahot hi acha h apka video dekh kr hi dil khus ho jata h 😊,0,,False,,
youtube,Ugx_p8qsEpbTKBmbmZx4AaABAg,2026-08-17T06:51:44Z,Awesome collection... 😊,0,,False,,
youtube,UgwtLL16fgchhKaUWvh4AaABAg,2026-08-16T16:32:21Z,Aditi My Sunday is Incomplete Without Seeing your New Videos And I Really Really Love your Each And Every Single Haul Videos on Every Sundays And you are Looking So So Beautiful in White Kurti ♥️♥️🥹✨,1,,False,,
youtube,Ugwp1wqi_WVLiDukIRh4AaABAg,2026-08-16T17:05:19Z,Lipstick collection v lye aaj ka lipstick mst hai,1,,False,,
youtube,UgyiR_s9WUaedOAqJUp4AaABAg,2026-08-16T16:15:39Z,I have the white one ❤,0,,False,,
youtube,Ugyd6tSOY3hAkn4cRN54AaABAg,2026-08-18T17:27:32Z,Aapka makeup tutorial deso,0,,False,,
youtube,Ugz8Uv8W3h5Y9lnAGoN4AaABAg,2026-08-16T16:15:08Z,nice collection haul dii...dii please footwear try on haul long form video mein banao na ek please dii lao na try on haul,1,,False,,
youtube,UgwGF57ov6zXSy26XTh4AaABAg,2026-08-19T09:45:47Z,Aapki height kitini hai or whight kitna hai oh bhi batao to jara idia ati,0,,False,,
youtube,Ugz_9ywwzDFcqQkTp-Z4AaABAg,2026-08-20T02:32:51Z,Where can i find the link,0,,False,,
youtube,UgxuHqBJDhQWGmrycLx4AaABAg,2026-08-18T08:14:06Z,Aapki sister bhi bnaati h video background aue face aur kapde dono milte h😅😅😅😅,0,,False,,
youtube,UgzE4YAcRE0s20Yldyd4AaABAg,2026-08-17T04:08:01Z,"All the kurta sets are to expensive all are 2000+ how can every one buy 

Make videos under 1500 rupes everyone is not like you Rich madam ji 🙍🫡",0,,True,price_timing_consideration,All the kurta sets are to expensive all are 2000+ how can every one buy
youtube,Ugy50MbzutD9mmaZ3m94AaABAg,2026-06-26T09:27:20Z,"Check community post for link 

If Links are not clickable please copy and paste anywhere and click them it will work .",5,,False,,
youtube,UgwJSHS3Ud1Oen76pvB4AaABAg,2026-07-31T19:09:52Z,Isme kuch bhi vulgar nhi h phir bhi ghrwale nhi pehnne denge🥲 kitne cute tops h 😭🎀,5,,True,purchase_hesitation,ghrwale nhi pehnne denge
youtube,Ugw7BsAYqc08CTC6EVx4AaABAg,2026-06-27T01:15:22Z,"i am a guy 
but loved the outfits😂❤

girls love shopping so much😂
cute cute 
keep going❤",34,,False,,
youtube,UgxTBh7-CYX6aVnFavJ4AaABAg,2026-07-20T04:42:44Z,I love your jeans ❤❤,2,,False,,
youtube,UgyAXFhFQyJ2NMY5HRh4AaABAg,2026-06-27T18:35:37Z,This video is clear and easy to follow It deserves more views.,1,,False,,
youtube,UgxiMNWQOXkehn14Kwx4AaABAg,2026-07-19T14:41:43Z,What a choice mam❤❤,0,,False,,
youtube,UgzgKMZR9d2b5eAr0Ml4AaABAg,2026-07-12T18:27:14Z,Jeans like plss dii,0,,False,,
youtube,UgzqVyy_49lc8ohLi6d4AaABAg,2026-07-05T06:10:27Z,Jeans is so pretty how can i get this one,0,,False,,
youtube,UgynmN4flm8fjk7NIQ94AaABAg,2026-06-27T04:53:38Z,I am also Yogita,2,,False,,
youtube,Ugw68zolWRZ7ezeaull4AaABAg,2026-06-26T12:20:23Z,Please tell me ur haircut name,1,,False,,
youtube,UgybiWkJ7N_hW5TkQBZ4AaABAg,2026-07-07T20:35:01Z,Darun❤❤❤❤❤❤❤❤❤❤,0,,False,,
youtube,Ugyy5HkDTFMHuDS73qF4AaABAg,2026-07-17T09:19:55Z,Make a hail of shirts,0,,False,,
youtube,UgyCcvTHnGcTlT2LE3l4AaABAg,2026-07-05T10:17:04Z,Jeans Link 🖇️ please 😅,2,,False,,
youtube,UgwWztoI015NOO7NCXl4AaABAg,2026-06-26T10:14:19Z,Birthday dresses haul plssss di my birthday is coming plsss,2,,False,,
youtube,UgxTlAL6EBY6G1Xkzdd4AaABAg,2026-07-20T00:15:07Z,I want the jeans link,0,,False,,
youtube,Ugz-60Mcn0adMlUP4kt4AaABAg,2026-07-09T15:23:58Z,Height for refrence?,0,,False,,
youtube,UgxneZSbac4K9KrIgSx4AaABAg,2026-07-23T17:17:03Z,Fully covered some stylish (😂) tops please😅,1,,False,,
youtube,Ugz1tSvGTMxT0kYQhYF4AaABAg,2026-06-28T06:18:24Z,She’s giving kitty from XO kitty ❤,0,,False,,
youtube,UgyOua5JZGHCixUq5_J4AaABAg,2026-08-04T15:43:27Z,height kitni h apkki,0,,False,,
youtube,Ugw-l4U4wLiDKzmrJ3t4AaABAg,2026-06-29T03:39:22Z,Mere gharwale inme se koi nahi pahnane denge😢,0,,True,purchase_hesitation_family_restriction,Mere gharwale inme se koi nahi pahnane denge
youtube,UgzACPClLNSTwQggDHd4AaABAg,2026-06-27T03:22:23Z,Jeans link plss,2,,False,,
youtube,UgxMHlk1EJS4g4234CN4AaABAg,2026-06-26T11:50:48Z,Wow beautiful jeans pls share the link ❤,2,,False,,
youtube,Ugx70T4YtwpR9oB56Dd4AaABAg,2026-06-30T11:53:08Z,Give the jeans link,0,,False,,
youtube,UgyeyHpb18kHOI95snl4AaABAg,2026-06-27T04:49:35Z,Your weight and height details for reference,0,,False,,
youtube,UgwyL_cBjK6nmDLRG5F4AaABAg,2026-06-28T16:50:18Z,Hyy pls reply di mne aapk yha link s ek jeans order kri muje vo fit ni aa rhi m exchange ya return kese kru,1,,False,,
youtube,UgxyFc-4m6VHqwi8p3R4AaABAg,2026-07-03T09:11:11Z,Jeans ka link dedo yaar,1,,False,,
youtube,Ugw4A9t_tmSjT55ZcUN4AaABAg,2026-06-28T14:17:46Z,ye jeans ka link de dijiye mam,0,,False,,
youtube,Ugw_d_9Lxby70NgwTkR4AaABAg,2026-06-30T14:45:30Z,The jeans u are wearing please 🖇️ Link dedo,0,,False,,
youtube,Ugx_PMYFdgv2uBuPC8h4AaABAg,2026-06-28T07:00:55Z,Jeans link broo😭,1,,False,,
youtube,Ugyf2dEi8rDqWfFYxiF4AaABAg,2026-08-05T08:46:56Z,Jeans Link please ❤,0,,True,wishlist/favourite,Jeans Link please ❤
youtube,UgwAhCZaJlMzyE5rMal4AaABAg,2026-06-30T15:53:46Z,Whats her height,0,,False,,
youtube,UgzRJ2QuBn4FsFd-NsR4AaABAg,2026-08-03T16:25:46Z,"I think myntra is delivering only for haul....
Otherwise they cannot deliver at all...either it is delayed delivery, or delayed delivery n finally order cancel...",0,,False,,
youtube,UgyiPz1b44cFj-I22Jl4AaABAg,2026-07-10T15:22:12Z,Jeans link plss,0,,False,,
youtube,Ugx3CKqeCW9wD8FDGgN4AaABAg,2026-04-13T08:27:01Z,Whites and blue kurti is so nice .,16,,False,,
youtube,UgyZ8UURIbaiOGrng9N4AaABAg,2026-04-11T02:48:42Z,"Amazing choice, I see your content and you really bring high quality clothes recommendations",9,,False,,
youtube,UgxJwb4u33rqRS3SMfV4AaABAg,2026-06-06T13:39:32Z,U didn't give link which one u wearing in starting yellow one,7,,False,,
youtube,UgwCM0ULfHQXDfSz3e94AaABAg,2026-04-08T18:29:51Z,Your explanation is exactly what I needed It deserves more views.,0,,False,,
youtube,UgzYIP4a0ocksXAqdIV4AaABAg,2026-04-13T15:27:27Z,Looking so pretty and comfortable ❣️❣️,3,,False,,
youtube,UgwNDvA1bzPeD8pm5_14AaABAg,2026-04-17T16:06:52Z,Your all choices are soo good❤❤❤❤,0,,False,,
youtube,UgyP3Fma4fbYOTxXDtJ4AaABAg,2026-04-11T21:06:30Z,Manifesting 1k soon ✨🙏,3,,False,,
youtube,UgwkekfhIvCTsyIC0M94AaABAg,2026-04-13T07:32:39Z,This channel is outstanding I will definitely recommend this.,1,,False,,
youtube,UgxlDaS5z5KjWTBhpYV4AaABAg,2026-06-07T12:42:55Z,Sari dresses bhut sunder h and affordable b h thank you ❤,1,,False,,
youtube,Ugy6fVxYTevfzU_W8ph4AaABAg,2026-05-02T19:16:06Z,"No drama, nothing... Pure style and  good collections",2,,False,,
youtube,Ugw2bM3NsM-QmcSvRmJ4AaABAg,2026-04-11T18:13:52Z,I want to knw which hair colour shade did u used?,1,,False,,
youtube,UgxK9xydVB6PcP-Ni8Z4AaABAg,2026-05-31T17:29:14Z,Is there any way to buy it from these beautiful dresses from Dhaka?,0,,False,,
youtube,UgxUuzkIXE4hlR36iUp4AaABAg,2026-04-18T14:54:02Z,Maine aapko subscribe Kiya hai kyunki aap bilkul mere pasand wale kurti lete ho full length wale like wrist length pakistani style,0,,False,,
youtube,Ugx_atTKP04LBY9LJqZ4AaABAg,2026-04-30T20:53:35Z,Those are beautiful ❤,0,,True,wishlist/favourite/heart behavior,Those are beautiful ❤
youtube,UgxpEtpnOmKLwh0ZaVJ4AaABAg,2026-04-21T21:26:27Z,blue is amazing ❤,1,,False,,
youtube,UgxNw1UCYs-7wJLdAHp4AaABAg,2026-08-12T10:14:52Z,Which hair colour you have its looking stunning,0,,False,,
youtube,UgzpfsFS2GB5NBONHDF4AaABAg,2026-07-27T07:58:28Z,Loved the yellow kurti😊,0,,False,,
youtube,UgwqoKjSx48y-vfLvkp4AaABAg,2026-04-09T07:51:01Z,Aapke yt video ki category kya hai,2,,False,,
youtube,Ugyj3_hR3Uc2q8Gdf0B4AaABAg,2026-04-28T12:26:09Z,Imm boy but first white 🐻‍❄️🤍 colour are very chummmmi 😘🥰,0,,False,,
youtube,UgypnIeKXf3XSIjBteV4AaABAg,2026-07-06T02:03:37Z,"Hello 
Please give me last cord-set link please",0,,False,,
youtube,UgzeWvpAyiGXb4W4uit4AaABAg,2026-06-30T03:36:40Z,"What inners you wear for white, butter,beige do make a video on inners to wear",1,,False,,
youtube,Ugy_loZ_X3qp21WZMfV4AaABAg,2026-04-08T15:56:56Z,"What is the link for these co ord sets , very beautiful",1,,False,,
youtube,UgzOM9FmG0lChyBpZ9d4AaABAg,2026-06-01T15:57:21Z,Where is the first yellow one link,0,,False,,
youtube,Ugwq-8AD9c40l-v3VTt4AaABAg,2026-08-21T20:36:51Z,Yellow dress link??,0,,False,,
youtube,UgwEtaOhP9Hppori6QR4AaABAg,2026-07-08T06:01:13Z,Aap jo Co ord set wear ki hai sabhi ka link nahi di hai,0,,False,,
youtube,UgywkNqUB8ddIMcRwdx4AaABAg,2026-06-02T00:13:16Z,สวยหวานจากไทยแลนด์,0,,False,,
youtube,Ugwm-cwe1vdPZ-aQJJJ4AaABAg,2026-04-08T18:30:23Z,"Hi, 
Pls tell from where you get your white plazo in meeso 14 kurti haul its not in description link also not in any other video haul link pls tell❤",4,,False,,
youtube,Ugwpt7UtyQx043BN5h14AaABAg,2026-06-30T10:02:04Z,Yellow and white 🥰,2,,False,,
youtube,UgzRZJ04Ya3Laur6JUt4AaABAg,2026-06-07T15:52:58Z,Nice collection subscribe done di ❤✅,1,,False,,
youtube,UgxfV7D-MSnJK0tT0394AaABAg,2026-04-22T17:25:12Z,"hey can i have the link for the 2nd last??
can’t find it in the description",1,,False,,
youtube,Ugx77l1ZF2qrFbxG0Q94AaABAg,2026-04-14T11:02:22Z,"I like the blue.
Link please",2,,False,,
youtube,Ugw27bSe2ltbAJhBPuV4AaABAg,2026-05-10T16:33:30Z,Nice collection,1,,False,,
youtube,UgztOFRM_jwEFaMleol4AaABAg,2026-04-09T11:43:15Z,Too expensive 😢,3,,True,price_hesitation,Too expensive 😢
youtube,UgyFls6pq7FWcA6_suV4AaABAg,2026-06-01T08:11:21Z,Myntra par nhi h,0,,False,,
youtube,Ugw0i-4w3BE8A4-5Elx4AaABAg,2026-04-09T02:54:31Z,These are too expensive 😂😂,29,,True,price_timing_consideration,These are too expensive
youtube,Ugw_ltqHanLMkFBxiXh4AaABAg,2026-08-09T14:16:23Z,With and yellow kurti is so good please provide that link too di❤,1,,False,,
youtube,Ugwq-pynhjDBTIa0CvF4AaABAg,2026-08-12T18:24:22Z,I have black and beige,0,,False,,
youtube,UgzNaAITay156AKwG394AaABAg,2026-07-19T14:43:05Z,What's ur hight,0,,False,,
youtube,UgzqnD8A-vw_YAJIfEJ4AaABAg,2026-04-11T13:42:14Z,Dresses to sunder hai per price to auur bhi sunder 😅,3,,True,price_appreciation,Dresses to sunder hai per price to auur bhi sunder
youtube,UgyGRcYmgUlZIemlA3Z4AaABAg,2026-06-09T00:36:55Z,"White laal ,blàck",0,,False,,
youtube,UgwmumswKBj-dYoXVEl4AaABAg,2026-06-01T09:02:44Z,Isme yellow dress nhi hai,0,,False,,
youtube,UgzEbWAPClFR2Lw0JOJ4AaABAg,2026-04-08T14:35:14Z,They're so expensive 😭🤌🏻,3,,True,price_timing_consideration,They're so expensive 😭🤌🏻
youtube,UgxzltH486o_Lw5_8-R4AaABAg,2026-05-06T10:21:49Z,Link for yellow kurti pls,0,,False,,
youtube,UgxF7x6mRmoo_rsiz294AaABAg,2026-05-03T17:46:52Z,खूप छान आहेत खरेदी करायचे आहेत,0,,True,purchase_intent,खरेदी करायचे आहेत
youtube,Ugy9_ztNXX-W_XBD0Lx4AaABAg,2026-06-10T02:54:39Z,All are very beautiful but dear tagged links are not working,0,,False,,
youtube,Ugy26NnSaZdB-_dvEm54AaABAg,2026-05-07T06:39:37Z,Yellow and white link please,1,,False,,
youtube,Ugwm3HJOfCFNPCqZAAZ4AaABAg,2026-04-26T14:20:47Z,Which size you are wearing?,1,,False,,
youtube,UgzwsH5YyLPYjvqurwZ4AaABAg,2026-05-11T14:26:43Z,Last white dress link?,1,,False,,
youtube,Ugz3CaKfudYYGsniB8Z4AaABAg,2026-08-09T18:28:28Z,Pliz jo aapne wear kiya uska link 🔗🖇️ please yellow and white wala,1,,False,,
youtube,Ugy_tYAxJiCIYSMWXJZ4AaABAg,2026-05-07T08:48:14Z,Jo yellow starting me pahna hai uska link bheje,1,,False,,
youtube,Ugzmt1mHn95adnRftDh4AaABAg,2026-08-08T15:22:46Z,Pls link for yellow one,1,,False,,
youtube,Ugy-5QRRuHEPveEuMPB4AaABAg,2026-06-28T13:52:30Z,"Where is the yellow one
First coord? 
Cant find link",0,,False,,
youtube,UgwSj3LVuKlIbP8eTZt4AaABAg,2026-08-19T16:37:26Z,No link for yellow one,1,,False,,
youtube,Ugy3xxlq-ypzfheJ1eF4AaABAg,2026-04-17T12:58:01Z,3rd ka link nhi h,1,,False,,
youtube,Ugw9dZ7EET3Dy1_dvlZ4AaABAg,2026-04-29T16:10:56Z,What is ur height?,0,,False,,
youtube,UgzhYzJZ58lsl-Lrhih4AaABAg,2026-08-06T03:43:31Z,❤❤❤❤❤❤❤❤❤❤❤❤❤❤❤❤❤❤❤❤❤❤❤❤,0,,False,,
youtube,UgxP89oaSYRlu4yZ37B4AaABAg,2026-04-08T09:35:20Z,"Check community post for link 

If Links are not clickable please copy and paste anywhere and click them it will work .",3,,False,,
youtube,UgzpkBVFNvuzwLvvBTR4AaABAg,2026-08-08T15:22:36Z,Yellow one is not theirrr😭😭😭,1,,False,,
youtube,UgxFylQeMg2_I7atdvx4AaABAg,2026-06-26T13:31:36Z,AP ke hight bth achi he,0,,False,,
youtube,UgwPgkp1AtC0hXLwOIV4AaABAg,2026-05-24T14:15:37Z,Do you know you look like Sharad Kelkar's wife?!,0,,False,,
youtube,Ugyd1lJFb9QbNOj4cKJ4AaABAg,2026-04-16T10:56:04Z,Now I subscribe you,0,,False,,
youtube,UgyTE2rlakBYWdig9o94AaABAg,2026-06-09T00:36:55Z,"White laal ,blàck",0,,False,,
youtube,UgzcgkjsCltiiLMeID14AaABAg,2026-05-07T06:40:54Z,Yellow and white link please,1,,False,,
youtube,UgzAfSxsDLy91PfMPHh4AaABAg,2026-05-22T16:53:58Z,Yellow and white link plzzz,0,,False,,
youtube,Ugyyl6EZZLKTYfJRlwR4AaABAg,2025-07-15T08:18:40Z,Hey guys🌺 Check ‘community posts’ for the links🎀,24,,False,,
youtube,UgzOrUH9akRIF3Ara4h4AaABAg,2025-10-13T18:15:28Z,2nd one is just ❤❤❤❤,8,,True,wishlist/favourite/heart behavior,2nd one is just ❤❤❤❤
youtube,UgzbgTd_VhpIlCglVJV4AaABAg,2025-07-15T10:03:58Z,thank you so muchh❤,3,,False,,
youtube,Ugz8CyqPvAmCq-omMhl4AaABAg,2025-07-16T17:52:47Z,First one took my heart .and I was in awe watching the rest of blankly...lost in thoughts of the first one ..❤,23,,True,wishlist/favourite/heart behavior,First one took my heart
youtube,Ugy-l3ckWvUqUMY8HuF4AaABAg,2025-08-18T10:25:51Z,Long gown please ☺️,1,,False,,
youtube,UgwktEqJFX4QfEIPfqZ4AaABAg,2025-07-20T19:11:10Z,"Thank you so much link please 
❤❤❤",2,,False,,
youtube,UgwTmNcRt2u2T7DZ21Z4AaABAg,2025-07-17T16:33:19Z,Long skirt with top ethnic ideas share kijiye please di😢,1,,False,,
youtube,UgwbxKWcMzv2SEXu1o14AaABAg,2025-10-30T11:27:05Z,White dress  link plzzz...the starting one,0,,False,,
youtube,Ugwx0bRROrvpwRcYz1F4AaABAg,2025-10-12T10:36:45Z,Didi white dress lovely dress 👗👗👗👗👗💮💮💮💮💮🌹🌹🌹🌺🌺🌺🌷🌷🌷💐💐💐😊😊,0,,False,,
youtube,UgyfpOlMO8OFdL2MBIx4AaABAg,2026-03-01T06:40:07Z,Yellow drees ka Link please❤❤,0,,False,,
youtube,UgzYPhlFH27q8T-b_sF4AaABAg,2025-10-28T04:31:44Z,1st ka link plzz,0,,False,,
youtube,Ugw5RDLE0BeQXXLb6Fx4AaABAg,2025-08-05T09:03:13Z,Green suit link,2,,False,,
youtube,Ugy18tOBIlyRR-LC42Z4AaABAg,2025-07-31T16:11:13Z,This kurti want,0,,False,,
youtube,Ugx5oH4eGAEOcbA1ml94AaABAg,2026-04-15T04:23:15Z,Wow ek se badkr ek 👌,0,,False,,
youtube,UgxD0vLHDCEB3UIGvL54AaABAg,2025-10-24T05:27:37Z,Link please. nhi mil lga h post me,0,,False,,
youtube,Ugy2ifzlALQxe4X5ivd4AaABAg,2025-07-20T16:53:45Z,Apne sbhi dresses ki link to share ki hi nhi 😢,0,,False,,
youtube,UgwTran2G3tYuwtBZwB4AaABAg,2025-11-29T11:30:55Z,Finger is just  wow,0,,False,,
youtube,Ugw41djBIHLPtVgqqaV4AaABAg,2025-10-29T08:22:05Z,First dress link 🖇️,0,,False,,
youtube,UgzVg-5Cc71oJB5oiE14AaABAg,2025-11-28T01:14:38Z,Didi please link share kar dijiye kijiye,0,,False,,
youtube,UgwknRu_SXc1SP07nuZ4AaABAg,2026-05-12T06:23:06Z,Community post kaha milta hai please please batao agale vlog Mai sister birthday gift,0,,False,,
youtube,Ugx-dZgU15EOfB-0SJt4AaABAg,2025-07-17T14:10:29Z,Got kurti from meesho but its quality is not good,0,,False,,
youtube,UgyC9I5zdzEJoi5Al9R4AaABAg,2026-07-10T14:10:28Z,Where is Community post,0,,False,,
youtube,Ugzo6Kli5l-CtyZvSzB4AaABAg,2025-10-29T07:54:45Z,Ham bhi order karte hai par same nhi aata hai didi esa aata hai ki vo pahne layak hi nhi hota hai,0,,False,,
youtube,UgwJcjPKoV3TTaoqFCJ4AaABAg,2026-08-03T14:26:18Z,So much and biutiful,0,,False,,
youtube,Ugw35EC4w_jcuSPoaRJ4AaABAg,2025-07-15T09:49:18Z,Didi kapde ke sath name bhi likh kar daal deti mein search karti hu toh pata nahi chalta hai 😊,0,,False,,
youtube,Ugza3YP9VxE-NoKT-OF4AaABAg,2025-09-19T18:33:52Z,Tooo fast video,0,,False,,
youtube,Ugw7bR3YkQw1hXb65HR4AaABAg,2025-07-15T10:20:10Z,1ѕt 3rd 4th 8th 9th 10th,0,,False,,
youtube,UgxgcAbfWrOqBbIKG-t4AaABAg,2025-10-18T14:54:46Z,Where is the blue one that is kept on the top in your han,0,,False,,
youtube,UgzCOwIpAEblYz6Foax4AaABAg,2025-07-18T18:14:58Z,Rate jyada hai😢,11,,True,price consideration,Rate jyada hai😢
youtube,UgwsxPYAWa_EbPm6yPZ4AaABAg,2026-08-07T10:09:01Z,Dikhata h sets lekin bhejta h missing products,0,,False,,
youtube,Ugz8VawBmF3oaUCigGJ4AaABAg,2025-10-01T18:32:37Z,Hath me kuch aur bady pr kuch aur,0,,False,,
youtube,UgwzU9x1chtfBROiDtR4AaABAg,2025-10-03T16:08:09Z,Green suit link,0,,False,,
youtube,UgzoemHwqe5gDxzIYgZ4AaABAg,2026-08-21T06:24:31Z,Thank you didi aaj aapne single link provide krdya😅,0,,False,,
youtube,UgyFil7tMRs3FV5CjoR4AaABAg,2026-08-21T08:27:25Z,"Please include tops, short kurtis, and shirts in your hauls as well. For the past few weeks, all the hauls have been kurta sets.😊",2,,False,,
youtube,UgyZHslSsFfQdnMIYox4AaABAg,2026-08-21T11:29:18Z,Best collection ❤❤❤❤❤❤,0,,False,,
youtube,UgxNnGr0pLSXfFbi9pd4AaABAg,2026-08-21T07:18:10Z,superb collection 👌🏻❤ love you mam ❤,0,,False,,
youtube,UgxV903D3gzI-navT2d4AaABAg,2026-08-21T11:28:53Z,Didi black kurta set houl laeye n,0,,False,,
youtube,UgxlzBG8b8q1Nvrlxs94AaABAg,2026-08-21T09:11:49Z,Aaj ka collection not bad ..but expectations thodi ar th 😊😊,0,,False,,
youtube,UgzfzRhc89ZlhHVoMER4AaABAg,2026-08-21T06:40:26Z,Height kitni h apki,0,,False,,
youtube,Ugxobpi5qLydKpFoALd4AaABAg,2025-06-12T13:03:25Z,"PRODUCTS ARE TAGGED 🤍

Shirts Size: S
Jeans Size: S (waist 28)",43,,False,,
youtube,UgxMTQJfgo6pcWssHBl4AaABAg,2026-01-09T05:13:45Z,Last wala hit different 😊,18,,False,,
youtube,UgzQJobVVCcrgc6flfZ4AaABAg,2025-06-13T08:30:47Z,Loved all the crop shirts🫶The styling is on point💕🤍Your fashion sense is always top-notch🤌🩷🩷,12,,False,,
youtube,UgwsTuXPrIXhInHUbtR4AaABAg,2025-10-05T04:18:46Z,You look better than the model of these shirts itself ❤❤❤❤,5,,False,,
youtube,UgxfjVfm3ZVG4NabnUF4AaABAg,2025-06-12T17:04:48Z,Hayeee your aura is so positive ✨🤌💕,2,,False,,
youtube,UgznmdJTeOIHQj3K5cV4AaABAg,2025-06-13T08:34:53Z,How do you always find the cutest stuff?💖🍒✨,1,,False,,
youtube,UgyMM9I-HdxyJe0bLVp4AaABAg,2025-06-12T13:42:18Z,Your collection 😍💘,1,,True,wishlist/favourite behavior,Your collection 😍💘
youtube,UgycZBzScV3EBhmFvBt4AaABAg,2026-06-14T14:06:08Z,3rd and last  hits different 😅❤❤❤,0,,False,,
youtube,UgwZkp1OAb8TZvl6QMN4AaABAg,2025-06-12T16:30:14Z,Summer trousers or any set in cotton please❤,0,,False,,
youtube,UgzaNvpIbBW2qrz5OtR4AaABAg,2026-05-24T17:03:15Z,I liked this last one ❤,1,,True,wishlist/favourite/heart behavior,I liked this last one ❤
youtube,UgzEAr5bGjGr0K8Jv1x4AaABAg,2025-06-12T17:23:38Z,Denim skirts plssss❤❤❤❤,1,,False,,
youtube,UgzCMcBGB0QXg5Q_jGV4AaABAg,2025-06-12T14:06:27Z,2nd one wow ❤️❤️,1,,False,,
youtube,UgxXiXQnB7C791e_JZh4AaABAg,2025-06-12T13:45:30Z,Crops shirts are very pretty naa🙌💗💜🍂,2,,False,,
youtube,UgzqC5u5kMEKwQiw8aB4AaABAg,2025-08-05T16:01:48Z,"U kinda look like shanaya kapoor
Pretty❤",0,,False,,
youtube,UgyOtNzL_Ig1CtNijql4AaABAg,2026-01-07T05:09:44Z,"Amazing gurl ❤..i just got addicted to ur  elegant look ✨️ ...
Could u please let me know ur height and weight approx.....so that i could order those perfectly in sizes.....",1,,True,size/fit uncertainty,Could u please let me know ur height and weight approx.....so that i could order those perfectly in sizes
youtube,UgywGC_Kc1CLs6Ic2UZ4AaABAg,2025-06-13T08:31:49Z,And di I have received my giveaway gifts✨💙thanku sooo much🫶💕I really liked them🩷,1,,False,,
youtube,Ugy8qTmn_JlJ4oJJ65h4AaABAg,2025-06-12T13:16:10Z,1st and 2nd are ❤❤❤,2,,True,wishlist/favourite/heart behavior,1st and 2nd are ❤❤❤
youtube,UgyfWQOMH8R2AVgW4aZ4AaABAg,2026-01-04T04:54:44Z,Do you have a longer version? Cause not everybody likes crop??,0,,False,,
youtube,UgyuqWcid2ahr_c6rLJ4AaABAg,2025-09-11T14:39:59Z,Pls give 2nd shirt link....,1,,False,,
youtube,UgzubjAb6U-f01LgwEp4AaABAg,2025-06-13T14:50:58Z,Collections 🫶🏼💥,1,,False,,
youtube,UgydCuS2UZvjfORSBS94AaABAg,2025-06-12T16:26:58Z,"Diiiii aap itne sundar sundar clothes dikhate ho vo honestly review dete ho ya fir promotion karte ho I am confused because aap intniiì sundar sundar kaha se dund late ho very pretyyyy ...
I watch your videos and I have your subscriber alsoooo
❤🎉",0,,False,,
youtube,UgwRdeakyacuQditbDd4AaABAg,2025-12-30T12:27:51Z,Mam 2nd top link is not clearly shown,22,,False,,
youtube,Ugwbf2rZatOK8E71zhN4AaABAg,2025-11-05T05:36:05Z,The link of the second one isnt there pls give the link,0,,False,,
youtube,UgwrmDoHlKRvkQdRbG14AaABAg,2025-06-17T17:13:29Z,Please brings stylish blouses,0,,False,,
youtube,UgxoUoFmFBAOjnMfDzN4AaABAg,2025-08-08T14:02:35Z,Link bhej do 4 vali shirt ka please...,0,,False,,
youtube,UgwFTfSINIKpUSHTWfh4AaABAg,2026-02-17T11:37:08Z,Last wala ka link plz,0,,False,,
youtube,UgzTS0xVqidgHiW6Jg14AaABAg,2025-07-31T18:43:42Z,Olive shirt link please,0,,False,,
youtube,UgyWRdS5p1qR38VVout4AaABAg,2025-10-09T16:06:27Z,Diiii myntra pr open ni ho rha search krne k bd b,0,,False,,
youtube,Ugz3kmMM5ShkTj3CLuJ4AaABAg,2026-01-04T14:02:39Z,2nd top link please,0,,False,,
youtube,Ugzg_dhd0NLhUDvNvwN4AaABAg,2026-05-07T12:45:46Z,Yellow vala accha hai,0,,False,,
youtube,Ugygdcby4Fc3avtWtlF4AaABAg,2025-06-12T14:33:33Z,Myntra  teeshirt  please,1,,False,,
youtube,UgyvhfhsCBDsiOaVNMZ4AaABAg,2026-02-26T09:56:49Z,@abhipsajoshi plz give link of 2nd top plz plz 🙏❤,0,,False,,
youtube,UgyqAWtTU3OwKjjsZZN4AaABAg,2025-06-13T09:14:02Z,Diii aap itne aache clothes btate ho jo hum afford hi ni kr payenge 1 top 500 ka,0,,True,price_concern_purchase_hesitation,jo hum afford hi ni kr payenge 1 top 500 ka
youtube,UgznIQR1Pm5SMsZUR1d4AaABAg,2026-01-30T09:37:29Z,Di jeans ki link 🔗 de di jiye plsss,0,,False,,
youtube,UgzvKganRkewXiIp8ct4AaABAg,2025-06-13T06:05:01Z,2nd i have in lavendra coour,1,,False,,
youtube,UgwvIwcIRAAmXH_abNh4AaABAg,2025-06-27T15:04:09Z,Shirt linkk please,0,,False,,
youtube,UgzafhvlREAAYNrCu-J4AaABAg,2026-06-09T10:33:44Z,you wear that shirt link,0,,False,,
youtube,Ugx4COh5p7rUCki05wV4AaABAg,2026-02-22T13:31:10Z,Didi link send Karo,0,,False,,
youtube,Ugy1AYWkKx7AG0mof554AaABAg,2026-08-03T15:27:09Z,Top ka link de do please,0,,False,,
youtube,Ugx2iJym8IOPkM218fx4AaABAg,2026-04-27T14:34:25Z,Product where found,0,,False,,
youtube,UgxIGOYAJHwzy-v_rPx4AaABAg,2026-07-04T13:52:01Z,kaha se liya मीशो se,0,,False,,
youtube,UgzlaHHZ5lkP2dmYV7p4AaABAg,2026-08-10T21:33:50Z,3rd shirt link please,0,,False,,
youtube,UgzFRkLnfw_jHNH_Aut4AaABAg,2026-02-14T10:52:59Z,Hello girl's how are you??☺️,0,,False,,
youtube,UgweD9Dur3xHbkiwuLB4AaABAg,2025-07-26T16:01:06Z,Aaone jo white wala shirt pehena h uska 🔗,0,,False,,
youtube,Ugz0LOZ3BhRA6GDW0t94AaABAg,2026-06-25T08:51:14Z,Art and craft ideas laou cuch Naya bhi ho ga plzzzzzzzzzzzzzzzzzzzzzzzzzzzzzzzzzzzzzzzzzzzzzzzzz,0,,False,,
youtube,UgyLoNLciXdJUi-L-nB4AaABAg,2026-03-04T16:26:40Z,"First one is too good but too crop for me bcz of my height 😢😢😢
Why I'm so long 
Sometime I hate my height. 
Can't wear crop and high heels 😢😢",0,,True,size/fit uncertainty causing delay,First one is too good but too crop for me bcz of my height
youtube,Ugz623i4fl3Fw5aELJh4AaABAg,2026-02-07T07:34:06Z,Kon kon meri trh comment padne aaya haii 😂😂😂😂,0,,False,,
youtube,UgyfYeBDqdM-4VVCPeh4AaABAg,2026-05-31T13:44:41Z,Kaldi kami hove,0,,False,,
youtube,Ugxn05h9OYb9R_em2wN4AaABAg,2025-06-12T16:02:34Z,"I am your subscriber ❤please corset haul ❤because i want, and i don't know how it is ❤ so please corset hual ❤
Please❤
Please❤
Please❤
Please❤
Please❤
Please❤
Please❤
Please❤
Please❤
Please❤
Please❤
Please❤
Please❤
Please❤
Please❤
Please❤
Please❤
Please❤
Please❤
❤❤❤",2,,True,purchase_hesitation_uncertainty,"i want, and i don't know how it is"
youtube,UgzCYwd7UzwLH7kLRnV4AaABAg,2025-08-08T14:13:06Z,Myntra online are super thiefs.....They book order take money & do not deliver .....BE AWARE & NEVER ORDER ON MYNTRA,0,,False,,
youtube,UgxTQKxrQpSGMcXlBUZ4AaABAg,2025-06-16T06:06:23Z,".   🗯 so after all you learned how to 
🤵 smile I'm proud of you .
 You look amazing and stylish like always 
My comment is friendly 
I probably won't comment again 
But  I'am happy for you 
Stay safe and many blessings. 🫵🤵👌"" 1💙💙%",0,,False,,
youtube,Ugwqk_uZoyPMvp30Qp14AaABAg,2026-08-10T10:11:42Z,"Check community post for link 
If Links are not clickable please copy and paste anywhere and click them it will work .",3,,False,,
youtube,Ugzz408pXJvSZ34XuKR4AaABAg,2026-08-11T13:03:09Z,Didi your look like a doll....❤,0,,False,,
youtube,Ugz0RESgfxMNjWjBSEl4AaABAg,2026-08-20T05:48:30Z,"Searching jeans and this shorts entered in my feed  😍
✨ wow such amazing collection hope will receive as a want",1,,False,,
youtube,UgwvHZZ0vjtArj8dwjh4AaABAg,2026-08-11T13:15:45Z,Didi aapke outfit jeans ho ya top ya fir suit me kya hi bolu ❤❤ etne achhe ki puchho hi mat❤,0,,False,,
youtube,UgxUj9ahNNe22S_RYMJ4AaABAg,2026-08-14T09:41:32Z,Bags haul please?,1,,False,,
youtube,Ugz8yHDl5pB3MnrIF9B4AaABAg,2026-08-10T11:36:16Z,Your look like a doll,1,,False,,
youtube,Ugw4O2XShlKbr0g8M014AaABAg,2026-08-13T06:35:53Z,First top ka link please ❤,0,,False,,
youtube,UgyaoJ_pn7fp0Eowb754AaABAg,2026-08-20T19:30:42Z,"Dii give the tops link also 
They are super cute",0,,False,,
youtube,Ugz3DtRzeRkB-EmfwWF4AaABAg,2026-08-13T08:20:29Z,What's ur height?!,1,,False,,
youtube,UgyifR5-EhSuubEF9wt4AaABAg,2026-08-13T20:59:12Z,She’s looking like kitty from ox kitty,0,,False,,
youtube,UgzaYMRU6swmdeerh554AaABAg,2026-08-10T13:19:55Z,Disney Princess came. In real world,1,,False,,
youtube,UgxXCOe8xVPeD-nCCJt4AaABAg,2026-08-11T05:22:50Z,Please suggest outfit fit for tracking at vaishno devi,1,,False,,
youtube,UgzVxfGm9-MOzscWgel4AaABAg,2026-08-13T08:04:57Z,Bhyi ye ldki itta kyu aari mere feed mein ...wo bhi issi song k sath 🙄🙄,0,,False,,
youtube,Ugz1C1ICJzVMEQjbQap4AaABAg,2026-08-11T09:53:27Z,Didi sneakers haul kro please,2,,False,,
youtube,Ugyvh_kTn0VX7ZeWbZh4AaABAg,2026-08-10T12:03:08Z,Isme se ek mujhe bhi dedo 😢😅😊,1,,False,,
youtube,UgyM9f3CkYzIIB2qeml4AaABAg,2026-08-21T15:18:30Z,What's ur weight,0,,False,,
youtube,Ugy5zgXGLwSqlUUJ9l54AaABAg,2026-08-21T15:47:26Z,Didi your height ? And which size have u ordered....?❤,0,,True,size/fit uncertainty,Didi your height ? And which size have u ordered
youtube,UgwFQPeWQADzB7rt07x4AaABAg,2026-08-11T10:03:50Z,What is your waist size,2,,False,,
youtube,UgwBkjUC4XqjUlXFI0p4AaABAg,2026-08-10T13:15:02Z,What's your height,3,,False,,
youtube,UgzVyaf2RGHG6Vw4II14AaABAg,2026-08-10T18:06:11Z,Which size do u wear ?,1,,False,,
youtube,UgxfcLs-N2hhb-8CJFF4AaABAg,2026-08-17T13:01:07Z,"Hi, pls let me know your height, it would be easy for me to buy",1,,True,size/fit uncertainty,"pls let me know your height, it would be easy for me to buy"
youtube,Ugxc3Or4R3vS0qJxNOJ4AaABAg,2026-08-16T11:46:57Z,First one top link,0,,False,,
youtube,Ugx0LOZTdyRGuSxFsqd4AaABAg,2026-08-13T05:30:10Z,What is your height,1,,False,,
youtube,Ugx6viORiBGHLkfLSqR4AaABAg,2026-08-13T10:27:48Z,Beautiful collection dii 🎉❤🎉,0,,False,,
youtube,UgwqgkNXqbuQyNTX1ax4AaABAg,2026-08-13T08:08:34Z,Very beautiful collection ❤❤❤,0,,False,,
youtube,UgyPfJ-w_2x7DXv8EJ54AaABAg,2026-08-13T06:59:23Z,Superb collection didu ❤❤,0,,False,,
youtube,UgxDpfFXmyP53ZCU_Pd4AaABAg,2026-08-13T07:13:10Z,Amazing collection dear 🎉🎉,1,,False,,
youtube,UgwtNskQLqzUlb_kQIZ4AaABAg,2026-08-13T08:51:23Z,Black kurta set bhut acha laga 🫶 aur app bhi bahut ache lag rhe ho blue kurta set mein 💙🌝,1,,False,,
youtube,UgxCXzk0gj67H6a7uwx4AaABAg,2026-08-13T06:35:36Z,Bhut pyari lg rhi h aaj ap shikha di❤❤,0,,False,,
youtube,Ugwr0A0IxzWhKzmkPYt4AaABAg,2026-08-13T14:34:09Z,Beautiful collection sharing ❤❤,0,,False,,
youtube,UgwzoDe_Pxrz42oKAXF4AaABAg,2026-08-13T17:01:56Z,"Lovely collection, dear❤❤❤😂😂",0,,False,,
youtube,UgxpEwN-IAER3r4k88h4AaABAg,2026-08-13T08:58:54Z,Di plz bright orange colour ki saree houl kijiye plz,0,,False,,
youtube,Ugxlk0i_G0pg8cD6sqZ4AaABAg,2026-08-13T16:25:04Z,Sam m b solid kurta sets lover hu,0,,False,,
youtube,UgxGo3xG_v5-n_jGrqN4AaABAg,2026-08-13T07:46:04Z,Ek ready to wear saree haul kijiye please,0,,False,,
youtube,UgwUYXHOtOlfchFuYRt4AaABAg,2026-08-13T09:00:49Z,Upload haul video for footwear and trouser daily use,0,,False,,
youtube,UgzpZslurAfpxsLP-pB4AaABAg,2026-08-13T13:44:36Z,Beautiful collection Shikha mam p bracelet ka link plz is video me tha  ♥️🙏,0,,False,,
youtube,UgwdbxJuMOpRNuiOuYx4AaABAg,2026-08-13T10:38:30Z,Plz review kurta sets from All about you,0,,False,,
youtube,UgxMUnVgjkt4_TspBIt4AaABAg,2026-08-13T06:37:02Z,Aapke kurta set sare beautiful hote Hain Ham confuse ho jaate Hain Kaun Sa le❤😢,0,,True,purchase_hesitation_confusion,Ham confuse ho jaate Hain Kaun Sa le
youtube,Ugy69hUIhVhHnDnXwvd4AaABAg,2026-08-14T09:43:21Z,Shikha jii aap Bags ke bhi links dijiyega . Jo aapne video me carry kiye hai 😘,0,,False,,
youtube,Ugw5JHpUOSLYAehK4ll4AaABAg,2026-08-13T06:34:21Z,Hi Poonam Dhillon🎉,0,,False,,
youtube,UgzvM0BGsDHlahplAWR4AaABAg,2026-08-13T15:50:32Z,"Hello shika ji
Red sui ka link show nai ho raha h please provide link",0,,False,,
youtube,Ugzc6serNQQhnkV5inJ4AaABAg,2026-08-13T16:02:06Z,Di watch review,0,,False,,
youtube,UgxTv_c_di8bA3Rc9at4AaABAg,2026-08-19T03:23:06Z,Shikha mam aap jo kajal lgate ho daily makeup k liye uska link dijiye na please😊,0,,False,,
youtube,Ugy7XcXeiB0w5rm7VOV4AaABAg,2026-08-13T06:33:55Z,Main to Kahti hoon Din mein Do video dala kariye mujhe Bahut acha Lagta hai video,1,,False,,
youtube,UgzKu4a_CU4WHB4DfSR4AaABAg,2026-08-17T12:15:05Z,Mene indus ka red 🔴kurta set liya... Very nice👍,0,,False,,
youtube,UgxALqCDCoSSlUn1hy54AaABAg,2026-08-13T13:56:50Z,Shikha red wale kurta set k link share kro isme attach nahi hai,0,,False,,
youtube,UgzJ8-d4uclZXiFKJFp4AaABAg,2026-08-13T11:10:27Z,Apka link work nhi kr rha hai share the link of jump suit ya fr ap single link diya kijye wo open hojata hai,0,,False,,
youtube,Ugw1k2_tQQFNbrgmi9Z4AaABAg,2026-08-13T07:05:38Z,Didu us yellow wale kurta set ka after wash bataye please,0,,False,,
youtube,Ugz6HaY2soCpRSFJ4wB4AaABAg,2026-08-13T11:40:54Z,Red Wale suit ka to Link hi nh h,1,,False,,
youtube,UgxxZoVbIdhJ9cLxXC14AaABAg,2026-08-13T08:02:33Z,Apke trust se hi order kiya buz ap bolte trust page h but abhi tk koi bhi reply de rahe saree bol rahe the 12 aug ko received ho jayegi but abhi tk kuch nhi aya h,0,,False,,
youtube,UgyO4dvobQkPlmQ4udN4AaABAg,2026-08-13T19:54:24Z,Didi red suit ka link de do,0,,False,,
youtube,UgzZ0n1gOuhijTFxlXZ4AaABAg,2026-08-13T19:51:24Z,Didi pants houl kro teshirt or top v dikhna or plz abhi bahut sare fastival h myntra se julri houl kro plz,0,,False,,
youtube,UgzcwvBwV1dzcmQ12Il4AaABAg,2026-08-13T17:14:17Z,Red kurta ki link nhi di h aap,0,,False,,
youtube,UgzxHy9uppJf8kT4Rop4AaABAg,2026-08-13T09:45:20Z,Jump suits me thodi problem hotihe mem,0,,False,,
youtube,Ugy2PPfrl2l66t47OgB4AaABAg,2026-08-13T07:33:00Z,But nhi kr rha h,0,,False,,
youtube,UgzbPo4yTve_KAZFbTd4AaABAg,2026-08-13T15:49:09Z,Solid kurta set office were k liye daily wear shi rhenga????,0,,False,,
youtube,UgwBgYWVIuac8yFWREp4AaABAg,2026-08-13T16:58:57Z,"Shikha ek bat btao ye jo blue suit apne pehna hai uska jo silver work hai wo dehati types ya phi chamak toh nhi rha
Kuu ki vedio me bhi ye bat smjhnhi arhe hai ,but colour bhot sundrr hai  mjhe lena hai",0,,True,purchase_hesitation_uncertainty,"vedio me bhi ye bat smjhnhi arhe hai ,but colour bhot sundrr hai mjhe lena hai"
youtube,UgwsMKzfvank7DTRLqJ4AaABAg,2026-08-13T06:54:19Z,Solid kurta set dikhya vo office me daily wear shi rhenga?????,0,,False,,
youtube,Ugy63ouw5of3bjFbPa54AaABAg,2026-08-13T06:37:11Z,Shikha mam kindly share the link of red suit there’s not showing red suit link,4,,False,,
youtube,Ugzb-fPCsUqEZsHlbU94AaABAg,2026-08-13T07:09:54Z,Di red vale suit mein small size ni dikha rha,0,,True,size_unavailability_causing_delay,red vale suit mein small size ni dikha rha
youtube,UgxbwpfF5X3GortioEh4AaABAg,2026-08-13T06:50:22Z,Shikha mam red wala link please,0,,False,,
youtube,UgzXuZ60jbCz9yFuQXx4AaABAg,2026-08-13T06:56:18Z,"Haan, red suit ka link nhi dikha mujhe bhi",0,,False,,
youtube,Ugz5ume3CM1gXBDjNOR4AaABAg,2026-08-13T12:10:14Z,Aap jo khud pahne rahti h uski link kyon nahi deti?,0,,False,,
youtube,Ugzg_IHaEYERSMTE1SZ4AaABAg,2026-08-13T10:23:28Z,Red suit ka link nhi hai ....pls share kare,0,,False,,
youtube,UgxNwUs9s4NN8j-ziK54AaABAg,2026-08-13T09:34:41Z,Di please necklace link digiye,0,,False,,
youtube,UgxgXRtNQQHibajZi6x4AaABAg,2026-08-13T08:47:04Z,Mam red suit ka link  de dijiye,0,,False,,
youtube,UgxF1XRQjxX27mUGGmN4AaABAg,2026-08-13T06:40:57Z,Hi shikha Red kurta set ka link nhi diya aap ne,0,,False,,
youtube,UgzxjpB0apA8QmtxFNR4AaABAg,2026-08-13T06:44:55Z,Red kurta sets link. Dijiye,0,,False,,
youtube,Ugw32S2z96TceP0dvlh4AaABAg,2026-08-13T06:46:06Z,Sabse Sundar red wala hai uska link aapne dya he nhi hai😮,1,,False,,
youtube,UgzZC4qtIqjAt02DDmZ4AaABAg,2026-08-13T09:02:34Z,Red kurta set ka link nahi description me,0,,False,,
youtube,Ugwpqf7j91gA1vKHtzB4AaABAg,2026-08-13T07:51:20Z,Di red vale ka link please,0,,False,,
youtube,UgycCLcSlxDEwXqvKMR4AaABAg,2026-08-13T07:43:20Z,Red wale ka link ni h di,0,,False,,
youtube,UgxlB6EloXXrgehAxfx4AaABAg,2026-08-13T07:43:38Z,Red kurta link nhi di aapne,0,,False,,
youtube,UgxbvzcBdqIt80hH0mh4AaABAg,2026-08-13T06:38:17Z,Red vale ka Link kha h,1,,False,,
youtube,UgwADdiqhq94ubx0RsN4AaABAg,2026-08-13T06:43:47Z,Red suit ka link nhi hai,0,,False,,
youtube,UgxfBdylF3-E5kaiGPF4AaABAg,2026-08-13T08:43:46Z,No link for red colour dress,0,,False,,
youtube,UgzzBodbw1rTHgBFxeF4AaABAg,2026-08-13T06:38:11Z,Red kurta set ka link please,1,,False,,
youtube,UgyrCsEWQ_DyskRcyfF4AaABAg,2026-08-13T08:10:09Z,Red ka link nhi hai,0,,False,,
youtube,UgyJkoEI85HvFDaasZx4AaABAg,2026-08-13T08:10:32Z,View products mei bhi nhi show ho raha,0,,False,,
youtube,UgzDDteLxPF-6IEX6u54AaABAg,2026-08-13T06:47:24Z,Ek Indus suit ka link nhi hai,0,,False,,
youtube,UgymmtClMWmRfUTZGNF4AaABAg,2026-08-13T06:43:07Z,Red wala suit ka link Nai Hai,0,,False,,
youtube,UgxzgR_xm5fHGhoKFdd4AaABAg,2026-08-13T06:44:13Z,Red vala to hai hi nhi,0,,False,,
youtube,UgyopzkjMGDnOo5YuJZ4AaABAg,2026-08-13T08:41:08Z,Red ka link send Karo,0,,False,,
youtube,UgxEBW_mvSpMACfib2x4AaABAg,2026-08-13T10:41:38Z,Red suit no link,0,,False,,
youtube,UgzpOxmNqOR5tV6pk7R4AaABAg,2026-08-13T08:00:28Z,Pakhi collection bale bolte 7 se 9 din m received ho jayega but 20 days tk koi tracking id no bhi nhi na koi msg ka reply dete na call received karte h kya ye fake page h kya mam,0,,False,,
youtube,Ugy-dky0OEHcrFETBXF4AaABAg,2026-08-13T15:34:23Z,Bechare bachon ko bhi tv mute me dekhna pad ra 😅😅,0,,False,,
youtube,UgxT8HTdeNh0ljEMvzh4AaABAg,2026-08-18T11:55:30Z,Shikha ji Maine red suit mangwaya lekin jaisa aapane dikhaya vaisa nahin aaya yah company wale Dhokha karte hain ya aap hamare sath,0,,False,,
youtube,Ugy7iDB0iuvMDIQUiNF4AaABAg,2026-08-13T07:05:45Z,Aap kaise ho sikha please red wale kurta set kar link share karo,0,,False,,
youtube,Ugz9AbISz3s-RixcEdZ4AaABAg,2026-08-13T09:25:51Z,Link for red kurta set,0,,False,,
youtube,Ugz9LY2aCWCoJMQVPEt4AaABAg,2026-08-13T06:49:35Z,Red Wale suit ka link nhi hai,0,,False,,
youtube,UgyRnkBOjFPnz9I8O-Z4AaABAg,2026-08-13T08:59:44Z,Red suit link is not there,0,,False,,
youtube,UgyHBJOCteWjeadGOhN4AaABAg,2026-08-13T06:55:20Z,Red wale suit ka link nhi hai,0,,False,,
youtube,UgxHfR_gnQ1btqCtmhR4AaABAg,2026-08-13T18:08:59Z,Red wale ka link nhi hai,0,,False,,
youtube,Ugy7jyRnAmxCKkxYfF54AaABAg,2026-08-18T09:41:34Z,"Check community post for link 
If Links are not clickable please copy and paste anywhere and click them it will work .",2,,False,,
youtube,UgyzCZmBLYJuUDjCLjN4AaABAg,2026-08-18T16:42:58Z,Dii Can you please tell me what haircut is yours ..and how did you styled it 🤞 .It suits you so much 😭Please tell me 🥹 ..This is my first time commenting in any video,0,,False,,
youtube,UgxyeKgq8L7agl_Wc-l4AaABAg,2026-08-18T13:05:55Z,Mera naam bhi yogita hi hai 😊,2,,False,,
youtube,UgxMopRHAcL5pTWhpAp4AaABAg,2026-08-18T15:44:02Z,Brand ambassador of this song 😁,4,,False,,
youtube,UgzGj8XjXIx50de2ZzR4AaABAg,2026-08-18T10:41:00Z,"Which jeans are you wearing, been looking for this shade and style",0,,False,,
youtube,UgyTv5EndcRGzTS1Tkx4AaABAg,2026-08-18T10:47:26Z,Give away publically at 100k?,2,,False,,
youtube,Ugxl4BKjY4BZZxE2Apx4AaABAg,2026-08-18T16:05:08Z,link of the olive green top please i can't find it,1,,False,,
youtube,UgzuJe81rIg_-hzX2at4AaABAg,2026-08-18T16:15:03Z,Black heels link please,1,,False,,
youtube,Ugxsr4EpFFgu_bBukud4AaABAg,2026-08-18T11:17:58Z,What’s your height,1,,False,,
youtube,Ugz-wr41IR3RWEsN27R4AaABAg,2026-08-18T16:54:00Z,Green top link?,1,,False,,
youtube,UgyKv_T2M7Mha1h947V4AaABAg,2026-08-22T02:52:41Z,Jeans 👖 like please,0,,False,,
youtube,Ugys9gI25DW14xLuMbl4AaABAg,2026-08-21T19:09:47Z,I just love it ❤,0,,False,,
youtube,UgzUXNcYImFYlL-SAnB4AaABAg,2026-08-20T17:01:15Z,Didi ka favorites song h shayad😭🤌🏻,0,,False,,
youtube,UgzHh8R2mnvMWmauE-l4AaABAg,2026-08-21T15:40:40Z,She somehow resembles manisha rani  didi,0,,False,,
youtube,UgwmBcApYJFqLnAyPKh4AaABAg,2026-08-21T13:31:30Z,Brown kurta link,0,,False,,
youtube,Ugy_e6ML3q5IbyhvJVB4AaABAg,2025-09-10T10:55:59Z,Plss make a tutorial on how do u edit ur videos,0,,False,,
youtube,Ugwkl98cByTZxboK7BN4AaABAg,2026-07-15T15:15:24Z,I also have red top ❤,1,,False,,
youtube,Ugz9kKdOpKrmJw8wO_54AaABAg,2025-09-10T03:12:18Z,Please di community post par link share karo apke sare video ka kyunki tag Kara product link open nahi hota hain,0,,False,,
youtube,UgzOLns62mi1EaEVHqt4AaABAg,2026-07-11T17:00:10Z,Waaooo so preetyyyy can u please provide the link of trouser❤❤I like it❤️,1,,False,,
youtube,Ugw_5Fx2JrgwKHR_mGt4AaABAg,2026-07-23T03:01:17Z,pants links please which brand?,0,,False,,
youtube,UgzmQ5o05toa69EmdV54AaABAg,2026-05-09T15:51:21Z,2 re top ki link dedo please,3,,False,,
youtube,Ugxg0TBNuPQfbQU7sB54AaABAg,2026-07-12T11:24:04Z,Please send the link,0,,False,,
youtube,UgxxvjVoHdQWFyElpnJ4AaABAg,2026-05-31T12:57:24Z,2 nd top 🔗 link,0,,False,,
youtube,Ugzgk4HTwO5r4tQOu7x4AaABAg,2026-06-01T16:56:43Z,2nd top ki link,1,,False,,
youtube,UgwpOXYSowWx9n_tTUZ4AaABAg,2025-09-10T00:51:03Z,Jiji please messho se batvo ye to bohot mahnga hai 😢,2,,True,price_concern,ye to bohot mahnga hai
youtube,UgxFCTzKSaJgnlCfoL94AaABAg,2026-04-08T12:06:17Z,White valya mene lla,0,,False,,
reddit,Endofyearsale,2024-11-27,"Anything worth buying on myntra now that their sale is on?

Same as title.

COMMENTS:
Things i wanted are not even on any discount. Will wait for dec eors for sure
---
From 7th or 8th Dec
---
![gif](giphy|nGwUR2miMBY4lXfLkt)
---
I got a cross body bag and Jackets from H&amp;M. Their jacket quality is good.
---
Hey could u pls share the links or pics of what all u got? Thankyou 🤍
---
H&amp;M Teddy Jacket http://www.myntra.com/mailers/topwear/h&amp;m/h&amp;m-teddy-jacket/28354788/buy?utm_source=social_share_pdp&amp;utm_medium=deeplink&amp;utm_campaign=social_share_pdp_deeplink on Myntra

H&amp;M Teddy Jackets http://www.myntra.com/mailers/topwear/h&amp;m/h&amp;m-teddy-jackets/30760731/buy?utm_source=social_share_pdp&amp;utm_medium=deeplink&amp;utm_campaign=social_share_pdp_deeplink on Myntra

H&amp;M Women Small Crossbody Bag http://www.myntra.com/mailers/bags/h&amp;m/h&amp;m-women-small-crossbody-bag/30134770/buy?utm_source=social_share_pdp&amp;utm_medium=deeplink&amp;utm_campaign=social_share_pdp_deeplink on Myntra
---
DO NOT BUY THESE TEDDY JACKETS. I bought them a month ago and was sooo disappointed by the quality. It looked like it has been picked up from rag. I felt if I had to buy such bad quality I could easily find it in flee market at cheaper prices ew
---
Ohh.. Which one did you got? Cuz I have used one of the variants previously and quite liked the quality
---
It's the same one you've linked. The second one specifically.
---
Ohh got it. Thanks for the heads up
---
Can I get it from h&amp;m original website ....as their sale is also coming in two days....or unki qualities bhi jyada acchi hoti hain
---
Imo h&amp;m site sales are disappointing
---
Then which brand hoodie have best quality and also affordable
---
Check max and amazon symbol.
---
I'm planning to wait for EORS... It'll probably start from the 2nd week of December.
---
Nothing can beat eors prices 😮‍💨
---
Exactly... That's why just adding products to the wishlist rn
---
BBW is on sale, esp w coupons and supercoins, u can get mists/lotions/shower gels for 500-600
---
Hi pls can you share how to? Really need lotions.
---
Jst search for bath and body works and sort by discount, thn add to cart and apply the coupon BEAUTYREWARDS and it will also give you options to use your supercoins( this could be account specific as well), also the coupon is not available for everything but most of the products.
---
Howw
---
https://preview.redd.it/ejpvype12e3e1.jpeg?width=1290&amp;format=pjpg&amp;auto=webp&amp;s=f45194d300d496cdc25a0eb21fb890c77833a6b3

See🥰
---
Bath&amp;body works.. i bought shower gels at 540 ish
---
how😭
---
Howwww
---
item in my wishlist actually got expensive😭😭😭
i wanted to gift it to my gf
---
If possible just wait for 10 more days... It'll most likely go on discount during EORS... Then you can purchase it.
---
Is bath &amp; body works gonna be on that sale too ? Wanna buy some mists
---
Thank you ji🙏
---
You can check zink london website amazing sale is going on under 399
---
How is the quality?
---
I need BBW candles🤞
---
Same! I'm hoping there's a candle day sale on the BBW website and very much looking forward to their Semi-Annual sale. At that time, prices are good on Myntra too!
---
is b1g1 a good deal on 3 wick candles?
---
Not for me. B1G1 is essentially 50% off and we'd get about 60-70% off during Semi Annual sale.
---
got it! any clue when that's coming?
---
Semi Annual sales happen twice a year- I believe in June and December. Mostly the end of those months.

Candle day (in the US) happens sometime on the 1st or 2nd week of December but no idea if it'll happen in India:(

And this Friday (29th Nov) is Black Friday in the US so I'm hoping there is a sale in India as well.
---
It should be around 700-800 to be considered a good deal. Some candles are priced at 500/- on myntra during the sales.
---
Wait for candle day sales!
---
Hello! This is totally unrelated but since I’m an individual who loveees candles but is wary of problematic candles I highly do not recommend BBW candles. They contain paraffin wax which is really toxic and produce carcinogens. So a heads up!
---
Yep! I have forgotten about this case. Thanks for reminding. Can you suggest any better alternatives?
---
Yup! I recently bought a few candles as the winters are approaching and for gifting purposes too. I bought them from Alviya’s apothecary, they’re on Instagram. And trust me I’m just feeling so much fomo as to why didn’t I find her earlier!! They’re soy wax candles and the scents are too good🤌🤌
---
Laneige is on sale, especially if you have supercoins
---
Links?
---
For the product?
---
It's not showing for me 😭
---
I haven't got anything. I'll wait for bigger sales for the perfume prices to go down.

For makeup and skincare I got them from Nykaa.
---
Remind me! 2days
---
I will be messaging you in 2 days on [**2024-11-29 06:30:54 UTC**](http://www.wolframalpha.com/input/?i=2024-11-29%2006:30:54%20UTC%20To%20Local%20Time) to remind you of [**this link**](https://www.reddit.com/r/IndianBeautyDeals/comments/1h0vrhe/anything_worth_buying_on_myntra_now_that_their/lz7emx2/?context=3)

[**CLICK THIS LINK**](https://www.reddit.com/message/compose/?to=RemindMeBot&amp;subject=Reminder&amp;message=%5Bhttps%3A%2F%2Fwww.reddit.com%2Fr%2FIndianBeautyDeals%2Fcomments%2F1h0vrhe%2Fanything_worth_buying_on_myntra_now_that_their%2Flz7emx2%2F%5D%0A%0ARemindMe%21%202024-11-29%2006%3A30%3A54%20UTC) to send a PM to also be reminded and to reduce spam.

^(Parent commenter can ) [^(delete this message to hide from others.)](https://www.reddit.com/message/compose/?to=RemindMeBot&amp;subject=Delete%20Comment&amp;message=Delete%21%201h0vrhe)

*****

|[^(Info)](https://www.reddit.com/r/RemindMeBot/comments/e1bko7/remindmebot_info_v21/)|[^(Custom)](https://www.reddit.com/message/compose/?to=RemindMeBot&amp;subject=Reminder&amp;message=%5BLink%20or%20message%20inside%20square%20brackets%5D%0A%0ARemindMe%21%20Time%20period%20here)|[^(Your Reminders)](https://www.reddit.com/message/compose/?to=RemindMeBot&amp;subject=List%20Of%20Reminders&amp;message=MyReminders%21)|[^(Feedback)](https://www.reddit.com/message/compose/?to=Watchful1&amp;subject=RemindMeBot%20Feedback)|
|-|-|-|-|
---
Remind me! 1day",19,,True,deferred_buying_timing,Things i wanted are not even on any discount. Will wait for dec eors for sure
reddit,Myntra_weirder,2023-06-13,"Myntra is getting weird everyday

So I ordered a few things which didn’t work out for me. 
1. H&amp;M shirt; tried to exchange with the same product in a smaller size, it says exchange not available for this PIN code. Called the customer care, they created an exchange for me, that got cancelled after a week. 
And now the return is pending, from past few days. Usually, they pick it up same day or the next. 
2. Ordered a nail paint, actually 2. 
One was broken, the other one was of a different shade. They refuse to replace/return either saying it’s not their fault, like please tell me how am I going to break the nail paint in such a way that the bottle is okay and only the screw top comes off with the lid. 
3. Ordered a night suit, didn’t like the fabric quality, so put it up for exchange(with a different product). Now anytime I add a product to the cart, it says product not deliverable to this PIN code. The minute I cancelled the exchange, everything is available. 

Personal opinion- as a person who depends on shopping cause she can’t find a good therapist, this pisses me off. And I might just delete the app altogether. 
Thanks for coming to my ted talk!

COMMENTS:
H&amp;M itself is acting weird. I order a cotton T-shirt on their app. Received a different T-shirt in different colour. There is no exchange option in H&amp;M. So placed a return order. They refunded my money. 

Again I ordered the same T-shirt and this time I expected them to deliver the right product. You know what? They sent a different T-shirt this time too. 😐
---
I dunno man. I’ve just returned the shiz after the forever long wait to try and exchange. I hope things sort out for you
---
Brooo! They delivered me someone else’s order and that persons personal details (address, name, Phone no, email id) everything was printed on the invoice..so I’m guessing someone else got my order which also had all my details..this is such a breach in privacy.
---
I got a bag from Amazon which had the Myntra invoice inside with someone else's details..
---
My friend once wanted a pair of shoes but online it was taking some time to deliver..so he called the customer service asked enquired whether their store had the product..post confirmation from the brand when he checked the store..indeed the shoe was there..but one shoe..not the pair.. 🥲
Like i genuinely wonderful where does one go without the pair..shoe earrings..sock..like kaha gaya and kya hua 😂
---
They sent me Jeans instead of a T-shirt, the delhivery guy is refusing to accept the return. When I emailed them they said they would arrange a pickup but it’s been 15 days!! Wanted to return another tshirt due to sizing issue that has not been picked up too!
---
Hey,sorry about your experience that's why I try to shop more offline for clothes. But, do you when will hnm and zara sale happen in store ?
---
I didn't know returning or exchanging in myntra has become such a hassle.
---
It’s a total pain. Like I thought I’d end up exchanging everything instead of returning. Cause convenience fee.

But guess who have you pissed so much she’s now going to return half a dozen things even if those can be exchanged
---
Now I just hope that u r able to return everything successfully. Everything seems dicey now. Can't trust them.
---
They charge convenience fee for return??
---
https://preview.redd.it/etz47zbr4v5b1.jpeg?width=1170&amp;format=pjpg&amp;auto=webp&amp;s=c03b9820f7575c627fad0d2050b3f8b5e5fcc5d0
---
Do they really think average customer would be going through all this hassle just to dupe them? What kinda BS is this?
---
Seen enough to not order glass stuff from myntra anymore
---
Should i not buy a perfume on discount
---
File consumer complaint online they usually come to senses
---
True... Myntra is definitely getting wierd everyday.. Charging convineance fees, extra money for COD, not allowing exchange with other products etc...
---
Now .. I'm kinda scared for my orders from myntra.. like I'm seeing alot of bad experiences from Myntra... Like the BBW broken candles... Broken pallette..etc... 😔😔😔
---
Their packaging is very bad.
---
So they're charging inconvenience fee and still making their customers feel inconvenient. 

I always say tweet your experiences by tagging them.
---
Myntra joined the rest of the platforms like Flipkart, Nykaa and Ajio to do bad business practices

Imagine multi millionaire companies not letting you post reviews of products, not letting you replace wrong items, not refunding you fully, adding BS VARIABLE charges like convenience fees on different accounts, blocking your accounts when you make noise about them stealing your hard earned money 

This all boils down to this innate nature of duping and cheating culture of Indian businesses, instead of treating customers decently 

I've noticed this so much, even irl store businesses everyone is dishonest and trying their level best to take unfair advantage of their own customers lol ... I mean this is why i don't have a HG business where i can say ""i always buy from here"" 

I've travelled abroad and I've seen this happen in other South Asian countries too, but not in US or Canada, they have transparent business practices and v lil hassles

Laughable that a country of 1 billion people with infinite consumerism, i can only think of DMART where i have had consistently decent shopping experiences  💁🏻‍♀️
---
Not related to what you’ve highlighted, OP, (and I agree that Myntra is shady) but reading the words “as a person who depends on shopping cause she can’t find a good therapist” hit me like a ton of bricks - like one of the greatest epiphanies I’ve had about myself 😂🥹And I’m glad I’m not alone! Thank you 😊
---
Thank you!
---
Any and every product I have received during Myntra sale has been either wrong, mislabeled, broken, defective, dirty or damaged. I have actually given up at this time and waiting for the sale to end to see if all this stops. The brands I usually order from have good offers anyway and the sale didn’t change their prices much. But I did notice that even the brands that usually deliver good stuff have been delivering poorly. I honestly think this is a dump sale for Myntra and they are not bothering with quality checks and deliberately making the return process difficult coz they know their products are poor and they don’t want them back. I actually even got a coupon the other day according to which I would get Rs. 200 off if I agreed to forgo my right to return the ordered products and Myntra had automatically applied it. Thank god I read properly and removed it before placing my order. 

On the whole, Myntra has been very disappointing. And this is also coming from a severely depressed individual who does shopping to suppress her grief. Myntra has been my main shopping destination for so long, but I refuse to let this behaviour go. As if my life problems are not enough lol.
---
Hey, I got a night suit too and for the same reason as yours, I returned the product instead of exchange.
---
Agreed 

I ordered a skirt in August 2022. Returned it well within their return window as it had fit issues.

Forgot to check its status and it was shipped back by Myantra to that address in Jan 2023. Thank god the address was of my parents as I had moved out by that time. Had it been some rental flat or else. What would have happened.
---
same stuff happened with me. i ordered incolor eye pencils and one of them was expired already. they refused to return or exchange it.
---
I actually received the wrong product the last 3 times I ordered from Myntra 🙃 and the customer care refused to accept the return saying they had it checked and I must have substituted it
---
I'm hesitating to return stuff bcz accounts with high returns have to pay 99 as convenience fee everytime.
---
I recently ordered a polo shirt from my dad it was over 3.5k and all I received was an empty parcel with a cardboard sheet. 😭

I have been trying from last 4-5 days to get Myntra either to refund my money or replace the order.

But they just keep on ending my ticket without any resolution.
---
You gotta post on Twitter. Keep tweeting and tagging them.
---
Okay. I will do that.

&amp;#x200B;

Thanks.
---
i’m so pissed cause they didn’t send one of my items altogether and marked it as delivered 😭 and i keep on trying to chat or call and they keep on not connecting me at all. idk what to do about it 😭
---
I've started video taping while opening the packages sometimes, such as shoes, home decor etc. Because they refused to return a baggit wallet I didn't like because there was a smudge on it, which I didn't make.
---
Oh you just spoke my mind..seeing all the scams the online companies running, I have made sure to record unpacking of each and every item no matter how big or small.
---
1 &amp; 3 happened with me and I had a chat with their executive and it was resolved within few minutes. 
First time when I tried contacting their executive they took very long to even a msg and it made me really frustrated but I calm down and contacted them again and it was done.

I am done with myntra deleted the app never going back.
---
Oh. For the first, the return &amp; exchange was placed by their executive. I couldn’t do it on my own. It just said not available.
---
if you're open to therapy online and if mine fits your budget, i can recommend you a therapist OP.😅
---
I would prefer therapy online, and I don’t really have a budget in mind. 

My usual therapist stopped doing online sessions in the past 1 year and I’ve tried about 6 or 7 different ones online and nothing seems to work. So any suggestions/recommendations are welcome. I’m literally drowning my grief in shopping right now 😅
---
DMing you
---
Guys seriously consider taking up with consumer court
---
I am scared now, i ordered a Guess perfume from the sale. It's supposed to be delivered tomorrow. I hope everything works out well.",61,,False,,
reddit,anything worth in myntra,2024-11-27,"Anything worth buying on myntra now that their sale is on?

Same as title.

COMMENTS:
Things i wanted are not even on any discount. Will wait for dec eors for sure
---
From 7th or 8th Dec
---
![gif](giphy|nGwUR2miMBY4lXfLkt)
---
I got a cross body bag and Jackets from H&amp;M. Their jacket quality is good.
---
Hey could u pls share the links or pics of what all u got? Thankyou 🤍
---
H&amp;M Teddy Jacket http://www.myntra.com/mailers/topwear/h&amp;m/h&amp;m-teddy-jacket/28354788/buy?utm_source=social_share_pdp&amp;utm_medium=deeplink&amp;utm_campaign=social_share_pdp_deeplink on Myntra

H&amp;M Teddy Jackets http://www.myntra.com/mailers/topwear/h&amp;m/h&amp;m-teddy-jackets/30760731/buy?utm_source=social_share_pdp&amp;utm_medium=deeplink&amp;utm_campaign=social_share_pdp_deeplink on Myntra

H&amp;M Women Small Crossbody Bag http://www.myntra.com/mailers/bags/h&amp;m/h&amp;m-women-small-crossbody-bag/30134770/buy?utm_source=social_share_pdp&amp;utm_medium=deeplink&amp;utm_campaign=social_share_pdp_deeplink on Myntra
---
DO NOT BUY THESE TEDDY JACKETS. I bought them a month ago and was sooo disappointed by the quality. It looked like it has been picked up from rag. I felt if I had to buy such bad quality I could easily find it in flee market at cheaper prices ew
---
Ohh.. Which one did you got? Cuz I have used one of the variants previously and quite liked the quality
---
It's the same one you've linked. The second one specifically.
---
Ohh got it. Thanks for the heads up
---
Can I get it from h&amp;m original website ....as their sale is also coming in two days....or unki qualities bhi jyada acchi hoti hain
---
Imo h&amp;m site sales are disappointing
---
Then which brand hoodie have best quality and also affordable
---
Check max and amazon symbol.
---
I'm planning to wait for EORS... It'll probably start from the 2nd week of December.
---
Nothing can beat eors prices 😮‍💨
---
Exactly... That's why just adding products to the wishlist rn
---
BBW is on sale, esp w coupons and supercoins, u can get mists/lotions/shower gels for 500-600
---
Hi pls can you share how to? Really need lotions.
---
Jst search for bath and body works and sort by discount, thn add to cart and apply the coupon BEAUTYREWARDS and it will also give you options to use your supercoins( this could be account specific as well), also the coupon is not available for everything but most of the products.
---
Howw
---
https://preview.redd.it/ejpvype12e3e1.jpeg?width=1290&amp;format=pjpg&amp;auto=webp&amp;s=f45194d300d496cdc25a0eb21fb890c77833a6b3

See🥰
---
Bath&amp;body works.. i bought shower gels at 540 ish
---
how😭
---
Howwww
---
item in my wishlist actually got expensive😭😭😭
i wanted to gift it to my gf
---
If possible just wait for 10 more days... It'll most likely go on discount during EORS... Then you can purchase it.
---
Is bath &amp; body works gonna be on that sale too ? Wanna buy some mists
---
Thank you ji🙏
---
You can check zink london website amazing sale is going on under 399
---
How is the quality?
---
I need BBW candles🤞
---
Same! I'm hoping there's a candle day sale on the BBW website and very much looking forward to their Semi-Annual sale. At that time, prices are good on Myntra too!
---
is b1g1 a good deal on 3 wick candles?
---
Not for me. B1G1 is essentially 50% off and we'd get about 60-70% off during Semi Annual sale.
---
got it! any clue when that's coming?
---
Semi Annual sales happen twice a year- I believe in June and December. Mostly the end of those months.

Candle day (in the US) happens sometime on the 1st or 2nd week of December but no idea if it'll happen in India:(

And this Friday (29th Nov) is Black Friday in the US so I'm hoping there is a sale in India as well.
---
It should be around 700-800 to be considered a good deal. Some candles are priced at 500/- on myntra during the sales.
---
Wait for candle day sales!
---
Hello! This is totally unrelated but since I’m an individual who loveees candles but is wary of problematic candles I highly do not recommend BBW candles. They contain paraffin wax which is really toxic and produce carcinogens. So a heads up!
---
Yep! I have forgotten about this case. Thanks for reminding. Can you suggest any better alternatives?
---
Yup! I recently bought a few candles as the winters are approaching and for gifting purposes too. I bought them from Alviya’s apothecary, they’re on Instagram. And trust me I’m just feeling so much fomo as to why didn’t I find her earlier!! They’re soy wax candles and the scents are too good🤌🤌
---
Laneige is on sale, especially if you have supercoins
---
Links?
---
For the product?
---
It's not showing for me 😭
---
I haven't got anything. I'll wait for bigger sales for the perfume prices to go down.

For makeup and skincare I got them from Nykaa.
---
Remind me! 2days
---
I will be messaging you in 2 days on [**2024-11-29 06:30:54 UTC**](http://www.wolframalpha.com/input/?i=2024-11-29%2006:30:54%20UTC%20To%20Local%20Time) to remind you of [**this link**](https://www.reddit.com/r/IndianBeautyDeals/comments/1h0vrhe/anything_worth_buying_on_myntra_now_that_their/lz7emx2/?context=3)

[**CLICK THIS LINK**](https://www.reddit.com/message/compose/?to=RemindMeBot&amp;subject=Reminder&amp;message=%5Bhttps%3A%2F%2Fwww.reddit.com%2Fr%2FIndianBeautyDeals%2Fcomments%2F1h0vrhe%2Fanything_worth_buying_on_myntra_now_that_their%2Flz7emx2%2F%5D%0A%0ARemindMe%21%202024-11-29%2006%3A30%3A54%20UTC) to send a PM to also be reminded and to reduce spam.

^(Parent commenter can ) [^(delete this message to hide from others.)](https://www.reddit.com/message/compose/?to=RemindMeBot&amp;subject=Delete%20Comment&amp;message=Delete%21%201h0vrhe)

*****

|[^(Info)](https://www.reddit.com/r/RemindMeBot/comments/e1bko7/remindmebot_info_v21/)|[^(Custom)](https://www.reddit.com/message/compose/?to=RemindMeBot&amp;subject=Reminder&amp;message=%5BLink%20or%20message%20inside%20square%20brackets%5D%0A%0ARemindMe%21%20Time%20period%20here)|[^(Your Reminders)](https://www.reddit.com/message/compose/?to=RemindMeBot&amp;subject=List%20Of%20Reminders&amp;message=MyReminders%21)|[^(Feedback)](https://www.reddit.com/message/compose/?to=Watchful1&amp;subject=RemindMeBot%20Feedback)|
|-|-|-|-|
---
Remind me! 1day",19,,True,purchase_delay_and_sale_timing,Things i wanted are not even on any discount. Will wait for dec eors for sure
reddit,myncash purchase,2026-07-11,"Life is worth livinnn!!! (myntra god blessed me)

What to do!? What should I get.

COMMENTS:
Howww???
---
Join the glam clan
---
Lol! Nothing is there
---
😂😂
---
Stop promoting your sub.
---
Yes you are promoting your sub.
---
How?
---
Join the glam clan
---
U can buy t shirt, shorts or even grooming products or perfumes ...
---
thankyou for the suggestions (ordering a perfume)
---
Yeah I would recommend em5 red elixer it's generic but in the air it smells good...it's like strawberry cherry with herbal nuances...like a sweet candy but in a good way ..
---
Let me check that out then..
---
How. 🥺
---
Join the glam clan
---
Here you go!

https://preview.redd.it/cqkybf1eqmch1.png?width=904&amp;format=png&amp;auto=webp&amp;s=b841eed1cd21e220465cfec823ef04cea33a8c73
---
Woahh! Crazyyy
---
Those who are unable to understand it's basically about reviewing the products u buy with pic and video . So they credit myncash on behalf your review approval
---
True that
---
Thanks lol. This person is being so cryptic
---
sunscreen, serum, sheet mask lelo
---
any recommendations for sheet masks?
---
tonymoly sheet mask.. 

agar chaho toh iski jagah tum wild turmeric,  chandan powder le sakte ho face pack ke liye yh zda benefits dega
---
alrightttt! thankyouu
---
welcome 😁
---
heheh

https://preview.redd.it/bd1hgbbszlch1.jpeg?width=1080&amp;format=pjpg&amp;auto=webp&amp;s=067b281070706578e1d003ebe685d49fb469c1b2
---
Girll 🙌🏻🙌🏻
---
Are the image posts the amount of images you’re posting? 175,150 are a lot so it cant be that na
---
what do u mean?
---
They looted my 7k

https://www.reddit.com/r/LegalAdviceIndia/s/8s6O9nqZVk
---
I had 300 haha and used it tbh glam clan is osm
---
Strongly agreee🙌🏻
---
Hoping to get mine soon
---
good luck..i had to around somewhere around a month
---
https://preview.redd.it/s19i917ro5dh1.jpeg?width=1080&amp;format=pjpg&amp;auto=webp&amp;s=cac7aa33977b62096e08e7ecb2a871a7951669de
---
Girl I got 8k off and bought a mango bag and a forever new dress
---
such a stealll!
---
How??
---
Join the glam clan
---
Wtf! My posts are under review for like a month
---
I had to wait for more than a month aswell. First the post will get approved and then after few weeks the money will get credited (it's a time taking process)
---
Man my posts are under review for like 2 months 🫪
---
then I thinks there's something wrong.. (it shouldn't take that long)
---
Exactly.. nvm I quit on UGC",39,,True,purchase_hesitation,What to do!? What should I get.
reddit,myncash,2026-07-14,"136 rupees Myncash going to expire starting tomorrow, pls suggest something to buy under 200-300

Same as title

COMMENTS:
Lip balm dot and keys
---
Thr r these decent crop T-shirts u can get
---
envy perfume   
soap bars
---
Sampoo body wash moisturizer, jwellery t shirts etc
---
Ib kro link deta hu under 199 products ki
---
Compact
---
You can buy facewash,lipbalm, toothpaste, underarm rollon
---
That facemask and scrubber on other side thing
---
Trunks.",1,,True,purchase_timing_urgency,"136 rupees Myncash going to expire starting tomorrow, pls suggest something to buy under 200-300"
reddit,myntra issue,2026-07-10,"What annoys you most about shopping for clothes online in India?

Hi everyone, I'm a student researching online fashion shopping experiences (Myntra, Ajio, Meesho, etc.) for a project — genuinely trying to understand what people actually struggle with, not looking to promote anything.

Would love to hear about:

What's the most annoying part of buying clothes online for you?

Is there anything you wish these apps did but they just don't?

Have you ever given up on buying something online and just went to a local store instead — why?

Anything about return/exchange that frustrates you?

If you could fix ONE thing about how you shop for fashion online, what would it be?

COMMENTS:
Fitting is one main concern at-least for me. I mostly prefer local store.",1,,True,size/fit uncertainty causing delay,Fitting is one main concern at-least for me. I mostly prefer local store.
reddit,myntra_consider buyibng,2026-06-02,"Weird algorithm

Myntra shows my preference priced high than the other options.  
Like suppose - I wishlisted a bag in color white, and there are other options black and brown.  
The one I wish listed will show same price as the black and brown one when I am browsing from the wishlist but when I click on it , it’s price is 500 rs more.  
Happens with a lot of different products.  
Like my jeans size is 1900 and literally all other sizes are 1500 .  
Anyone facing the same?",1,,True,wishlist_price_discrepancy,"I wishlisted a bag in color white, and there are other options black and brown. The one I wish listed will show same price as the black and brown one when I am browsing from the wishlist but when I click on it, it's price is 500 rs more."
reddit,what is in myntra cart,2021-10-02,"What's in your Myntra cart??

Myntra sale seems to be actually a nice sale. I can assume everyone has something in their cart. What's in your cart? What's your budget?

I have a ton of clothes, some &amp; makeup products, and a pair of boots. Clothes are from H&amp;M &amp; Sassafras mostly. Makeup - Mac Go Play blushes &amp; an Essense blush. It all is rounding up to like 12k. I want to cut it in half but let's seee!

What's in your cart??

COMMENTS:
I bought things that were on on my wishlist / to-buy list and it was the perfect time to restock them because saaale! I usually only buy a new product when my old one is over 

I got 
* The Body Shop Vitamin E Eye Cream (replacing my Éclat eye cream)
* Simple Moisturising Face Wash (my 3rd tube!)

* Bath &amp; Body Works Sunset Glow Body Mist
* Laneige Lip Sleeping Mask Berry (also my 3rd time purchasing!) 
* Bath &amp; Body Works Japanese Cherry Blossoms Candle (for my mother)
* And a Zelocity by Zivame sports bra (my first time trying Zivame!)

The only thing I forgot is a nude lipstick. All of mine are almost over and I need to restock them!
---
I’ve only used one mist but my friends have used a few so I know they’re good! They’ve used I think Warm Vanilla Sugar and Japanese Cherry Blossoms! I think both smell good. I have used a Vanilla body cream. Smell is great but as a cream is not that great 😂

The one I’ve used is A Thousand Wishes. It smells sort of fruity and is really good. The staying power is also good! I sweat a LOT like just if I move around my room rearranging things, I’ll sweat. So the mist does a good job with the he scent. I’ve now ordered the Sunset one because someone on the ISCA sub said it’s good and smells like caramel!

Wrt best scent I think it’s personal preference. For example, I don’t like musky and flowery scents but I’m okay with fruity and vanilla/chocolate types!
---
I have ordered sweatshirts as winter is coming
---
Stocking my minimalist serums and couple of formal pants.
---
Do you use the salicylic 2% from minimalist? I've heard some negative reviews on here... I'm confused between this and the derma co one
---
Yes I do I have combination skin with extremely oil t zone. It works good to curb whiteheads, but we have to use it for long time to work on blackheads. I also use it only 2 times a week and doesn't layer it with any other actives. 
It does make my skin sensitive, I usually use a fruit actives facewash from requil. Whenever I use them together my skin becomes sensitive, so I replaced it with my simple facewash. Hope it helps!!
---
Great thanks! I have combination skin too... This is majorly helpful
---
Innisfree blueberry toner. 
Some lounge pants from Tokyo talkies
Trousers from sassafras
Heels from Allen Solly
---
Mac lipsticks
---
Took advantage of minimalist offer and ordered a bunch of them , a few night suits as most of my current wear are riddled with holes..lol (didn't get my sizes so ordered one size large/small where ever available so fingers crossed!)

Also have one Vero moda top &amp; one Only top in my cart , contemplating to splurge or not. I am still browsing a bit of accessories...just a simple chain and/or ear rings...so let's see.
---
Could u please mention the brand of night suites that are quite durable?  TIA
---
Hey...I mostly buy Max and dressberry brands. Max is pretty affordable during sales and decent quality although I feel the quality 5 years back was much better. I have only 2 from dressberry and they are decent too. 

Max is my favorite of the two.
---
Noted . Thankyou❤
---
Got my hands on the MAC BOGO offer and bought two matte lipsticks Sin (repurchase as my mom loves it and finished the first one) and Marrakesh (loved the shade on screen and I hope it turns out to be even better on my skin). Lol I love myntra for such amazing offers. Other than that just bought two kurtas as not thinking of buying anything more now and pile things up till I clean my vanity and wardrobe.
---
You can wait for Myntra end of reason sale - December ending.
---
how much off does it go then any clue?",17,,True,wishlist_and_sale_timing,I bought things that were on on my wishlist / to-buy list and it was the perfect time to restock them because saaale!
reddit,wishlist algo,2026-06-02,"Weird algorithm

Myntra shows my preference priced high than the other options.  
Like suppose - I wishlisted a bag in color white, and there are other options black and brown.  
The one I wish listed will show same price as the black and brown one when I am browsing from the wishlist but when I click on it , it’s price is 500 rs more.  
Happens with a lot of different products.  
Like my jeans size is 1900 and literally all other sizes are 1500 .  
Anyone facing the same?",1,,True,wishlist_pricing_discrepancy,"I wishlisted a bag in color white, and there are other options black and brown. The one I wish listed will show same price as the black and brown one when I am browsing from the wishlist but when I click on it , it's price is 500 rs more."
reddit,wishlist,2025-12-05,"Myntra doesn’t want me to wishlist the products 🙄

Why? Why is there a capping on whishlisting the items on Myntra?? How does it make sense? What are you trying to achieve? You are literally losing out on a potential customer. No other shopping site does that. Myntra won’t let me wishlist after a certain point of time. So annoying.

COMMENTS:
It has a 1000 product limit which is so stupid! I have to go there and remove some products to keep wishlisting new ones¡
---
I swear!!! Then why bombard me with your stupid ads? You want me to buy or no?
---
thought I was the only one facing this problem lol 😭
---
Yeah, the limit is 1000 😓
---
They be like go and buy some wish listed products first. Then come and save others😂😂😂
---
True 

What an unnecessary feature
---
Haha it’s so annoying to chronic online shoppers like me but this is not unique to myntra. Urbanic/savana has a cap of 500 and I have definitely seen it on other sites too
---
Oh! I keep selective apps on my phone and the ones I have doesn’t put the limit like Ajio and others.",15,,True,wishlist/favourite behavior limitations,Why is there a capping on whishlisting the items on Myntra?? Myntra won't let me wishlist after a certain point of time.
reddit,wishlist_rant,2026-05-01,"I absolutely hate it when myntra does this🥲 (Rant)

I’ve noticed something really frustrating with Myntra. Every time I add a product to my wishlist or cart, planning to buy it after a few days or during a sale, the price suddenly increases, or the product becomes unavailable in my area, or just goes out of stock for a long time. It feels way too coincidental.

Sometimes I get impatient and end up buying the same product from another platform at a higher price. But then, the very next day, when I check Myntra again, it’s suddenly back in stock and even available at a lower, discounted price. I genuinely don’t understand how or why this keeps happening, but it’s extremely annoying. I honestly hate this experience with Myntra, I absolutely hate myntra!😭

COMMENTS:
This brand glitchez doesnt deliver any new styles to my pincode dude till like 3-4 months , then when its old it starts delivering 😭
---
That sucks
---
bro same shit happens all of a sudden the product is not available for my pincode. I have stopped buying from myntra honestly ass app",17,,True,wishlist_price_timing_strategy,"Every time I add a product to my wishlist or cart, planning to buy it after a few days or during a sale, the price suddenly increases, or the product becomes unavailable in my area"
playstore,d8ab19d5-2e20-4797-8a18-96f2dea72ce6,2026-08-27T20:23:06,good delivery good everything just the delivery comes late it take 10-15 days,0,4,False,,
playstore,d193433b-d705-4671-852e-2edae01f2d4e,2026-08-27T20:22:03,good for fashion and 👗👕 quality is very good 👍 and price also good thank you myntra🫂🥰,0,5,False,,
playstore,c3c5f581-3cb3-41de-8151-46d2a6fe61b5,2026-08-27T20:21:25,I'm happy with Myntra products,0,5,False,,
playstore,67ac471c-a681-47ba-8754-7df4e737c9c9,2026-08-27T20:09:56,Their sales offer genuine discounts on high-end brands that are hard to find at those prices anywhere else.,0,5,True,price_sale_timing,genuine discounts on high-end brands that are hard to find at those prices anywhere else
playstore,a983cef7-9cec-434a-9ff7-e755f1f3106d,2026-08-27T20:04:25,"first they send the wrong product and then keep claiming that the right product was sent and refuse to listen to the customer, they don't attach the call to the agent to talk to and say they will call back but never call back and refuse to give a refund. Such poor services for a customer who has been using myntra for such a long time. i won't ever use myntra and I will file a consumer complaint against them.",0,1,False,,
playstore,a213cf3e-74c1-4b51-bc6f-0a8c23daf043,2026-08-27T20:00:22,good experience,0,5,False,,
playstore,1cedf4fb-0505-4e4b-aeaa-0fc1c7ed2b3e,2026-08-27T19:53:18,one of the worst shopping app I placed my order on 9 aug and I received it after 10-15 days and that too late from expected date ok I let it go after that I placed for exchange request and still they have not delivered my parcel like am I supposed to shop on item for whole month it literally going to be 1 month since I ordered they are giving me expected dates then on that they are not delivering it and showing it's getting delayed on top of that help centre is not solving this too worst app 🤮,0,1,False,,
playstore,4d5ba7af-beff-4bef-b859-e9bccb2a90e5,2026-08-27T19:53:04,Mera Sara product ek accha quality 👌 me aaya hai,0,5,False,,
playstore,a8641def-8bb0-425b-b5dc-2efd91108db5,2026-08-27T19:49:41,This app is very smooth and good take colwth,0,5,False,,
playstore,73e39101-d06d-4011-acb5-87d19751f8a3,2026-08-27T19:34:25,Extreme unprofessional and poor service platform. The app shows false status updates and the customer service executive shows complete unawarnes to the wrong info on the app. The order placed for express delivery show a false status and the product never delivered or attempted by delivery person. The contact number of delivery executive is incorrect or non working number. I would not recommend the trust the app or the myntra platform.,0,1,False,,
playstore,d2b2f274-e1a0-44c8-ac23-832dd9bace1f,2026-08-27T19:32:33,this is the worst app. because at the time of delivery it says sorry your item is cancelled . And this item is urgent and also my rakhi gift .🥺🥺,0,1,False,,
playstore,c52c4040-3480-486a-af3c-5ba63b07014b,2026-08-27T19:29:03,amazing app for wardrobe,0,5,False,,
playstore,3adbd658-e008-4df3-a3c9-cd9950623ce7,2026-08-27T19:22:25,best app for shopping,0,5,False,,
playstore,427ff322-9b15-4a14-a51f-367e79d10161,2026-08-27T19:19:53,I just loved their refund policy fastest refund than other,0,5,False,,
playstore,e6fe9836-e1be-47cc-9f3c-5221f4cd5c97,2026-08-27T19:12:56,Have been buying clothes from this app lately.,0,4,False,,
playstore,d96fb01e-9cb9-4b06-a611-f0479130c2f0,2026-08-27T19:03:46,bina karan Mera account ban kardiya castomar care ke sat bat karne ke bad vi kuch nahi hua !😡 Mera 300 rupees loss hua jo myntra account main tha!,0,1,False,,
playstore,080d36f9-5e5f-4581-95a8-7cf45738f162,2026-08-27T19:00:59,bhaut mast hai Bhai bhut mast hai,0,5,False,,
playstore,ce9fe1cf-2dc2-4e62-a22f-146e647c33b3,2026-08-27T18:55:11,good packaging and good products,0,5,False,,
playstore,befe5967-e824-4e2a-af23-25103a84ad28,2026-08-27T18:51:09,wrost app for shopping. I am a insider and a ugc member. still they cancelled my 14 orders the same days of the delivery without even asking my order giving me any reason. its totally unacceptable.,0,1,False,,
playstore,496d30fe-9c4b-4e7e-a9c7-6a778730c5fa,2026-08-27T18:49:19,"Order exchange failures due to missing items, seal mismatch, etc stupidity has been frustrating and customer support is a 100% useless",0,1,False,,
playstore,739d009c-57bf-4119-b7b5-407ae2a954b6,2026-08-27T18:48:46,Different types of clothes with new fashion are readily available in this platform.,0,5,False,,
playstore,22eb6a5e-52c1-413d-8cab-6c4a6891393f,2026-08-27T18:34:11,awesome app and offers Love you Myntra ❤️🎉,0,5,False,,
playstore,707f7667-c5a6-4050-acd4-f6a545ef6805,2026-08-27T18:17:20,everything is good,0,5,False,,
playstore,fdf88d8f-9899-4870-893f-35777ca1ee4e,2026-08-27T18:17:15,Myntra is the best!!,0,5,False,,
playstore,d2ad0bb7-e0bf-41b1-8837-84a2b3369cf3,2026-08-27T18:12:21,"Awesome shopping experience, loved it",0,5,False,,
playstore,cd90a73d-4399-4b98-9ce3-921bd181645b,2026-08-27T18:01:10,Very bad service,0,1,False,,
playstore,3b0e330d-1271-416f-873c-06d4c026909b,2026-08-27T17:53:59,"really myntra is best for shopping,quality is very good",0,5,False,,
playstore,0ee496c0-b0d1-4246-8b96-d3a43f65a800,2026-08-27T17:53:32,"one of the best shopping apps, quality of the products 10 on 10",0,5,False,,
playstore,5aa9441b-9da7-40b8-8755-9f17991de4f9,2026-08-27T17:49:48,customer support only Hindi and English language why ? south people is not buying myntra products ?,0,1,False,,
playstore,5a3a101c-b77e-4fe2-be15-f2dd51bb2542,2026-08-27T17:46:12,"1. Selected product for purchase, but price increased suddenly 2. They never keep negative comments, I received a defective product so I shared a review comment, but they rejected 3. A product was showing price ₹699 2 year's back, 2 months back it was ₹1000 but I recently found the same product ₹450. This is huge variations. 4. If you receive the defective product, still they will charge you the Platform fee. crux : Myntra chor hai",0,1,True,price timing considerations,"Selected product for purchase, but price increased suddenly"
playstore,4afdb9e4-a07c-48cf-a907-11d1b8d816c2,2026-08-27T17:45:16,"I ordered a set of two product and received only one, the one i received was Totally different from the picture shown I have paid full amount and now customer care is not picking up my phone",1,1,False,,
playstore,89cbb4a1-96d5-49ef-aff8-0cd20fb265df,2026-08-27T17:37:50,branded products affordable price,0,5,False,,
playstore,358d2114-3b90-4ce0-8525-90cc5d6f0eda,2026-08-27T17:34:18,"superb, value for money 💰",0,5,False,,
playstore,d8382f75-2859-4ab1-b49c-a04f5c63d02a,2026-08-27T17:30:22,today I recieved my bata shoes and i would say myntra is best app for shopping 😊❤️👌👌,0,5,False,,
playstore,4a488ef1-4486-4c72-9235-987171b46845,2026-08-27T17:29:53,"horrible horrible! I ordered 3 button down collar shirts received 2 numbers poor quality without button down, not matching the advestised photo. Paid 1000rs for each shirt received shirt worth less than 400rs, not worth the money. Tried to leave a poor review on the app, the review was rejected",1,1,False,,
playstore,b55ba642-626b-475e-b4e2-b674cea35a52,2026-08-27T17:29:50,very nice app for budget friendly buy,0,5,False,,
playstore,53f60c2e-4b99-4b30-b2d0-1eb78b9703fc,2026-08-27T17:14:08,it's very good app for shopping,0,5,False,,
playstore,75be3e25-5faa-44db-83d4-77b82ec00106,2026-08-27T17:07:32,very beautiful bag i loved it,0,5,False,,
playstore,1f952b14-5cc9-440a-9d71-8757cb85085e,2026-08-27T17:07:07,"One of the best options for buying clothes,i really love it man 🤙🏻💝",0,5,False,,
playstore,35d719e7-c6f1-4e59-ba52-923443720ab1,2026-08-27T17:03:43,Authentic and quality products always 😊,0,5,False,,
playstore,6d0b1ab0-0ea5-465c-b947-40a5181b47c3,2026-08-27T17:02:41,worst customer care service... wrong product delivery... exchange offer is worst,0,1,False,,
playstore,7a70ba9b-74ba-499e-8109-ed677f91e967,2026-08-27T17:00:49,"worst app never using this again. i wanted a refund and to get a refund they have specifically made the refund to bank option so painfully annoying that many people would just choose to get their money back as myntra credits(that can only used in myntra). In order to get the money back in bank you have to enter all your bank details, and when you switch app to check them they again refresh the entire app and send you to home. This is intentionally done to make it hard to get back your money",0,1,False,,
playstore,2348b038-56db-44b1-bece-4b0179abcff7,2026-08-27T17:00:49,"this is a waste and worst app , my order is getting delayed since one month , no specific reason ,no proper responce from the team , very worst shopping experience with myntra ,i recommend you to stop shopping from this app. very worst experience with myntra",0,1,False,,
playstore,5e62b80d-d9c5-4172-8c54-2c01375237a0,2026-08-27T16:48:21,superb app❤️❤️ love it,0,5,False,,
playstore,a9abe5a3-77a1-4528-98d6-43016216c27d,2026-08-27T16:44:43,Customer and Shopping Friendly,0,5,False,,
playstore,0ea1b76a-5eae-4a11-889b-d93e5762d5e9,2026-08-27T16:42:57,best app for shopping 👍🏻✨,0,5,False,,
playstore,3cd29756-dcb6-4f7a-ae54-6c61218c73e1,2026-08-27T16:39:18,this is nice app and isme original product aate hai so this is best for online shopping,0,5,False,,
playstore,bc4778f4-bb34-4388-b260-248e1514ac15,2026-08-27T16:37:30,very easy shopping and I m trusted Myntra,0,5,False,,
playstore,8e46227d-a736-490b-bad9-5174429fff9b,2026-08-27T16:31:12,Myntra didn't disappoint me since 2015,0,5,False,,
playstore,046560fb-5a52-47fd-b175-9017ac0d271f,2026-08-27T16:29:31,the fabric quality is so good very comfortable and soft material,0,5,False,,
playstore,5d5c2809-d7e6-4655-a4b4-6cbe329e09af,2026-08-27T16:28:15,best platform 👍,0,5,False,,
playstore,7929e2df-4ae5-473a-9e7a-6bace4c12094,2026-08-27T16:24:05,"The return parcel was already picked up by the delivery person, but the return status is still showing as ‘Return Failed’. I even contacted customer support, but the status has not been updated yet. Today, I received another message asking me to return the parcel. This is very disappointing and inconvenient, and I have not received my refund yet. I have had a very bad experience with this app. I will avoid ordering anything from here again in the future.",0,1,False,,
playstore,59effc79-db45-46eb-8306-01e6e2c7718d,2026-08-27T16:22:05,really really good 👍🏻👍🏻👍🏻,0,5,False,,
playstore,2b54cea5-77d4-4b95-89d3-993ba208051b,2026-08-27T16:12:48,absolutely right choice 👍👍,0,5,False,,
playstore,aa4dcfb9-48ff-45f0-980f-6b34549e0c3d,2026-08-27T16:08:13,the best shoping app is myntra i love it,0,5,False,,
playstore,c2e20666-c814-4d2d-9eed-a746660e0ff8,2026-08-27T16:03:07,the experience is sooo good and simple best application 😁👍👍,0,5,False,,
playstore,bb52ea21-6069-4f40-9c8c-09f2e997d47b,2026-08-27T16:01:19,wow amazing product. I'm very be happy 😊,0,5,False,,
playstore,4f5fd369-f943-4893-831a-073272cb21e6,2026-08-27T15:58:18,amazing offers on first order,0,5,True,price_or_sale_timing,amazing offers on first order
playstore,6e130ea7-c07f-487c-a946-0c8306e83eb9,2026-08-27T15:58:02,"Delivered wrong product and now not ready to pickup the return, saying that the product is not matched the original product. Are they out of their mind???",0,1,False,,
playstore,b9e21950-cd70-4ead-9a7b-8d0daa1209b0,2026-08-27T15:50:31,best product go for it👍,0,5,False,,
playstore,d76c8d32-5eb7-449e-afb4-418cfbc57fbe,2026-08-27T15:39:23,This is the best shopping app I have ever seen in my entire life best app to use for shipping all the items are of best quality and affordable 😁,0,5,False,,
playstore,2376b6da-1295-48a6-9d44-5de5c995a1e7,2026-08-27T15:35:42,can find every clothing u need here!,0,5,False,,
playstore,e0a58e4d-53de-4d7d-b8a9-7df2207235e4,2026-08-27T15:32:09,Quality is worthy for money.,0,5,False,,
playstore,b3acdcb6-62bf-4474-b8fc-12deef7b3504,2026-08-27T15:25:38,i never got my refund... consecutively I returned three items of which I have not gotten the refund till now.I'm losing faith in this website as i was very regular customer!,0,1,False,,
playstore,fc43d11f-82c3-4a7c-b7aa-6d736fef5680,2026-08-27T15:24:43,very good delivery so satisfied very good very happy so nice,0,5,False,,
playstore,e8f0287a-d395-4d51-a361-69f3480761dc,2026-08-27T15:22:26,"I ordered rakhi from myntra, but the deilevey keep delaying. At last, I cancelled the order never gonna order again.",0,1,False,,
playstore,68ec011e-4550-4e0d-820d-f50068867a20,2026-08-27T15:22:01,amazing app it's my go to app because it has original products with such amazing discounts and fast secure delivery my experience is amazing,0,5,False,,
playstore,c5bb991a-b2f8-4712-8ffe-eb136c09253f,2026-08-27T15:19:02,"I ordered a silver chained rakhi but received a normal threaded rakhi.This is completely unacceptable. The product image and description do not match what was delivered. I have been trying to contact customer support but no proper response. Worst experience ordering from Myntra... Now Myntra is also doing such scams which is not acceptable at all... The seller ""DeoDap"" is not authentic. Scammers are now doing their business in Myntra nd spoiling the image of the app...",0,1,False,,
playstore,b43b08e7-2206-4420-8909-c81281c5c019,2026-08-27T15:18:49,very nice app and affordable prices,0,5,False,,
playstore,963bbf30-a3bd-40b7-bc12-15356151715a,2026-08-27T15:16:45,"I had a very disappointing experience with this app. My return request was kept on hold for 7 days, and despite repeatedly contacting customer support, my issue was not resolved. I spoke with multiple levels of support, including a junior representative, senior representative, and manager. Unfortunately, none of them properly listened to or understood my concern. They repeatedly insisted that the correct product was delivered instead of addressing the actual issue I raised.The biggest problem",0,1,False,,
playstore,d34fda9f-c95a-406c-917c-127a7fafd544,2026-08-27T15:13:05,"I love to shop on myntra especially for clothes, their quality is great. Overall a very good experience.",0,5,False,,
playstore,c653d1d9-70da-45b6-91e0-dc81415d4961,2026-08-27T15:09:53,best application for shopping,0,5,False,,
playstore,417247b4-adef-451c-8c32-b7f3583b54d9,2026-08-27T15:06:54,Return product ke liye delivery person parcel recieve karne hi na aa raha... 3 din ho gaye aaj..totally disappointed 😞,0,1,False,,
playstore,49762eda-e37a-4a0f-ba22-e0cbe7de09f2,2026-08-27T15:02:03,"Very disappointing experience with Myntra’s return process. I placed order, and I have been trying to initiate a return. However, every time the delivery agent arrives and enters the seal tag code, the system shows it as “incorrect,” and the return pickup fails. This has already happened three times. Now I’m stuck with the product and potentially have to bear the loss because of a technical/system issue that is clearly not caused by me. What’s even more frustrating is Myntra’s customer support",0,1,False,,
playstore,d1dce7e6-725a-4be6-a295-a773664f1ef1,2026-08-27T14:54:58,best shoping store for all items better features are there in myntra app wonderful app for purchase a online products 😍,0,5,False,,
playstore,5de6f735-aaa9-4e17-9583-3563a6844704,2026-08-27T14:46:13,amazing app for shopping,0,5,False,,
playstore,dfbf7c6e-dd8a-4b14-a0f5-c1be3d406d33,2026-08-27T14:44:27,"Very good products, I am very impressed 👍",0,4,False,,
playstore,b5294115-81a4-4977-9365-7a9965ff6747,2026-08-27T14:41:26,very bad delivery services booked a serum a week ago on delivery day nobody called or nothing the next Day it says delivery cancelled too bad app go for other apps instead of these fake apps 💩 given one star because needs 1 star to write the review,0,1,False,,
playstore,5421ea6c-8dba-42c5-b89c-1feb3ba142f4,2026-08-27T14:41:22,good material 👍,0,4,False,,
playstore,34e29255-65a0-4278-83d5-fba0bb46c63c,2026-08-27T14:41:06,just amazing shopping app🤌✨😍,0,5,False,,
playstore,2ddcd877-874f-4df1-9032-3a9195d60230,2026-08-27T14:39:31,myntra pr shopping krke maza aata aur iski packaging bht hi bdhiya hoti h I luv this app,0,5,False,,
playstore,ae714a91-da16-4290-9a8c-d3233e78af8f,2026-08-27T14:37:20,myntra is the best app for shopping and every collection is awesome,0,5,False,,
playstore,dd6e68be-cada-40b9-998e-5aebd59c46d8,2026-08-27T14:35:36,i love you myntra,0,5,False,,
playstore,acb5b20c-615c-45ef-94eb-ee31d67b2825,2026-08-27T14:35:28,I get product but item was missing ana I didn't get my refund and your customers service is very bad,0,1,False,,
playstore,3735739e-20a0-4ecc-9139-7bf6e5296de0,2026-08-27T14:32:06,there is a logo symbol missing,0,2,False,,
playstore,302f740b-2a49-4c43-bb51-1e65db383a6f,2026-08-27T14:28:24,"really love this app....it never disappoints me, sizes are just perfect,love it love it 😍❤️",0,5,False,,
playstore,22b5e11b-90b0-4bbe-9655-eb66f3b5feb5,2026-08-27T14:25:03,"I recently made a purchased with online payment but cancelled it within the same day but the product has been shown as requested for cancellation from the past 3 days. I haven't received my payment yet. Also the another product I purchased and cancelled, although it got cancelled, but some amount of refunded money is added to myntra cash. My question is what if I don't want to purchase any product further??? what happens to my money??? This is not fair myntra. This is such a fraud application.",0,1,False,,
playstore,f85b35ee-1b43-4e68-baf2-ad2dac02c914,2026-08-27T14:16:04,best shopping mall 😉,0,5,False,,
playstore,fdca8e65-f48c-4431-9f90-f6e628d9b770,2026-08-27T14:12:27,I will give 0 review for service... Maine Mera dusra mobile pain myntra login Kiya Tha or order vhi Kiya Tha achanak Mera account deactivate Kar diya gya .. Jo cloth main order Kiya o mujhe exchange karna Tha size thik nehi Aya Tha.. Jo main nehi Kar Pai... bohot bar main Kiya.. but kuch response nehi Aya 7 days main resolve hoga bolke kuch nehi Kiya gya ..koi call vhi nehi Aya ir call receive vhi nehi kya gya .. or avhi tak Mera account deactivate hain .. . ghatiya experience..,0,1,True,size/fit uncertainty causing delay,Jo cloth main order Kiya o mujhe exchange karna Tha size thik nehi Aya Tha
playstore,2b232afc-82e1-4c3d-a451-4f7f4c38e5f8,2026-08-27T14:08:18,App for great fashion brands at affordable price,0,5,False,,
playstore,20f71647-5627-461b-b4dd-5a5e52f6b7ff,2026-08-27T14:07:57,the quality of all shrits and pants are worth to the money suggested to buy,0,1,False,,
playstore,be6c3bef-2f20-4074-afb5-d79a092fd857,2026-08-27T14:02:25,very very good product,0,5,False,,
playstore,5061c682-c1f5-488f-80f4-d4d007021a1e,2026-08-27T14:01:57,good for clothes shoes best app,0,5,False,,
playstore,9a283f31-d725-404d-9de7-80c7329a6798,2026-08-27T13:58:32,Various and a lot of products to choose from. Fast and convenient delivery. Hope you guys to keep it up!....,0,5,False,,
playstore,73c6fdbb-4685-414a-8158-1e1882ed44df,2026-08-27T13:58:05,I like the latest styles and various types of garments in Myntra,0,5,False,,
playstore,c6a4a649-61ea-489e-9062-c70e0b348b84,2026-08-27T13:53:53,quality with quantity within appropriate amount,0,5,False,,
playstore,8164ef11-effa-4aa8-9e6f-628fc1d435aa,2026-08-27T13:36:37,"Left Myntra within just one month because of huge losses. I had a very disappointing experience with the delivery and return process. In my experience, I faced cases where delivery personnel allegedly stole the original products, after which the orders were cancelled/returned, leaving me with the loss. As a seller, this experience was extremely frustrating and financially unsustainable. I would strongly recommend other sellers don't come on myntra",0,1,False,,
playstore,00c8b886-f94a-4afd-81cc-fb4e5d62b4b9,2026-08-27T13:34:31,"bahut bakwas app,totally fraud app,Mera do mahine ka experience yahi ha",0,3,False,,
playstore,b7fa9216-d3ba-4d5f-b8cd-5107116c6cb7,2026-08-27T13:32:19,so comfortable 😌,0,5,False,,
playstore,e13281a8-35e5-48f9-aa7e-f0b189d35d1c,2026-08-27T13:31:53,quality good and service good 😊😊,0,5,False,,
playstore,61fff4ee-8375-4514-8349-b678893cd165,2026-08-27T13:28:33,myntra is amazing app for shopping.,0,5,False,,
playstore,493c9eb0-01e9-43e9-9a14-0b253357dd0f,2026-08-27T13:20:48,delivery is so fast it doesn't get late anytime... n quality of the product is top notch is love using Myntra,0,5,False,,
playstore,758f6ce2-4600-46be-8671-071b9cc069ab,2026-08-27T13:16:36,the best budget app,0,5,False,,
playstore,47b0a225-47b0-4fe6-8b44-11f8c485950c,2026-08-27T13:07:51,since from 2 years I'm using myntra amazing products with best price,0,5,False,,
playstore,dbffceaa-82cc-4086-a1cc-fe9f231f80f2,2026-08-27T13:05:33,i lost my money and product is not delivered. Feels like they are supporting the scam of delivery partners.,0,1,False,,
playstore,b013abac-bc28-4588-bb50-9ad20a0e2550,2026-08-27T13:03:22,Always deliver a good quality of clothes.,0,5,False,,
playstore,01004565-f480-4b46-a6fb-7d1388bf336a,2026-08-27T13:02:32,"ordered a product over a week ago, and the app status has been stuck on ""Arrived Today"" for days, but the package hasn't been delivered yet. To make it worse, I have been trying to call customer care continuously, but the call never connects. Very irresponsible and disappointing service from Myntra",0,1,False,,
playstore,40a967d1-bac0-479e-b3e2-91798d15bd8b,2026-08-27T13:02:22,Best Shopping App Forever,0,5,False,,
playstore,2ac8564c-f8c9-40c0-9812-1448832e5820,2026-08-27T13:01:30,vry nice expression 🥰,0,5,False,,
playstore,6e29bc36-32a0-47e6-b184-aebe26ee2c2a,2026-08-27T12:53:10,the best shopping app,0,5,False,,
playstore,bfbfb5da-5570-4f57-aa4f-ed4c8f99fa15,2026-08-27T12:50:09,all product very nyc and myntra app is good app for shopping I am happy,0,5,False,,
playstore,bc10fe6f-eca0-46c4-a545-cf4c554240a7,2026-08-27T12:46:02,nice experience I have ordered so many products all time coupon code are available it's make me happy ☺️ thankyou myntra,0,4,False,,
playstore,731bdc65-8b5c-4044-a769-30f561b0c51d,2026-08-27T12:44:33,it is very good,0,5,False,,
playstore,9f422394-7ef8-46af-a81d-5ac84f5c8224,2026-08-27T12:43:52,"I'm a regular user of myntra. I worked in Flipkart 3-4 years back.. since my number was registered as an ex employee there, they suspended my account and now I'm unable to shop. if you have to suspend fake accounts do check more details and verify whether it's fake or not.",0,1,False,,
playstore,64d3e810-301c-481f-829e-2f81e00f2e7f,2026-08-27T12:42:11,order delivered very faster and quality was too good love myntra superb quality,0,5,False,,
playstore,e6ba0384-6a19-4305-84cd-857534175ae4,2026-08-27T12:32:53,best online shopping platform,0,5,False,,
appstore,14477628806,2026-08-27T03:29:55-07:00,"Overall

Good items and good quality",0,5,False,,
appstore,14477600832,2026-08-27T03:19:18-07:00,"Shaurya Gupta

Good app for  shopping",0,5,False,,
appstore,14477590111,2026-08-27T03:15:11-07:00,"Master

Liked a much to shopping every time",0,5,False,,
appstore,14477579859,2026-08-27T03:11:13-07:00,"Good

Double good",0,5,False,,
appstore,14477577614,2026-08-27T03:10:21-07:00,"Rakhi

Very nice",0,5,False,,
appstore,14477561063,2026-08-27T03:03:53-07:00,"Tanya Rastogi

Best app for shopping☺️",0,5,False,,
appstore,14477542418,2026-08-27T02:56:39-07:00,"Awesome app for shopping

Excellent 🤩",0,5,False,,
appstore,14477489267,2026-08-27T02:35:30-07:00,"Never Buy

Pathetic service never buy any product from Myntra!

I recently buy a shoe from Myntra on 18/08/2026 and the shoe yut not delivered after 8 days 🤮",0,1,False,,
appstore,14477457127,2026-08-27T02:22:26-07:00,"Superb

I love this app",0,5,False,,
appstore,14477449211,2026-08-27T02:19:12-07:00,"Super

Excellent",0,5,False,,
appstore,14477434174,2026-08-27T02:13:06-07:00,"Very good

Good",0,5,False,,
appstore,14477375151,2026-08-27T01:48:16-07:00,"Good purcheses

Always check the brand ans seller. You won't regret. Overall reliable",0,5,False,,
appstore,14477297349,2026-08-27T01:15:27-07:00,"Myntra

Good quality products available in Myntra",0,5,False,,
appstore,14477250192,2026-08-27T00:54:55-07:00,"Saree

Very nice",0,5,False,,
appstore,14477196291,2026-08-27T00:31:21-07:00,"Comfortable Cotton NightWear

The colour and fit along with comfort all are top notch",0,5,False,,
appstore,14477186227,2026-08-27T00:27:00-07:00,"Deepshikha

Nice",0,4,False,,
appstore,14477178801,2026-08-27T00:23:43-07:00,"Love it

Just love it",0,5,False,,
appstore,14477168551,2026-08-27T00:19:15-07:00,"Good app, but needs changes

Some changes like delivery dates and immediate order, cancellations updates should be developed aside from that. This is a great app for shopping",0,4,False,,
appstore,14477168007,2026-08-27T00:19:01-07:00,"Dress

Nice dress",0,5,False,,
appstore,14477084046,2026-08-26T23:41:54-07:00,"Lipstick

Very nice product",0,5,False,,
appstore,14477076936,2026-08-26T23:38:46-07:00,"Review

Best app for shopping",0,5,False,,
appstore,14477074784,2026-08-26T23:37:49-07:00,"Maybelline foundation compact

Very nice perfect shade for me",0,5,False,,
appstore,14477065827,2026-08-26T23:33:43-07:00,"Very nice

Best",0,5,False,,
appstore,14476965045,2026-08-26T22:47:58-07:00,"Delivery problems

They are very bad at delivering products despite delayed don’t have customers support. Very much disgusting from Myntra couldn’t expected.",0,1,False,,
appstore,14476935014,2026-08-26T22:34:24-07:00,"Nice platform to shop anything anywhere

Great experience",0,4,False,,
appstore,14476911569,2026-08-26T22:23:43-07:00,"Fragrance

Awesome and lovable….",0,5,False,,
appstore,14476796878,2026-08-26T21:31:20-07:00,"Worst experience

I had a worst experience with myntra, i had placed an order for the shoes, apparently the delivery partner tried to scam and I have not received the product yet. Payment has already been done for 5k. They are just delaying.",0,1,False,,
appstore,14476738632,2026-08-26T21:05:10-07:00,"Awesome

Very good app",0,5,False,,
appstore,14476714688,2026-08-26T20:54:36-07:00,"Good quality

Good quality",0,5,False,,
appstore,14476714372,2026-08-26T20:54:27-07:00,"Lipstick

Mst buy very pretty shade",0,5,False,,
appstore,14476676109,2026-08-26T20:37:53-07:00,"Fraud ecommerce

I ordered some clothes on 13th august… the delivery was about to happen on 19th… but on the day of the delivery i was told that the delivery was cancelled due to technical issues… and i was assured that it would be delivered soon…on 24th I contacted the customer service and asked them that if they cannot deliver then get the order cancelled and refund me my money… they said it would be done within 24hrs… today is 27th… asked customer service about the refund and they told me the same thing that the problem would be resolved by 24 hrs… the company is a fraud…",0,1,False,,
appstore,14476588271,2026-08-26T20:01:10-07:00,"Yonex HyUltra Badminton Shoes

Nice bright orange colour .Perfect snug fit .I love these shoes .",0,5,False,,
appstore,14476512431,2026-08-26T19:30:35-07:00,"A

Good service",0,5,False,,
appstore,14476502667,2026-08-26T19:26:42-07:00,"Best platform

Best Fashion platform",0,5,False,,
appstore,14476481016,2026-08-26T19:18:07-07:00,"Awsm

Nice shop",0,5,False,,
appstore,14476376252,2026-08-26T18:37:12-07:00,"Excellent

Everything here is exceptional ❤️",0,5,False,,
appstore,14476350178,2026-08-26T18:27:18-07:00,"Great for everyday wear

Soft cotton and great fit for everyday wear",0,5,False,,
appstore,14476292381,2026-08-26T18:05:07-07:00,"H&m skirt

Pretty",0,3,False,,
appstore,14475957810,2026-08-26T15:51:08-07:00,"One of the best shopping app

I loved the quality of the products that I have purchased till date",0,5,False,,
appstore,14475930904,2026-08-26T15:40:14-07:00,"Excellent

Nice 🫶",0,5,False,,
playstore,2942ff84-8adb-43ad-b02d-02ed8e58f94f,2026-08-27T20:26:53,"what's wrong with myntra previously on returning a product myntra used to cut the 20rs platform charges that's understandable even though there are many apps giving all the money back without charging a penny for returning. Now it's almost charging 50rs. that's unfair... even if we'll exchange the product, we're paying the price...",0,2,False,,
playstore,babd5b51-5f09-42f5-abb3-ba4c2eda5b3b,2026-08-27T20:24:51,good easy interface easy to look offer,0,5,False,,
playstore,ed55be18-0a04-420f-8621-08206d80fb8e,2026-08-27T20:41:50,It is a good service but size confusion in XL and XXL Roadstar brand.so i am exchange this item. Myntra gives well brand and good service as per my opinion.,0,5,True,size/fit uncertainty,size confusion in XL and XXL Roadstar brand.so i am exchange this item
playstore,04899880-9f10-421a-91eb-990caea8e320,2026-08-27T20:37:56,This is beautiful,0,5,False,,
playstore,1547da35-9e04-445f-a79b-8b23645986cb,2026-08-27T20:30:20,Absolutely great online shopping app,0,5,False,,
appstore,14475623938,2026-08-26T13:40:48-07:00,"Super

Very nice",0,5,False,,
appstore,14475389724,2026-08-26T12:15:44-07:00,"Review

Excellent",0,5,False,,
appstore,14475387668,2026-08-26T12:15:01-07:00,"Don't suggest

Many fake products are available here, and whenever we try to talk about any problem, the service gets even worse. No one response properly.",0,1,False,,
appstore,14475377649,2026-08-26T12:11:30-07:00,"Socks

Excellent product",0,5,False,,
appstore,14475346089,2026-08-26T12:00:30-07:00,"Perfume

Awesome",0,5,False,,
appstore,14475338888,2026-08-26T11:58:02-07:00,"H&M stripe cotton T-shirt for baby boy

Awesome product very comfort for kids and it’s very chic to wear for day outing and for evening event.",0,5,False,,
appstore,14475255806,2026-08-26T11:29:14-07:00,"Perfume

Fragrance so good",0,5,False,,
appstore,14475224163,2026-08-26T11:18:22-07:00,"Cosmetics and clothes

Everything is wonderful",0,5,False,,
appstore,14475177556,2026-08-26T11:02:32-07:00,"Amazing

Diversification of options
Reasonable pricing across
Awsome",0,5,False,,
appstore,14475133755,2026-08-26T10:47:56-07:00,"Ordered shoes

Myntra is absolute perfect platform to make a purchase customer friendly",0,5,False,,
appstore,14475068807,2026-08-26T10:26:35-07:00,"Hnm bag

Very good",0,5,False,,
appstore,14475046451,2026-08-26T10:19:18-07:00,"best shopping app

this app provides prompt refund service… and they have options more than other apps",0,5,False,,
appstore,14475041214,2026-08-26T10:17:37-07:00,"Very nice dress

Awesome looking dress at low price",0,5,False,,
appstore,14475036023,2026-08-26T10:15:57-07:00,"Best of the bests app

Myntra app was goooood app earlier I used to buy everything without hesitation but now online shop is saying that if u return u will be charged ₹50 on each return. I think this make this app worst app.",0,3,True,purchase_hesitation,I used to buy everything without hesitation but now online shop is saying that if u return u will be charged ₹50 on each return
appstore,14475026875,2026-08-26T10:13:01-07:00,"Meenal

It was really amazing and quality is also good 😍",0,5,False,,
appstore,14474957892,2026-08-26T09:51:24-07:00,"My personal Market place

I have stopped going to malls since around 7-8 years and buy all my stuff from Myntra due to ease of shopping, easy returns and replacements and hassle free experience",0,5,False,,
appstore,14474938890,2026-08-26T09:45:31-07:00,"Delivery

Really great experiance with Myntra i have ordered 25th August and delivery date shows 27th August But product delivered at 26th august almost within 24hr

Great",0,5,False,,
appstore,14474908981,2026-08-26T09:36:08-07:00,"Shoes

Awsm quality same like the image",0,5,False,,
appstore,14474897997,2026-08-26T09:32:42-07:00,"Shoes

Excellent",0,5,False,,
appstore,14474860993,2026-08-26T09:21:11-07:00,"Best website ever

Ek no website with good icon and easy interface",0,5,False,,
appstore,14474792582,2026-08-26T09:00:37-07:00,"A.D.s makeup kit

Thank you so much! I saw the order two days ago, and you delivered it to me so quickly. I really appreciate it. ❤️",0,5,False,,
appstore,14474786366,2026-08-26T08:58:48-07:00,"Very Very Good Experience…Thanks Myntra…

The Myntra is very very trustworthy about their product quality, delivery, return, refund and exchange too.  And now they are also offering Myntra Cash by lucky coupons. Wow..It’s overall very good experience.",0,5,False,,
appstore,14474761011,2026-08-26T08:51:10-07:00,"Customer service

Customer service are very poor",0,1,False,,
appstore,14474701096,2026-08-26T08:33:09-07:00,"Trimmer

Good price with a branded product love it and got this lowest price only at Mintra store great!!!",0,5,False,,
appstore,14474595404,2026-08-26T08:01:57-07:00,"Mangalsutra Review

Good product",0,5,False,,
appstore,14474581876,2026-08-26T07:57:56-07:00,"Products of Myntra are very good

Whatever products we order from Myntra are very good quality , specially clothes",0,5,False,,
appstore,14474565648,2026-08-26T07:53:08-07:00,"Good quality

Very good product",0,5,False,,
appstore,14474553147,2026-08-26T07:49:32-07:00,"Blue dress

Quality fabric worth buying",0,5,False,,
appstore,14474533550,2026-08-26T07:43:52-07:00,"Convenient

Myntra has a 2 day delivery, which is very convenient",0,5,False,,
appstore,14474503527,2026-08-26T07:35:17-07:00,"Good

Nice products",0,5,False,,
appstore,14474488394,2026-08-26T07:30:53-07:00,"Comfort

Cool comfy /perfect in isummer",0,5,False,,
appstore,14474484130,2026-08-26T07:29:40-07:00,"Good quality

Nice",0,5,False,,
appstore,14474444302,2026-08-26T07:18:12-07:00,"Product & service

On time delivery",0,5,False,,
appstore,14474436680,2026-08-26T07:16:00-07:00,"Gillette razor A good product

Good",0,5,False,,
appstore,14474404678,2026-08-26T07:06:54-07:00,"Myntra the best

Best online shoping platform",0,5,False,,
appstore,14474367426,2026-08-26T06:56:07-07:00,"Wonder full story

I am so happy",0,5,False,,
appstore,14474347321,2026-08-26T06:50:16-07:00,"Metro Man Sendil

Very nice look 
Black colour always royal 
Very comfortable 
nice festival look , wearing all ready to go 
Nice packing smooth delivery 
Thank you brand metro 
Special thanks myntra 🤝🩴",0,5,False,,
appstore,14474277393,2026-08-26T06:29:38-07:00,"Fast and trusted

My trusted go to shopping place! Hassle free exchange return and shop",0,5,False,,
appstore,14474240599,2026-08-26T06:18:51-07:00,"Genuine product

Great app",0,5,False,,
appstore,14474238579,2026-08-26T06:18:16-07:00,"Nice quality

Original brand ♥️💯",0,5,False,,
appstore,14474234130,2026-08-26T06:16:56-07:00,"Lots of fake products

They sell a lot of fake products and there are lots of issues for refund",0,1,False,,
appstore,14474224939,2026-08-26T06:14:13-07:00,"Better than other ekart side

Delivery , customer care all services are good.",0,5,False,,
appstore,14474167251,2026-08-26T05:57:01-07:00,"Gloss lip gloss

Very nice product",0,5,False,,
appstore,14474164971,2026-08-26T05:56:19-07:00,"Genuine deals

Genuine products with great offers , Myntra is the first app I go to if want to look for something",0,5,False,,
appstore,14474128638,2026-08-26T05:45:14-07:00,"Nice

Nice nd heavy suit",0,5,False,,
appstore,14474122078,2026-08-26T05:43:15-07:00,"Delivery issues

Very disappointing experience with Myntra. I have been waiting since **21 August**, and my order still has not been delivered. On top of that, no proper solution or resolution is being provided despite waiting for so long. This is not the first time I’ve faced such an issue—earlier, one of my ordered items was also not delivered without any proper reason or explanation. Repeated delays, missing items, and no proper resolution are extremely frustrating. Myntra seriously needs to improve its delivery and customer support service and take responsibility for such issues.",0,1,False,,
appstore,14474025029,2026-08-26T05:13:02-07:00,"Love Myntra

Favourite shopping destination always 
Fitting is perfect",0,5,True,wishlist/favourite behavior,Favourite shopping destination always
appstore,14473954620,2026-08-26T04:50:26-07:00,"Awesome

Quality of stuff is so good",0,5,False,,
